plant	time	x	y	r_ag	h_ag	r_bg	h_bg	aboveground_resources	belowground_resources	res_ag	res_bg	res_eff	grow	maint	volume	age	salinity	transpiration
Saltmarsh_2_000000001	0.0	1	1	0.04931465369884865	0.0986293073976973	0.04931465369884865	0.0986293073976973	1.0	0.04109128192067146	923552.841931713	37949.97019645336	37949.97019645336	-6.371104954853315e-05	0.00025346090053079994	0.0015070852772463641	86400.0	0.14	0.001953182519311288
