plant	time	x	y	r_ag	h_ag	r_bg	h_bg	aboveground_resources	belowground_resources	res_ag	res_bg	res_eff	grow	maint	volume	age	salinity	transpiration
Saltmarsh_2_000000001	37843200.0	1	1	0.19311682245213857	0.38623364490427714	0.24631947117636924	0.4926389423527385	1.0	0.17150476574897766	13777231.444924925	4490745.245671073	4490745.245671073	8.420000807696226e-13	0.022453726227513366	0.13915452287665056	37929600.0	0.105	0.18034426164813913
