plant	time	x	y	r_ag	h_ag	r_bg	h_bg	aboveground_resources	belowground_resources	res_ag	res_bg	res_eff	grow	maint	volume	age	salinity	transpiration
Saltmarsh_2_000000001	22464000.0	1	1	0.0	0.0	0.4168159999581863	0.8336319999163726	1.0	0.08918447047472	2824536.8893286115	12754104.502033474	2824536.8893286115	-0.06523662399358028	0.07935930844022333	0.4550016932620206	22550400.0	0.1216363	0.5896821944675787
