plant	time	x	y	r_ag	h_ag	r_bg	h_bg	aboveground_resources	belowground_resources	res_ag	res_bg	res_eff	grow	maint	volume	age	salinity	transpiration
Saltmarsh_1_000000001	58233600.0	1	1	0.8394909149955926	1.6789818299911852	0.971150233260169	1.942300466520338	1.0	0.75868159532547	258698930.70773035	289387053.17975944	258698930.70773035	0.07570650287791181	1.21778815066074	9.472220011062632	58320000.0	0.034545224	12.275997134337171
