plant	time	x	y	r_ag	h_ag	r_bg	h_bg	aboveground_resources	belowground_resources	res_ag	res_bg	res_eff	grow	maint	volume	age	salinity	transpiration
Saltmarsh_4_000000001	0.0	1	1	0.05	0.1	0.05	0.1	NaN	NaN	NaN	NaN	NaN	NaN	NaN	NaN	NaN	NaN	NaN
Saltmarsh_4_000000001	86400.0	1	1	0.07253724115415121	0.14507448230830242	0.07428604279903327	0.14857208559806653	1.0	0.8109154105186462	923552.841931713	748923.2319507175	748923.2319507175	0.0034030169675210937	0.0003415991922324941	0.004973813294315992	86400.0	0.057645118	0.006446062029433526
Saltmarsh_4_000000001	172800.0	1	1	0.09789741665172422	0.19579483330344843	0.10085770479846062	0.20171540959692125	1.0	0.8159063458442688	1943765.2245906012	1689843.56230455	1689843.56230455	0.007367568602983805	0.0010816492085389457	0.012341381897299799	172800.0	0.056914342	0.015994430938900538
Saltmarsh_4_000000001	259200.0	1	1	0.12440627095408523	0.24881254190817045	0.12836795124431485	0.2567359024886297	1.0	0.8208531737327576	3540496.779512068	3146209.591086891	3146209.591086891	0.013047182443886945	0.0026838655115475106	0.025388564341186744	259200.0	0.056174699	0.03290357938617802
Saltmarsh_4_000000001	345600.0	1	1	0.1511272364604889	0.3022544729209778	0.15597358165685585	0.3119471633137117	1.0	0.8257514834403992	5717501.473493096	5132310.978266119	5132310.978266119	0.020140334270329924	0.005521220621000672	0.04552889861151668	345600.0	0.055426409	0.059005452600525615
Saltmarsh_4_000000001	432000.0	1	1	0.17750493436703374	0.3550098687340675	0.18314839010008946	0.3662967802001789	1.0	0.830596923828125	8437372.479193525	7622628.840595362	7622628.840595362	0.02821202925660861	0.0099011149463682	0.07374092786812529	432000.0	0.054669694	0.09556824251709038
Saltmarsh_4_000000001	518400.0	1	1	0.20320312804002544	0.4064062560800509	0.20956717097868965	0.4191343419573793	1.0	0.835385262966156	11639721.814554064	10568883.522906784	10568883.522906784	0.036808066520166154	0.016036351094367768	0.11054899438829147	518400.0	0.053904776	0.14327149672722575
Saltmarsh_4_000000001	604800.0	1	1	0.22801997634608015	0.4560399526921603	0.23503393254284113	0.47006786508568227	1.0	0.8401125073432922	15253957.023282731	13911956.802996	13911956.802996	0.045518826864151526	0.02404095715082848	0.156067821252443	604800.0	0.053131885	0.20226389634316613
Saltmarsh_4_000000001	691200.0	1	1	0.25183927496340613	0.5036785499268123	0.2594369657633674	0.5188739315267348	1.0	0.8447749018669128	19207353.657532137	17589407.776973434	17589407.776973434	0.05400715707848389	0.03393988180638328	0.21007497833092695	691200.0	0.052351247	0.2722571719168813
Saltmarsh_4_000000001	777600.0	1	1	0.2746007516563447	0.5492015033126894	0.28272024832837583	0.5654404966567517	1.0	0.8493690490722656	23429804.298931856	21539951.044454943	21539951.044454943	0.062015001774622026	0.045684753447652694	0.272089980105549	777600.0	0.051563094	0.35262861421679154
Saltmarsh_4_000000001	864000.0	1	1	0.29628122633311055	0.5925624526662211	0.3048648705452429	0.6097297410904858	1.0	0.8538916110992432	27856412.42655046	25705970.40971186	25705970.40971186	0.06935877058298168	0.059171081465577625	0.34144875068853076	864000.0	0.050767662	0.4425175808923359
Saltmarsh_4_000000001	950400.0	1	1	0.31688231541105555	0.6337646308221111	0.3258767428400832	0.6517534856801664	1.0	0.8583395481109619	32428734.97973449	30034816.385487296	30034816.385487296	0.07591963185370251	0.07425445007373396	0.4173683825422334	950400.0	0.049965184	0.5409094237747345
Saltmarsh_4_000000001	1036800.0	1	1	0.3364222093482007	0.6728444186964014	0.34577830898084283	0.6915566179616857	1.0	0.862710177898407	37095202.468793966	34479348.70323355	34479348.70323355	0.08163214220676729	0.09076460130940045	0.4990005247490007	1036800.0	0.049155898	0.6467046800747049
Saltmarsh_4_000000001	1123200.0	1	1	0.354930052991011	0.709860105982022	0.3646028599610042	0.7292057199220084	1.0	0.867000937461853	41811048.4049235	38998009.28636727	38998009.28636727	0.08647300111530085	0.1085170453165355	0.5854735258643015	1123200.0	0.048340045	0.7587736895201348
Saltmarsh_4_000000001	1209600.0	1	1	0.3724420636376232	0.7448841272752464	0.382390596240785	0.76478119248157	1.0	0.8712096214294434	46537954.23766368	43554639.14856211	43554639.14856211	0.09045097064133195	0.12732222510147861	0.6759244965056335	1209600.0	0.047517866	0.8759981474713009
Saltmarsh_4_000000001	1296000.0	1	1	0.38899879383302516	0.7779975876660503	0.3991858543701517	0.7983717087403034	1.0	0.8753340244293213	51243547.67626902	48118119.52496333	48118119.52496333	0.0935981084791323	0.14699248914568433	0.7695226049847658	1296000.0	0.046689604	0.9973012960602564
Saltmarsh_4_000000001	1382400.0	1	1	0.40464322944988135	0.8092864588997627	0.4150351773325733	0.8300703546651466	1.0	0.8793725967407227	55900829.174095616	52661982.88711558	52661982.88711558	0.0959627569566669	0.16734715747891105	0.8654853619414327	1382400.0	0.045855507	1.1216690290760967
Saltmarsh_4_000000001	1468800.0	1	1	0.4194194059593767	0.8388388119187534	0.42998592161702087	0.8599718432340417	1.0	0.8833236694335938	60487592.129416965	57163927.86206267	57163927.86206267	0.0976035762313443	0.18821606307896904	0.9630889381727772	1468800.0	0.045015818	1.2481632638719191
Saltmarsh_4_000000001	1555200.0	1	1	0.4333714516939332	0.8667429033878664	0.4440852949980665	0.888170589996133	1.0	0.8871859908103943	64985846.73785377	61605394.605242945	61605394.605242945	0.09858517734850666	0.20944179567770807	1.0616741155212837	1555200.0	0.04417079	1.3759296537155838
Saltmarsh_4_000000001	1641600.0	1	1	0.4465429066350049	0.8930858132700098	0.45737967778297645	0.9147593555659529	1.0	0.8909585475921631	69381284.82844514	65971125.93929073	65971125.93929073	0.09897463380297869	0.23088099589347497	1.1606487493242623	1641600.0	0.043320671	1.5042007791242438
Saltmarsh_4_000000001	1728000.0	1	1	0.4589762423949823	0.9179524847899646	0.46991415034646367	0.9398283006929273	1.0	0.8946404457092285	73662784.30642253	70248753.90249026	70248753.90249026	0.0988388787754031	0.2524048907370482	1.2594876280996659	1728000.0	0.042465714	1.632295966017167
Saltmarsh_4_000000001	1814400.0	1	1	0.4707125374645909	0.9414250749291818	0.4817321782491518	0.9634643564983036	1.0	0.8982309699058533	77821957.84150267	74428429.24566625	74428429.24566625	0.0982428831306506	0.27389926309768065	1.3577305112303166	1814400.0	0.041606172	1.7596187425544905
Saltmarsh_4_000000001	1900800.0	1	1	0.4817912887834935	0.963582577566987	0.4928754327513752	0.9857508655027504	1.0	0.9017300605773926	81852749.48791051	78502524.45918913	78502524.45918913	0.09724859729530216	0.2952640250006435	1.4549791085256185	1900800.0	0.040742299	1.8856529246492018
Saltmarsh_4_000000001	1987200.0	1	1	0.4922502422435078	0.9845004844870155	0.5033836385661833	1.0067672771323666	1.0	0.9051371216773987	85751085.62089531	82465238.14748304	82465238.14748304	0.09591362998127911	0.31641256075613605	1.550892738506898	1987200.0	0.039874351	2.00995698910494
Saltmarsh_4_000000001	2073600.0	1	1	0.5021253613522605	1.004250722704521	0.5132945515715462	1.0265891031430925	1.0	0.9084524512290955	89514546.84301108	86312435.91864917	86312435.91864917	0.09429139682143695	0.3372707827718089	1.6451841353283354	2073600.0	0.039002587	2.1321586393855227
Saltmarsh_4_000000001	2160000.0	1	1	0.5114507730998725	1.022901546199745	0.5226439210574172	1.0452878421148344	1.0	0.9116759896278381	93142106.33468252	90041312.89726548	90041312.89726548	0.09243034479743667	0.35777621968889073	1.737614480125772	2160000.0	0.038127263	2.2519483662430004
Saltmarsh_4_000000001	2246400.0	1	1	0.5202588047231949	1.0405176094463897	0.531465536792018	1.062931073584036	1.0	0.9148083925247192	96633880.38368388	93650275.60270712	93650275.60270712	0.09037444215796009	0.3778769358555755	1.8279889222837318	2246400.0	0.03724864	2.3690736432797164
Saltmarsh_4_000000001	2332800.0	1	1	0.5285799868963533	1.0571599737927067	0.5397912475516354	1.0795824951032709	1.0	0.9178499579429626	99990932.3795658	97138663.75097805	97138663.75097805	0.0881627614125538	0.39753055734233644	1.916151683696285	2332800.0	0.036366977	2.4833325820703855
Saltmarsh_4_000000001	2419200.0	1	1	0.5364431196404692	1.0728862392809384	0.5476510375603396	1.0953020751206792	1.0	0.9208014607429504	103215084.40769517	100506664.19020301	100506664.19020301	0.08583011367960441	0.4167032072714107	2.0019817973758895	2419200.0	0.035482537	2.594568409399153
Saltmarsh_4_000000001	2505600.0	1	1	0.5438753244341599	1.0877506488683197	0.5550730907682648	1.1101461815365297	1.0	0.9236636757850647	106308771.44806115	103755129.9907955	103755129.9907955	0.08340707085679966	0.43536857909717785	2.085388868232689	2505600.0	0.034595581	2.7026639732295648
Saltmarsh_4_000000001	2592000.0	1	1	0.5509021206347829	1.1018042412695659	0.562083877392886	1.124167754785772	1.0	0.9264376759529114	109274908.39952695	106885490.59080522	106885490.59080522	0.08092043824610506	0.453507014707921	2.1663093064787935	2592000.0	0.033706371	2.8075368611965166
Saltmarsh_4_000000001	2678400.0	1	1	0.5575474881710359	1.1150949763420719	0.568708227453891	1.137416454907782	1.0	0.9291244745254517	112116783.19010092	109899612.13608497	109899612.13608497	0.07839337537164937	0.4711046853087755	2.2447026818504425	2678400.0	0.032815173	2.9091346756781737
Saltmarsh_4_000000001	2764800.0	1	1	0.5638339494814391	1.1276678989628781	0.5749694215684052	1.1499388431368105	1.0	0.9317253232002258	114837959.61869875	112799739.43426326	112799739.43426326	0.07584589859251878	0.48815279857879756	2.3205485804429618	2764800.0	0.031922248	3.0074309602540783
Saltmarsh_4_000000001	2851200.0	1	1	0.5697826431283299	1.1395652862566599	0.5808892733981466	1.161778546796293	1.0	0.934241533279419	117442201.68835133	115588402.67869028	115588402.67869028	0.073295098262817	0.5046469151306344	2.393843678705778	2851200.0	0.031027863	3.102421407602688
Saltmarsh_4_000000001	2937600.0	1	1	0.5754133947013517	1.1508267894027033	0.5864882088212132	1.1729764176424264	1.0	0.9366744160652161	119933407.096597	118268344.4742395	118268344.4742395	0.07075541017546638	0.5205863121957311	2.4645990888812443	2937600.0	0.030132282	3.194120419190093
Saltmarsh_4_000000001	3024000.0	1	1	0.5807448117374954	1.1614896234749907	0.5917853668843415	1.183570733768683	1.0	0.9390257596969604	122315550.72934587	120842524.04681562	120842524.04681562	0.06823921389398047	0.5359734063400976	2.5328383027752244	3024000.0	0.029235771	3.282558440396691
Saltmarsh_4_000000001	3110400.0	1	1	0.5857943204844822	1.1715886409689644	0.596798645439105	1.19359729087821	1.0	0.9412967562675476	124592648.41523081	123313943.30359033	123313943.30359033	0.06575641021938694	0.5508133062985647	2.5985947129946116	3110400.0	0.028338594	3.3677787480410166
Saltmarsh_4_000000001	3196800.0	1	1	0.5905782676690123	1.1811565353380247	0.6015448071044165	1.203089614208833	1.0	0.9434892535209656	126768704.9847801	125685754.10974377	125685754.10974377	0.0633154966274363	0.5651132739212826	2.661910209622048	3196800.0	0.027441019	3.4498356316701746
Saltmarsh_4_000000001	3283200.0	1	1	0.5950862177409378	1.1901724354818757	0.6060151796653215	1.212030359330643	1.0	0.9451015591621399	128847697.91617912	127893016.07718122	127893016.07718122	0.060582661391650916	0.5788824189942552	2.722492871013699	3283200.0	0.026759841	3.5283507608337534
Saltmarsh_4_000000001	3369600.0	1	1	0.5993109505285709	1.1986219010571417	0.6102039342797445	1.220407868559489	1.0	0.9461761713027954	130822222.97252347	129931308.45417467	129931308.45417467	0.05759928460296937	0.592057257667904	2.780092155616668	3369600.0	0.026295262	3.602999433679202
Saltmarsh_4_000000001	3456000.0	1	1	0.603272443570908	1.206544887141816	0.614130916703578	1.228261833407156	1.0	0.9472305178642273	132686325.30848952	131864209.21866496	131864209.21866496	0.05473774112195473	0.60458330497137	2.834829896738623	3456000.0	0.025830891	3.673939546173256
Saltmarsh_4_000000001	3542400.0	1	1	0.6069892031654379	1.2139784063308758	0.6178145241739036	1.2356290483478072	1.0	0.9482645392417908	134446257.11613518	133697340.5434848	133697340.5434848	0.05199964686955172	0.6164870558478723	2.8868295436081746	3542400.0	0.025366863	3.741331088516194
Saltmarsh_4_000000001	3628800.0	1	1	0.6104783840936646	1.2209567681873292	0.6212718197443853	1.2425436394887706	1.0	0.9492784142494202	136108006.3310416	135436138.76353508	135436138.76353508	0.04938533716465798	0.6277953566530174	2.936214880772832	3628800.0	0.024903317	3.8053344854815907
Saltmarsh_4_000000001	3715200.0	1	1	0.6137558791144858	1.2275117582289716	0.6245186184851318	1.2490372369702636	1.0	0.9502721428871155	137677294.2743873	137085790.43228146	137085790.43228146	0.04689382549759635	0.638535126663811	2.983108706270429	3715200.0	0.02444039	3.8661088833264756
Saltmarsh_4_000000001	3801600.0	1	1	0.6168364110817137	1.2336728221634274	0.6275695766444566	1.2551391532889131	1.0	0.9512457251548767	139159567.6607454	138651246.5647717	138651246.5647717	0.04452316220167596	0.6487330706221827	3.0276318684721044	3801600.0	0.023978219	3.9238109015398472
Saltmarsh_4_000000001	3888000.0	1	1	0.6197336335199691	1.2394672670399383	0.6304382893191645	1.260876578638329	1.0	0.9521994590759277	140559998.44912982	140137263.74276352	140137263.74276352	0.042270849435431135	0.6584154692783865	3.069902717907534	3888000.0	0.023516941	3.978593922408164
Saltmarsh_4_000000001	3974400.0	1	1	0.6224601964398725	1.244920392879745	0.6331373550320586	1.2662747100641172	1.0	0.9531334042549133	141883493.4405214	141548333.02827147	141548333.02827147	0.04013360496126739	0.66760806018009	3.110036322868802	3974400.0	0.023056693	4.030607074437968
Saltmarsh_4_000000001	4060800.0	1	1	0.6250278196201401	1.2500556392402802	0.6356784476123848	1.2713568952247696	1.0	0.9540476202964783	143134693.14264765	142888710.9628953	142888710.9628953	0.03810768772378559	0.6763358670906909	3.1481440105925875	4060800.0	0.022597612	4.079994637727993
Saltmarsh_4_000000001	4147200.0	1	1	0.6274473696818764	1.2548947393637528	0.6380723918602548	1.2761447837205095	1.0	0.9549423456192017	144317978.28235766	144162450.83054587	144162450.83054587	0.036189153941972085	0.6846231002107573	3.184333164534559	4147200.0	0.022139831	4.126895781236788
Saltmarsh_4_000000001	4233600.0	1	1	0.6297289163521654	1.2594578327043309	0.640329219221469	1.280658438442938	1.0	0.955817699432373	145437481.85593072	145373367.98532653	145373367.98532653	0.03437372783509951	0.6924931120915332	3.218706892369659	4233600.0	0.02168349	4.171444132511079
Saltmarsh_4_000000001	4320000.0	1	1	0.6318726038147626	1.2637452076295252	0.642449139303001	1.284898278606002	1.0	0.9566739797592163	146497094.8555147	146525088.72551548	146497094.8555147	0.03251714884221446	0.699968325435359	3.2512240412118736	4320000.0	0.021228721	4.2135863574105885
Saltmarsh_4_000000001	4406400.0	1	1	0.633866772189085	1.26773354437817	0.6444206909036875	1.288841381807375	1.0	0.9575111865997314	147496186.69564617	147616848.49493206	147496186.69564617	0.03044114270473408	0.7070397907734968	3.281665183916607	4406400.0	0.02077566	4.253038078355923
Saltmarsh_4_000000001	4492800.0	1	1	0.6357217953669151	1.2714435907338302	0.6462542002952639	1.2925084005905279	1.0	0.9583296179771423	148428641.63895133	148642641.5094073	148428641.63895133	0.02848341864663273	0.7136597895481239	3.31014860256324	4492800.0	0.020324441	4.289952588921959
Saltmarsh_4_000000001	4579200.0	1	1	0.6374473375489814	1.2748946750979628	0.6479592866074496	1.2959185732148992	1.0	0.9591293931007385	149298671.34985206	149606397.00275263	149298671.34985206	0.02663931232815553	0.7198540444211048	3.3367879148913957	4579200.0	0.019875199	4.324477137699249
Saltmarsh_4_000000001	4665600.0	1	1	0.6390524002210468	1.2781048004420936	0.6495449081167753	1.2990898162335507	1.0	0.9599109292030334	150110255.24733853	150511881.90092316	150110255.24733853	0.02490401253075869	0.725647263705934	3.3616919274221537	4665600.0	0.019428064	4.356752737939112
Saltmarsh_4_000000001	4752000.0	1	1	0.6405453660347089	1.2810907320694178	0.6510194061398503	1.3020388122797006	1.0	0.9606742858886719	150867148.2060211	151362604.5510565	150867148.2060211	0.023272631603922567	0.7310631094261829	3.3849645590260766	4752000.0	0.018983171	4.386914068497796
Saltmarsh_4_000000001	4838400.0	1	1	0.6419340402204431	1.2838680804408862	0.6523905460474039	1.3047810920948077	1.0	0.9614197015762329	151572888.76468453	152161905.07032156	151572888.76468453	0.02174026312949251	0.7361241806939302	3.406704822155569	4838400.0	0.018540652	4.4150894495136175
Saltmarsh_4_000000001	4924800.0	1	1	0.6432256893811314	1.286451378762263	0.6536655558521499	1.3073311117042998	1.0	0.9621474742889404	152230807.87723395	152912944.2280224	152230807.87723395	0.020302029757784723	0.740852009628385	3.4270068519133536	4924800.0	0.018100637	4.441400880079707
Saltmarsh_4_000000001	5011200.0	1	1	0.6444270778043961	1.2888541556087922	0.6548511624498693	1.3097023248997386	1.0	0.9628578424453735	152844037.90832028	153618692.1760162	152844037.90832028	0.018953121864226596	0.7452670676773748	3.4459599737775806	5011200.0	0.017663257	4.465964126015745
Saltmarsh_4_000000001	5097600.0	1	1	0.6455445014481461	1.2910890028962922	0.6559536255882379	1.3119072511764758	1.0	0.9635509252548218	153415521.74086288	154281926.5340958	153415521.74086288	0.01768882835887242	0.749388780345442	3.4636488021364524	5097600.0	0.017228641	4.488888847568842
Saltmarsh_4_000000001	5184000.0	1	1	0.6465838198742705	1.293167639748541	0.6569787695314265	1.313957539062853	1.0	0.9642271995544434	153948021.89620352	154905316.6170098	153948021.89620352	0.01650456085896579	0.7532355486220518	3.4801533629954173	5184000.0	0.016796917	4.510278758442061
Saltmarsh_4_000000001	5270400.0	1	1	0.6475504858853196	1.2951009717706392	0.6579320129331201	1.3158640258662402	1.0	0.9648866653442383	154444129.6479133	155491297.73593357	154444129.6479133	0.01539587257298869	0.7568247756665779	3.4955492355684052	5270400.0	0.016368216	4.530231809296653
Saltmarsh_4_000000001	5356800.0	1	1	0.6484495734330976	1.2968991468661952	0.6588183965197774	1.3176367930395547	1.0	0.9655296802520752	154906273.88196653	156042212.84489214	154906273.88196653	0.014358471809854279	0.7601728975999784	3.5099077073782596	5356800.0	0.015942662	4.548840388762224
Saltmarsh_4_000000001	5443200.0	1	1	0.6492858036113487	1.2985716072226974	0.659642609060571	1.319285218121142	1.0	0.9661566615104675	155336729.86103863	156560272.75232482	155336729.86103863	0.013388232070891792	0.7632954172343014	3.523295939449151	5443200.0	0.015520382	4.5661915375261
Saltmarsh_4_000000001	5529600.0	1	1	0.6500635688368923	1.3001271376737846	0.6604090117047917	1.3208180234095834	1.0	0.9667676687240601	155737627.7051863	157047495.98824948	155737627.7051863	0.01248119852905194	0.7662069399968796	3.5357771379782035	5529600.0	0.015101502	4.582367170819752
Saltmarsh_4_000000001	5616000.0	1	1	0.6507869555162341	1.3015739110324682	0.6611216605777197	1.3222433211554394	1.0	0.9673628807067871	156110960.5528737	157505793.14561045	156110960.5528737	0.011633591500814111	0.7689212112635544	3.547410729479018	5616000.0	0.014686145	4.5974443054048075
Saltmarsh_4_000000001	5702400.0	1	1	0.6514597652097515	1.302919530419503	0.6617843278546841	1.3235686557093682	1.0	0.9679427146911621	156458592.47041014	157936993.67401972	156458592.47041014	0.010841807905124012	0.7714511544469267	3.558252537384141	5702400.0	0.014274435	4.611495288449847
Saltmarsh_4_000000001	5788800.0	1	1	0.652085534315229	1.304171068630458	0.6624005214807378	1.3248010429614756	1.0	0.9685075283050537	156782266.05147436	158342804.37614876	156782266.05147436	0.010102420855487515	0.7738089094018843	3.5683549582396283	5788800.0	0.013866494	4.624588025878558
Saltmarsh_4_000000001	5875200.0	1	1	0.6526675523930047	1.3053351047860093	0.6629735035748746	1.3259470071497492	1.0	0.9690574407577515	157083609.66123492	158724786.58813623	157083609.66123492	0.009412177563752344	0.7760058707424222	3.577767135803381	5875200.0	0.013462442	4.6367862080011815
Saltmarsh_4_000000001	5961600.0	1	1	0.6532088792927553	1.3064177585855106	0.6635063075255189	1.3270126150510377	1.0	0.9695926308631897	157364144.33525038	159084411.05372816	157364144.33525038	0.00876799597365363	0.7780527257025983	3.5865351317770346	5961600.0	0.013062398	4.648149530783037
Saltmarsh_4_000000001	6048000.0	1	1	0.653712361143025	1.30742472228605	0.6640017538937273	1.3280035077874546	1.0	0.9701135754585266	157625290.36822057	159423103.21071565	157625290.36822057	0.008166960575709203	0.7799594912653937	3.5947020923527435	6048000.0	0.012666483	4.658733911689156
Saltmarsh_4_000000001	6134400.0	1	1	0.6541806451625934	1.3083612903251869	0.664462465321039	1.328924930642078	1.0	0.9706203937530518	157868373.5857654	159742141.35427245	157868373.5857654	0.00760631754738661	0.7817355503814404	3.6023084099001297	6134400.0	0.012274813	4.668591699230569
Saltmarsh_4_000000001	6220800.0	1	1	0.6546161935156333	1.3092323870312665	0.6648908803399142	1.3297817606798283	1.0	0.9711133241653442	158094631.24790928	160042740.26331815	158094631.24790928	0.007083469108656981	0.7833896871308894	3.609391879008787	6220800.0	0.011887504	4.677771875195388
Saltmarsh_4_000000001	6307200.0	1	1	0.6550212962129033	1.3100425924258066	0.665289266239102	1.330578532478204	1.0	0.9715927243232727	158305217.66401517	160326056.49407357	158305217.66401517	0.006595967662289759	0.7849301206577861	3.615987846671077	6307200.0	0.01150467	4.686320249285716
Saltmarsh_4_000000001	6393600.0	1	1	0.6553980830875962	1.3107961661751923	0.6656597310790447	1.3313194621580895	1.0	0.9720587134361267	158501209.49668974	160593134.29227108	158501209.49668974	0.00614150965330551	0.7863645378301432	3.622129356324382	6393600.0	0.011126426	4.694279645796399
Saltmarsh_4_000000001	6480000.0	1	1	0.6557485349853261	1.3114970699706523	0.6660042348277001	1.3320084696554002	1.0	0.9725115895271301	158683610.74796444	160844979.01024127	158683610.74796444	0.00571792917518632	0.7877001245646359	3.627847285499568	6480000.0	0.010752883	4.70169008200744
Saltmarsh_4_000000001	6566400.0	1	1	0.6560744941732108	1.3121489883464217	0.6663245997360305	1.332649199472061	1.0	0.9729517698287964	158853357.47747576	161082551.75301307	158853357.47747576	0.005323191626530277	0.7889435957608486	3.6331704771260984	6566400.0	0.010384152	4.708588938355423
Saltmarsh_4_000000001	6652800.0	1	1	0.6563776739891318	1.3127553479782637	0.6666225200320403	1.3332450400640805	1.0	0.9733793139457703	159011322.23973066	161306694.55233443	159011322.23973066	0.004955387342613249	0.7901012238560401	3.6381258644687113	6652800.0	0.010020342	4.71501112035145
Saltmarsh_4_000000001	6739200.0	1	1	0.6566596678642944	1.3133193357285888	0.666899570888882	1.333799141777764	1.0	0.9737944602966309	159158318.2373358	161518222.9632793	159158318.2373358	0.0046127251917055245	0.7911788659949734	3.642738589660416	6739200.0	0.009661562	4.7209892121999
Saltmarsh_4_000000001	6825600.0	1	1	0.6569219577094234	1.3138439154188468	0.6671572167817352	1.3343144335634705	1.0	0.974197506904602	159295103.2431808	161717910.0478802	159295103.2431808	0.004293526408760906	0.7921819898071432	3.6470321160691768	6825600.0	0.009307918	4.726553622425653
Saltmarsh_4_000000001	6912000.0	1	1	0.657165921713424	1.314331843426848	0.6673968192662608	1.3347936385325216	1.0	0.9745887517929077	159422383.27697352	161906479.934931	159422383.27697352	0.003996218541842844	0.7931156978430247	3.6510283346110195	6912000.0	0.008959513	4.731732721655882
Saltmarsh_4_000000001	6998400.0	1	1	0.657392841581593	1.314785683163186	0.6676196442296775	1.335239288459355	1.0	0.9749681949615479	159540816.05117896	162084561.48956335	159540816.05117896	0.0037193295620379097	0.7939847506938569	3.6547476641730574	6998400.0	0.008616452	4.7365529727682825
Saltmarsh_4_000000001	7084800.0	1	1	0.6576039093203656	1.3152078186407312	0.6678268685794565	1.335653737158913	1.0	0.9753364324569702	159651014.19203582	162252839.91435856	159651014.19203582	0.003461482129661242	0.7947935888305179	3.6582091463027187	7084800.0	0.008278835	4.741039053608324
Saltmarsh_4_000000001	7171200.0	1	1	0.6578002334753109	1.3156004669506218	0.6680195865451246	1.3360391730902492	1.0	0.9756932854652405	159753548.28114563	162411831.6773644	159753548.28114563	0.00322138821025153	0.7955463531954766	3.6614305345129696	7171200.0	0.007946764	4.745213972728808
Saltmarsh_4_000000001	7257600.0	1	1	0.6579828450059914	1.3159656900119827	0.6681988154550127	1.3363976309100254	1.0	0.9760392308235168	159848949.66675627	162562125.06599936	159848949.66675627	0.0029978437098872046	0.7962469046238941	3.6644283782228575	7257600.0	0.007620337	4.749099178176824
Saltmarsh_4_000000001	7344000.0	1	1	0.6581527027049121	1.3163054054098242	0.6683655011624237	1.3367310023248473	1.0	0.9763744473457336	159937713.12908465	162704224.04007474	159937713.12908465	0.0027897235473521853	0.796898842098071	3.6672181017702097	7344000.0	0.00729965	4.752714659894192
Saltmarsh_4_000000001	7430400.0	1	1	0.6583106982465852	1.3166213964931703	0.6685205230773442	1.3370410461546884	1.0	0.9766989946365356	160020299.3504512	162838580.24864864	160020299.3504512	0.002595976822010515	0.7975055199302455	3.6698140785922204	7430400.0	0.006984798	4.756079045855518
Saltmarsh_4_000000001	7516800.0	1	1	0.6584576609022343	1.3169153218044687	0.668664698825234	1.337329397650468	1.0	0.9770132899284363	160097137.22839937	162965674.7062132	160097137.22839937	0.0024156222474408517	0.798070063894556	3.672229700839661	7516800.0	0.006675875	4.759209692288201
Saltmarsh_4_000000001	7603200.0	1	1	0.6585943618998829	1.3171887237997657	0.6687987886067552	1.3375975772135105	1.0	0.9773174524307251	160168626.0459594	163085910.54519904	160168626.0459594	0.0022477438638368596	0.7985953863659602	3.6744774447034976	7603200.0	0.006372972	4.762122768335733
Saltmarsh_4_000000001	7689600.0	1	1	0.6587215184922688	1.3174430369845376	0.6689234992346069	1.3378469984692138	1.0	0.9776116609573364	160235137.48650247	163199674.52500153	160235137.48650247	0.0020914869057763186	0.799084200526736	3.676568931609274	7689600.0	0.006076179	4.764833335365619
Saltmarsh_4_000000001	7776000.0	1	1	0.658839797737929	1.317679595475858	0.6690394878891675	1.338078975778335	1.0	0.9778960943222046	160297017.5212122	163307328.8796641	160297017.5212122	0.00194605393170999	0.799539033674351	3.6785149855409838	7776000.0	0.005785584	4.767355421261115
Saltmarsh_4_000000001	7862400.0	1	1	0.6589498200174879	1.3178996400349758	0.6691473656098971	1.3382947312197941	1.0	0.9781709313392639	160354588.1697551	163409212.9830891	160354588.1697551	0.001810701161160444	0.799962239687615	3.6803256867021434	7862400.0	0.005501273	4.769702089965977
Saltmarsh_4_000000001	7948800.0	1	1	0.6590521623051945	1.318104324610389	0.6692477005395054	1.3384954010790109	1.0	0.9784364104270935	160408149.14312327	163505654.86462748	160408149.14312327	0.0016847350193252009	0.8003560106962911	3.6820104217214675	7948800.0	0.00522333	4.771885506551023
Saltmarsh_4_000000001	8035200.0	1	1	0.659147361208111	1.318294722416222	0.6693410209432255	1.338682041886451	1.0	0.9786927103996277	160457979.3768903	163596952.74759197	160457979.3768903	0.0015675088851899721	0.8007223879992615	3.683577930606657	8035200.0	0.004951838	4.773916998066228
Saltmarsh_4_000000001	8121600.0	1	1	0.6592359157924904	1.3184718315849808	0.6694278180147908	1.3388556360295816	1.0	0.978939950466156	160504338.45961064	163683376.39019305	160504338.45961064	0.0014584200225401522	0.8010632722755131	3.6850363506291965	8121600.0	0.004686876	4.775807110415439
Saltmarsh_4_000000001	8208000.0	1	1	0.6593182902122341	1.3186365804244682	0.669508548484266	1.339017096968532	1.0	0.9791781902313232	160547467.96473992	163765168.33841312	160547467.96473992	0.0013569066959889797	0.8013804331277107	3.686393257325185	8208000.0	0.004428524	4.77756566149344
Saltmarsh_4_000000001	8294400.0	1	1	0.6593949161626574	1.3187898323253149	0.669583637032705	1.33916727406541	1.0	0.9794079065322876	160587592.69235033	163842624.86510938	160587592.69235033	0.0012624454631523507	0.8016755179985993	3.6876557027883368	8294400.0	0.004176858	4.779201790813684
Saltmarsh_4_000000001	8380800.0	1	1	0.6594661951426504	1.3189323902853007	0.6696534785582943	1.3393069571165885	1.0	0.9796289801597595	160624921.8311064	163915927.59729663	160624921.8311064	0.001174548656995622	0.8019500604985363	3.6888302514453324	8380800.0	0.003931953	4.780724005873151
Saltmarsh_4_000000001	8467200.0	1	1	0.65953250057683	1.31906500115366	0.6697184402612223	1.3394368805224446	1.0	0.9798417091369629	160659650.0315312	163985314.0233341	160659650.0315312	0.001092761972141365	0.8022054881855147	3.689923013417473	8467200.0	0.003693881	4.782140225389045
Saltmarsh_4_000000001	8553600.0	1	1	0.6595941797776723	1.3191883595553446	0.6697788635951024	1.3395577271902048	1.0	0.9800461530685425	160691958.41506135	164050968.76648444	160691958.41506135	0.0010166622550249471	0.8024431298202819	3.6909396756724977	8553600.0	0.003462713	4.783457819671557
Saltmarsh_4_000000001	8640000.0	1	1	0.6596515557766727	1.3193031115533453	0.6698350660732804	1.3396701321465607	1.0	0.9802425503730774	160722015.50859615	164113094.2954418	160722015.50859615	0.0009458554020933541	0.8026642221408874	3.691885531074591	8640000.0	0.003238517	4.7846836482726705
Saltmarsh_4_000000001	8726400.0	1	1	0.659704929021086	1.319409858042172	0.669887342954679	1.339774685909358	1.0	0.9804309010505676	160749978.1182192	164171841.91521576	160749978.1182192	0.0008799744109418972	0.8028699161801541	3.6927655054855326	8726400.0	0.00302136	4.78582409510925
Saltmarsh_4_000000001	8812800.0	1	1	0.6597545789581835	1.319509157916367	0.6699359688036074	1.3398719376072148	1.0	0.9806114435195923	160775992.1400025	164227392.37071326	160775992.1400025	0.0008186775406802127	0.8030612831593322	3.6935841830262124	8812800.0	0.002811306	4.786885101201972
Saltmarsh_4_000000001	8899200.0	1	1	0.6598007655024232	1.3196015310048463	0.6699811989466231	1.3399623978932462	1.0	0.9807841777801514	160800193.3182287	164279876.72779024	160800193.3182287	0.0007616466094527707	0.8032393199816907	3.6943458296356653	8899200.0	0.002608417	4.7878721952078225
Saltmarsh_4_000000001	8985600.0	1	1	0.6598437304066749	1.3196874608133498	0.6700232708192105	1.340046541638421	1.0	0.9809494614601135	160822707.948482	164329476.87073427	160822707.948482	0.000708585386537508	0.8034049543558726	3.695054415022203	8985600.0	0.002412754	4.788790521868775
Saltmarsh_4_000000001	9072000.0	1	1	0.659883698528893	1.319767397057786	0.6700624052271055	1.340124810454211	1.0	0.981107234954834	160843653.53564638	164376296.34358412	160843653.53564638	0.0006592181086514382	0.8035590495695805	3.695713633130854	9072000.0	0.002224374	4.789644868537587
Saltmarsh_4_000000001	9158400.0	1	1	0.6599208790167683	1.3198417580335366	0.670098807510846	1.340197615021692	1.0	0.9812576770782471	160863139.40238646	164420470.75621602	160863139.40238646	0.0006132880713252131	0.8037024089406071	3.6963269212021794	9158400.0	0.002043333	4.790439689878024
Saltmarsh_4_000000001	9244800.0	1	1	0.6599554664059099	1.3199109328118197	0.6701326686325284	1.3402653372650568	1.0	0.9814008474349976	160881267.25889623	164462108.41916713	160881267.25889623	0.0005705563329486685	0.8038357799615325	3.6968974775351278	9244800.0	0.001869685	4.791179130885525
Saltmarsh_4_000000001	9331200.0	1	1	0.6599876416431546	1.3199752832863092	0.6701641661837208	1.3403283323674415	1.0	0.9815369248390198	160898131.7315744	164501330.79859716	160898131.7315744	0.0005308004952807588	0.8039598581625912	3.697428278030408	9331200.0	0.001703482	4.791867048327409
Saltmarsh_4_000000001	9417600.0	1	1	0.6600175730357618	1.3200351460715236	0.6701934653251337	1.3403869306502674	1.0	0.9816659092903137	160913820.8561335	164538223.04521784	160913820.8561335	0.0004938135713282721	0.8040752907093393	3.697922091601737	9417600.0	0.001544772	4.792507030715852
Saltmarsh_4_000000001	9504000.0	1	1	0.6600454171363922	1.3200908342727844	0.6702207196575346	1.3404414393150692	1.0	0.981787919998169	160928416.53538215	164572884.37772328	160928416.53538215	0.0004594029227908969	0.8041826797541198	3.6983814945245275	9504000.0	0.001393603	4.793102416903787
Saltmarsh_4_000000001	9590400.0	1	1	0.6600713195651929	1.3201426391303859	0.6702460720325998	1.3404921440651996	1.0	0.981903076171875	160941994.96639723	164605408.51611122	160941994.96639723	0.00042738927553043204	0.8042825855564557	3.6988088838000577	9590400.0	0.001250019	4.793656313404875
Saltmarsh_4_000000001	9676800.0	1	1	0.6600954157739228	1.3201908315478457	0.6702696553071039	1.3405393106142078	1.0	0.9820114374160767	160954627.03763402	164635874.069795	160954627.03763402	0.00039760579883207914	0.804375529389338	3.6992064895988896	9676800.0	0.001114063	4.794171610520161
Saltmarsh_4_000000001	9763200.0	1	1	0.6601178317569405	1.320235663513881	0.6702915930436035	1.340583186087207	1.0	0.9821130633354187	160966378.69829705	164664354.88258925	160966378.69829705	0.0003698972462022887	0.804461996245283	3.6995763868450924	9763200.0	0.000985775	4.79465099735124
Saltmarsh_4_000000001	9849600.0	1	1	0.6601386847133536	1.3202773694267071	0.6703120001609673	1.3406240003219345	1.0	0.9822081923484802	160977311.30225194	164690950.3457336	160977311.30225194	0.0003441191557216339	0.8045424373555381	3.6999205060008142	9849600.0	0.000865194	4.795096975777056
Saltmarsh_4_000000001	9936000.0	1	1	0.6601580836603107	1.3203161673206214	0.6703309835418994	1.3406619670837987	1.0	0.9822967648506165	160987481.92851186	164715705.7557518	160987481.92851186	0.0003201371071693826	0.80461727253539	3.700240643107983	9936000.0	0.000752354	4.795511873467946
Saltmarsh_4_000000001	10022400.0	1	1	0.6601761300051847	1.3203522600103694	0.6703486425955132	1.3406972851910264	1.0	0.9823787808418274	160996943.67823604	164738672.55900848	160996943.67823604	0.0002978260232587848	0.8046868923679215	3.7005384691312417	10022400.0	0.000647291	4.795897855994089
Saltmarsh_4_000000001	10108800.0	1	1	0.6601929180779275	1.320385836155855	0.6703650697803111	1.3407301395606221	1.0	0.9824543595314026	161005745.95197278	164759918.61717117	161005745.95197278	0.0002770695240557064	0.8047516602358082	3.7008155386552968	10108800.0	0.000550034	4.796256938097264
Saltmarsh_4_000000001	10195200.0	1	1	0.6602085356256208	1.3204170712512415	0.6703803510911378	1.3407607021822756	1.0	0.9825236201286316	161013934.70773086	164779508.46741796	161013934.70773086	0.0002577593259333044	0.804811914212721	3.7010732979812304	10195200.0	0.000460611	4.796590994183675
Saltmarsh_4_000000001	10281600.0	1	1	0.6602230642717458	1.3204461285434916	0.6703945665125758	1.3407891330251516	1.0	0.9825865030288696	161021552.7008325	164797473.56279784	161021552.7008325	0.00023979468014179162	0.8048679688240207	3.7013130926613727	10281600.0	0.000379051	4.796901768089139
Saltmarsh_4_000000001	10368000.0	1	1	0.6602365799446323	1.3204731598892645	0.6704077904390274	1.3408155808780549	1.0	0.9826431274414062	161028639.7067475	164813872.46434474	161028639.7067475	0.00022308184837993572	0.8049201166853576	3.7015361745097515	10368000.0	0.000305377	4.797190882164638
Saltmarsh_4_000000001	10454400.0	1	1	0.6602491532750869	1.3204983065501739	0.6704200920663503	1.3408401841327007	1.0	0.9826935529708862	161035232.72905904	164828751.05661583	161035232.72905904	0.00020753361806891135	0.8049686300272263	3.70174370812782	10454400.0	0.00023961	4.797459845733655
Saltmarsh_4_000000001	10540800.0	1	1	0.6602608499660476	1.3205216999320952	0.670431535756091	1.340863071512182	1.0	0.9827377200126648	161041366.19253802	164842132.73404914	161041366.19253802	0.00019306884858283357	0.8050137621141072	3.701936776976403	10540800.0	0.000181772	4.797710062961419
Saltmarsh_4_000000001	10627200.0	1	1	0.6602717311375843	1.3205434622751686	0.6704421813728965	1.340884362745793	1.0	0.982775866985321	161047072.1226945	164854088.55911338	161047072.1226945	0.0001796120485464403	0.805055748564926	3.7021163890249498	10627200.0	0.000131877	4.7979428401763355
Saltmarsh_4_000000001	10713600.0	1	1	0.6602818536456627	1.3205637072913254	0.6704520846005707	1.3409041692011414	1.0	0.9828077554702759	161052380.3134105	164864607.44936508	161052380.3134105	0.00016709298546335738	0.8050948085815891	3.7022834820104125	10713600.0	8.99e-05	4.798159392685495
Saltmarsh_4_000000001	10800000.0	1	1	0.6602912703807773	1.3205825407615546	0.6704612972334746	1.3409225944669492	1.0	0.9828335046768188	161057318.48186585	164873736.30070764	161057318.48186585	0.00015544631670327824	0.805131146092626	3.7024389283271155	10800000.0	5.6e-05	4.798360851111942
Saltmarsh_4_000000001	10886400.0	1	1	0.6603000305447988	1.3206000610895976	0.6704698674486816	1.3409397348973633	1.0	0.9828532338142395	161061912.41372362	164881520.1403373	161061912.41372362	0.00014461125203435454	0.8051649508165838	3.7025835395791495	10886400.0	3e-05	4.798548267294578
Saltmarsh_4_000000001	10972800.0	1	1	0.660308179908215	1.32061635981643	0.6704778400592836	1.3409556801185671	1.0	0.9828669428825378	161066186.0977571	164887982.25769436	161066186.0977571	0.00013453123675533085	0.8051963992520302	3.702718070815905	10972800.0	1.2e-05	4.798722619777413
Saltmarsh_4_000000001	11059200.0	1	1	0.6603157610491875	1.320631522098375	0.6704852567500521	1.3409705135001042	1.0	0.9828743934631348	161070161.8509716	164893104.3237913	161070161.8509716	0.00012515365620802132	0.80522565559865	3.7028432244721134	11059200.0	2.01e-06	4.798884818915859
Saltmarsh_4_000000001	11145600.0	1	1	0.6603228135775723	1.3206456271551446	0.670492156294841	1.340984312589682	1.0	0.9828760027885437	161073860.43490696	164896976.4978062	161073860.43490696	0.00011642956045354591	0.8052528726140813	3.702959654032568	11145600.0	0.0	4.799035711626209
Saltmarsh_4_000000001	11232000.0	1	1	0.6603293743407369	1.3206587486814738	0.6704985747616099	1.3409971495232198	1.0	0.982871413230896	161077301.1646493	164899557.54100326	161077301.1646493	0.00010831341236872127	0.8052781924108778	3.7030679674449365	11232000.0	6.03e-06	4.799176085808638
Saltmarsh_4_000000001	11318400.0	1	1	0.6603354776172018	1.3206709552344036	0.6705045457005157	1.3410090914010313	1.0	0.982860803604126	161080502.0090011	164900894.9078414	161080502.0090011	0.00010076284631599375	0.8053017471986895	3.703168730291252	11318400.0	2e-05	4.799306674457463
Saltmarsh_4_000000001	11404800.0	1	1	0.6603411552955258	1.3206823105910517	0.670510100320316	1.341020200640632	1.0	0.9828441143035889	161083479.68474427	164900994.83898708	161083479.68474427	9.373844975901768e-05	0.8053236599739624	3.703262468741012	11404800.0	4.2e-05	4.799428159488351
Saltmarsh_4_000000001	11491200.0	1	1	0.6603464370411387	1.3206928740822774	0.6705152676518692	1.3410305353037384	1.0	0.9828213453292847	161086249.74373347	164899872.44543147	161086249.74373347	8.72035565219198e-05	0.8053440451621454	3.703349672297534	11491200.0	7.2e-05	4.799541175297604
Saltmarsh_4_000000001	11577600.0	1	1	0.6603513504515102	1.3207027009030203	0.6705200747002302	1.3410401494004605	1.0	0.9827925562858582	161088826.65413406	164897551.78784224	161088826.65413406	8.112405573224013e-05	0.8053630092149381	3.703430796353266	11577600.0	0.000109914	4.799646312073833
Saltmarsh_4_000000001	11664000.0	1	1	0.6603559212000543	1.3207118424001085	0.6705245465865385	1.341049093173077	1.0	0.9827575087547302	161091223.87599167	164894005.94497752	161091223.87599167	7.54682139693097e-05	0.8053806511659891	3.7035062645672356	11664000.0	0.00015583	4.799744118879138
Saltmarsh_4_000000001	11750400.0	1	1	0.6603601731708696	1.3207203463417392	0.6705287066790107	1.3410574133580213	1.0	0.98271644115448	161093453.9313243	164889287.09187835	161093453.9313243	7.020650870226408e-05	0.8053970631479193	3.7035764710759365	11750400.0	0.000209699	4.799835106514414
Saltmarsh_4_000000001	11836800.0	1	1	0.6603641285830435	1.320728257166087	0.6705325767159388	1.3410651534318776	1.0	0.9826691150665283	161095528.46975994	164883366.5496402	161095528.46975994	6.531147568100693e-05	0.8054123308731187	3.7036417825516175	11836800.0	0.000271504	4.799919750186897
Saltmarsh_4_000000001	11923200.0	1	1	0.6603678081070642	1.3207356162141284	0.6705361769191581	1.3410723538383162	1.0	0.98261559009552	161097458.3290964	164876264.85619026	161097458.3290964	6.0757564120828e-05	0.8054265340813612	3.703702540115737	11923200.0	0.000341226	4.799998491989995
Saltmarsh_4_000000001	12009600.0	1	1	0.66037123097276	1.32074246194552	0.6705395261000153	1.3410790522000307	1.0	0.9825558662414551	161099253.59202293	164867991.81557482	161099253.59202293	5.652100419339945e-05	0.8054397469559212	3.7037590611199303	12009600.0	0.000418847	4.800071743211429
Saltmarsh_4_000000001	12096000.0	1	1	0.6603744150696601	1.3207488301393202	0.6705426417579465	1.341085283515893	1.0	0.982489824295044	161100923.63871825	164858536.54695833	161100923.63871825	5.2579682713216336e-05	0.805452038510878	3.7038116408026442	12096000.0	0.000504341	4.800139886480228
Saltmarsh_4_000000001	12182400.0	1	1	0.6603773770404542	1.3207547540809084	0.6705455401720342	1.3410910803440683	1.0	0.9824173450469971	161102477.19576067	164847887.534318	161102477.19576067	4.891302742127124e-05	0.8054634729513821	3.703860553830065	12182400.0	0.000597684	4.800203277763765
Saltmarsh_4_000000001	12268800.0	1	1	0.6603801323680549	1.3207602647361099	0.6705482364860468	1.3410964729720936	1.0	0.9823384881019592	161103922.38167807	164836062.67558938	161103922.38167807	4.550189963059559e-05	0.8054741100087598	3.7039060557296963	12268800.0	0.000698849	4.800262248225687
Saltmarsh_4_000000001	12355200.0	1	1	0.6603826954564137	1.3207653909128274	0.6705507447877431	1.3411014895754862	1.0	0.9822532534599304	161105266.7493848	164823069.318031	161105266.7493848	4.2328494653687265e-05	0.8054840052522703	3.7039483842243492	12355200.0	0.000807804	4.800317105954757
Saltmarsh_4_000000001	12441600.0	1	1	0.6603850797056647	1.3207701594113295	0.6705530781826481	1.3411061563652962	1.0	0.9821615219116211	161106517.3255752	164808894.29424593	161106517.3255752	3.937624866789946e-05	0.8054932103792082	3.7039877604730167	12441600.0	0.000924519	4.800368137573029
Saltmarsh_4_000000001	12528000.0	1	1	0.660387297582035	1.32077459516407	0.6705552488626417	1.3411104977252835	1.0	0.9820630550384521	161107680.64735612	164793503.9570933	161107680.64735612	3.662975202611829e-05	0.8055017734847545	3.704024390225042	12528000.0	0.001048958	4.800415609731655
Saltmarsh_4_000000001	12614400.0	1	1	0.6603893606832013	1.3207787213664026	0.670557268169427	1.341114536338854	1.0	0.9819580912590027	161108762.7963294	164776944.23149717	161108762.7963294	3.40746686754434e-05	0.8055097393129717	3.704058464893717	12614400.0	0.001181085	4.800459770502258
Saltmarsh_4_000000001	12700800.0	1	1	0.66039127979853	1.32078255959706	0.6705591466541857	1.3411182933083714	1.0	0.981846272945404	161109769.43045712	164759160.61180726	161109769.43045712	3.1697662006724414e-05	0.8055171494902789	3.7040901625557234	12700800.0	0.00132086	4.8005008506722175
Saltmarsh_4_000000001	12787200.0	1	1	0.6603930649656399	1.3207861299312798	0.6705608941324613	1.3411217882649227	1.0	0.9817277193069458	161110705.81343287	164740178.224474	161110705.81343287	2.948632436616805e-05	0.8055240427427982	3.7041196488800896	12787200.0	0.001468242	4.800539064948596
Saltmarsh_4_000000001	12873600.0	1	1	0.6603947255226659	1.3207894510453317	0.6705625197356279	1.3411250394712557	1.0	0.9816022515296936	161111576.84226266	164719971.8295615	161111576.84226266	2.7429112938737177e-05	0.8055304550983745	3.7041470779930274	12873600.0	0.001623188	4.800574613078964
Saltmarsh_4_000000001	12960000.0	1	1	0.6603962701570328	1.3207925403140657	0.6705640319585701	1.3411280639171401	1.0	0.9814697504043579	161112387.07274944	164698525.85720497	161112387.07274944	2.5515289097111093e-05	0.8055364200746501	3.7041725932821237	12960000.0	0.00178565	4.800607680893632
Saltmarsh_4_000000001	13046400.0	1	1	0.6603977069508046	1.3207954139016091	0.670565438704069	1.341130877408138	1.0	0.9813300967216492	161113140.74327838	164675824.42876342	161113140.74327838	2.3734862440338844e-05	0.8055419688539516	3.7041963281445645	13046400.0	0.001955582	4.800638441275355
Saltmarsh_4_000000001	13132800.0	1	1	0.6603990434229522	1.3207980868459044	0.6705667473240104	1.341133494648021	1.0	0.9811834096908569	161113841.79693192	164651891.38721615	161113841.79693192	2.207853865487941e-05	0.8055471304460048	3.7042184066832196	13132800.0	0.002132933	4.800667055061452
Saltmarsh_4_000000001	13219200.0	1	1	0.6604002865684372	1.3208005731368744	0.6705679646579732	1.3411359293159464	1.0	0.9810293316841125	161114493.90210363	164626670.29070106	161114493.90210363	2.0537671206355412e-05	0.8055519318393118	3.704238944354425	13219200.0	0.00231765	4.800693671883335
Saltmarsh_4_000000001	13305600.0	1	1	0.6604014428948177	1.3208028857896355	0.6705690970688335	1.341138194137667	1.0	0.9808678030967712	161115100.47155938	164600154.4596195	161115100.47155938	1.910421577322463e-05	0.8055563981420236	3.704258048570198	13305600.0	0.002509679	4.800718430946977
Saltmarsh_4_000000001	13392000.0	1	1	0.6604025184562102	1.3208050369124205	0.6705701504760077	1.3411403009520153	1.0	0.9806987643241882	161115664.68029115	164572336.98312682	161115664.68029115	1.777068855290942e-05	0.8055605527129028	3.7042758192587506	13392000.0	0.002708962	4.8007414617593405
Saltmarsh_4_000000001	13478400.0	1	1	0.6604035188848839	1.3208070377697678	0.6705711303863731	1.3411422607727461	1.0	0.9805221557617188	161116189.4820814	164543210.73521864	161116189.4820814	1.653012718960678e-05	0.8055644172832175	3.7042923493859403	13478400.0	0.002915441	4.800762884804178
Saltmarsh_4_000000001	13564800.0	1	1	0.6604044494205811	1.3208088988411621	0.6705720419231013	1.3411440838462025	1.0	0.9803376197814941	161116677.62491354	164512718.37773326	161116677.62491354	1.537605442658574e-05	0.8055680120701412	3.7043077254403673	13564800.0	0.003129055	4.800782812170716
Saltmarsh_4_000000001	13651200.0	1	1	0.6604053149379877	1.3208106298759754	0.6705728898522689	1.3411457797045379	1.0	0.9801453351974487	161117131.665273	164480892.4075407	161117131.665273	1.4302444118818869e-05	0.8055713558822463	3.7043220278844853	13651200.0	0.003349739	4.800801348138293
Saltmarsh_4_000000001	13737600.0	1	1	0.6604061199720542	1.3208122399441085	0.6705736786078813	1.3411473572157626	1.0	0.9799449443817139	161117553.98154745	164447675.12659493	161117553.98154745	1.3303690131638568e-05	0.8055744662176056	3.7043353315746153	13737600.0	0.00357743	4.800818589720701
Saltmarsh_4_000000001	13824000.0	1	1	0.6604068687417244	1.3208137374834488	0.670574412314944	1.341148824629888	1.0	0.9797363877296448	161117946.78637743	164413058.6875273	161117946.78637743	1.2374576753293454e-05	0.8055773593551339	3.7043477061513688	13824000.0	0.003812058	4.800834627172174
Saltmarsh_4_000000001	13910400.0	1	1	0.660407565171929	1.320815130343858	0.6705750948110251	1.3411501896220501	1.0	0.9795194864273071	161118312.13823172	164377015.08799255	161118312.13823172	1.1510251667790072e-05	0.8055800504394909	3.7043592164030357	13910400.0	0.004053556	4.800849544458335
Saltmarsh_4_000000001	13996800.0	1	1	0.6604082129140801	1.3208164258281603	0.6705757296662758	1.3411514593325515	1.0	0.9792941212654114	161118651.95213604	164339526.18844756	161118651.95213604	1.0706200571641844e-05	0.8055825535601085	3.7043699226036066	13996800.0	0.00430185	4.8008634196942745
Saltmarsh_4_000000001	14083200.0	1	1	0.6604088153651262	1.3208176307302524	0.6705763202020678	1.3411526404041356	1.0	0.979060173034668	161118968.0096705	164300573.71943694	161118968.0096705	9.958223653128151e-06	0.8055848818246993	3.7043798808272603	14083200.0	0.004556869	4.800876325552129
Saltmarsh_4_000000001	14169600.0	1	1	0.6604093756852615	1.320818751370523	0.6705768695083482	1.3411537390166963	1.0	0.9788174033164978	161119261.96826515	164260119.28554282	161119261.96826515	9.262413678490233e-06	0.8055870474276473	3.704389143240938	14169600.0	0.004818535	4.800888329640256
Saltmarsh_4_000000001	14256000.0	1	1	0.6604098968144453	1.3208197936288906	0.6705773804597378	1.3411547609194756	1.0	0.9785657525062561	161119535.36983964	164218154.38645855	161119535.36983964	8.615135563161402e-06	0.8055890617136351	3.7043977583765018	14256000.0	0.005086772	4.800899494855947
Saltmarsh_4_000000001	14342400.0	1	1	0.6604103814877061	1.3208207629754123	0.6705778557305766	1.3411557114611532	1.0	0.9783048629760742	161119789.64886165	164174620.40442204	161119789.64886165	8.013007480434098e-06	0.8055909352368278	3.704405771383981	14342400.0	0.0053615	4.80090987971364
Saltmarsh_4_000000001	14428800.0	1	1	0.6604108322494617	1.3208216644989235	0.6705782978088296	1.3411565956176592	1.0	0.9780347347259521	161120026.13981333	164129518.6396709	161120026.13981333	7.452883117875508e-06	0.8055926778159488	3.7044132242670997	14428800.0	0.005642638	4.800919538650161
Saltmarsh_4_000000001	14515200.0	1	1	0.6604112514667704	1.3208225029335408	0.6705787090091051	1.3411574180182102	1.0	0.9777551293373108	161120246.0841772	164082810.2915626	161120246.0841772	6.931835388912511e-06	0.8055942985854971	3.704420156102488	14515200.0	0.005930101	4.8009285223088245
Saltmarsh_4_000000001	14601600.0	1	1	0.660411641341682	1.320823282683364	0.6705790914847362	1.3411581829694723	1.0	0.9774657487869263	161120450.6369013	164034446.4724887	161120450.6369013	6.447141085663688e-06	0.8055958060434208	3.7044266032435735	14601600.0	0.006223806	4.800936877803672
Saltmarsh_4_000000001	14688000.0	1	1	0.6604120039227611	1.3208240078455222	0.6705794472389858	1.3411588944779715	1.0	0.9771665930747986	161120640.8724245	163984428.2294663	161120640.8724245	5.996266666530303e-06	0.8055972080954561	3.7044325995102403	14688000.0	0.006523666	4.800944648965271
Saltmarsh_4_000000001	14774400.0	1	1	0.6604123411157586	1.3208246822315173	0.6705797781355286	1.3411595562710572	1.0	0.9768574237823486	161120817.79029885	163932716.5261074	161120817.79029885	5.576855121591784e-06	0.8055985120963727	3.704438176365361	14774400.0	0.00682959	4.800951876569508
Saltmarsh_4_000000001	14860800.0	1	1	0.6604126546935609	1.3208253093871218	0.6705800859081743	1.3411601718163486	1.0	0.9765380024909973	161120982.32039538	163879272.25809547	161120982.32039538	5.186713613380967e-06	0.8055997248883635	3.7044433630789744	14860800.0	0.007141489	4.800958598550351
Saltmarsh_4_000000001	14947200.0	1	1	0.6604129463054462	1.3208258926108924	0.6705803721699132	1.3411607443398263	1.0	0.9762080907821655	161121135.3277588	163824056.25791758	161121135.3277588	4.823802045139658e-06	0.8056008528367489	3.70444818688102	14947200.0	0.00745927	4.800964850197802
Saltmarsh_4_000000001	15033600.0	1	1	0.6604132174857088	1.3208264349714176	0.6705806384213197	1.3411612768426393	1.0	0.9758676290512085	161121277.61712307	163767059.30726326	161121277.61712307	4.486222424104902e-06	0.8056019018631912	3.704452673103445	15033600.0	0.00778284	4.800970664342065
Saltmarsh_4_000000001	15120000.0	1	1	0.6604134696616462	1.3208269393232923	0.6705808860584102	1.3411617721168203	1.0	0.9755162000656128	161121409.93711948	163708212.11716864	161121409.93711948	4.172208998953764e-06	0.8056028774765985	3.704456845312444	15120000.0	0.008112101	4.800976071524928
Saltmarsh_4_000000001	15206400.0	1	1	0.6604137041610355	1.320827408322071	0.670581116379901	1.341162232759802	1.0	0.9751537442207336	161121532.98417324	163647505.3637807	161121532.98417324	3.880118983223824e-06	0.805603784801883	3.704460725431428	15206400.0	0.008446957	4.800981100159131
Saltmarsh_4_000000001	15292800.0	1	1	0.6604139222190505	1.320827844438101	0.6705813305940059	1.3411626611880119	1.0	0.9747799038887024	161121647.4061514	163584879.6625401	161121647.4061514	3.6084240550016133e-06	0.8056046286067021	3.7044643338554826	15292800.0	0.008787308	4.800985776676705
Saltmarsh_4_000000001	15379200.0	1	1	0.6604141249847291	1.3208282499694581	0.6705815298247229	1.3411630596494457	1.0	0.9743946194648743	161121753.80573758	163520325.59826002	161121753.80573758	3.3557023366714844e-06	0.8056054133263513	3.7044676895578195	15379200.0	0.009133054	4.800990125666934
Saltmarsh_4_000000001	15465600.0	1	1	0.6604143135269569	1.3208286270539138	0.6705817151177205	1.341163430235441	1.0	0.9739974737167358	161121852.74358746	163453773.69864148	161121852.74358746	3.120631025699261e-06	0.8056061430869116	3.7044708101888455	15465600.0	0.009484091	4.800994170004744
Saltmarsh_4_000000001	15552000.0	1	1	0.660414488840069	1.320828977680138	0.6705818874457754	1.3411637748915508	1.0	0.9735884070396423	161121944.74124852	163385214.4694281	161121944.74124852	2.901979446523484e-06	0.8056068217267961	3.7044737121682916	15552000.0	0.009840317	4.800997930970106
Saltmarsh_4_000000001	15638400.0	1	1	0.660414651849034	1.320829303698068	0.6705820477138628	1.3411640954277255	1.0	0.9731671214103699	161122030.28389266	163314598.37010995	161122030.28389266	2.698602679540585e-06	0.8056074528167838	3.7044764107709716	15638400.0	0.010201626	4.8010014283591795
Saltmarsh_4_000000001	15724800.0	1	1	0.6604148034142874	1.3208296068285748	0.670582196763878	1.341164393527756	1.0	0.9727333188056946	161122109.8228461	163241875.82715845	161122109.8228461	2.509435560349438e-06	0.8056080396786702	3.7044789202065322	15724800.0	0.010567909	4.801004680587666
Saltmarsh_4_000000001	15811200.0	1	1	0.6604149443362329	1.3208298886724659	0.6705823353790261	1.3411646707580522	1.0	0.9722868204116821	161122183.7779473	163167017.24176663	161122183.7779473	2.333487126193745e-06	0.8056085854026104	3.7044812536936575	15811200.0	0.01093906	4.80100770478698
Saltmarsh_4_000000001	15897600.0	1	1	0.6604150753594241	1.3208301507188482	0.670582464287913	1.341164928575826	1.0	0.9718273878097534	161122252.5397434	163089982.98385757	161122252.5397434	2.1698354617516458e-06	0.8056090928632552	3.7044834235291186	15897600.0	0.011314968	4.801010516893738
Saltmarsh_4_000000001	15984000.0	1	1	0.6604151971764524	1.3208303943529047	0.6705825841683526	1.3411651683367052	1.0	0.9713546633720398	161122316.47153044	163010713.39132714	161122316.47153044	2.0176228829882348e-06	0.8056095647347692	3.7044854411520016	15984000.0	0.01169552	4.8010131317329945
Saltmarsh_4_000000001	16070400.0	1	1	0.6604153104315753	1.3208306208631506	0.6705826956508971	1.3411653913017942	1.0	0.9708685278892517	161122375.91125047	162929188.78824702	161122375.91125047	1.8760514558513464e-06	0.8056100035047965	3.7044873172034563	16070400.0	0.012080606	4.80101556309568
Saltmarsh_4_000000001	16156800.0	1	1	0.660415415724079	1.320830831448158	0.6705827993221374	1.3411655986442748	1.0	0.9703686237335205	161122431.1732618	162845349.46477893	161122431.1732618	1.7443788539184268e-06	0.805610411487455	3.7044890615823105	16156800.0	0.01247011	4.801017823810675
Saltmarsh_4_000000001	16243200.0	1	1	0.6604155136114215	1.320831027222843	0.6705828957277552	1.3411657914555104	1.0	0.9698549509048462	161122482.54997966	162759195.70608774	161122482.54997966	1.621914466953811e-06	0.8056107908354313	3.7044906834967772	16243200.0	0.012863917	4.801019925811824
Saltmarsh_4_000000001	16329600.0	1	1	0.660415604612132	1.320831209224264	0.6705829853753912	1.3411659707507824	1.0	0.9693268537521362	161122530.3134098	162670617.74733528	161122530.3134098	1.5080158251024045e-06	0.805611143551224	3.7044921915126015	16329600.0	0.013261912	4.801021880200332
Saltmarsh_4_000000001	16416000.0	1	1	0.6604156892085388	1.3208313784170775	0.6705830687372786	1.3411661374745572	1.0	0.9687842726707458	161122574.71656343	162579605.832521	161122574.71656343	1.402085201496206e-06	0.8056114714976157	3.7044935935978027	16416000.0	0.013663974	4.801023697302752
Saltmarsh_4_000000001	16502400.0	1	1	0.6604157678492907	1.3208315356985814	0.6705831462527128	1.3411662925054255	1.0	0.9682270884513855	161122615.99478778	162486140.18570003	161122615.99478778	1.3035665370475513e-06	0.8056117764074019	3.7044948971643397	16502400.0	0.014069986	4.801025386724985
Saltmarsh_4_000000001	16588800.0	1	1	0.660415840951697	1.320831681903394	0.6705832183303551	1.3411664366607101	1.0	0.9676547646522522	161122654.3669968	162390130.99568504	161122654.3669968	1.2119425316647892e-06	0.8056120598924523	3.7044961091068713	16588800.0	0.014479827	4.801026957402505
Saltmarsh_4_000000001	16675200.0	1	1	0.6604159089039214	1.3208318178078429	0.6705832853503568	1.3411665707007137	1.0	0.9670672416687012	161122690.0368126	162291568.45833352	161122690.0368126	1.1267319225405359e-06	0.8056123234521405	3.7044972358387933	16675200.0	0.014893376	4.801028417647076
Saltmarsh_4_000000001	16761600.0	1	1	0.6604159720670075	1.320831944134015	0.6705833476663534	1.3411666953327068	1.0	0.966464102268219	161122723.19363615	162190382.7391453	161122723.19363615	1.0474870013599258e-06	0.8056125684811793	3.704498283325796	16761600.0	0.015310509	4.801029775190232
Saltmarsh_4_000000001	16848000.0	1	1	0.6604160307767748	1.3208320615535496	0.6705834056073057	1.3411668112146113	1.0	0.9658452272415161	161122754.01363546	162086554.00446144	161122754.01363546	9.73791256297929e-07	0.805612796276921	3.7044992571170514	16848000.0	0.015731105	4.801031037223699
Saltmarsh_4_000000001	16934400.0	1	1	0.6604160853455749	1.3208321706911499	0.6705834594792232	1.3411669189584463	1.0	0.9652103185653687	161122782.66067067	161980032.4003651	161122782.66067067	9.052572166323714e-07	0.8056130080461367	3.704500162374268	16934400.0	0.016155038	4.801032210437052
Saltmarsh_4_000000001	17020800.0	1	1	0.6604161360639282	1.3208322721278565	0.6705835095667632	1.3411670191335263	1.0	0.9645590782165527	161122809.28715122	161870768.0617648	161122809.28715122	8.415244188153537e-07	0.8056132049113373	3.704501003898687	17020800.0	0.016582181	4.801033301052699
Saltmarsh_4_000000001	17107200.0	1	1	0.6604161832020454	1.3208323664040909	0.670583556134719	1.341167112269438	1.0	0.9638911485671997	161122834.03483394	161758701.1104153	161122834.03483394	7.822575268656706e-07	0.8056133879166428	3.7045017861562144	17107200.0	0.017012409	4.801034314858454
Saltmarsh_4_000000001	17193600.0	1	1	0.6604162270112486	1.3208324540224972	0.6705835994294002	1.3411671988588003	1.0	0.9632065296173096	161122857.03556603	161643831.67495185	161122857.03556603	7.271445815471012e-07	0.8056135580332486	3.7045025133007954	17193600.0	0.017445595	4.801035257237831
Saltmarsh_4_000000001	17280000.0	1	1	0.6604162677252846	1.3208325354505692	0.6705836396799252	1.3411672793598504	1.0	0.9625048637390137	161122878.411978	161526099.85847247	161122878.411978	6.758953819963054e-07	0.805613716164508	3.7045031891961777	17280000.0	0.017881609	4.801036133198246
Saltmarsh_4_000000001	17366400.0	1	1	0.6604163055615525	1.320832611123105	0.6705836770994185	1.341167354198837	1.0	0.9617859125137329	161122898.2781249	161405465.76122424	161122898.2781249	6.282399586110543e-07	0.8056138631506659	3.7045038174361364	17366400.0	0.018320323	4.8010369473972325
Saltmarsh_4_000000001	17452800.0	1	1	0.6604163407222422	1.3208326814444844	0.6705837118861263	1.3411674237722526	1.0	0.9610492587089539	161122916.74008477	161281859.4673829	161122916.74008477	5.83927168062992e-07	0.8056139997732558	3.7045044013633044	17452800.0	0.018761606	4.801037704166842
Saltmarsh_4_000000001	17539200.0	1	1	0.6604163733953994	1.3208327467907988	0.6705837442244503	1.3411674884489007	1.0	0.9602949023246765	161122933.89651465	161155281.07322115	161122933.89651465	5.42723377017218e-07	0.8056141267591963	3.7045049440866813	17539200.0	0.019205329	4.801038407536339
Saltmarsh_4_000000001	17625600.0	1	1	0.6603868210484827	1.3207736420969654	0.67055508128496	1.34111016256992	1.0	0.9595224857330322	161122949.83917007	161025670.65170142	161025670.65170142	-0.00048589152609057606	0.8056142447845976	3.70401905256059	17625600.0	0.01965136	4.800408692118525
Saltmarsh_4_000000001	17712000.0	1	1	0.6603192173113426	1.3206384346226852	0.6704895125821261	1.3409790251642522	1.0	0.9587318301200867	161108530.28518444	160879444.01583585	160879444.01583585	-0.0011113584583093417	0.8055085785374886	3.7029076941022803	17712000.0	0.020099565	4.798968371556556
Saltmarsh_4_000000001	17798400.0	1	1	0.6602155832637268	1.3204311665274535	0.6703889993357214	1.3407779986714428	1.0	0.9579227566719055	161075546.64316615	160712732.55522522	160712732.55522522	-0.0017032299710639798	0.8052668927471901	3.701204464131216	17798400.0	0.020549812	4.796760985514056
Saltmarsh_4_000000001	17884800.0	1	1	0.6600777611965994	1.3201555223931989	0.6702553297885987	1.3405106595771974	1.0	0.9570948481559753	161024990.48640022	160526442.021174	160526442.021174	-0.0022642832633885668	0.8048964933692586	3.6989401808678286	17884800.0	0.021001969	4.793826474404706
Saltmarsh_4_000000001	17971200.0	1	1	0.6599074559764814	1.3198149119529627	0.6700901592515079	1.3401803185030159	1.0	0.9562482237815857	160957768.56312963	160321487.6313956	160321487.6313956	-0.002796644248131641	0.8044040824051097	3.6961435366196973	17971200.0	0.0214559	4.790202023459128
Saltmarsh_4_000000001	18057600.0	1	1	0.6597062153581796	1.3194124307163593	0.66989499094904	1.33978998189808	1.0	0.9553824067115784	160874722.55380258	160098622.7814688	160098622.7814688	-0.003302785629097693	0.8037958995364417	3.692840750990599	18057600.0	0.021911472	4.785921613283817
Saltmarsh_4_000000001	18144000.0	1	1	0.6594754666018706	1.3189509332037412	0.6696712114845546	1.339342422969109	1.0	0.9544973969459534	160776619.12432528	159858609.7950223	159858609.7950223	-0.00378459773391282	0.8030776467090244	3.6890561532566863	18144000.0	0.02236855	4.7810167746206655
Saltmarsh_4_000000001	18230400.0	1	1	0.6592165106637463	1.3184330213274926	0.6694200851671641	1.3388401703343282	1.0	0.9535928964614868	160664167.5030116	159602106.61690152	159602106.61690152	-0.004244081696839985	0.8022546147813476	3.6848120715598465	18230400.0	0.022826998	4.7755164447415615
Saltmarsh_4_000000001	18316800.0	1	1	0.6589305472752106	1.3178610945504212	0.6691427783024668	1.3382855566049336	1.0	0.9526689052581787	160538016.4213456	159329763.9312938	159329763.9312938	-0.004682839771165126	0.8013316594276341	3.680129231788681	18316800.0	0.02328668	4.769447484398131
Saltmarsh_4_000000001	18403200.0	1	1	0.6586186676178376	1.3172373352356752	0.6688403520647652	1.3376807041295304	1.0	0.9517251253128052	160398766.15335968	159042136.74844489	159042136.74844489	-0.005102604139781919	0.8003132878820064	3.675026627648899	18403200.0	0.02374746	4.762834509432973
Saltmarsh_4_000000001	18489600.0	1	1	0.6582818719233346	1.3165637438466693	0.668513779546252	1.337027559092504	1.0	0.9507614374160767	160246964.8028296	158739760.87831268	158739760.87831268	-0.005504826291289677	0.799203630682853	3.669521801357609	18489600.0	0.024209202	4.7557002545594615
Saltmarsh_4_000000001	18576000.0	1	1	0.6579210765659463	1.3158421531318927	0.6681639526202428	1.3363279052404855	1.0	0.9497777223587036	160083116.76420304	158423130.99558088	158423130.99558088	-0.005890847737173299	0.7980065027150777	3.6636309536204363	18576000.0	0.024671768	4.748065715892086
Saltmarsh_4_000000001	18662400.0	1	1	0.6575371266933605	1.315074253386721	0.6677916941776209	1.3355833883552417	1.0	0.948773980140686	159907686.08683977	158092723.74579382	158092723.74579382	-0.0062618083977228345	0.7967254271266919	3.657369145222713	18662400.0	0.025135021	4.739950412208636
Saltmarsh_4_000000001	18748800.0	1	1	0.657130795686825	1.31426159137365	0.6673977575954818	1.3347955151909636	1.0	0.9477500915527344	159721102.54976812	157748963.703167	157748963.703167	-0.006618860652774172	0.7953636791686092	3.6507502845699387	18748800.0	0.025598825	4.73137236880264
Saltmarsh_4_000000001	18835200.0	1	1	0.6567027907534302	1.3134055815068604	0.6669828321546903	1.3339656643093807	1.0	0.9467059373855591	159523761.347053	157392243.09391743	157392243.09391743	-0.0069630680154959546	0.7939242834850831	3.6437872165544425	18835200.0	0.026063042	4.722348232654557
Saltmarsh_4_000000001	18921600.0	1	1	0.6562537580816991	1.3125075161633981	0.6665475480360307	1.3330950960720613	1.0	0.9456413984298706	159316025.77266076	157022924.38825908	157022924.38825908	-0.0072954114981393925	0.7924100334394348	3.636491805056303	18921600.0	0.026527535	4.712893379352969
Saltmarsh_4_000000001	19008000.0	1	1	0.6557842997884973	1.3115685995769946	0.6660924927470682	1.3321849854941363	1.0	0.9445565938949585	159098229.70430267	156641382.23777938	156641382.23777938	-0.007616597866531127	0.7908235090554281	3.628875207189772	19008000.0	0.026992164	4.703022268517945
Saltmarsh_4_000000001	19094400.0	1	1	0.6552413157576574	1.3104826315153149	0.6655662046423725	1.331132409284745	1.0	0.9424026608467102	158870685.8089687	156074246.1944838	156074246.1944838	-0.00879590568489208	0.7891671366573111	3.6200793015048798	19094400.0	0.02788984	4.691622774750324
Saltmarsh_4_000000001	19180800.0	1	1	0.6546265491683542	1.3092530983367083	0.6649703894292102	1.3299407788584203	1.0	0.9401711225509644	158607707.47189587	155462631.3976214	155462631.3976214	-0.00994114461499751	0.7872543016031045	3.6101381568898825	19180800.0	0.028787249	4.678739051329288
Saltmarsh_4_000000001	19267200.0	1	1	0.653941515215951	1.307883030431902	0.6643065335521083	1.3286130671042167	1.0	0.9378601908683777	158310226.2991241	154807395.24264538	154807395.24264538	-0.01105543659982755	0.7850924128130545	3.599082720290055	19267200.0	0.029684126	4.664411205495911
Saltmarsh_4_000000001	19353600.0	1	1	0.653187531106199	1.306375062212398	0.6635759332368962	1.3271518664737925	1.0	0.935468316078186	157979072.185307	154109351.48839098	154109351.48839098	-0.012141442840259087	0.782688200282214	3.586941277449796	19353600.0	0.030580206	4.648675895574936
Saltmarsh_4_000000001	19440000.0	1	1	0.6523657284452975	1.304731456890595	0.6627797064972774	1.3255594129945547	1.0	0.9329938888549805	157614987.51036388	153369234.8789288	153369234.8789288	-0.013201640882830157	0.7800478152774742	3.573739636566965	19440000.0	0.031475222	4.631566568990787
Saltmarsh_4_000000001	19526400.0	1	1	0.6514770829725799	1.3029541659451598	0.6619188219649269	1.3238376439298538	1.0	0.9304355978965759	157218632.93407533	152587766.10476273	152587766.10476273	-0.014238039752840326	0.777176870276654	3.559501596814125	19526400.0	0.03236891	4.613114069471106
Saltmarsh_4_000000001	19612800.0	1	1	0.6505224144867274	1.3010448289734549	0.6609940988569438	1.3219881977138876	1.0	0.9277918934822083	156790601.65202004	151765577.32676002	151765577.32676002	-0.015252654223451345	0.7740805408572515	3.5442489425906736	19612800.0	0.033261005	4.593346629597513
Saltmarsh_4_000000001	19699200.0	1	1	0.6495024203740836	1.2990048407481671	0.6600062395104042	1.3200124790208083	1.0	0.9250616431236267	156331419.3473488	150903320.37987667	150903320.37987667	-0.016246962547079358	0.7707635644464628	3.5280019800435936	19699200.0	0.034151241	4.572290566136497
Saltmarsh_4_000000001	19785600.0	1	1	0.6484176790280557	1.2968353580561114	0.6589558327586413	1.3179116655172827	1.0	0.922243595123291	155841560.38941723	150001594.04344466	150001594.04344466	-0.017222386780480936	0.7672303569977043	3.5107795932631127	19785600.0	0.035039357	4.5499703528689945
Saltmarsh_4_000000001	19872000.0	1	1	0.647268677460113	1.294537354920226	0.6578433807454687	1.3156867614909373	1.0	0.9193368554115295	155321449.56495684	149061023.83708897	149061023.83708897	-0.018179906025972414	0.7634850252114173	3.4925996872371394	19872000.0	0.035925088	4.526409194659332
Saltmarsh_4_000000001	19958400.0	1	1	0.6460558122993759	1.2921116245987518	0.6566692999736213	1.3133385999472427	1.0	0.9163404107093811	154771475.4526597	148082196.6798529	148082196.6798529	-0.019120479464571627	0.7595314628638361	3.4734792077725674	19958400.0	0.036808172	4.5016290532732475
Saltmarsh_4_000000001	20044800.0	1	1	0.6447794151951173	1.2895588303902346	0.6554339459852563	1.3108678919705126	1.0	0.9132536053657532	154191991.03424254	147065738.99926928	147065738.99926928	-0.020044660142904513	0.755373355139251	3.453434547629663	20044800.0	0.037688348	4.4756511737280436
Saltmarsh_4_000000001	20131200.0	1	1	0.6434397517609264	1.2868795035218528	0.654137612430407	1.308275224860814	1.0	0.9100756645202637	153583325.99172986	146012250.6141569	146012250.6141569	-0.02095301388078119	0.7510142669515657	3.4324815337488808	20131200.0	0.038565353	4.448496067738549
Saltmarsh_4_000000001	20217600.0	1	1	0.6420370481702818	1.2840740963405637	0.6527805568994377	1.3055611137988754	1.0	0.906806230545044	152945786.3404937	144922390.75859073	144922390.75859073	-0.02184568637357509	0.7464576401665287	3.4106358473753056	20217600.0	0.03943893	4.420184058198396
Saltmarsh_4_000000001	20304000.0	1	1	0.6405715034511797	1.2811430069023595	0.6513630129048014	1.3027260258096027	1.0	0.9034451246261597	152279667.23213246	143796850.39763567	143796850.39763567	-0.022722632977512536	0.7417068849656909	3.387913214397793	20304000.0	0.040308818	4.39073552585954
Saltmarsh_4_000000001	20390400.0	1	1	0.6390432854975859	1.2780865709951719	0.6498851861125161	1.2997703722250322	1.0	0.899992048740387	151585258.86291134	142636309.58966985	142636309.58966985	-0.02358387329088152	0.7367654212392308	3.3643293411069104	20390400.0	0.041174761	4.3601708260745555
Saltmarsh_4_000000001	20476800.0	1	1	0.6374525550025584	1.2749051100051167	0.6483472775797307	1.2966945551594613	1.0	0.8964471220970154	150862844.63865092	141441520.80176166	141441520.80176166	-0.024429060606502184	0.7316366646153105	3.3399002805004088	20476800.0	0.0420365	4.32851076352853
Saltmarsh_4_000000001	20563200.0	1	1	0.6357994875668406	1.2715989751336811	0.6467495052035117	1.2934990104070234	1.0	0.8928108811378479	150112712.5373678	140213317.22816563	140213317.22816563	-0.02525751997925929	0.7263241061200875	3.314642760521149	20563200.0	0.042893781	4.295777017635409
Saltmarsh_4_000000001	20649600.0	1	1	0.6340842541783925	1.268168508356785	0.6450920849210192	1.2901841698420384	1.0	0.8890835046768188	149335165.46124262	138952498.7123793	138952498.7123793	-0.02606888999732515	0.7208313835592217	3.288573870523823	20649600.0	0.043746351	4.261991736198874
Saltmarsh_4_000000001	20736000.0	1	1	0.6323070646645883	1.2646141293291766	0.6433752727692261	1.2867505455384523	1.0	0.8852660059928894	148530511.92292383	137660009.76992172	137660009.76992172	-0.02686216448456258	0.7151622133341712	3.261711706039261	20736000.0	0.044593956	4.227178371026882
Saltmarsh_4_000000001	20822400.0	1	1	0.6304681524713142	1.2609363049426283	0.6415993502216585	1.283198700443317	1.0	0.8813591599464417	147699086.29483783	136336787.22580764	136336787.22580764	-0.027636594529272696	0.7093205306583109	3.2340751115099877	20822400.0	0.045436345	4.191361344516944
Saltmarsh_4_000000001	20908800.0	1	1	0.6285677975382873	1.2571355950765746	0.6397646463254587	1.2795292926509174	1.0	0.8773642182350159	146841241.3767548	134983863.81547043	134983863.81547043	-0.028391114532591133	0.7033104336099433	3.205683996977397	20908800.0	0.04627327	4.154566460082707
Saltmarsh_4_000000001	20995200.0	1	1	0.62660632280137	1.25321264560274	0.6378715343472853	1.2757430686945705	1.0	0.8732824325561523	145957358.7576689	133602301.12250754	133602301.12250754	-0.029124746389340483	0.6971362520018782	3.176559250588056	20995200.0	0.04710448	4.116820788762121
Saltmarsh_4_000000001	21081600.0	1	1	0.6245841217866546	1.2491682435733091	0.6359204584160083	1.2718409168320166	1.0	0.8691156506538391	145047846.75332612	132193277.24200672	132193277.24200672	-0.029836142144250344	0.6908025283542839	3.1467231084438056	21081600.0	0.047929731	4.078153148543173
Saltmarsh_4_000000001	21168000.0	1	1	0.6225016501945863	1.2450033003891725	0.6339119253811097	1.2678238507622195	1.0	0.8648656606674194	144113152.6920314	130757994.07206964	130757994.07206964	-0.0305241279651961	0.6843140983255444	3.1161989804786097	21168000.0	0.048748777	4.038593878700278
Saltmarsh_4_000000001	21254400.0	1	1	0.620359442820132	1.240718885640264	0.6318465211033216	1.2636930422066432	1.0	0.86053466796875	143153758.3553925	129297743.74094214	129297743.74094214	-0.03118733414119612	0.6776760528459068	3.0850116463374135	21254400.0	0.049561377	3.998175093653288
Saltmarsh_4_000000001	21340800.0	1	1	0.6181581168477024	1.2363162336954048	0.6297249135708871	1.2594498271417742	1.0	0.8561250567436218	142170187.06558397	127813875.34118345	127813875.34118345	-0.03182440400910447	0.6708937807150217	3.053187242328309	21340800.0	0.050367288	3.9569306660574886
Saltmarsh_4_000000001	21427200.0	1	1	0.615898381089096	1.231796762178192	0.627547861720687	1.255095723441374	1.0	0.8516395092010498	141163004.3447935	126307810.4074709	126307810.4074709	-0.032433913727092034	0.6639729657644465	3.020753328601217	21427200.0	0.051166273	3.9148963138671773
Saltmarsh_4_000000001	21513600.0	1	1	0.613581029069349	1.227162058138698	0.6253162086721589	1.2506324173443177	1.0	0.8470807075500488	140132821.19615242	124780998.2736089	124780998.2736089	-0.03301461009886797	0.6569196014669124	2.987738718502349	21513600.0	0.051958095	3.872109379179044
Saltmarsh_4_000000001	21600000.0	1	1	0.6112069666968827	1.2224139333937654	0.6230309082458495	1.246061816491699	1.0	0.8424519896507263	139080289.91664028	123235006.42536001	123235006.42536001	-0.033564921699443584	0.6497399538262436	2.9541737968029054	21600000.0	0.05274252	3.8286092406565655
Saltmarsh_4_000000001	21686400.0	1	1	0.6087772037813216	1.2175544075626432	0.6206930166168277	1.2413860332336555	1.0	0.8377566933631897	138006115.5454663	121671429.1514506	121671429.1514506	-0.03408348482491863	0.6424406305821717	2.9200903119779866	21686400.0	0.053519313	3.7844370443234707
Saltmarsh_4_000000001	21772800.0	1	1	0.6062928648088401	1.2125857296176803	0.6183037024835528	1.2366074049671056	1.0	0.832998514175415	136911050.70454383	120091932.45732278	120091932.45732278	-0.03456887375086459	0.6350285360374784	2.885521438227122	21772800.0	0.054288246	3.73963578394235
Saltmarsh_4_000000001	21859200.0	1	1	0.6037551771989028	1.2075103543978056	0.6158642355417171	1.2317284710834342	1.0	0.8281810879707336	135795899.09515962	118498192.90470992	118498192.90470992	-0.035019920021976736	0.6275108845455264	2.850501518205145	21859200.0	0.055049091	3.6942499675938683
Saltmarsh_4_000000001	21945600.0	1	1	0.6011654946231625	1.202330989246325	0.6133760086446162	1.2267520172892323	1.0	0.8233086466789246	134661508.77257642	116891983.15070969	116891983.15070969	-0.035435228808702535	0.619895144562251	2.8150662893964418	21945600.0	0.055801621	3.6483259110577886
Saltmarsh_4_000000001	22032000.0	1	1	0.5985252937159857	1.1970505874319715	0.6108405343216073	1.2216810686432147	1.0	0.8183855414390564	133508781.06991628	115275106.24722333	115275106.24722333	-0.03581355663938035	0.612189087875497	2.779252732757061	22032000.0	0.056545616	3.601911541653151
Saltmarsh_4_000000001	22118400.0	1	1	0.5958361617161562	1.1916723234323123	0.6082594325709566	1.2165188651419132	1.0	0.813416063785553	132338667.43375413	113649364.87429616	113649364.87429616	-0.03615393231791797	0.6044007566893987	2.7430988004391432	22118400.0	0.057280852	3.55505604536913
Saltmarsh_4_000000001	22204800.0	1	1	0.5930998193081056	1.1861996386162112	0.6056344524152946	1.2112689048305891	1.0	0.8084051012992859	131152162.24873468	112016644.39045995	112016644.39045995	-0.03645518246064017	0.5965384044129399	2.7066436179785027	22204800.0	0.058007113	3.5078101289001395
Saltmarsh_4_000000001	22291200.0	1	1	0.5903181012395381	1.1806362024790762	0.6029674528779227	1.2059349057558455	1.0	0.8033573627471924	129950311.185506	110378807.14106743	110378807.14106743	-0.0367165039241063	0.5886105396294434	2.669927114054396	22291200.0	0.058724184	3.460225539814497
Saltmarsh_4_000000001	22377600.0	1	1	0.587492972731451	1.174985945462902	0.6002604182705629	1.2005208365411257	1.0	0.7982780337333679	128734200.81109732	108737772.26139946	108737772.26139946	-0.03693698427387537	0.5806258455808727	2.632990129780521	22377600.0	0.059431852	3.4123552081955553
Saltmarsh_4_000000001	22464000.0	1	1	0.584626516560998	1.169253033121996	0.5975154453102846	1.195030890620569	1.0	0.7931722402572632	127504963.93213551	107095442.37479597	107095442.37479597	-0.03711599206123428	0.5725932039352142	2.595874137719287	22464000.0	0.060129907	3.364252882484196
Saltmarsh_4_000000001	22550400.0	1	1	0.5817209398856306	1.1634418797712611	0.5947347491268553	1.1894694982537106	1.0	0.7880454063415527	126263772.03091772	105453743.76934946	105453743.76934946	-0.03725291483410087	0.5645216336808482	2.558621222885185	22550400.0	0.060818144	3.3159731048592
Saltmarsh_4_000000001	22636800.0	1	1	0.5787785617899093	1.1575571235798185	0.591920650772179	1.183841301544358	1.0	0.7829028964042664	125011836.32044934	103814576.01649466	103814576.01649466	-0.037347406912900505	0.5564202869953738	2.521273815972285	22636800.0	0.061496357	3.2675708655000815
Saltmarsh_4_000000001	22723200.0	1	1	0.5758018205737954	1.1516036411475907	0.5890755835950899	1.1781511671901799	1.0	0.7777503728866577	123750400.44709972	102179851.91768101	102179851.91768101	-0.03739913164250863	0.5482983912309137	2.483874684329776	22723200.0	0.062164345	3.21910159089139
Saltmarsh_4_000000001	22809600.0	1	1	0.5727932648212983	1.1455865296425967	0.5862020840584619	1.1724041681169237	1.0	0.7725934982299805	122480741.74035262	100551456.23833498	100551456.23833498	-0.03740796575990035	0.5401652469515753	2.4464667185698756	22809600.0	0.062821911	3.170620867266559
Saltmarsh_4_000000001	22896000.0	1	1	0.5697555545643174	1.1395111091286347	0.583302792179172	1.166605584358344	1.0	0.7674381136894226	121204165.49723229	98931263.00299822	98931263.00299822	-0.03737386651233754	0.5320301815273286	2.409092852057538	22896000.0	0.06346886	3.1221843362665695
Saltmarsh_4_000000001	22982400.0	1	1	0.5666914403627297	1.1333828807254593	0.5803804308650496	1.1607608617300993	1.0	0.762289822101593	119922003.63744675	97321078.91017604	97321078.91017604	-0.037297137074650266	0.5239025316255305	2.3717957149828877	22982400.0	0.064105	3.0738472466178224
Saltmarsh_4_000000001	23068800.0	1	1	0.5636037911519526	1.1272075823039052	0.5774378317569554	1.1548756635139108	1.0	0.7571548819541931	118635604.10762362	95722749.04580109	95722749.04580109	-0.03717782275346526	0.5157915679824707	2.3346178922294225	23068800.0	0.064730143	3.0256647883293315
Saltmarsh_4_000000001	23155200.0	1	1	0.5604955443953586	1.1209910887907173	0.5744778869486776	1.1489557738973553	1.0	0.7520387768745422	117346340.89791541	94137980.41608056	94137980.41608056	-0.03701664940125904	0.5077065514816619	2.297601242828163	23155200.0	0.065344103	2.977691210705299
Saltmarsh_4_000000001	23241600.0	1	1	0.5573697356659095	1.114739471331819	0.5715035764378493	1.1430071528756987	1.0	0.7469476461410522	116055591.53125493	92568507.09442414	92568507.09442414	-0.03681404968422858	0.4996565851563493	2.260787193143935	23241600.0	0.065946699	2.9299802023145403
Saltmarsh_4_000000001	23328000.0	1	1	0.5542294754739413	1.1084589509478826	0.5685179452708694	1.1370358905417388	1.0	0.7418873310089111	114764747.98549315	91015977.01189691	91015977.01189691	-0.03657079288889531	0.49165067794837986	2.2242164002550395	23328000.0	0.066537751	2.882584454730531
Saltmarsh_4_000000001	23414400.0	1	1	0.5510779499529274	1.1021558999058547	0.5655241034150686	1.1310482068301373	1.0	0.7368637919425964	113475205.65128346	89481996.54914975	89481996.54914975	-0.0362876887580344	0.4836976715037832	2.1879287114970047	23414400.0	0.067117086	2.8355556101001183
Saltmarsh_4_000000001	23500800.0	1	1	0.547918405650031	1.095836811300062	0.5625252105162091	1.1250504210324181	1.0	0.7318828105926514	112188362.37896335	87968093.67987299	87968093.67987299	-0.03596576297543491	0.4758062313747999	2.15196294852157	23500800.0	0.06768453	2.7889439812839543
Saltmarsh_4_000000001	23587200.0	1	1	0.5447541449462079	1.0895082898924158	0.55952447077937	1.11904894155874	1.0	0.7269501686096191	110905611.14229499	86475735.77500227	86475735.77500227	-0.035606121184436235	0.4679848000594476	2.1163568273371336	23587200.0	0.068239917	2.742798448228925
Saltmarsh_4_000000001	23673600.0	1	1	0.5415885281396262	1.0831770562792524	0.556525134161512	1.113050268323024	1.0	0.7220717668533325	109628337.26119538	85006342.61629708	85006342.61629708	-0.03520986653132829	0.4602415796128137	2.081146960805806	23673600.0	0.06878308	2.6971664612043247
Saltmarsh_4_000000001	23760000.0	1	1	0.5384249403937952	1.0768498807875904	0.5535304642910758	1.1070609285821515	1.0	0.7172529697418213	108357918.42903665	83561210.43853645	83561210.43853645	-0.034778479997403466	0.4525845321900857	2.046368480808403	23760000.0	0.069313861	2.6520935511276904
Saltmarsh_4_000000001	23846400.0	1	1	0.5352668184014083	1.0705336368028167	0.5505437629971406	1.1010875259942812	1.0	0.7124996781349182	107095710.81256044	82141630.64427952	82141630.64427952	-0.03431314465782881	0.44502129787922645	2.0120553361505737	23846400.0	0.0698321	2.6076237156511435
Saltmarsh_4_000000001	23932800.0	1	1	0.5321176081047081	1.0642352162094162	0.5475683295824929	1.0951366591649858	1.0	0.7078170776367188	105843059.31477463	80748752.50453219	80748752.50453219	-0.03381549696360098	0.43755925948626195	1.9782398391869727	23932800.0	0.070337645	2.5637988315863165
Saltmarsh_4_000000001	24019200.0	1	1	0.5289807861629712	1.0579615723259423	0.5446074804677844	1.0892149609355688	1.0	0.7032107710838318	104601280.4462603	79383705.36928058	79383705.36928058	-0.033286917093781065	0.43020544394018395	1.944952922093192	24019200.0	0.070830347	2.520658987032777
Saltmarsh_4_000000001	24105600.0	1	1	0.5258598254547499	1.0517196509094997	0.5416645159772501	1.0833290319545001	1.0	0.6986857652664185	103371670.79061183	78047490.83457613	78047490.83457613	-0.032729123851219344	0.4229665780241	1.9122237982419725	24105600.0	0.071310057	2.4782420425215963
Saltmarsh_4_000000001	24192000.0	1	1	0.5227582079075672	1.0455164158151344	0.5387427318927996	1.0774854637855993	1.0	0.694247305393219	102155493.51771432	76741071.5765325	76741071.5765325	-0.0321436568524614	0.4158490147351239	1.8800801413895112	24192000.0	0.071776635	2.4365838632408066
Saltmarsh_4_000000001	24278400.0	1	1	0.519679397870884	1.039358795741768	0.5358453938444879	1.0716907876889759	1.0	0.6899001598358154	100953983.74522437	75465297.72881918	75465297.72881918	-0.031532283607711487	0.4088587722518074	1.8485478577817998	24278400.0	0.072229943	2.3957180236852125
Saltmarsh_4_000000001	24364800.0	1	1	0.5166268527188168	1.0332537054376336	0.5329757468642279	1.0659514937284558	1.0	0.6856492757797241	99768338.66344416	74220976.51893091	74220976.51893091	-0.030896601779724087	0.40200148437437866	1.8176512560020752	24364800.0	0.072669846	2.3556760277786895
Saltmarsh_4_000000001	24451200.0	1	1	0.5136040068944305	1.027208013788861	0.5301369999852301	1.0602739999704602	1.0	0.6814993023872375	98599722.32307108	73008825.97775486	73008825.97775486	-0.030238307572489798	0.3952824374612641	1.7874129484295853	24451200.0	0.073096214	2.3164871811647427
Saltmarsh_4_000000001	24537600.0	1	1	0.510614257100935	1.02122851420187	0.527332312053241	1.054664624106482	1.0	0.6774545907974243	97449260.28646056	71829475.76987098	71829475.76987098	-0.02955917015008891	0.38870654899944385	1.7578537782794967	24537600.0	0.07350892	2.2781784966502276
Saltmarsh_4_000000001	24624000.0	1	1	0.5076609678686664	1.0153219357373329	0.5245647967602642	1.0491295935205285	1.0	0.6735195517539978	96318035.00915241	70683506.14073749	70683506.14073749	-0.028860821034220774	0.38227835173790825	1.7289929572452762	24624000.0	0.073907842	2.240774872589878
Saltmarsh_4_000000001	24710400.0	1	1	0.5047474637281841	1.0094949274563683	0.5218375151698919	1.0436750303397837	1.0	0.6696984171867371	95207089.13687547	69571427.79811385	69571427.79811385	-0.0281448846300123	0.37600202362058155	1.7008480726152642	24710400.0	0.074292862	2.2042991021093825
Saltmarsh_4_000000001	24796800.0	1	1	0.5018770057692903	1.0037540115385806	0.5191534537598497	1.0383069075196993	1.0	0.6659949421882629	94117423.806151	68493653.93843901	68493653.93843901	-0.027413119641759298	0.36988138933395437	1.6734349529735049	24796800.0	0.074663866	2.1687716990536625
Saltmarsh_4_000000001	24883200.0	1	1	0.4990528087158568	0.9981056174317136	0.5165155404988125	1.033031080997625	1.0	0.6624131202697754	93049991.3245125	67450573.72620498	67450573.72620498	-0.026667022470179713	0.3639198911012046	1.6467679305033247	24883200.0	0.075020743	2.134211237932309
Saltmarsh_4_000000001	24969600.0	1	1	0.4962780210091215	0.992556042018243	0.5139266263967975	1.027853252793595	1.0	0.6589565277099609	92005703.14629409	66442492.893350184	66442492.893350184	-0.02590818125829053	0.35812064572504143	1.6208597492450347	24969600.0	0.075363388	2.100634235021565
Saltmarsh_4_000000001	25056000.0	1	1	0.493555719320701	0.987111438641402	0.5113894806961502	1.0227789613923004	1.0	0.6556285619735718	90985424.12146592	65469658.76492053	65469658.76492053	-0.025138130812015935	0.3524864246366186	1.5957216184330185	25056000.0	0.0756917	2.068055217489192
Saltmarsh_4_000000001	25142400.0	1	1	0.49088890666781426	0.9817778133356285	0.5089067895287765	1.017813579057553	1.0	0.6524325013160706	89989972.29825938	64532269.65703373	64532269.65703373	-0.02435831720951781	0.34701966549468644	1.5713633012235007	25142400.0	0.076005582	2.036486838385657
Saltmarsh_4_000000001	25228800.0	1	1	0.48828051060988253	0.9765610212197651	0.506481154743786	1.012962309487572	1.0	0.6493715047836304	89020120.1325783	63630478.883454785	63630478.883454785	-0.023570097063839335	0.3417224914811133	1.5477932041596612	25228800.0	0.07630494	2.005939992590921
Saltmarsh_4_000000001	25315200.0	1	1	0.4857333717643992	0.9714667435287984	0.5041150838433963	1.0082301676867926	1.0	0.6464484333992004	88076595.77515912	62764381.34398095	62764381.34398095	-0.02277482403685177	0.33659673075675656	1.5250183801228094	25315200.0	0.076589685	1.976423820639161
Saltmarsh_4_000000001	25401600.0	1	1	0.4832502461961085	0.966500492392217	0.5018109929401864	1.0036219858803728	1.0	0.6436660885810852	87160080.92461096	61934038.984001875	61934038.984001875	-0.021973722183241895	0.33164391710325125	1.5030446579395673	25401600.0	0.076859734	1.9479458766896791
Saltmarsh_4_000000001	25488000.0	1	1	0.48083380104768453	0.9616676020953691	0.49957120352334733	0.9991424070466947	1.0	0.6410270929336548	86271213.77315673	61139473.90901988	61139473.90901988	-0.021167948563428796	0.3268653181085282	1.4818767093761385	25488000.0	0.077115005	1.9205122153514755
Saltmarsh_4_000000001	25574400.0	1	1	0.4784866006779175	0.956973201355835	0.49739793054990505	0.9947958610998101	1.0	0.6385337114334106	85410589.52457894	60380654.846137986	60380654.846137986	-0.020358675505287693	0.3222619497359776	1.4615180338708509	25574400.0	0.077355424	1.8941273718966227
Saltmarsh_4_000000001	25660800.0	1	1	0.47621112328874154	0.9524222465774831	0.4952932988823398	0.9905865977646796	1.0	0.6361883878707886	84578757.5962528	59657549.38683097	59657549.38683097	-0.019546826070098444	0.31783457300425333	1.4419712078007527	25660800.0	0.07758092	1.8687946853097757
Saltmarsh_4_000000001	25747200.0	1	1	0.47400974020832864	0.9480194804166573	0.493259325218543	0.986518650437086	1.0	0.6339930891990662	83776229.6735026	58970069.24436439	58970069.24436439	-0.018733401973158426	0.31358374819498036	1.4232378058275943	25747200.0	0.077791425	1.8445161963525623
Saltmarsh_4_000000001	25833600.0	1	1	0.47188472630274353	0.9437694526054871	0.491297928929118	0.982595857858236	1.0	0.6319498419761658	83003474.49100126	58318120.353415176	58318120.353415176	-0.01791921598088403	0.30950981774795994	1.4053185898467102	25833600.0	0.077986876	1.8212928924413365
Saltmarsh_4_000000001	25920000.0	1	1	0.4698382433162711	0.9396764866325422	0.4894109179501821	0.9788218359003642	1.0	0.6300602555274963	82260923.63761853	57701564.27982869	57701564.27982869	-0.017105125952512845	0.3056129473516563	1.3882134638941974	25920000.0	0.078167218	1.79912464920688
Saltmarsh_4_000000001	26006400.0	1	1	0.46787235411647876	0.9357447082329575	0.48760000327875147	0.9752000065575029	1.0	0.6283260583877563	81548967.82136853	57120267.88820497	57120267.88820497	-0.01629177669588966	0.3018931161369145	1.3719216871983078	26006400.0	0.078332394	1.7780105066090068
Saltmarsh_4_000000001	26092800.0	1	1	0.4659890160961463	0.9319780321922926	0.4858667942660134	0.9717335885320268	1.0	0.6267487406730652	80867963.9178519	56574076.40399487	56574076.40399487	-0.015479780989016978	0.29835016300899136	1.3564419062092905	26092800.0	0.078482358	1.7579487104472404
Saltmarsh_4_000000001	26179200.0	1	1	0.464190078437991	0.928380156875982	0.4842127975350393	0.9684255950700786	1.0	0.6253296136856079	80218234.65799549	56062820.75653958	56062820.75653958	-0.014669689830349053	0.294983793613047	1.3417722163789416	26179200.0	0.078617064	1.7389367924271082
Saltmarsh_4_000000001	26265600.0	1	1	0.4624772796568157	0.9249545593136314	0.48263941619558376	0.9652788323911675	1.0	0.6240698099136353	79600069.6348971	55586320.01012271	55586320.01012271	-0.013861993718655208	0.2917935937692688	1.3279102226602864	26265600.0	0.078736473	1.7209716485677313
Saltmarsh_4_000000001	26352000.0	1	1	0.4608522520030181	0.9217045040060362	0.4811479553824337	0.9622959107648674	1.0	0.6229704022407532	79013726.35660106	55144394.21459847	55144394.21459847	-0.013057071556672961	0.2887790426296653	1.3148531511036134	26352000.0	0.078840549	1.7040496838302832
Saltmarsh_4_000000001	26438400.0	1	1	0.45931651899029563	0.9186330379805913	0.47973962147608823	0.9594792429521765	1.0	0.6220322847366333	78459433.57550882	54736857.07535031	54736857.07535031	-0.012255251569969983	0.28593953694672153	1.3025978995336436	26438400.0	0.07892926	1.688166877795602
Saltmarsh_4_000000001	26524800.0	1	1	0.45787149982361186	0.9157429996472237	0.47841552764976486	0.9568310552995297	1.0	0.6212562918663025	77937392.16977179	54363528.28824558	54363528.28824558	-0.011456760652874154	0.28327440209410204	1.2911411388807696	26524800.0	0.079002581	1.6733189159894775
Saltmarsh_4_000000001	26611200.0	1	1	0.45651849705700265	0.9130369941140053	0.4771766840311688	0.9543533680623376	1.0	0.620642900466919	77447778.28996354	54024210.39725749	54024210.39725749	-0.010661862116746912	0.28078291410303435	1.2804792767640227	26611200.0	0.079060491	1.6595011426861734
Saltmarsh_4_000000001	26697600.0	1	1	0.4552587118436616	0.9105174236873232	0.476024013121039	0.952048026242078	1.0	0.6201927065849304	76990740.73110388	53718730.066408	53718730.066408	-0.009870641410699876	0.2784642917427399	1.2706086353533228	26697600.0	0.079102972	1.6467087914179064
Saltmarsh_4_000000001	26784000.0	1	1	0.45409323489947295	0.9081864697989459	0.47495834291092276	0.9499166858218455	1.0	0.6199060082435608	76566407.56367111	53446906.30094865	53446906.30094865	-0.009083203695181452	0.2763177351999247	1.261525431658141	26784000.0	0.079130011	1.6349369594289507
Saltmarsh_4_000000001	26870400.0	1	1	0.4530230582227246	0.9060461164454492	0.4739804189417434	0.9479608378834868	1.0	0.6197831630706787	76174884.43015863	53208581.237436675	53208581.237436675	-0.008299515604994534	0.27434242179217794	1.2532259160531467	26870400.0	0.079141601	1.6241807872048781
Saltmarsh_4_000000001	26956800.0	1	1	0.45204905950709573	0.9040981190141915	0.473090891327734	0.946181782655468	1.0	0.6198241114616394	75816259.73693529	53003582.6755706	53003582.6755706	-0.0075196227151255735	0.2725375360929786	1.2457062933380216	26956800.0	0.079137737	1.614435356166076
Saltmarsh_4_000000001	27043200.0	1	1	0.45117201784674316	0.9023440356934863	0.4722903303077007	0.9445806606154014	1.0	0.6200289130210876	75490600.56781074	52831768.40134055	52831768.40134055	-0.006743410757964807	0.27090225276466756	1.2389628825800565	27043200.0	0.079118422	1.6056958958237533
Saltmarsh_4_000000001	27129600.0	1	1	0.4503926084092477	0.9007852168184954	0.4715792224801235	0.943158444960247	1.0	0.6203973889350891	75197958.99162108	52692999.49245232	52692999.49245232	-0.005970773856964207	0.2694357713192258	1.2329921087230926	27129600.0	0.079083661	1.5979577729051282
Saltmarsh_4_000000001	27216000.0	1	1	0.44971140106665175	0.8994228021333035	0.4709579705663747	0.9419159411327493	1.0	0.6209291815757751	74938371.19991204	52587145.32317929	52587145.32317929	-0.005201587677583996	0.2681373142934805	1.2277905210455087	27216000.0	0.079033464	1.5912165152749793
Saltmarsh_4_000000001	27302400.0	1	1	0.44912887258630413	0.8982577451726083	0.47042690543069676	0.9408538108613935	1.0	0.6216239929199219	74711857.873887	52514104.162450686	52514104.162450686	-0.004435610450888083	0.26700613126314154	1.2233549105946206	27302400.0	0.078967846	1.5854679641306282
Saltmarsh_4_000000001	27388800.0	1	1	0.4486453914637523	0.8972907829275046	0.4699862730365237	0.9399725460730474	1.0	0.622481107711792	74518428.94499288	52473765.65529019	52473765.65529019	-0.003672696104668527	0.26604152438111944	1.2196822144899526	27388800.0	0.078886826	1.5807081499789786
Saltmarsh_4_000000001	27475200.0	1	1	0.44826124071288215	0.8965224814257643	0.46963625588877417	0.9392725117775483	1.0	0.6235000491142273	74358079.14825307	52466063.66614265	52466063.66614265	-0.002912509235759364	0.2652428275664726	1.2167697052541933	27475200.0	0.078790429	1.5769335380094345
Saltmarsh_4_000000001	27561600.0	1	1	0.4479765891881438	0.8959531783762876	0.4693769474424391	0.9387538948848781	1.0	0.624679684638977	74230796.07224953	52490905.48860196	52490905.48860196	-0.002154920234973323	0.2646094476779831	1.21461478501922	27561600.0	0.078678683	1.574140761384909
Saltmarsh_4_000000001	27648000.0	1	1	0.447791525237196	0.895583050474392	0.4692083831796924	0.9384167663593848	1.0	0.626019299030304	74136551.0272313	52548256.69552003	52548256.69552003	-0.0013995362827875502	0.2641408197603877	1.2132152487364325	27648000.0	0.078551621	1.5723269623624165
Saltmarsh_4_000000001	27734400.0	1	1	0.44770603792065916	0.8954120758413183	0.4691305237795344	0.9382610475590688	1.0	0.6275177001953125	74075310.46496384	52638072.294781625	52638072.294781625	-0.0006461028105053668	0.2638364642844135	1.2125691459259271	27734400.0	0.078409281	1.5714896131200016
Saltmarsh_4_000000001	27820800.0	1	1	0.44771842873250506	0.8954368574650101	0.46914470716160195	0.9382894143232039	1.0	0.6291735768318176	74047029.91612954	52760322.95112732	52760322.95112732	0.00010565767410036786	0.26369595708153626	1.2126748036000277	27820800.0	0.078251705	1.5716265454656357
Saltmarsh_4_000000001	27907200.0	1	1	0.44781921013112463	0.8956384202622493	0.46925990659213324	0.9385198131842665	1.0	0.6309857368469238	74051128.6569739	52915572.69759902	52915572.69759902	0.0008589291588613768	0.26371893432913374	1.213533732758889	27907200.0	0.07807894	1.5727397176555202
Saltmarsh_4_000000001	27993600.0	1	1	0.44801057412617523	0.8960211482523505	0.4694783078600015	0.938956615720003	1.0	0.6329522728919983	74084470.22075254	53107273.66722429	53107273.66722429	0.001630643713525115	0.2639057246225963	1.2151643764724143	27993600.0	0.077891036	1.574853031908249
Saltmarsh_4_000000001	28080000.0	1	1	0.44829451830264605	0.8965890366052921	0.46980181887713435	0.9396036377542687	1.0	0.6350718140602112	74147799.92604876	53336055.44031903	53336055.44031903	0.002419938447390968	0.2642603387542042	1.2175843149198053	28080000.0	0.07768805	1.5779892721360678
Saltmarsh_4_000000001	28166400.0	1	1	0.44867282738744013	0.8973456547748803	0.4702320499461402	0.9404640998922804	1.0	0.6373424530029297	74241817.83119796	53602491.58810801	53602491.58810801	0.0032258580761079236	0.26478659986443215	1.2208101729959133	28166400.0	0.077470042	1.5821699842027037
Saltmarsh_4_000000001	28252800.0	1	1	0.44914707017293454	0.8982941403458691	0.4707703123891168	0.9415406247782336	1.0	0.6397620439529419	74367173.83640671	53907120.30124675	53907120.30124675	0.004047478157020057	0.2654881233492137	1.2248576511529332	28252800.0	0.077237076	1.5874155158942014
Saltmarsh_4_000000001	28339200.0	1	1	0.4497186139826363	0.8994372279652726	0.47141763763841843	0.9428352752768369	1.0	0.6423285603523254	74524467.67071755	54250473.9366798	54250473.9366798	0.004884046116351959	0.26636832356704704	1.2297416972692852	28339200.0	0.076989221	1.5937452396609937
Saltmarsh_4_000000001	28425600.0	1	1	0.4503886113979289	0.9007772227958578	0.4721747656580115	0.944349531316023	1.0	0.6450395584106445	74714254.49836326	54633037.645746976	54633037.645746976	0.005734737013620095	0.2674304512151148	1.2354764342829054	28425600.0	0.076726552	1.6011774588306456
Saltmarsh_4_000000001	28512000.0	1	1	0.4511580053025209	0.9023160106050419	0.4730421546735884	0.9460843093471768	1.0	0.6478925347328186	74937041.12395954	55055275.586884305	55055275.586884305	0.006598800342639266	0.2686775775917823	1.2420752346255446	28512000.0	0.076449145	1.609729504074706
Saltmarsh_4_000000001	28598400.0	1	1	0.45202753648989763	0.9040550729797953	0.4740199942041	0.9480399884082	1.0	0.6508849859237671	75193288.05317222	55517636.77825992	55517636.77825992	0.007475573107563915	0.27011261078373566	1.2495508077331086	28598400.0	0.076157082	1.6194178468221088
Saltmarsh_4_000000001	28684800.0	1	1	0.45299772399982313	0.9059954479996463	0.4751081882746151	0.9502163765492302	1.0	0.6540138721466064	75483412.20282955	56020510.4647497	56020510.4647497	0.008364237626998672	0.27173831469674986	1.2579150453601073	28684800.0	0.075850451	1.6302578987866991
Saltmarsh_4_000000001	28771200.0	1	1	0.45406887939871055	0.9081377587974211	0.4763063769072378	0.9526127538144756	1.0	0.6572762727737427	75807780.29076882	56564275.292556345	56564275.292556345	0.009264101046373596	0.2735572754164081	1.2671791464064808	28771200.0	0.075529342	1.6422641737427992
Saltmarsh_4_000000001	28857600.0	1	1	0.4552410994624155	0.910482198924831	0.47761393398000096	0.9552278679600019	1.0	0.6606689691543579	76166713.29895078	57149265.887419194	57149265.887419194	0.010174401083054285	0.2755719283540417	1.2773535474895348	28857600.0	0.075193851	1.6554501975464373
Saltmarsh_4_000000001	28944000.0	1	1	0.4565142684568224	0.9130285369136448	0.4790299760545569	0.9580599521091138	1.0	0.6641886234283447	76560483.50053577	57775784.16957608	57775784.16957608	0.011094377699588265	0.27778454314829215	1.2884479251891232	28944000.0	0.074844076	1.6698285110451037
Saltmarsh_4_000000001	29030400.0	1	1	0.4578880575730848	0.9157761151461696	0.48055336830159995	0.9611067366031999	1.0	0.6678317189216614	76989314.45131704	58444092.51090692	58444092.51090692	0.012023238401166203	0.2801972241533684	1.3004711635902895	29030400.0	0.074480122	1.6854106280130152
Saltmarsh_4_000000001	29116800.0	1	1	0.45936192475313664	0.9187238495062733	0.48218273103901477	0.9643654620780295	1.0	0.6715945601463318	77453379.79211995	59154410.88200205	59154410.88200205	0.012960151029426326	0.28281190338058393	1.3134313146197156	29116800.0	0.074102097	1.7022069837471516
Saltmarsh_4_000000001	29203200.0	1	1	0.46093510590204717	0.9218702118040943	0.4839164371035807	0.9678328742071614	1.0	0.6754730939865112	77952801.9428301	59906897.90952209	59906897.90952209	0.01390415767483838	0.28563033187277204	1.3273354722945543	29203200.0	0.073710111	1.7202267720937423
Saltmarsh_4_000000001	29289600.0	1	1	0.4626066373310585	0.925213274662117	0.4857526429875891	0.9715052859751782	1.0	0.6794635057449341	78487647.62596676	60701697.782619536	60701697.782619536	0.01485443655576768	0.28865405235733	1.342189908850322	29289600.0	0.073304282	1.7394781218700175
Saltmarsh_4_000000001	29376000.0	1	1	0.46437533504535866	0.9287506700907173	0.487689273296503	0.975378546593006	1.0	0.683561384677887	79057933.76641956	61538868.88487446	61538868.88487446	0.01580991557458339	0.29188442884978893	1.3579998244249056	29376000.0	0.07288473	1.7599677724546778
Saltmarsh_4_000000001	29462400.0	1	1	0.4662398092186662	0.9324796184373324	0.4897240430618697	0.9794480861237393	1.0	0.6877623796463013	79663618.52212037	62418432.2535018	62418432.2535018	0.016769569049614075	0.2953225922178949	1.3747693934745198	29462400.0	0.072451579	1.7817011339429776
Saltmarsh_4_000000001	29548800.0	1	1	0.468198469339164	0.936396938678328	0.49185446967425245	0.9837089393485049	1.0	0.6920620203018188	80304604.05561519	63340355.679487504	63340355.679487504	0.017732328121805863	0.29896945027563165	1.3925017215963258	29548800.0	0.072004957	1.8046822311888382
Saltmarsh_4_000000001	29635200.0	1	1	0.47024951139838395	0.9404990227967679	0.4940778655796073	0.9881557311592146	1.0	0.6964553594589233	80980735.97970782	64304517.80022221	64304517.80022221	0.018696910607624018	0.30282567839348706	1.41119863220395	29635200.0	0.071544997	1.8289134273363192
Saltmarsh_4_000000001	29721600.0	1	1	0.4723909462713396	0.9447818925426792	0.4963913742826205	0.992782748565241	1.0	0.7009377479553223	81691796.40910855	65310770.68738352	65310770.68738352	0.019662180329883205	0.3068916731070344	1.4308608125338331	29721600.0	0.071071835	1.8543956130438477
Saltmarsh_4_000000001	29808000.0	1	1	0.474620587251275	0.94924117450255	0.4987919627094597	0.9975839254189194	1.0	0.7055040597915649	82437511.07899895	66358871.752804644	66358871.752804644	0.020626774895265543	0.3111675838687577	1.451487587429099	29808000.0	0.070585611	1.881127913308112
Saltmarsh_4_000000001	29894400.0	1	1	0.47693606664911403	0.9538721332982281	0.5012764438148958	1.0025528876297916	1.0	0.7101492285728455	83217542.22950691	67448524.69620544	67448524.69620544	0.021589359627925964	0.3156532638531012	1.4730769470570249	29894400.0	0.070086469	1.9091077233859044
Saltmarsh_4_000000001	29980800.0	1	1	0.47933483050450604	0.9586696610090121	0.5038414757996265	1.007682951599253	1.0	0.7148678302764893	84031491.45082282	68579339.75091432	68579339.75091432	0.02254842277041691	0.3203482759841547	1.495625369827442	29980800.0	0.069574558	1.9383304792963647
Saltmarsh_4_000000001	30067200.0	1	1	0.4818141589477326	0.9636283178954652	0.5064835875736716	1.0129671751473432	1.0	0.7196545600891113	84878894.79865272	69750871.94618957	69750871.94618957	0.02350250530501785	0.32525185442593	1.5191278751324595	30067200.0	0.069050029	1.9687897261716676
Saltmarsh_4_000000001	30153600.0	1	1	0.4843711642768414	0.9687423285536828	0.5091991805091888	1.0183983610183776	1.0	0.7245038151741028	85759226.85550967	70962581.73964235	70962581.73964235	0.02444999264660591	0.33036291605160584	1.5435778677790655	30153600.0	0.068513037	2.000476916641669
Saltmarsh_4_000000001	30240000.0	1	1	0.48700280831799514	0.9740056166359903	0.5119845496170718	1.0239690992341437	1.0	0.7294100522994995	86671896.92770639	72213863.487326	72213863.487326	0.025389290824157973	0.33568002661247204	1.5689671586032232	30240000.0	0.067963741	2.033381437549777
Saltmarsh_4_000000001	30326400.0	1	1	0.4897059099097904	0.9794118198195808	0.5148358939244708	1.0296717878489416	1.0	0.7343676090240479	87616252.06842798	73504027.93319745	73504027.93319745	0.026318734445134606	0.3412014052208527	1.5952858930483576	30326400.0	0.067402305	2.0674905173906715
Saltmarsh_4_000000001	30412800.0	1	1	0.4924771461653741	0.9849542923307482	0.5177493200453974	1.0354986400907948	1.0	0.739370584487915	88591576.6564494	74832286.83836477	74832286.83836477	0.027236525373669107	0.34692490881815474	1.6225224184220268	30412800.0	0.066828894	2.102789054274947
Saltmarsh_4_000000001	30499200.0	1	1	0.4953130727854954	0.9906261455709908	0.5207208646592204	1.0414417293184408	1.0	0.7444131970405579	89597089.75004384	76197783.78606085	76197783.78606085	0.028140915622968166	0.3528480033073361	1.650663334044995	30499200.0	0.066243679	2.1392596809223137
Saltmarsh_4_000000001	30585600.0	1	1	0.498210140301238	0.996420280602476	0.5237465121503975	1.047493024300795	1.0	0.7494897246360779	90631949.3936479	77599589.89121936	77599589.89121936	0.029030174997332625	0.3589677744587642	1.6796935090423277	30585600.0	0.065646833	2.176882787718857
Saltmarsh_4_000000001	30672000.0	1	1	0.5011646876568696	1.0023293753137392	0.5268221889059058	1.0536443778118116	1.0	0.754594087600708	91695255.66531035	79036660.75532357	79036660.75532357	0.02990237199739365	0.3652809317792242	1.7095958810397214	30672000.0	0.065038532	2.215636261827479
Saltmarsh_4_000000001	30758400.0	1	1	0.5041729615410563	1.0083459230821126	0.529943783230117	1.059887566460234	1.0	0.7597203254699707	92786045.55014585	80507878.55420794	80507878.55420794	0.030755628036388705	0.37178376473465097	1.7403515090761106	30758400.0	0.064418958	2.2554955557626393
Saltmarsh_4_000000001	30844800.0	1	1	0.5072311408972996	1.0144622817945992	0.5331071697968531	1.0662143395937063	1.0	0.7648627161979675	93903297.34424822	82012067.04416795	82012067.04416795	0.031588180963868895	0.3784721542569709	1.771939690039979	30844800.0	0.063788293	2.296433838291813
Saltmarsh_4_000000001	30931200.0	1	1	0.5103353347521928	1.0206706695043857	0.5363082069432673	1.0726164138865346	1.0	0.770015299320221	95045937.29271543	83547944.81757501	83547944.81757501	0.0323981260225088	0.3853415980653662	1.8043378160624877	30931200.0	0.063146725	2.338421809616984
Saltmarsh_4_000000001	31017600.0	1	1	0.5134815960068772	1.0269631920137543	0.5395427496356179	1.0790854992712358	1.0	0.7751721739768982	96212836.55602068	85114152.2438853	85114152.2438853	0.03318358156569656	0.39238717965372993	1.8375213976281843	31017600.0	0.062494443	2.381427731326127
Saltmarsh_4_000000001	31104000.0	1	1	0.5166659343028316	1.0333318686056632	0.5428066611244432	1.0856133222488864	1.0	0.7803274989128113	97402814.27459465	86709252.654601	86709252.654601	0.033942689956480865	0.39960357331652413	1.871464087584665	31104000.0	0.061831641	2.425417457509726
Saltmarsh_4_000000001	31190400.0	1	1	0.5198843437403313	1.0397686874806626	0.5460958388605442	1.0921916777210885	1.0	0.7854757905006409	98614640.55298121	88331767.13858855	88331767.13858855	0.03467378632281065	0.4069850493701321	1.9061378739074755	31190400.0	0.061158516	2.4703546845840885
Saltmarsh_4_000000001	31276800.0	1	1	0.5231327843115305	1.046265568623061	0.5494061944783384	1.0988123889566768	1.0	0.7906110882759094	99847045.4232495	89980087.96574776	89980087.96574776	0.0353749237555287	0.4145255160732101	1.9415127976630042	31276800.0	0.060475266	2.5162005857712533
Saltmarsh_4_000000001	31363200.0	1	1	0.5264072278250594	1.0528144556501189	0.5527336970790808	1.1054673941581616	1.0	0.7957281470298767	101098710.41836016	91652604.50638016	91652604.50638016	0.03604456423948438	0.4222184582924164	1.9775573619024889	31363200.0	0.059782094	2.5629143410256257
Saltmarsh_4_000000001	31449600.0	1	1	0.5297036433438729	1.0594072866877458	0.5560743567709424	1.1121487135418848	1.0	0.8008213639259338	102368285.07198353	93347595.59614502	93347595.59614502	0.0366809515566251	0.4300570264241	2.0142383134591135	31449600.0	0.059079207	2.610452854243011
Saltmarsh_4_000000001	31536000.0	1	1	0.5330180215395601	1.0660360430791203	0.5594242462757422	1.1188484925514843	1.0	0.8058854937553406	103654380.52713189	95063305.29977342	95063305.29977342	0.037282537556889817	0.4380339889419773	2.0515208510160035	31536000.0	0.058366811	2.6587710229167407
Saltmarsh_4_000000001	31622400.0	1	1	0.5363463843417949	1.0726927686835899	0.5627795079197264	1.1255590158394528	1.0	0.8109154105186462	104955578.37970877	96797923.53429407	96797923.53429407	0.037847840026041246	0.4461417776454291	2.0893686910420444	31622400.0	0.057645118	2.7078218235904896
Saltmarsh_4_000000001	31708800.0	1	1	0.5396848063232457	1.0793696126464913	0.5661363718806509	1.1322727437613018	1.0	0.8159063458442688	106270434.17368585	98549618.08612108	98549618.08612108	0.038375588432121244	0.45437250199848417	2.127744279474166	31708800.0	0.056914342	2.7575565861985187
Saltmarsh_4_000000001	31795200.0	1	1	0.5430293960613899	1.0860587921227798	0.5694911355612564	1.1389822711225128	1.0	0.8208531737327576	107597485.84093684	100316456.4307423	100316456.4307423	0.03886428698959993	0.46271799516411155	2.166608566463766	31795200.0	0.056174699	2.807924702137041
Saltmarsh_4_000000001	31881600.0	1	1	0.5463763358924766	1.0927526717849532	0.5728401995293269	1.1456803990586537	1.0	0.8257514834403992	108935246.52120377	102096529.66115807	102096529.66115807	0.0393128832871949	0.4711697650185955	2.205921449750961	31881600.0	0.055426409	2.8588741988772455
Saltmarsh_4_000000001	31968000.0	1	1	0.549721883318655	1.09944376663731	0.5761800661720125	1.152360132344025	1.0	0.830596923828125	110282220.79582474	103887889.1306316	103887889.1306316	0.03972035508155625	0.4797190905716018	2.245641804832517	31968000.0	0.054669694	2.9103517790629425
Saltmarsh_4_000000001	32054400.0	1	1	0.5530623751756963	1.1061247503513927	0.5795073410891536	1.1590146821783072	1.0	0.835385262966156	111636906.04941587	105688555.75573663	105688555.75573663	0.04008575025192146	0.4883570285267617	2.285727555084438	32054400.0	0.053904776	2.962302911389432
Saltmarsh_4_000000001	32140800.0	1	1	0.5563942375386879	1.1127884750773758	0.5828187400439474	1.1656374800878948	1.0	0.8401125073432922	112997795.08800429	107496538.63973549	107496538.63973549	0.040408264667530835	0.49707442853114664	2.3261358197519693	32140800.0	0.053131885	3.0146720223985524
Saltmarsh_4_000000001	32227200.0	1	1	0.5597139945407851	1.1194279890815702	0.5861110948825405	1.172222189765081	1.0	0.8447749018669128	114363381.27781668	109309841.56590758	109309841.56590758	0.040687242471060925	0.505861965358477	2.3668230622230295	32227200.0	0.052351247	3.0674026886410464
Saltmarsh_4_000000001	32313600.0	1	1	0.5630182825635006	1.1260365651270012	0.5893813646133985	1.178762729226797	1.0	0.8493690490722656	115732163.47294864	111126485.06116846	111126485.06116846	0.04092225415187467	0.5147101711539677	2.4077453163749047	32313600.0	0.051563094	3.1204379300218767
Saltmarsh_4_000000001	32400000.0	1	1	0.5663038470318862	1.1326076940637724	0.5926266299043622	1.1852532598087244	1.0	0.8538916110992432	117102653.39021191	112944476.51945658	112944476.51945658	0.041112897939611925	0.523609484657671	2.448858214314517	32400000.0	0.050767662	3.1737202457516136
Saltmarsh_4_000000001	32486400.0	1	1	0.5695675519271591	1.1391351038543183	0.5958440998479708	1.1916881996959416	1.0	0.8583395481109619	118473375.98605132	114761843.66082822	114761843.66082822	0.041258961067020206	0.5325502572371209	2.4901171753815365	32486400.0	0.049965184	3.227191859294471
Saltmarsh_4_000000001	32572800.0	1	1	0.5728063914346608	1.1456127828693217	0.5990311208066856	1.1980622416133713	1.0	0.862710177898407	119842875.20050867	116576650.52249768	116576650.52249768	0.04136045862287607	0.5415227939896123	2.5314776340044127	32572800.0	0.049155898	3.2807950136697186
Saltmarsh_4_000000001	32659200.0	1	1	0.5760174875852508	1.1520349751705017	0.6021851720103681	1.2043703440207363	1.0	0.867000937461853	121209720.7945672	118386974.3017436	118386974.3017436	0.04141746821493908	0.550517403293779	2.572895102219352	32659200.0	0.048340045	3.3344720524762805
Saltmarsh_4_000000001	32745600.0	1	1	0.5791981005875979	1.1583962011751958	0.6053038733429836	1.2106077466859673	1.0	0.8712096214294434	122572509.4336026	120190941.1036028	120190941.1036028	0.041430295112494187	0.5595244104055198	2.614325397331846	32745600.0	0.047517866	3.3881657149420725
Saltmarsh_4_000000001	32832000.0	1	1	0.5823456188808643	1.1646912377617287	0.6083849739929349	1.2167699479858698	1.0	0.8753340244293213	123929871.19657655	121986685.33905277	121986685.33905277	0.041399219727983994	0.5685342069672799	2.655724617059829	32832000.0	0.046689604	3.441819103709539
Saltmarsh_4_000000001	32918400.0	1	1	0.5854575849066962	1.1709151698133924	0.6114263750890608	1.2228527501781217	1.0	0.8793725967407227	125280467.5231523	123772441.40785226	123772441.40785226	0.041324961436800645	0.5775372456024607	2.69704957849663	32918400.0	0.045855507	3.4953762537316324
Saltmarsh_4_000000001	33004800.0	1	1	0.5885316769755637	1.1770633539511275	0.6144261108196544	1.2288522216393087	1.0	0.8833236694335938	126623004.48047788	125546450.76091795	125546450.76091795	0.04120811842842176	0.586524135376168	2.738257696925052	33004800.0	0.045015818	3.548781975214867
Saltmarsh_4_000000001	33091200.0	1	1	0.5915657211694906	1.1831314423389812	0.617382358152435	1.23476471630487	1.0	0.8871859908103943	127956227.29059766	127307034.54205826	127307034.54205826	0.041049557269236536	0.5954856154410548	2.779307254194287	33091200.0	0.04417079	3.601982201435796
Saltmarsh_4_000000001	33177600.0	1	1	0.5945576924657491	1.1891153849314982	0.6202934364438206	1.2405868728876412	1.0	0.8909585475921631	129278927.72340398	129052578.14211556	129052578.14211556	0.040850277309651184	0.6044126134009267	2.820157531503939	33177600.0	0.043320671	3.6549241608291054
Saltmarsh_4_000000001	33264000.0	1	1	0.5974365115976432	1.1948730231952864	0.6230905446355965	1.246181089271193	1.0	0.8946404457092285	130589946.89300045	130781519.01055807	130589946.89300045	0.039653460277878416	0.6132962741871238	2.859810991781818	33264000.0	0.042465714	3.706315045349236
Saltmarsh_4_000000001	33350400.0	1	1	0.6001270285261071	1.2002540570522142	0.6257011556787095	1.251402311357419	1.0	0.8982309699058533	131857628.71947199	132464445.874917	131857628.71947199	0.03736847898775819	0.6219196646096018	2.8971794707695757	33350400.0	0.041606172	3.7547445941173705
Saltmarsh_4_000000001	33436800.0	1	1	0.60264156603766	1.20528313207532	0.6281377632370913	1.2562755264741825	1.0	0.9017300605773926	133047927.62625763	134069593.74072318	133047927.62625763	0.035193495238393435	0.6300461428928947	2.9323729660079696	33436800.0	0.040742299	3.800355363946329
Saltmarsh_4_000000001	33523200.0	1	1	0.6049916491862547	1.2099832983725094	0.6304120330049664	1.2608240660099328	1.0	0.9051371216773987	134165207.4054432	135600067.6384164	134165207.4054432	0.03312640695702196	0.637699630070194	2.9654993729649917	33523200.0	0.039874351	3.843287187362629
Saltmarsh_4_000000001	33609600.0	1	1	0.6071880550383553	1.2143761100767105	0.6325348541044303	1.2650697082088607	1.0	0.9084524512290955	135213638.8027849	137058999.04178223	135213638.8027849	0.03116460397447529	0.6449035900394492	2.996663976939467	33609600.0	0.039002587	3.883676514113549
Saltmarsh_4_000000001	33696000.0	1	1	0.6092408590396249	1.2184817180792498	0.6345163887523061	1.2690327775046122	1.0	0.9116759896278381	136197199.8955645	138449354.77137566	136197199.8955645	0.029305080409568807	0.6516809190682537	3.0259690573490357	33696000.0	0.038127263	3.92165589832435
Saltmarsh_4_000000001	33782400.0	1	1	0.6111594794815666	1.2223189589631331	0.6363661186113948	1.2727322372227896	1.0	0.9148083925247192	137119677.7744753	139774095.72207415	137119677.7744753	0.027544529133550544	0.658053859738826	3.0535135864825858	33782400.0	0.03724864	3.9573536080814313
Saltmarsh_4_000000001	33868800.0	1	1	0.6129527189134335	1.225905437826867	0.6380928892007541	1.2761857784015083	1.0	0.9178499579429626	137984671.8385207	141036012.89425418	137984671.8385207	0.0258794237565394	0.6640439354360641	3.0793930102391247	33868800.0	0.036366977	3.990893341269906
Saltmarsh_4_000000001	33955200.0	1	1	0.6146288036022871	1.2292576072045742	0.6397049512868953	1.2794099025737906	1.0	0.9208014607429504	138795597.87802842	142237853.99360612	138795597.87802842	0.024306086725051967	0.6696719026650901	3.103699096964176	33955200.0	0.035482537	4.0223940296655725
Saltmarsh_4_000000001	34041600.0	1	1	0.6161954204613331	1.2323908409226663	0.6412100001003125	1.282420000200625	1.0	0.9236636757850647	139555693.16908538	143382251.33279026	139555693.16908538	0.02282074766754394	0.674957718177883	3.1265198446317206	34041600.0	0.034595581	4.0519697186427095
Saltmarsh_4_000000001	34128000.0	1	1	0.617659751906575	1.23531950381315	0.6426152120500745	1.285230424100149	1.0	0.9264376759529114	140268022.0802341	144471769.27249235	140268022.0802341	0.02141959161292384	0.6799205187882468	3.147939436244644	34128000.0	0.033706371	4.079729509373059
Saltmarsh_4_000000001	34214400.0	1	1	0.6190285084635827	1.2380570169271654	0.6439272793348053	1.2878545586696106	1.0	0.9291244745254517	140935482.18910193	145508850.81983015	140935482.18910193	0.02009879927271041	0.6845786116727993	3.1680382355173533	34214400.0	0.032815173	4.10577755323049
Saltmarsh_4_000000001	34300800.0	1	1	0.6203079594882248	1.2406159189764496	0.6451524422633699	1.2903048845267397	1.0	0.9317253232002258	141560810.64393157	146495866.5069157	141560810.64393157	0.01885457978758165	0.6889494734320762	3.186892815304935	34300800.0	0.031922248	4.1302130886351955
Saltmarsh_4_000000001	34387200.0	1	1	0.6215039619198645	1.243007923839729	0.6462965195997414	1.2925930391994829	1.0	0.934241533279419	142146590.77380124	147435089.4894036	142146590.77380124	0.017683197596020328	0.6930497562729859	3.2045760129009553	34387200.0	0.031027863	4.153130512719638
Saltmarsh_4_000000001	34473600.0	1	1	0.6226219872179221	1.2452439744358441	0.6473649369692549	1.2947298739385098	1.0	0.9366744160652161	142695258.76903042	148328689.23759452	142695258.76903042	0.016580993810796807	0.6968953000343553	3.2211570067117528	34473600.0	0.030132282	4.174619480698432
Saltmarsh_4_000000001	34560000.0	1	1	0.623667146735354	1.247334293470708	0.6483627532855	1.296725506571	1.0	0.9390257596969604	143209110.37644452	149178810.5395242	143209110.37644452	0.015544403021025777	0.7005011488611969	3.2367014097327784	34560000.0	0.029235771	4.194765027013681
Saltmarsh_4_000000001	34646400.0	1	1	0.6246442151822572	1.2492884303645144	0.6492946857536169	1.2985893715072339	1.0	0.9412967562675476	143690307.61745527	149987407.0424847	143690307.61745527	0.014569966554380698	0.7038815715328957	3.251271376287159	34646400.0	0.028338594	4.213647703668157
Saltmarsh_4_000000001	34732800.0	1	1	0.6255576529140936	1.2511153058281872	0.6501651328620324	1.3003302657240647	1.0	0.9434892535209656	144140885.27443427	150756443.53632715	144140885.27443427	0.01365434169665447	0.7070500846755169	3.264925717983813	34732800.0	0.027441019	4.231343730507022
Saltmarsh_4_000000001	34819200.0	1	1	0.6264115115373061	1.2528230230746122	0.6509783026079463	1.3019566052158926	1.0	0.9451015591621399	144562757.40003434	151407127.78412372	144562757.40003434	0.012794309021093464	0.7100194779790783	3.2777200270049067	34819200.0	0.026759841	4.247925154998359
Saltmarsh_4_000000001	34905600.0	1	1	0.627209582720086	1.254419165440172	0.6517380796574582	1.3034761593149164	1.0	0.9461761713027954	144957670.31935605	151947275.53353626	144957670.31935605	0.011986510588055554	0.7128018410087247	3.2897065375929624	34905600.0	0.026295262	4.263459672720479
Saltmarsh_4_000000001	34992000.0	1	1	0.6279555113052133	1.2559110226104266	0.6524479677025791	1.3048959354051581	1.0	0.9472305178642273	145327268.36062595	152461167.99533722	145327268.36062595	0.011227808720633337	0.7154085330824964	3.3009343463135963	34992000.0	0.025830891	4.278010912822421
Saltmarsh_4_000000001	35078400.0	1	1	0.6286527052291139	1.2573054104582277	0.6531112424393966	1.306222484878793	1.0	0.9482645392417908	145673143.89549598	152950210.2059068	145673143.89549598	0.010515488305877674	0.7178502311716023	3.3114498346194736	35078400.0	0.025366863	4.291638985666838
Saltmarsh_4_000000001	35164800.0	1	1	0.6293043506823431	1.2586087013646863	0.6537309659668338	1.3074619319336676	1.0	0.9492784142494202	145996793.61056417	153415762.99589938	145996793.61056417	0.00984694625792537	0.7201370217948955	3.3212967808773994	35164800.0	0.024903317	4.30440062801711
Saltmarsh_4_000000001	35251200.0	1	1	0.629913426277744	1.259826852555488	0.6543100004191724	1.3086200008383448	1.0	0.9502721428871155	146299623.63052857	153859079.93139002	146299623.63052857	0.009219692771371801	0.7222784253812711	3.3305164736487702	35251200.0	0.02444039	4.316349349848807
Saltmarsh_4_000000001	35337600.0	1	1	0.6304827163815603	1.2609654327631206	0.6548510207480666	1.3097020414961331	1.0	0.9512457251548767	146582954.42865172	154281340.1111613	146582954.42865172	0.008631351238628904	0.7242834209046297	3.339147824887399	35337600.0	0.023978219	4.327535581054069
Saltmarsh_4_000000001	35424000.0	1	1	0.6310148236644854	1.2620296473289707	0.655356526695747	1.310713053391494	1.0	0.9521994590759277	146848025.5651464	154683700.50539905	146848025.5651464	0.008079657324859157	0.7261604705008728	3.3472274822122587	35424000.0	0.023516941	4.338006816947087
Saltmarsh_4_000000001	35510400.0	1	1	0.6315121807975632	1.2630243615951264	0.6558288541219931	1.3116577082439862	1.0	0.9531334042549133	147096000.25255755	155067212.80192417	147096000.25255755	0.007562457379066467	0.7279175438837213	3.354789939591325	35510400.0	0.023056693	4.347807761710357
Saltmarsh_4_000000001	35596800.0	1	1	0.6319770614496977	1.2639541228993953	0.656270185593017	1.312540371186034	1.0	0.9540476202964783	147327969.6890249	155432865.61342523	147327969.6890249	0.007077706030126585	0.729562142414998	3.361867645621452	35596800.0	0.022597612	4.356980468725403
Saltmarsh_4_000000001	35683200.0	1	1	0.6324115906146137	1.2648231812292274	0.656682560295352	1.313365120590704	1.0	0.9549423456192017	147544957.21121863	155781617.14417785	147544957.21121863	0.006623463403970575	0.7311013226521226	3.368491109025423	35683200.0	0.022139831	4.365564477296949
