plant	time	x	y	r_ag	h_ag	r_bg	h_bg	aboveground_resources	belowground_resources	res_ag	res_bg	res_eff	grow	maint	volume	age	salinity	transpiration
Saltmarsh_4_000000001	35683200.0	1	1	0.6327800661775022	1.2655601323550043	0.6570294630711553	1.3140589261423106	1.0	0.955817699432373	147730354.26552317	156096234.032813	147730354.26552317	0.006195804978708308	0.7324559663489075	3.374091882097578	35769600.0	0.02168349	4.3728230791984615
