plant	time	x	y	r_ag	h_ag	r_bg	h_bg	aboveground_resources	belowground_resources	res_ag	res_bg	res_eff	grow	maint	volume	age	salinity	transpiration
Saltmarsh_3_000000001	36806400.0	1	1	0.22740009083264617	0.45480018166529235	0.27970085150057467	0.5594017030011493	1.0	0.24508504569530487	19103063.00362188	8091867.492322858	8091867.492322858	2.9858060468512804e-14	0.040459337461584435	0.21137110591201858	36892800.0	0.105	0.2739369532619761
