plant	time	x	y	r_ag	h_ag	r_bg	h_bg	aboveground_resources	belowground_resources	res_ag	res_bg	res_eff	grow	maint	volume	age	salinity	transpiration
Saltmarsh_3_000000001	0.0	1	1	0.05	0.1	0.05	0.1	NaN	NaN	NaN	NaN	NaN	NaN	NaN	NaN	NaN	NaN	NaN
Saltmarsh_3_000000001	86400.0	1	1	0.05551377391525042	0.11102754783050084	0.059549967731646704	0.11909993546329341	1.0	0.24508504569530487	923552.841931713	226348.99046686254	226348.99046686254	0.0008309965176949776	0.00030074843463933525	0.0024017928444898754	86400.0	0.105	0.0031127235264588786
Saltmarsh_3_000000001	172800.0	1	1	0.062042252324925086	0.12408450464985017	0.06964758280209535	0.1392951656041907	1.0	0.24508504569530487	1138474.3363036034	336265.73430326255	336265.73430326255	0.0012214756492074544	0.00045985302230885835	0.003623268493697331	172800.0	0.105	0.004695755967831741
Saltmarsh_3_000000001	259200.0	1	1	0.06922122456502657	0.13844244913005313	0.07997438447607497	0.15994876895214993	1.0	0.24508504569530487	1421991.0131028309	473670.5622138023	473670.5622138023	0.0016746331294213357	0.0006937196816476759	0.0052979016231186685	259200.0	0.105	0.006866080503561795
Saltmarsh_3_000000001	345600.0	1	1	0.0767329094273454	0.1534658188546908	0.09029301007044024	0.1805860201408805	1.0	0.24508504569530487	1770110.1659396265	636101.5000204269	636101.5000204269	0.002166158540375939	0.0010143489597261959	0.00746406016349461	345600.0	0.105	0.009673421971889015
Saltmarsh_3_000000001	432000.0	1	1	0.08434261782281238	0.16868523564562476	0.10044030327240079	0.20088060654480158	1.0	0.24508504569530487	2175129.262401463	820279.4787092186	820279.4787092186	0.0026723105208990225	0.0014290868726470705	0.010136370684393638	432000.0	0.105	0.013136736406974155
Saltmarsh_3_000000001	518400.0	1	1	0.09189057206335484	0.18378114412670968	0.11030948687903681	0.22061897375807363	1.0	0.24508504569530487	2627942.7109146584	1022654.518293685	1022654.518293685	0.0031725387329447773	0.0019407338585236485	0.013308909417338418	518400.0	0.105	0.01724834660487059
Saltmarsh_3_000000001	604800.0	1	1	0.09927256998118399	0.19854513996236797	0.1198334490534953	0.2396668981069906	1.0	0.24508504569530487	3119346.7266015266	1239701.7433369933	1239701.7433369933	0.0036503529782587517	0.002548155738426215	0.016959262395597172	604800.0	0.105	0.021979204064693936
Saltmarsh_3_000000001	691200.0	1	1	0.10642276466346477	0.21284552932692954	0.12897223536746827	0.25794447073493654	1.0	0.24508504569530487	3640661.2436640337	1468081.3864218192	1468081.3864218192	0.004093345851618312	0.003247061080490784	0.021052608247215485	691200.0	0.105	0.02728418028839127
Saltmarsh_3_000000001	777600.0	1	1	0.11330115684969859	0.22660231369939718	0.1377043843125588	0.2754087686251176	1.0	0.24508504569530487	4183991.6983468076	1704723.152809811	1704723.152809811	0.004492832862777385	0.00403078290127167	0.02554544110999287	777600.0	0.105	0.033106891678550764
Saltmarsh_3_000000001	864000.0	1	1	0.11988510641713901	0.23977021283427802	0.14602105737115662	0.29204211474231323	1.0	0.24508504569530487	4742315.337768295	1946865.527124617	1946865.527124617	0.004843336171645185	0.004890991463977899	0.03038877728163806	864000.0	0.105	0.03938385535700292
Saltmarsh_3_000000001	950400.0	1	1	0.12616367934003353	0.25232735868006706	0.1539220590677153	0.3078441181354306	1.0	0.24508504569530487	5309482.65776624	2192067.2751627387	2192067.2751627387	0.0051420281444057945	0.005818308231407899	0.035530805426043865	950400.0	0.105	0.046047923832152844
Saltmarsh_3_000000001	1036800.0	1	1	0.13213387606482788	0.26426775212965575	0.1614131108505996	0.3228262217011992	1.0	0.24508504569530487	5880177.449718689	2438201.8119076868	2438201.8119076868	0.005388195778735053	0.006802813280803381	0.040919001204778926	1036800.0	0.105	0.05303102556139349
Saltmarsh_3_000000001	1123200.0	1	1	0.1377980882442854	0.2755961764885708	0.16850395901264442	0.33700791802528884	1.0	0.24508504569530487	6449857.063275306	2683441.3289921028	2683441.3289921028	0.00558275646869065	0.007834450176269865	0.04650175767346959	1123200.0	0.105	0.06026627794481659
Saltmarsh_3_000000001	1209600.0	1	1	0.14316236000698737	0.28632472001397474	0.1752070440995488	0.3504140881990976	1.0	0.24508504569530487	7014684.219582456	2926235.195653209	2926235.195653209	0.005727837849885143	0.008903338128380903	0.05222959552335475	1209600.0	0.105	0.06768955579826777
Saltmarsh_3_000000001	1296000.0	1	1	0.1482351824508547	0.2964703649017094	0.18153655423464224	0.3630731084692845	1.0	0.24508504569530487	7571456.62053839	3165285.586785978	3165285.586785978	0.005826424223999135	0.010000003709930757	0.0580560197473539	1296000.0	0.105	0.07524060159257066
Saltmarsh_3_000000001	1382400.0	1	1	0.15302664705341693	0.30605329410683385	0.1875077452546693	0.3750154905093386	1.0	0.24508504569530487	8117537.897871783	3399522.251844603	3399522.251844603	0.0058820663839472456	0.011115544875275772	0.06393808613130116	1382400.0	0.105	0.0828637596261663
Saltmarsh_3_000000001	1468800.0	1	1	0.15754784469944313	0.31509568939888627	0.19313644920190204	0.3862728984038041	1.0	0.24508504569530487	8650791.912363043	3628077.641000942	3628077.641000942	0.005898648782899073	0.012241739422105635	0.06983673491420024	1468800.0	0.105	0.0905084084488035
Saltmarsh_3_000000001	1555200.0	1	1	0.16181043554536734	0.3236208710907347	0.1984387177188585	0.396877435437717	1.0	0.24508504569530487	9169521.495340887	3850263.1363247177	3850263.1363247177	0.005880206806787016	0.013371108874836573	0.07571694172098727	1555200.0	0.105	0.09812915647039949
Saltmarsh_3_000000001	1641600.0	1	1	0.1658263395329281	0.3316526790658562	0.2034305633128659	0.4068611266257318	1.0	0.24508504569530487	9672412.154805237	4065546.8210869455	4065546.8210869455	0.005830786722874374	0.014496947382560353	0.08154772844386163	1641600.0	0.105	0.10568585606324468
Saltmarsh_3_000000001	1728000.0	1	1	0.1696075132976882	0.3392150265953764	0.20812777242287014	0.4162555448457403	1.0	0.24508504569530487	10158480.908638662	4273533.00994246	4273533.00994246	0.005754341247302288	0.015613323802410014	0.08730206969116394	1728000.0	0.105	0.11314348231974847
Saltmarsh_3_000000001	1814400.0	1	1	0.17316578970836846	0.3463315794167369	0.21254577166553365	0.4250915433310673	1.0	0.24508504569530487	10627030.180039093	4473943.623430869	4473943.623430869	0.0056546543291168365	0.016715063788037506	0.0929567240202808	1814400.0	0.105	0.12047191433028391
Saltmarsh_3_000000001	1900800.0	1	1	0.17651276329421706	0.3530255265884341	0.21669953377413806	0.4333990675482761	1.0	0.24508504569530487	11077606.549458684	4666601.399462599	4666601.399462599	0.005535289520252385	0.01779771747706061	0.09849201354053323	1900800.0	0.105	0.12764564954853108
Saltmarsh_3_000000001	1987200.0	1	1	0.1796597095938711	0.3593194191877422	0.2206035133423549	0.4412070266847098	1.0	0.24508504569530487	11509964.074028702	4851414.87692764	4851414.87692764	0.005399557091335213	0.01885751729330299	0.10389157063186845	1987200.0	0.105	0.13464347553890152
Saltmarsh_3_000000001	2073600.0	1	1	0.18261752975933337	0.36523505951866675	0.2242716050424739	0.4485432100849478	1.0	0.24508504569530487	11924031.840782044	5028365.051793092	5028365.051793092	0.005250495806018409	0.01989132945294705	0.10914206643788688	2073600.0	0.105	0.14144811810350139
Saltmarsh_3_000000001	2160000.0	1	1	0.18539671406301442	0.37079342812602883	0.22771711882975687	0.45543423765951374	1.0	0.24508504569530487	12319885.401253277	5197493.586810463	5197493.586810463	0.005090865952895044	0.02089660198115727	0.11423293239078194	2160000.0	0.105	0.1480458803784534
Saltmarsh_3_000000001	2246400.0	1	1	0.1880073196015704	0.3760146392031408	0.23095276798784248	0.46190553597568496	1.0	0.24508504569530487	12697721.73354918	5358892.44722136	5358892.44722136	0.004923150841529951	0.02187131139457685	0.11915608323231192	2246400.0	0.105	0.15442628386907625
Saltmarsh_3_000000001	2332800.0	1	1	0.19045895867597099	0.38091791735194197	0.23399066686083816	0.46798133372167633	1.0	0.24508504569530487	13057837.38772646	5512694.833142024	5512694.833142024	0.004749564495451924	0.0228139096702582	0.12390564772776388	2332800.0	0.105	0.160581719455182
Saltmarsh_3_000000001	2419200.0	1	1	0.1927607951918648	0.3855215903837296	0.236842335856091	0.473684671712182	1.0	0.24508504569530487	13400609.4871023	5659067.282190276	5659067.282190276	0.004572063723439164	0.023723272687512217	0.12847771145120307	2419200.0	0.105	0.16650711404075916
Saltmarsh_3_000000001	2505600.0	1	1	0.1949215470619048	0.3898430941238096	0.23951871185717802	0.47903742371435604	1.0	0.24508504569530487	13726479.279044578	5798202.821696391	5798202.821696391	0.0043923631275271345	0.024598650980954824	0.1328700745787302	2505600.0	0.105	0.17219961665403435
Saltmarsh_3_000000001	2592000.0	1	1	0.1969494930667251	0.3938989861334502	0.24203016260830298	0.48406032521660597	1.0	0.24508504569530487	14035937.951824052	5930315.05733306	5930315.05733306	0.004211951919642621	0.025439623367022678	0.13708202649837284	2592000.0	0.105	0.1776583063418912
Saltmarsh_3_000000001	2678400.0	1	1	0.19885248298851946	0.3977049659770389	0.24438650395382555	0.4887730079076511	1.0	0.24508504569530487	14329514.45787621	6055633.09339326	6055633.09339326	0.004032111676724237	0.02624605379024206	0.1411141381750971	2678400.0	0.105	0.18288392307492585
Saltmarsh_3_000000001	2764800.0	1	1	0.20063795010217217	0.40127590020434434	0.24659701906513085	0.4931940381302617	1.0	0.24508504569530487	14607765.107382089	6174397.188681493	6174397.188681493	0.0038539343744717486	0.027018051568935716	0.14496807254956884	2764800.0	0.105	0.18787862202424122
Saltmarsh_3_000000001	2851200.0	1	1	0.20231292531606018	0.40462585063212037	0.24867047897968594	0.4973409579593719	1.0	0.24508504569530487	14871264.718824096	6286855.060688274	6286855.060688274	0.003678340209726804	0.02775593509371457	0.14864641275929566	2851200.0	0.105	0.1926457509360472
Saltmarsh_3_000000001	2937600.0	1	1	0.20388405241412466	0.4077681048282493	0.25061516392731453	0.5012303278546291	1.0	0.24508504569530487	15120599.134720322	6393258.759144869	6393258.759144869	0.0035060948574389787	0.02846019893828537	0.15215250761673463	2937600.0	0.105	0.19718964987128806
Saltmarsh_3_000000001	3024000.0	1	1	0.20535760397434222	0.41071520794868444	0.2524388850363796	0.5048777700727592	1.0	0.24508504569530487	15356358.930867823	6493862.0380507875	6493862.0380507875	0.0033378259159356424	0.029131484274318296	0.15549033353267028	3024000.0	0.105	0.2015154722583407
Saltmarsh_3_000000001	3110400.0	1	1	0.20673949763493674	0.4134789952698735	0.25414900610512536	0.5082980122102507	1.0	0.24508504569530487	15579134.16602316	6588918.162741452	6588918.162741452	0.003174038378741733	0.02977055243496553	0.15866437191141203	3110400.0	0.105	0.20562902599719
Saltmarsh_3_000000001	3196800.0	1	1	0.20803531245495768	0.41607062490991537	0.2557524651964994	0.5115049303929988	1.0	0.24508504569530487	15789510.035987562	6678678.095472701	6678678.095472701	0.003015129036711972	0.030378261440651533	0.16167950094812406	3196800.0	0.105	0.20953663322876878
Saltmarsh_3_000000001	3283200.0	1	1	0.20925030517499674	0.4185006103499935	0.2572557958726205	0.514511591745241	1.0	0.24508504569530487	15988063.311567457	6763389.009329503	6763389.009329503	0.002861399764317412	0.030955545282330108	0.16454090071244148	3283200.0	0.105	0.2132450073233242
Saltmarsh_3_000000001	3369600.0	1	1	0.21038942623043053	0.42077885246086105	0.25866514793093515	0.5173302958618703	1.0	0.24508504569530487	16175359.453908289	6843293.08602508	6843293.08602508	0.0027130696815596406	0.03150339574856576	0.1672539703940011	3369600.0	0.105	0.21676114563062543
Saltmarsh_3_000000001	3456000.0	1	1	0.21145733540640727	0.42291467081281453	0.25998630754054447	0.5199726150810889	1.0	0.24508504569530487	16351950.313329699	6918626.558365564	6918626.558365564	0.0025702862106634153	0.0320228465811644	0.16982425660466455	3456000.0	0.105	0.22009223655964527
Saltmarsh_3_000000001	3542400.0	1	1	0.21245841705294263	0.42491683410588527	0.2612247167061283	0.5224494334122566	1.0	0.24508504569530487	16518372.32911797	6989618.962843317	6989618.962843317	0.0024331350664716575	0.032514959747744925	0.1722573916711362	3542400.0	0.105	0.22324557960579253
Saltmarsh_3_000000001	3628800.0	1	1	0.21339679480157464	0.4267935896031493	0.26238549200988037	0.5247709840197607	1.0	0.24508504569530487	16675145.157854758	7056492.5720243715	7056492.5720243715	0.002301649233026108	0.03298081362709575	0.1745590409041623	3628800.0	0.105	0.22622851701179433
Saltmarsh_3_000000001	3715200.0	1	1	0.21427634574330737	0.42855269148661473	0.2634734426000891	0.5269468852001782	1.0	0.24508504569530487	16822770.666881096	7119461.980148823	7119461.980148823	0.00217581698753503	0.03342149291320909	0.17673485789169732	3715200.0	0.105	0.2290483758276397
Saltmarsh_3_000000001	3801600.0	1	1	0.2151007140420313	0.4302014280840626	0.2644930874094038	0.5289861748188076	1.0	0.24508504569530487	16961732.237510443	7178733.818704907	7178733.818704907	0.002055589037921225	0.03383808005560331	0.17879044692961854	3801600.0	0.105	0.23171241922078564
Saltmarsh_3_000000001	3888000.0	1	1	0.21587332396901415	0.4317466479380283	0.2654486715971657	0.5308973431943314	1.0	0.24508504569530487	17092494.32970889	7234506.581705119	7234506.581705119	0.0019408848423081992	0.034231648066217396	0.18073133177192674	3888000.0	0.105	0.23422780597641707
Saltmarsh_3_000000001	3974400.0	1	1	0.21659739235302095	0.4331947847060419	0.2663441822190516	0.5326883644381032	1.0	0.24508504569530487	17215502.26624446	7286970.543021277	7286970.543021277	0.0018315981788570301	0.03460325453624935	0.18256292995078383	3974400.0	0.105	0.23660155721621584
Saltmarsh_3_000000001	4060800.0	1	1	0.21727594044762522	0.43455188089525043	0.2671833631341612	0.5343667262683224	1.0	0.24508504569530487	17331182.199853543	7336307.7504583625	7336307.7504583625	0.0017276020328828579	0.034953936719408954	0.1842905319836667	4060800.0	0.105	0.23884052945083206
Saltmarsh_3_000000001	4147200.0	1	1	0.2179118052227032	0.4358236104454064	0.2679697291649514	0.5359394583299028	1.0	0.24508504569530487	17439941.23185883	7382692.083295793	7382692.083295793	0.001628752865609373	0.03528470755086959	0.1859192848492761	4147200.0	0.105	0.24095139316466183
Saltmarsh_3_000000001	4233600.0	1	1	0.21850765009126338	0.43701530018252677	0.268706579529401	0.537413159058802	1.0	0.24508504569530487	17542167.654969975	7426289.361827938	7426289.361827938	0.001534894325613649	0.03559655248352604	0.18745417917488982	4233600.0	0.105	0.2429406162106572
Saltmarsh_3_000000001	4320000.0	1	1	0.21906597508590345	0.4381319501718069	0.26939701056772136	0.5387940211354427	1.0	0.24508504569530487	17638231.29677027	7467257.499020111	7467257.499020111	0.0014458604602461261	0.03589042703485443	0.188900039635136	4320000.0	0.105	0.24481445136713625
Saltmarsh_3_000000001	4406400.0	1	1	0.21958912650150533	0.43917825300301067	0.27004392778801717	0.5400878555760343	1.0	0.24508504569530487	17728483.943698667	7505746.685785571	7505746.685785571	0.0013614784802895921	0.03616725494863826	0.19026151811542555	4406400.0	0.105	0.24657892747759153
Saltmarsh_3_000000001	4492800.0	1	1	0.2200793060224345	0.440158612044869	0.27065005725671354	0.5413001145134271	1.0	0.24508504569530487	17813259.82822893	7541899.602605621	7541899.602605621	0.0012815711270052557	0.03642792688602285	0.19154308924243085	4492800.0	0.105	0.2482398436581904
Saltmarsh_3_000000001	4579200.0	1	1	0.2205385793536346	0.4410771587072692	0.2712179563604287	0.5424359127208574	1.0	0.24508504569530487	17892876.164474655	7575851.651277871	7575851.651277871	0.0012059586866193586	0.036673299569769995	0.1927490479290503	4579200.0	0.105	0.24980276611604918
Saltmarsh_3_000000001	4665600.0	1	1	0.22096888437570808	0.44193776875141616	0.2717500239664049	0.5435000479328098	1.0	0.24508504569530487	17967633.719652165	7607731.20150531	7607731.20150531	0.0011344606933155546	0.036904195314211	0.19388350862236584	4665600.0	0.105	0.2512730271745861
Saltmarsh_3_000000001	4752000.0	1	1	0.22137203884443055	0.4427440776888611	0.2722485100086919	0.5444970200173838	1.0	0.24508504569530487	18037817.410752226	7637659.847846637	7637659.847846637	0.001066897357974328	0.037121401881258856	0.1949504059803402	4752000.0	0.105	0.2526557261505209
Saltmarsh_3_000000001	4838400.0	1	1	0.22174974765523708	0.44349949531047417	0.27271552452708947	0.5454310490541789	1.0	0.24508504569530487	18103696.917438477	7665752.6732506035	7665752.6732506035	0.001003090756282729	0.03732567260997029	0.19595349673662293	4838400.0	0.105	0.25395573177066333
Saltmarsh_3_000000001	4924800.0	1	1	0.222103609693093	0.444207219386186	0.27315304618545205	0.5463060923709041	1.0	0.24508504569530487	18165527.30363737	7692118.516006495	7692118.516006495	0.0009428658064464801	0.037517726773585995	0.19689636254306944	4924800.0	0.105	0.255177685855818
Saltmarsh_3_000000001	5011200.0	1	1	0.22243512428787102	0.44487024857574203	0.2735629302953895	0.547125860590779	1.0	0.24508504569530487	18223549.64153705	7716860.237470808	7716860.237470808	0.000886051063587863	0.03769825012376618	0.1977824136066573	5011200.0	0.105	0.2563260080342279
Saltmarsh_3_000000001	5097600.0	1	1	0.2227456972949371	0.4454913945898742	0.2739469163707065	0.547893832741413	1.0	0.24508504569530487	18277991.63279485	7740074.98838624	7740074.98838624	0.0008324793550079437	0.03786789558692326	0.19861489296166526	5097600.0	0.105	0.25740490127831817
Saltmarsh_3_000000001	5184000.0	1	1	0.22303664682012958	0.44607329364025916	0.2743066352371348	0.5486132704742696	1.0	0.24508504569530487	18329068.22268684	7761854.472002684	7761854.472002684	0.0007819882778298815	0.03802728408218354	0.19939688123949514	5184000.0	0.105	0.2584183580863857
Saltmarsh_3_000000001	5270400.0	1	1	0.22330920860772743	0.44661841721545487	0.2746436157210603	0.5492872314421205	1.0	0.24508504569530487	18376982.203735854	7782285.202548291	7782285.202548291	0.0007344205781127378	0.038177005434628715	0.20013130181760788	5270400.0	0.105	0.25937016715561984
Saltmarsh_3_000000001	5356800.0	1	1	0.22356454110936025	0.4471290822187205	0.27495929094005084	0.5499185818801017	1.0	0.24508504569530487	18421924.806043606	7801448.757889219	7801448.757889219	0.00068962442832253	0.038317619361123566	0.20082092624593045	5356800.0	0.105	0.2602639204147259
Saltmarsh_3_000000001	5443200.0	1	1	0.22380373025113703	0.44760746050227407	0.27525500421706256	0.5505100084341251	1.0	0.24508504569530487	18464076.272142183	7819422.025465225	7819422.025465225	0.0006474536180572921	0.038449656509268834	0.20146837986398775	5443200.0	0.105	0.2611030203037281
Saltmarsh_3_000000001	5529600.0	1	1	0.22402779391557184	0.4480555878311437	0.2755320146392668	0.5510640292785336	1.0	0.24508504569530487	18503606.414683595	7836277.44080028	7836277.44080028	0.0006077676711306323	0.03857361953287077	0.20207614753511843	5529600.0	0.105	0.2618906872055135
Saltmarsh_3_000000001	5616000.0	1	1	0.2242376861541743	0.4484753723083486	0.27579150228149707	0.5515830045629941	1.0	0.24508504569530487	18540675.155713614	7852083.218067722	7852083.218067722	0.0005704319005107525	0.03868998418982786	0.2026465794356292	5616000.0	0.105	0.26262996694857543
Saltmarsh_3_000000001	5702400.0	1	1	0.2244343011458618	0.4488686022917236	0.27603457311338275	0.5520691462267655	1.0	0.24508504569530487	18575433.046638507	7866903.572341898	7866903.572341898	0.0005353174111732834	0.03879920045053621	0.20318189684680243	5702400.0	0.105	0.26332373831345596
Saltmarsh_3_000000001	5788800.0	1	1	0.22461847691564335	0.4492369538312867	0.276262263608315	0.55252452721663	1.0	0.24508504569530487	18608021.76829875	7880798.9332971275	7880798.9332971275	0.0005023010596444041	0.03890169360684123	0.2036841979064469	5788800.0	0.105	0.2639747204867552
Saltmarsh_3_000000001	5875200.0	1	1	0.22479099882732773	0.44958199765465545	0.2764755450714903	0.5529510901429806	1.0	0.24508504569530487	18638574.61081995	7893826.150222432	7893826.150222432	0.00047126537786886663	0.0389978653732433	0.20415546328431575	5875200.0	0.105	0.26458548041647323
Saltmarsh_3_000000001	5961600.0	1	1	0.22495260286332677	0.44990520572665355	0.2766753277034001	0.5533506554068002	1.0	0.24508504569530487	18667216.933125008	7906038.688310573	7906038.688310573	0.0004420984680258838	0.03908809497352698	0.20459756175234162	5961600.0	0.105	0.2651584400310347
Saltmarsh_3_000000001	6048000.0	1	1	0.22510397870396	0.45020795740792	0.27686246441428397	0.5537249288285679	1.0	0.24508504569530487	18694066.602168232	7917486.81625422	7917486.81625422	0.00041469387401956576	0.03917274020725153	0.20501225562636124	6048000.0	0.105	0.2656958832917642
Saltmarsh_3_000000001	6134400.0	1	1	0.22524577261802214	0.4504915452360443	0.27703775440424266	0.5540755088084853	1.0	0.24508504569530487	18719234.412097666	7928217.785243172	7928217.785243172	0.00038895043457923273	0.039252138491636626	0.20540120606094048	6134400.0	0.105	0.2661999630549789
Saltmarsh_3_000000001	6220800.0	1	1	0.2253785901757529	0.4507571803515058	0.277201946522917	0.554403893045834	1.0	0.24508504569530487	18742824.483669747	7938275.999506056	7938275.999506056	0.00036477212220806937	0.03932660787532221	0.2057659781831486	6220800.0	0.105	0.26667270772536056
Saltmarsh_3_000000001	6307200.0	1	1	0.2255029987947486	0.4510059975894972	0.27735574242187855	0.5547114848437571	1.0	0.24508504569530487	18764934.644335177	7947703.17857973	7947703.17857973	0.0003420678716053796	0.03939644802129327	0.20610804605475397	6307200.0	0.105	0.26711602768696113
Saltmarsh_3_000000001	6393600.0	1	1	0.2256195301287807	0.4512390602575614	0.2774997995121516	0.5549995990243032	1.0	0.24508504569530487	18785656.78948976	7956538.5115208095	7956538.5115208095	0.00032075140065031954	0.03946194115695373	0.20642879745540438	6393600.0	0.105	0.2675317215022041
Saltmarsh_3_000000001	6480000.0	1	1	0.22572868230893336	0.45145736461786673	0.2776347337385909	0.5552694674771818	1.0	0.24508504569530487	18805077.22544167	7964818.80329793	7964818.80329793	0.0003007410265640359	0.03952335298992562	0.2067295384819684	6480000.0	0.105	0.26792148187263104
Saltmarsh_3_000000001	6566400.0	1	1	0.22583092204594785	0.4516618440918957	0.27776112218217636	0.5555222443643527	1.0	0.24508504569530487	18823276.994689863	7972578.613621356	7972578.613621356	0.0002819594794567573	0.03958093358865002	0.20701149796142515	6566400.0	0.105	0.268286901358007
Saltmarsh_3_000000001	6652800.0	1	1	0.22592668660215634	0.4518533732043127	0.2778795055006555	0.555759011001311	1.0	0.24508504569530487	18840332.184139587	7979850.388479423	7979850.388479423	0.0002643337151075481	0.03963491822728957	0.20727583167653268	6652800.0	0.105	0.26862947785278635
Saltmarsh_3_000000001	6739200.0	1	1	0.22601638564091167	0.45203277128182334	0.27799039021736266	0.5559807804347253	1.0	0.24508504569530487	18856314.216901477	7986664.584659792	7986664.584659792	0.0002477947285139878	0.03968552819478497	0.20752362640504668	6739200.0	0.105	0.2689506198209405
Saltmarsh_3_000000001	6825600.0	1	1	0.22610040296096257	0.45220080592192513	0.27809425086747547	0.5561885017349509	1.0	0.24508504569530487	18871290.128333002	7993049.787538333	7993049.787538333	0.00023227736947805527	0.03973297156821361	0.20775590377452482	6825600.0	0.105	0.2692516512917842
Saltmarsh_3_000000001	6912000.0	1	1	0.2261790981227929	0.4523581962455858	0.2781915320104275	0.556383064020855	1.0	0.24508504569530487	18885322.82698579	7999032.822420389	7999032.822420389	0.0002177201612623622	0.03977744395083958	0.20797362393578722	6912000.0	0.105	0.26953381662078024
Saltmarsh_3_000000001	6998400.0	1	1	0.2262528079735332	0.4525056159470664	0.27828265011668357	0.5565653002333671	1.0	0.24508504569530487	18898471.341121316	8004638.859718294	8004638.859718294	0.0002040651231481963	0.03981912917544327	0.20817768905893552	6998400.0	0.105	0.26979828502038045
Saltmarsh_3_000000001	7084800.0	1	1	0.22632184807666364	0.4526436961533273	0.27836799533659895	0.5567359906731979	1.0	0.24508504569530487	18910791.051451348	8009891.514246442	8009891.514246442	0.00019125759755467264	0.03985819997367754	0.2083689466564902	7084800.0	0.105	0.2700461548668113
Saltmarsh_3_000000001	7171200.0	1	1	0.22638651405236127	0.45277302810472253	0.2784479331586257	0.5568958663172514	1.0	0.24508504569530487	18922333.910749514	8014812.9389106175	8014812.9389106175	0.00017924608222950195	0.039894818612323586	0.2085481927387197	7171200.0	0.105	0.27027845778938075
Saltmarsh_3_000000001	7257600.0	1	1	0.2264470828339951	0.4528941656679902	0.27852280596369483	0.5570456119273897	1.0	0.24508504569530487	18933148.650967244	8019423.913062591	8019423.913062591	0.00016798206789511022	0.039929137497417846	0.2087161748066148	7257600.0	0.105	0.2704961625493728
Saltmarsh_3_000000001	7344000.0	1	1	0.22650381384594487	0.45300762769188974	0.27859293448219347	0.5571858689643869	1.0	0.24508504569530487	18943280.978471324	8023743.925784087	8023743.925784087	0.00015741988162642356	0.03996129974729401	0.2088735946882413	7344000.0	0.105	0.27070017871596075
Saltmarsh_3_000000001	7430400.0	1	1	0.22655695010760857	0.45311390021521714	0.27865861915957046	0.5573172383191409	1.0	0.24508504569530487	18952773.758002784	8027791.254356526	8027791.254356526	0.0001475165361446984	0.03999143973563793	0.20902111122438602	7430400.0	0.105	0.2708913601468043
Saltmarsh_3_000000001	7516800.0	1	1	0.2266067192681704	0.4532134385363408	0.27872014143623863	0.5574402828724773	1.0	0.24508504569530487	18961667.185937427	8031583.0381647125	8031583.0381647125	0.00013823158513567857	0.04001968360568788	0.2091593428095217	7516800.0	0.105	0.27107050828114015
Saltmarsh_3_000000001	7603200.0	1	1	0.22665333457642534	0.45330666915285067	0.2787777649470978	0.5575555298941955	1.0	0.24508504569530487	18969998.953408096	8035135.348273833	8035135.348273833	0.00012952698463539886	0.04004614975673377	0.20928886979415715	7603200.0	0.105	0.2712383752532277
Saltmarsh_3_000000001	7689600.0	1	1	0.22669699578969515	0.4533939915793903	0.2788317366456794	0.5576634732913588	1.0	0.24508504569530487	18977804.399827626	8038463.252910103	8038463.252910103	0.00012136696047367751	0.040070949304076835	0.20941023675463086	7689600.0	0.105	0.2713956668340016
Saltmarsh_3_000000001	7776000.0	1	1	0.22673789002562547	0.45347578005125094	0.27888228785760844	0.5577645757152169	1.0	0.24508504569530487	18985116.657330163	8041580.879066157	8041580.879066157	0.00011371788172094555	0.04009418651360984	0.20952395463635182	7776000.0	0.105	0.271543045208712
Saltmarsh_3_000000001	7862400.0	1	1	0.2267761925604221	0.4535523851208442	0.27892963526779035	0.5578592705355807	1.0	0.24508504569530487	18991966.786626577	8044501.47044306	8044501.47044306	0.00010654814004824875	0.04011595921216705	0.2096305027764001	7862400.0	0.105	0.27168113159821455
Saltmarsh_3_000000001	7948800.0	1	1	0.22681206757686762	0.45362413515373523	0.2789739818454611	0.5579479636909223	1.0	0.24508504569530487	18998383.904748313	8047237.441931426	8047237.441931426	9.982803488089997e-05	0.04013635917477623	0.209730330811281	7948800.0	0.105	0.2718105087314202
Saltmarsh_3_000000001	8035200.0	1	1	0.2268456688652533	0.4536913377305066	0.279015517710984	0.558031035421968	1.0	0.24508504569530487	19004395.30513239	8049800.430824994	8049800.430824994	9.352966420315967e-05	0.04015547248992181	0.20982386047548415	8035200.0	0.105	0.2719317231762275
Saltmarsh_3_000000001	8121600.0	1	1	0.22687714048016988	0.45375428096033976	0.2790544209480367	0.5581088418960733	1.0	0.24508504569530487	19010026.57047912	8052201.344951	8052201.344951	8.762682085366319e-05	0.04017337990390134	0.20991148729633782	8121600.0	0.105	0.27204528753605384
Saltmarsh_3_000000001	8208000.0	1	1	0.22690661735591805	0.4538132347118361	0.279090858364609	0.558181716729218	1.0	0.24508504569530487	19015301.6787934	8054450.407892629	8054450.407892629	8.209489413679022e-05	0.04019015714532635	0.2099935821904746	8208000.0	0.105	0.2721516825188551
Saltmarsh_3_000000001	8294400.0	1	1	0.22693422588313064	0.4538684517662613	0.27912498620601806	0.5582499724120361	1.0	0.24508504569530487	19020243.10300022	8056557.201470391	8056557.201470391	7.69107765664287e-05	0.040205875230785525	0.2100704929670411	8294400.0	0.105	0.2722513588852853
Saltmarsh_3_000000001	8380800.0	1	1	0.22696008444903648	0.45392016889807296	0.27915695082295056	0.5583139016459011	1.0	0.24508504569530487	19024871.904505204	8058530.705640715	8058530.705640715	7.20527755507655e-05	0.04022060075265281	0.2101425457425919	8380800.0	0.105	0.2723447392823991
Saltmarsh_3_000000001	8467200.0	1	1	0.2269843039436467	0.4539686078872934	0.2791868892973547	0.5583737785947094	1.0	0.24508504569530487	19029207.821052186	8060379.335961893	8060379.335961893	6.750052982304466e-05	0.040234396149986425	0.21021004627241502	8467200.0	0.105	0.27243221996904987
Saltmarsh_3_000000001	8553600.0	1	1	0.22700698823400234	0.4540139764680047	0.27921493002882847	0.5584298600576569	1.0	0.24508504569530487	19033269.34921125	8062110.978769807	8062110.978769807	6.323493042140194e-05	0.04024731996342763	0.2102732812028364	8553600.0	0.105	0.272514172438876
Saltmarsh_3_000000001	8640000.0	1	1	0.22702823460848853	0.45405646921697707	0.2792411932839871	0.5584823865679742	1.0	0.24508504569530487	19037073.821813058	8063733.024198068	8063733.024198068	5.923804602039895e-05	0.04025942707496994	0.21033251924885682	8640000.0	0.105	0.2725909449465185
Saltmarsh_3_000000001	8726400.0	1	1	0.22704813419309716	0.4540962683861943	0.279265791711137	0.558531583422274	1.0	0.24508504569530487	19040637.480628215	8065252.397170215	8065252.397170215	5.5493052418753575e-05	0.04027076893343232	0.21038801230127557	8726400.0	0.105	0.27266286394245315
Saltmarsh_3_000000001	8812800.0	1	1	0.22706677234140116	0.4541335446828023	0.27928883082243916	0.5585776616448783	1.0	0.24508504569530487	19043975.544574272	8066675.58648436	8066675.58648436	5.198416599004607e-05	0.04028139376643175	0.21043999646726558	8812800.0	0.105	0.2727302354215762
Saltmarsh_3_000000001	8899200.0	1	1	0.22708422899989475	0.4541684579997895	0.2793104094456081	0.5586208188912162	1.0	0.24508504569530487	19047102.273717158	8068008.672104294	8068008.672104294	4.869658090728146e-05	0.04029134677961419	0.21048869304817291	8899200.0	0.105	0.2727933461904321
Saltmarsh_3_000000001	8985600.0	1	1	0.22710057905025005	0.4542011581005001	0.2793306201470647	0.5586612402941294	1.0	0.24508504569530487	19050031.02931919	8069257.350764486	8069257.350764486	4.561640995592864e-05	0.0403006703438665	0.21053430945812882	8985600.0	0.105	0.27285246505773497
Saltmarsh_3_000000001	9072000.0	1	1	0.22711589262994386	0.4542317852598877	0.27934954962834213	0.5586990992566843	1.0	0.24508504569530487	19052774.33017143	8070426.959990502	8070426.959990502	4.273062875646827e-05	0.040309404171196044	0.21057704008688533	9072000.0	0.105	0.27290784395260337
Saltmarsh_3_000000001	9158400.0	1	1	0.22713023543261707	0.45426047086523413	0.2793672790974289	0.5587345581948578	1.0	0.24508504569530487	19055343.90543478	8071522.500630523	8071522.500630523	4.002702322134649e-05	0.04031758547993127	0.2106170671101067	9158400.0	0.105	0.2729597189746983
Saltmarsh_3_000000001	9244800.0	1	1	0.22714366898944457	0.45428733797888915	0.27938388461663144	0.5587677692332629	1.0	0.24508504569530487	19057750.7442013	8072548.65798818	8072548.65798818	3.749414007881563e-05	0.04032524914986209	0.2106545612501855	9244800.0	0.105	0.2730083113802404
Saltmarsh_3_000000001	9331200.0	1	1	0.22715625093271252	0.45431250186542504	0.2793994374284354	0.5587988748568709	1.0	0.24508504569530487	19060005.141974982	8073509.821641732	8073509.821641732	3.512124030113917e-05	0.04033242786790752	0.21068968249048667	9331200.0	0.105	0.27305382850767074
Saltmarsh_3_000000001	9417600.0	1	1	0.22716803524272558	0.45433607048545116	0.279414004260755	0.55882800852151	1.0	0.24508504569530487	19062116.744259834	8074410.104029632	8074410.104029632	3.289825528160484e-05	0.040339152264866555	0.21072258074576833	9417600.0	0.105	0.27309646464651577
Saltmarsh_3_000000001	9504000.0	1	1	0.22717907247909572	0.45435814495819143	0.2794276476128705	0.558855295225741	1.0	0.24508504569530487	19064094.587431885	8075253.357877923	8075253.357877923	3.081574561102085e-05	0.040345451043778596	0.21075339649137942	9504000.0	0.105	0.2731364018528277
Saltmarsh_3_000000001	9590400.0	1	1	0.22718940999739856	0.4543788199947971	0.2794404260232737	0.5588808520465474	1.0	0.24508504569530487	19065947.13706152	8076043.192540349	8076043.192540349	2.886486231066382e-05	0.040351351100391085	0.21078226135369016	9590400.0	0.105	0.27317381071438246
Saltmarsh_3_000000001	9676800.0	1	1	0.22719909215212097	0.45439818430424195	0.2794523943205637	0.5589047886411274	1.0	0.24508504569530487	19067682.323842756	8076782.989317998	8076782.989317998	2.7037310385225055e-05	0.04035687763620477	0.21080929866407544	9676800.0	0.105	0.2732088510686418
Saltmarsh_3_000000001	9763200.0	1	1	0.2272081604867655	0.454416320973531	0.27946360385846336	0.5589272077169267	1.0	0.24508504569530487	19069307.57727657	8077475.915821266	8077475.915821266	2.5325314565650958e-05	0.04036205426454068	0.21083462397864106	9763200.0	0.105	0.2732416726763188
Saltmarsh_3_000000001	9849600.0	1	1	0.2272166539119233	0.4544333078238466	0.2794741027359603	0.5589482054719206	1.0	0.24508504569530487	19070829.85724679	8078124.9394331565	8078124.9394331565	2.3721587117622733e-05	0.04036690311004816	0.21085834556575878	9849600.0	0.105	0.27327241585322337
Saltmarsh_3_000000001	9936000.0	1	1	0.2272246088720752	0.4544492177441504	0.27948393600351157	0.5589678720070231	1.0	0.24508504569530487	19072255.683618724	8078732.839929471	8078732.839929471	2.221929759782526e-05	0.04037144490204953	0.2108805648633566	9936000.0	0.105	0.2733012120629102
Saltmarsh_3_000000001	10022400.0	1	1	0.2272320595018339	0.4544641190036678	0.2794931458561943	0.5589862917123886	1.0	0.24508504569530487	19073591.163982816	8079302.221308003	8079302.221308003	2.0812044446087696e-05	0.04037569906209393	0.21090137690780264	10022400.0	0.105	0.2733281844725122
Saltmarsh_3_000000001	10108800.0	1	1	0.22723903777229407	0.45447807554458813	0.27950177181462604	0.5590035436292521	1.0	0.24508504569530487	19074842.019658297	8079835.522875838	8079835.522875838	1.9493828306717254e-05	0.04037968378607247	0.21092087073610938	10108800.0	0.105	0.2733534484739978
Saltmarsh_3_000000001	10195200.0	1	1	0.22724557362811643	0.45449114725623285	0.27950985089442965	0.5590197017888593	1.0	0.24508504569530487	19076013.61006484	8080335.029640716	8080335.029640716	1.8259026978308113e-05	0.04038341612122527	0.21093912976308765	10195200.0	0.105	0.2733771121729616
Saltmarsh_3_000000001	10281600.0	1	1	0.22725169511593105	0.4545033902318621	0.27951741776496586	0.5590348355299317	1.0	0.24508504569530487	19077110.955563575	8080802.882049786	8080802.882049786	1.7102371896733637e-05	0.04038691203835219	0.21095623213498443	10281600.0	0.105	0.2733992768469398
Saltmarsh_3_000000001	10368000.0	1	1	0.2272574285046094	0.4545148570092188	0.27952450489801356	0.5590490097960271	1.0	0.24508504569530487	19078138.758862782	8081241.085116331	8081241.085116331	1.601892606041544e-05	0.040390186499521245	0.21097225106104484	10368000.0	0.105	0.2734200373751141
Saltmarsh_3_000000001	10454400.0	1	1	0.22726279839791935	0.4545255967958387	0.27953114270703283	0.5590622854140657	1.0	0.24508504569530487	19079101.425077666	8081651.516972584	8081651.516972584	1.5004063312729077e-05	0.04039325352155019	0.21098725512435762	10454400.0	0.105	0.27343948264116746
Saltmarsh_3_000000001	10540800.0	1	1	0.2272678278400449	0.4545356556800898	0.27953735967760723	0.5590747193552145	1.0	0.24508504569530487	19080003.080528148	8082035.936884499	8082035.936884499	1.4053448900687437e-05	0.04039612623552181	0.21100130857325827	10540800.0	0.105	0.2734576959109427
Saltmarsh_3_000000001	10627200.0	1	1	0.2272725384144222	0.4545450768288444	0.27954318248962334	0.5590863649792467	1.0	0.24508504569530487	19080847.59035348	8082395.992762	8082395.992762	1.3163021233400518e-05	0.040398816942576604	0.21101447159449171	10627200.0	0.105	0.27347475518646125
Saltmarsh_3_000000001	10713600.0	1	1	0.22727695033631481	0.45455390067262963	0.27954863613171005	0.5590972722634201	1.0	0.24508504569530487	19081638.575017687	8082733.228196318	8082733.228196318	1.2328974768383016e-05	0.04040133716621321	0.21102680056926015	10713600.0	0.105	0.27349073353776115
Saltmarsh_3_000000001	10800000.0	1	1	0.2272810825395246	0.4545621650790492	0.27955374400842825	0.5591074880168565	1.0	0.24508504569530487	19082379.425775107	8083049.089053917	8083049.089053917	1.1547743957673884e-05	0.040403697701311914	0.21103834831321783	10800000.0	0.105	0.2735056994139303
Saltmarsh_3_000000001	10886400.0	1	1	0.22728495275760904	0.4545699055152181	0.2795585280406695	0.559117056081339	1.0	0.24508504569530487	19083073.31916128	8083344.929654868	8083344.929654868	1.081598818970797e-05	0.04040590866008464	0.21104916430140755	10886400.0	0.105	0.2735197169346242
Saltmarsh_3_000000001	10972800.0	1	1	0.22728857759995327	0.45457715519990655	0.2795630087596933	0.5591260175193866	1.0	0.24508504569530487	19083723.230570193	8083622.018561659	8083622.018561659	1.0130577666481178e-05	0.040407979515141815	0.21105929487907404	10972800.0	0.105	0.27353284616328
Saltmarsh_3_000000001	11059200.0	1	1	0.227291972623022	0.454583945246044	0.2795672053952066	0.5591344107904131	1.0	0.24508504569530487	19084331.946975157	8083881.544002859	8083881.544002859	9.48858015906856e-06	0.04040991913985523	0.2110687834592332	11059200.0	0.105	0.2735451433631662
Saltmarsh_3_000000001	11145600.0	1	1	0.2272951523970971	0.4545903047941942	0.2795711359578614	0.5591422719157229	1.0	0.24508504569530487	19084902.07884711	8084124.618954631	8084124.618954631	8.887248588058949e-06	0.04041173584618509	0.21107767070782127	11145600.0	0.105	0.27355666123733635
Saltmarsh_3_000000001	11232000.0	1	1	0.2272981305687863	0.4545962611375726	0.279574817316526	0.559149634633052	1.0	0.24508504569530487	19085436.071320727	8084352.28590147	8084352.28590147	8.324009378196662e-06	0.04041343742012916	0.21108599471719947	11232000.0	0.105	0.2735674491534905
Saltmarsh_3_000000001	11318400.0	1	1	0.22730091991957094	0.4546018398391419	0.2795782652706584	0.5591565305413168	1.0	0.24508504569530487	19085936.214655593	8084565.5212964285	8084565.5212964285	7.79645153981684e-06	0.04041503115494233	0.21109379116873933	11318400.0	0.105	0.2735775533546862
Saltmarsh_3_000000001	11404800.0	1	1	0.22730353242064352	0.45460706484128705	0.27958149461809406	0.5591629892361881	1.0	0.24508504569530487	19086404.65403678	8084765.239739671	8084765.239739671	7.302316432721001e-06	0.04041652388226564	0.21110109348517203	11404800.0	0.105	0.27358701715678296
Saltmarsh_3_000000001	11491200.0	1	1	0.22730597928427035	0.4546119585685407	0.27958451921853783	0.5591690384370757	1.0	0.24508504569530487	19086843.398756348	8084952.297893047	8084952.297893047	6.839488169832486e-06	0.0404179220012954	0.21110793297334188	11491200.0	0.105	0.27359588113345107
Saltmarsh_3_000000001	11577600.0	1	1	0.22730827101189902	0.45461654202379803	0.27958735205303153	0.5591747041060631	1.0	0.24508504569530487	19087254.330814805	8085127.498147403	8085127.498147403	6.405984621843386e-06	0.04041923150611517	0.21111433895796367	11577600.0	0.105	0.2736041832895209
Saltmarsh_3_000000001	11664000.0	1	1	0.22731041743921704	0.4546208348784341	0.2795900052796532	0.5591800105593064	1.0	0.24508504569530487	19087639.21297895	8085291.592058074	8085291.592058074	5.999948985140058e-06	0.04042045801130523	0.21112033890694887	11664000.0	0.105	0.27361195922340575
Saltmarsh_3_000000001	11750400.0	1	1	0.22731242777835495	0.4546248555567099	0.27959249028568584	0.5591849805713717	1.0	0.24508504569530487	19087999.696330465	8085445.283563281	8085445.283563281	5.619641878604198e-06	0.040421606775937806	0.21112595854882746	11750400.0	0.105	0.27361924227928036
Saltmarsh_3_000000001	11836800.0	1	1	0.22731431065741448	0.45462862131482895	0.2795948177364799	0.5591896354729597	1.0	0.24508504569530487	19088337.3273372	8085589.231998997	8085589.231998997	5.263433935961959e-06	0.04042268272605902	0.2111312219827634	11836800.0	0.105	0.2736260636896614
Saltmarsh_3_000000001	11923200.0	1	1	0.22731607415749155	0.4546321483149831	0.27959699762121876	0.5591939952424375	1.0	0.24508504569530487	19088653.554477446	8085724.054923223	8085724.054923223	4.929798863476109e-06	0.040423690475752644	0.21113615178162684	11923200.0	0.105	0.2736324527089884
Saltmarsh_3_000000001	12009600.0	1	1	0.22731772584735258	0.45463545169470515	0.2795990392957835	0.559198078591567	1.0	0.24508504569530487	19088949.73444513	8085850.33076163	8085850.33076163	4.617306933601961e-06	0.04042463434687455	0.2111407690885605	12009600.0	0.105	0.2736384367387744
Saltmarsh_3_000000001	12096000.0	1	1	0.22731927281591296	0.45463854563182593	0.2796009515229005	0.559201903045801	1.0	0.24508504569530487	19089227.137962643	8085968.601285862	8085968.601285862	4.3246188876980285e-06	0.04042551838754161	0.21114509370744822	12096000.0	0.105	0.2736440414448529
Saltmarsh_3_000000001	12182400.0	1	1	0.22732072170265694	0.45464144340531387	0.2796027425097444	0.5592054850194887	1.0	0.24508504569530487	19089486.955225874	8086079.373935029	8086079.373935029	4.05048022220772e-06	0.04042634638945294	0.21114914418767045	12182400.0	0.105	0.2736492908672209
Saltmarsh_3_000000001	12268800.0	1	1	0.22732207872612925	0.4546441574522585	0.2796044199431577	0.5592088398863154	1.0	0.24508504569530487	19089730.301004708	8086183.123990343	8086183.123990343	3.793715834275735e-06	0.04042712190411744	0.21115293790350478	12268800.0	0.105	0.2736542075229422
Saltmarsh_3_000000001	12355200.0	1	1	0.22732334971062074	0.4546466994212415	0.2796059910226377	0.5592119820452754	1.0	0.24508504569530487	19089958.219420828	8086280.296612145	8086280.296612145	3.5532250047334846e-06	0.040427848258055996	0.21115649112850954	12355200.0	0.105	0.27365881250254837
Saltmarsh_3_000000001	12441600.0	1	1	0.22732454011116252	0.45464908022232503	0.27960746249123236	0.5592149249824647	1.0	0.24508504569530487	19090171.688423086	8086371.30874797	8086371.30874797	3.3279766967000968e-06	0.04042852856704315	0.21115981910520626	12441600.0	0.105	0.27366312556034733
Saltmarsh_3_000000001	12528000.0	1	1	0.2273256550369358	0.4546513100738716	0.27960884066447766	0.5592176813289553	1.0	0.24508504569530487	19090371.62397964	8086456.550919891	8086456.550919891	3.1170051508142005e-06	0.040429165749448645	0.21116293611035708	12528000.0	0.105	0.2736671651990228
Saltmarsh_3_000000001	12614400.0	1	1	0.2273266992731976	0.4546533985463952	0.2796101314575011	0.5592202629150022	1.0	0.24508504569530487	19090558.884004716	8086536.388898688	8086536.388898688	2.9194057578063592e-06	0.040429762538735634	0.21116585551611494	12614400.0	0.105	0.273670948748885
Saltmarsh_3_000000001	12700800.0	1	1	0.2273276773018167	0.4546553546036334	0.27961134041040625	0.5592226808208125	1.0	0.24508504569530487	19090734.272036724	8086611.165272046	8086611.165272046	2.734331191626971e-06	0.040430321495168606	0.21116858984730658	12700800.0	0.105	0.27367449244210934
Saltmarsh_3_000000001	12787200.0	1	1	0.2273285933205079	0.4546571866410158	0.27961247271204887	0.5592249454240977	1.0	0.24508504569530487	19090898.540683586	8086681.200913438	8086681.200913438	2.560987786240365e-06	0.04043084501678095	0.2111711508350928	12787200.0	0.105	0.27367781148228026
Saltmarsh_3_000000001	12873600.0	1	1	0.22732945126084667	0.45465890252169333	0.27961353322230537	0.5592270664446107	1.0	0.24508504569530487	19091052.394849833	8086746.796358018	8086746.796358018	2.39863214122199e-06	0.04043133534964887	0.21117354946723402	12873600.0	0.105	0.27368092010953526
Saltmarsh_3_000000001	12960000.0	1	1	0.22733025480514216	0.4546605096102843	0.2796145264929297	0.5592290529858595	1.0	0.24508504569530487	19091196.494759373	8086808.2330914	8086808.2330914	2.2465679416494577e-06	0.04043179459751535	0.21117579603517572	12960000.0	0.105	0.2736838316615878
Saltmarsh_3_000000001	13046400.0	1	1	0.22733100740224024	0.4546620148044805	0.27961545678708805	0.5592309135741761	1.0	0.24508504569530487	19091331.45878682	8086865.774756768	8086865.774756768	2.104142978617829e-06	0.040432224730805225	0.21117790017815435	13046400.0	0.105	0.2736865586308881
Saltmarsh_3_000000001	13132800.0	1	1	0.227331712282325	0.45466342456465	0.279616328097655	0.55923265619531	1.0	0.24508504569530487	19091457.866109505	8086919.668285568	8086919.668285568	1.970746357979336e-06	0.04043262759506986	0.21117987092451235	13132800.0	0.105	0.27368911271816804
Saltmarsh_3_000000001	13219200.0	1	1	0.22733237247078164	0.4546647449415633	0.27961714416435024	0.5592342883287005	1.0	0.24508504569530487	19091576.25919152	8086970.144956594	8086970.144956594	1.8458058856155035e-06	0.040433004918897356	0.21118171673039798	13219200.0	0.105	0.2736915048825958
Saltmarsh_3_000000001	13305600.0	1	1	0.22733299080118077	0.45466598160236155	0.2796179084897882	0.5592358169795764	1.0	0.24508504569530487	19091687.146110386	8087017.421387956	8087017.421387956	1.7287856176259608e-06	0.04043335832132215	0.21118344551601562	13305600.0	0.105	0.27369374538875624
Saltmarsh_3_000000001	13392000.0	1	1	0.22733356992743936	0.4546671398548787	0.27961862435451074	0.5592372487090215	1.0	0.24508504569530487	19091791.002736337	8087061.700466217	8087061.700466217	1.6191835654905118e-06	0.04043368931876559	0.2111850646995811	13392000.0	0.105	0.2736958438506571
Saltmarsh_3_000000001	13478400.0	1	1	0.22733411233521086	0.45466822467042173	0.27961929483106673	0.5592385896621335	1.0	0.24508504569530487	19091888.2747736	8087103.1722166985	8087103.1722166985	1.5165295464206197e-06	0.040433999331537074	0.21118658122912756	13478400.0	0.105	0.2736978092729493
Saltmarsh_3_000000001	13564800.0	1	1	0.22733462035255317	0.45466924070510634	0.2796199227971987	0.5592398455943974	1.0	0.24508504569530487	19091979.379672278	8087142.014618602	8087142.014618602	1.4203831692968794e-06	0.040434289689923714	0.2111880016122969	13564800.0	0.105	0.2736996500895368
Saltmarsh_3_000000001	13651200.0	1	1	0.22733509615992023	0.45467019231984046	0.27962051094819385	0.5592410218963877	1.0	0.24508504569530487	19092064.708419126	8087178.394368511	8087178.394368511	1.3303319483168319e-06	0.040434561639894236	0.2111893319442452	13651200.0	0.105	0.2737013741997418
Saltmarsh_3_000000001	13737600.0	1	1	0.2273355417995203	0.4546710835990406	0.27962106180845187	0.5592421236169037	1.0	0.24508504569530487	19092144.62721489	8087212.4675955195	8087212.4675955195	1.2459895357488926e-06	0.04043481634844185	0.211190577933781	13737600.0	0.105	0.27370298900218015
Saltmarsh_3_000000001	13824000.0	1	1	0.22733595918408087	0.45467191836816173	0.2796215777423194	0.5592431554846388	1.0	0.24508504569530487	19092219.47904533	8087244.380531058	8087244.380531058	1.1669940665412493e-06	0.04043505490858875	0.2111917449278476	13824000.0	0.105	0.2737045014264905
Saltmarsh_3_000000001	13910400.0	1	1	0.2273363501050578	0.4546727002101156	0.2796220609642375	0.559244121928475	1.0	0.24508504569530487	19092289.585152715	8087274.270136228	8087274.270136228	1.0930066076109135e-06	0.04043527834407353	0.21119283793445526	13910400.0	0.105	0.27370591796305405
Saltmarsh_3_000000001	13996800.0	1	1	0.22733671624032417	0.45467343248064834	0.279622513548246	0.559245027096492	1.0	0.24508504569530487	19092355.24641405	8087302.264689437	8087302.264689437	1.0237097053389377e-06	0.04043548761374185	0.2111938616441606	13996800.0	0.105	0.27370724469083213
Saltmarsh_3_000000001	14083200.0	1	1	0.22733705916137162	0.45467411832274324	0.2796229374368853	0.5592458748737706	1.0	0.24508504569530487	19092416.744632002	8087328.484336775	8087328.484336775	9.58806024943526e-07	0.040435683615658934	0.21119482045018556	14083200.0	0.105	0.2737084873034405
Saltmarsh_3_000000001	14169600.0	1	1	0.227337380340055	0.45467476068011	0.2796233344495333	0.5592466688990666	1.0	0.24508504569530487	19092474.343743965	8087353.041607503	8087353.041607503	8.980170759093076e-07	0.04043586719096161	0.21119571846726154	14169600.0	0.105	0.273709651133571
Saltmarsh_3_000000001	14256000.0	1	1	0.2273376811549096	0.4546753623098192	0.27962370629021427	0.5592474125804285	1.0	0.24508504569530487	19092528.290954564	8087376.041896885	8087376.041896885	8.410820182061518e-07	0.04043603912746622	0.21119655954927974	14256000.0	0.105	0.2737107411758665
Saltmarsh_3_000000001	14342400.0	1	1	0.22733796289706776	0.4546759257941355	0.27962405455491274	0.5592481091098255	1.0	0.24508504569530487	19092578.81779633	8087397.583918401	8087397.583918401	7.877565439892709e-07	0.04043620016304802	0.2111973473058238	14342400.0	0.105	0.27371176210834763
Saltmarsh_3_000000001	14428800.0	1	1	0.2273382267758004	0.4546764535516008	0.27962438073842305	0.5592487614768461	1.0	0.24508504569530487	19092626.141123164	8087417.760127352	8087417.760127352	7.378118302078795e-07	0.04043635098880655	0.211198085117654	14428800.0	0.105	0.2737127183124796
Saltmarsh_3_000000001	14515200.0	1	1	0.22733847392370718	0.45467694784741436	0.2796246862407653	0.5592493724815306	1.0	0.24508504569530487	19092670.464040894	8087436.657117521	8087436.657117521	6.910335572929416e-07	0.04043649225203032	0.21119877615121135	14515200.0	0.105	0.2737136138919699
Saltmarsh_3_000000001	14601600.0	1	1	0.22733870540157755	0.4546774108031551	0.2796249723731941	0.5592499447463882	1.0	0.24508504569530487	19092711.97677874	8087454.35599281	8087454.35599281	6.472209903574111e-07	0.04043662455897369	0.21119942337220166	14601600.0	0.105	0.27371445269037337
Saltmarsh_3_000000001	14688000.0	1	1	0.22733892220294385	0.4546778444058877	0.2796252403638267	0.5592504807276534	1.0	0.24508504569530487	19092750.857505627	8087470.932715218	8087470.932715218	6.061861182668493e-07	0.040436748477457825	0.21120002955831993	14688000.0	0.105	0.27371523830758265
Saltmarsh_3_000000001	14774400.0	1	1	0.2273391252583455	0.454678250516691	0.27962549136291376	0.5592509827258275	1.0	0.24508504569530487	19092787.27309477	8087486.458430837	8087486.458430837	5.677528473121973e-07	0.04043686453930687	0.21120059731116722	14774400.0	0.105	0.27371597411527276
Saltmarsh_3_000000001	14860800.0	1	1	0.22733931543932273	0.45467863087864546	0.2796257264477767	0.5592514528955534	1.0	0.24508504569530487	19092821.379839726	8087500.999775137	8087500.999775137	5.317562460568914e-07	0.040436973242629626	0.2112011290674133	14860800.0	0.105	0.2737166632713677
Saltmarsh_3_000000001	14947200.0	1	1	0.22733949356215763	0.45467898712431526	0.27962594662743134	0.5592518932548627	1.0	0.24508504569530487	19092853.324125107	8087514.619158934	8087514.619158934	4.980418379513241e-07	0.04043707505395672	0.21120162710925128	14947200.0	0.105	0.2737173087335897
Saltmarsh_3_000000001	15033600.0	1	1	0.22733966039137726	0.4546793207827545	0.2796261528469186	0.5592523056938372	1.0	0.24508504569530487	19092883.243054755	8087527.375036192	8087527.375036192	4.6646493864765937e-07	0.040437170410242314	0.2112020935741899	15033600.0	0.105	0.2737179132721501
Saltmarsh_3_000000001	15120000.0	1	1	0.22733981664303538	0.45467963328607075	0.27962634599136094	0.5592526919827219	1.0	0.24508504569530487	19092911.26504012	8087539.322154899	8087539.322154899	4.3689003551700134e-07	0.04043725972073898	0.21120253046422544	15120000.0	0.105	0.27371847948163613
Saltmarsh_3_000000001	15206400.0	1	1	0.22733996298778558	0.45467992597557116	0.27962652688976114	0.5592530537795223	1.0	0.24508504569530487	19092937.51035133	8087550.511791999	8087550.511791999	4.0919020628110703e-07	0.040437343368753716	0.2112029396544318	15206400.0	0.105	0.27371900979214364
Saltmarsh_3_000000001	15292800.0	1	1	0.2273401000537599	0.4546802001075198	0.2796266963185605	0.559253392637121	1.0	0.24508504569530487	19092962.091633316	8087560.991973454	8087560.991973454	3.832465745867708e-07	0.04043742171329268	0.2112033229010064	15292800.0	0.105	0.2737195064797043
Saltmarsh_3_000000001	15379200.0	1	1	0.22734022842926474	0.4546804568585295	0.2796268550049715	0.559253710009943	1.0	0.24508504569530487	19092985.11438925	8087570.807680331	8087570.807680331	3.5894780001100024e-07	0.04043749509060165	0.21120368184880642	15379200.0	0.105	0.2737199716760531
Saltmarsh_3_000000001	15465600.0	1	1	0.22734034866530597	0.45468069733061195	0.2796270036300988	0.5592540072601976	1.0	0.24508504569530487	19093006.67743329	8087580.001041873	8087580.001041873	3.361896004500098e-07	0.040437563815608916	0.2112040180384069	15465600.0	0.105	0.27372040737777537
Saltmarsh_3_000000001	15552000.0	1	1	0.22734046127795388	0.45468092255590775	0.27962714283186285	0.5592542856637257	1.0	0.24508504569530487	19093026.87331469	8087588.611516272	8087588.611516272	3.148743046785252e-07	0.04043762818327668	0.21120433291271162	15552000.0	0.105	0.27372081545487426
Saltmarsh_3_000000001	15638400.0	1	1	0.22734056675055817	0.45468113350111633	0.2796272732077379	0.5592545464154758	1.0	0.24508504569530487	19093045.78871495	8087596.6760600265	8087596.6760600265	2.949104333724306e-07	0.04043768846986676	0.21120462782314509	15638400.0	0.105	0.27372119765879604
Saltmarsh_3_000000001	15724800.0	1	1	0.22734066553582258	0.45468133107164516	0.2796273953173162	0.5592547906346323	1.0	0.24508504569530487	19093063.504819855	8087604.229286535	8087604.229286535	2.7621230654084616e-07	0.040437744934126135	0.21120490403545172	15724800.0	0.105	0.27372155562994543
Saltmarsh_3_000000001	15811200.0	1	1	0.22734075805774784	0.4546815161154957	0.2796275096847099	0.5592550193694198	1.0	0.24508504569530487	19093080.097667873	8087611.303614657	8087611.303614657	2.58699676014551e-07	0.04043779781839727	0.21120516273512774	15811200.0	0.105	0.27372189090472554
Saltmarsh_3_000000001	15897600.0	1	1	0.22734084471345173	0.45468168942690346	0.2796276168008009	0.5592552336016018	1.0	0.24508504569530487	19093095.63847651	8087617.929407844	8087617.929407844	2.422973811033735e-07	0.04043784734965812	0.21120540503250884	15897600.0	0.105	0.2737222049221315
Saltmarsh_3_000000001	15984000.0	1	1	0.22734092587487334	0.4546818517497467	0.2796277171253473	0.5592554342506946	1.0	0.24508504569530487	19093110.193947963	8087624.135104443	8087624.135104443	2.2693502599313575e-07	0.04043789374049622	0.21120563196753483	15984000.0	0.105	0.2737224990299252
Saltmarsh_3_000000001	16070400.0	1	1	0.22734100189036952	0.45468200378073903	0.27962781108895707	0.5592556221779141	1.0	0.24508504569530487	19093123.826555382	8087629.947339756	8087629.947339756	2.1254667784131875e-07	0.040437937190020944	0.21120584451421268	16070400.0	0.105	0.27372277449041965
Saltmarsh_3_000000001	16156800.0	1	1	0.22734107308621018	0.45468214617242037	0.2796278990949362	0.5592557981898724	1.0	0.24508504569530487	19093136.594810974	8087635.391060367	8087635.391060367	1.990705838436635e-07	0.04043797788471799	0.21120604358479653	16156800.0	0.105	0.2737230324858963
Saltmarsh_3_000000001	16243200.0	1	1	0.22734113976797854	0.4546822795359571	0.27962798152101953	0.5592559630420391	1.0	0.24508504569530487	19093148.553517167	8087640.48963117	8087640.48963117	1.8644890610597376e-07	0.040438015999249746	0.2112062300337027	16243200.0	0.105	0.2737232741236787
Saltmarsh_3_000000001	16329600.0	1	1	0.22734120222188284	0.4546824044437657	0.2796280587209924	0.5592561174419848	1.0	0.24508504569530487	19093159.754001785	8087645.2649356965	8087645.2649356965	1.7462747368274245e-07	0.040438051697204803	0.21120640466117643	16329600.0	0.105	0.27372350044088467
Saltmarsh_3_000000001	16416000.0	1	1	0.22734126071598468	0.45468252143196936	0.2796281310262087	0.5592562620524174	1.0	0.24508504569530487	19093170.244338352	8087649.73746999	8087649.73746999	1.6355554992297794e-07	0.04043808513180003	0.2112065682167264	16416000.0	0.105	0.2737237124088774
Saltmarsh_3_000000001	16502400.0	1	1	0.22734131550134962	0.45468263100269923	0.2796281987470135	0.559256397494027	1.0	0.24508504569530487	19093180.06955241	8087653.926430609	8087653.926430609	1.5318561488730786e-07	0.04043811644653816	0.2112067214023413	16502400.0	0.105	0.27372391093743437
Saltmarsh_3_000000001	16588800.0	1	1	0.2273413668131248	0.4546827336262496	0.2796282621740749	0.5592565243481498	1.0	0.24508504569530487	19093189.27181478	8087657.849796996	8087657.849796996	1.434731613444984e-07	0.040438145775823636	0.2112068648755026	16588800.0	0.105	0.2737240968786514
Saltmarsh_3_000000001	16675200.0	1	1	0.22734141487154827	0.45468282974309654	0.2796283215796315	0.559256643159263	1.0	0.24508504569530487	19093197.890622526	8087661.524408655	8087661.524408655	1.3437650384778843e-07	0.04043817324553943	0.2112069992520065	16675200.0	0.105	0.27372427103060043
Saltmarsh_3_000000001	16761600.0	1	1	0.22734145988289411	0.45468291976578823	0.27962837721866124	0.5592567544373225	1.0	0.24508504569530487	19093205.96296853	8087664.966037421	8087664.966037421	1.258565997322436e-07	0.04043819897358737	0.21120712510860626	16761600.0	0.105	0.2737244341407537
Saltmarsh_3_000000001	16848000.0	1	1	0.227341502040358	0.454683004080716	0.27962842932997534	0.5592568586599507	1.0	0.24508504569530487	19093213.523500185	8087668.189455152	8087668.189455152	1.1787688174863531e-07	0.04043822307039401	0.211207242985488	16848000.0	0.105	0.27372458690919244
Saltmarsh_3_000000001	16934400.0	1	1	0.22734154152488625	0.4546830830497725	0.2796284781372436	0.5592569562744872	1.0	0.24508504569530487	19093220.604668174	8087671.208497122	8087671.208497122	1.104031009183104e-07	0.040438245639384696	0.21120735338858898	16934400.0	0.105	0.27372472999161135
Saltmarsh_3_000000001	17020800.0	1	1	0.2273415785059526	0.4546831570119052	0.2796285238499545	0.559257047699909	1.0	0.24508504569530487	19093227.236865703	8087674.036121423	8087674.036121423	1.0340317974089075e-07	0.04043826677742738	0.21120745679176878	17020800.0	0.105	0.27372486400213236
Saltmarsh_3_000000001	17107200.0	1	1	0.22734161314228551	0.45468322628457103	0.27962856666431396	0.5592571333286279	1.0	0.24508504569530487	19093233.448558964	8087676.684464562	8087676.684464562	9.684707445722918e-08	0.04043828657524835	0.21120755363884322	17107200.0	0.105	0.2737249895159408
Saltmarsh_3_000000001	17193600.0	1	1	0.22734164558254952	0.45468329116509903	0.279628606764088	0.559257213528176	1.0	0.24508504569530487	19093239.266409308	8087679.164893543	8087679.164893543	9.070664606231071e-08	0.040438305117821656	0.21120764434548933	17193600.0	0.105	0.2737251070717542
Saltmarsh_3_000000001	17280000.0	1	1	0.2273416759659833	0.4546833519319666	0.27962864432139106	0.5592572886427821	1.0	0.24508504569530487	19093244.71538768	8087681.48805469	8087681.48805469	8.49555396309487e-08	0.04043832248473382	0.211207729301029	17280000.0	0.105	0.27372521717413356
Saltmarsh_3_000000001	17366400.0	1	1	0.22734170442299728	0.45468340884599456	0.279628679497425	0.55925735899485	1.0	0.24508504569530487	19093249.8188818	8087683.6639193045	8087683.6639193045	7.95690711929975e-08	0.040438338750525334	0.2112078088701002	17366400.0	0.105	0.2737253202956499
Saltmarsh_3_000000001	17452800.0	1	1	0.2273417310757334	0.4546834621514668	0.27962871244317083	0.5592574248863417	1.0	0.24508504569530487	19093254.59879651	8087685.70182648	8087685.70182648	7.452412172787026e-08	0.040438353985010674	0.21120788339422197	17452800.0	0.105	0.27372541687891166
Saltmarsh_3_000000001	17539200.0	1	1	0.22734175603858942	0.45468351207717883	0.27962874330003684	0.5592574866000737	1.0	0.24508504569530487	19093259.075647846	8087687.610523181	8087687.610523181	6.979903801468401e-08	0.04043836825357789	0.21120795319325997	17539200.0	0.105	0.2737255073384649
Saltmarsh_3_000000001	17625600.0	1	1	0.22734177941870984	0.4546835588374197	0.2796287722004656	0.5592575444009312	1.0	0.24508504569530487	19093263.26865105	8087689.398201795	8087689.398201795	6.537353976210358e-08	0.04043838161746922	0.21120801856679972	17625600.0	0.105	0.2737255920625724
Saltmarsh_3_000000001	17712000.0	1	1	0.22734180131644577	0.45468360263289154	0.2796287992685023	0.5592575985370046	1.0	0.24508504569530487	19093267.195803057	8087691.072535274	8087691.072535274	6.122863233093412e-08	0.040438394134044035	0.21120807979543205	17712000.0	0.105	0.27372567141487997
Saltmarsh_3_000000001	17798400.0	1	1	0.22734182182578577	0.45468364365157155	0.2796288246203273	0.5592576492406546	1.0	0.24508504569530487	19093270.87395975	8087692.640710097	8087692.640710097	5.734652555600128e-08	0.04043840585702493	0.21120813714195763	17798400.0	0.105	0.2737257457359771
Saltmarsh_3_000000001	17884800.0	1	1	0.22734184103475918	0.45468368206951837	0.27962884836475443	0.5592576967295089	1.0	0.24508504569530487	19093274.318908278	8087694.1094570765	8087694.1094570765	5.371055702974026e-08	0.04043841683672835	0.21120819085251463	17884800.0	0.105	0.27372581534485896
Saltmarsh_3_000000001	17971200.0	1	1	0.22734185902581394	0.4546837180516279	0.2796288706036987	0.5592577412073974	1.0	0.24508504569530487	19093277.545434847	8087695.485080286	8087695.485080286	5.030512092996098e-08	0.0404384271202805	0.21120824115763556	17971200.0	0.105	0.2737258805402957
Saltmarsh_3_000000001	18057600.0	1	1	0.2273418758761705	0.454683751752341	0.2796288914326131	0.5592577828652262	1.0	0.24508504569530487	19093280.567388166	8087696.773484091	8087696.773484091	4.71156007750273e-08	0.040438436751819684	0.21120828827323637	18057600.0	0.105	0.2737259416021144
Saltmarsh_3_000000001	18144000.0	1	1	0.22734189165815322	0.45468378331630643	0.27962891094089865	0.5592578218817973	1.0	0.24508504569530487	19093283.397738885	8087697.980198513	8087697.980198513	4.412830686972846e-08	0.0404384457726857	0.21120833240154324	18144000.0	0.105	0.27372599879240006
Saltmarsh_3_000000001	18230400.0	1	1	0.2273419064395009	0.4546838128790018	0.279628929212288	0.559257858424576	1.0	0.24508504569530487	19093286.048635274	8087699.110402934	8087699.110402934	4.13304174426421e-08	0.04043845422159723	0.21120837373196066	18230400.0	0.105	0.273726052356621
Saltmarsh_3_000000001	18316800.0	1	1	0.2273419202836574	0.4546838405673148	0.27962894632520485	0.5592578926504097	1.0	0.24508504569530487	19093288.53145537	8087700.168948358	8087700.168948358	3.870992364846115e-08	0.040438462134818144	0.21120841244188432	18316800.0	0.105	0.2737261025246821
Saltmarsh_3_000000001	18403200.0	1	1	0.2273419332500441	0.4546838665000882	0.2796289623531006	0.5592579247062012	1.0	0.24508504569530487	19093290.856855795	8087701.1603782205	8087701.1603782205	3.625557806752333e-08	0.040438469546313034	0.2112084486974624	18403200.0	0.105	0.27372614951191127
Saltmarsh_3_000000001	18489600.0	1	1	0.2273419453943147	0.4546838907886294	0.27962897736476944	0.5592579547295389	1.0	0.24508504569530487	19093293.03481751	8087702.088947878	8087702.088947878	3.395684636947616e-08	0.040438476487893026	0.21120848265430875	18489600.0	0.105	0.2737261935199842
Saltmarsh_3_000000001	18576000.0	1	1	0.22734195676859442	0.45468391353718884	0.2796289914246439	0.5592579828492878	1.0	0.24508504569530487	19093295.074688643	8087702.9586428935	8087702.9586428935	3.1803862141077666e-08	0.04043848298935233	0.2112085144581709	18576000.0	0.105	0.2737262347377895
Saltmarsh_3_000000001	18662400.0	1	1	0.22734196742170346	0.4546839348434069	0.2796290045930712	0.5592580091861424	1.0	0.24508504569530487	19093296.985224638	8087703.7731961245	8087703.7731961245	2.9787384517310223e-08	0.0404384890785961	0.21120854424555546	18662400.0	0.105	0.27372627334223987
Saltmarsh_3_000000001	18748800.0	1	1	0.22734197739936662	0.45468395479873325	0.2796290169265723	0.5592580338531447	1.0	0.24508504569530487	19093298.774625786	8087704.536103756	8087704.536103756	2.7898758546418545e-08	0.04043849478176024	0.211208572144314	18748800.0	0.105	0.27372630949903093
Saltmarsh_3_000000001	18835200.0	1	1	0.22734198674440967	0.45468397348881934	0.27962902847808463	0.5592580569561693	1.0	0.24508504569530487	19093300.45057247	8087705.250640297	8087705.250640297	2.6129877990499484e-08	0.0404385001233235	0.21120859827419206	18835200.0	0.105	0.2737263433633529
Saltmarsh_3_000000001	18921600.0	1	1	0.227341995496943	0.454683990993886	0.27962903929718896	0.5592580785943779	1.0	0.24508504569530487	19093302.020258106	8087705.919872656	8087705.919872656	2.447315061021582e-08	0.04043850512621267	0.21120862274734264	18921600.0	0.105	0.2737263750805561
Saltmarsh_3_000000001	19008000.0	1	1	0.22734200369453386	0.4546840073890677	0.27962904943032274	0.5592580988606455	1.0	0.24508504569530487	19093303.49042002	8087706.546673269	8087706.546673269	2.2921465531178242e-08	0.040438509811900815	0.2112086456688082	19008000.0	0.105	0.27372640478677546
Saltmarsh_3_000000001	19094400.0	1	1	0.22734201137236762	0.45468402274473524	0.279629058920979	0.559258117841958	1.0	0.24508504569530487	19093304.867368374	8087707.133732466	8087707.133732466	2.146816270587326e-08	0.040438514200499626	0.21120866713697095	19094400.0	0.105	0.27372643260951435
Saltmarsh_3_000000001	19180800.0	1	1	0.22734201856339878	0.45468403712679756	0.2796290678098931	0.5592581356197862	1.0	0.24508504569530487	19093306.157013234	8087707.683569997	8087707.683569997	2.010700439480928e-08	0.04043851831084559	0.2112086872439754	19180800.0	0.105	0.2737264586681921
Saltmarsh_3_000000001	19267200.0	1	1	0.2273420252984924	0.4546840505969848	0.2796290761352177	0.5592581522704354	1.0	0.24508504569530487	19093307.364889957	8087708.1985458415	8087708.1985458415	1.8832148292180495e-08	0.040438522160580914	0.21120870607612374	19267200.0	0.105	0.2737264830746564
Saltmarsh_3_000000001	19353600.0	1	1	0.22734203160655658	0.45468406321311317	0.27962908393268643	0.5592581678653729	1.0	0.24508504569530487	19093308.496182933	8087708.680870359	8087708.680870359	1.7638122559726632e-08	0.040438525766229236	0.21120872371424632	19353600.0	0.105	0.2737265059336632
Saltmarsh_3_000000001	19440000.0	1	1	0.22734203751466653	0.45468407502933306	0.27962909123576724	0.5592581824715345	1.0	0.24508504569530487	19093309.555747844	8087709.1326137595	8087709.1326137595	1.6519802283065932e-08	0.04043852914326652	0.21120874023404865	19440000.0	0.105	0.27372652734332703
Saltmarsh_3_000000001	19526400.0	1	1	0.2273420430481808	0.4546840860963616	0.27962909807580616	0.5592581961516123	1.0	0.24508504569530487	19093310.54813252	8087709.555714995	8087709.555714995	1.5472387461523684e-08	0.04043853230618751	0.21120875570643616	19526400.0	0.105	0.27372654739554125
Saltmarsh_3_000000001	19612800.0	1	1	0.22734204823085008	0.45468409646170016	0.2796291044821617	0.5592582089643234	1.0	0.24508504569530487	19093311.47759641	8087709.951990084	8087709.951990084	1.4491382455128488e-08	0.040438535268567964	0.21120877019781864	19612800.0	0.105	0.273726566176373
Saltmarsh_3_000000001	19699200.0	1	1	0.2273420530849193	0.4546841061698386	0.279629110482331	0.559258220964662	1.0	0.24508504569530487	19093312.348128926	8087710.3231399	8087710.3231399	1.3572576666731617e-08	0.040438538043122835	0.21120878377039537	19699200.0	0.105	0.27372658376643244
Saltmarsh_3_000000001	19785600.0	1	1	0.22734205763122287	0.45468411526244573	0.2796291161020677	0.5592582322041354	1.0	0.24508504569530487	19093313.16346653	8087710.670757472	8087710.670757472	1.2712026403738363e-08	0.04043854064176095	0.21120879648242177	19785600.0	0.105	0.27372660024121864
Saltmarsh_3_000000001	19872000.0	1	1	0.22734206188927425	0.4546841237785485	0.2796291213654926	0.5592582427309852	1.0	0.24508504569530487	19093313.927108783	8087710.996334827	8087710.996334827	1.190603809986257e-08	0.04043854307563603	0.2112088083884599	19872000.0	0.105	0.2737266156714441
Saltmarsh_3_000000001	19958400.0	1	1	0.22734206587734965	0.4546841317546993	0.2796291262951972	0.5592582525903944	1.0	0.24508504569530487	19093314.64233335	8087711.3012694	8087711.3012694	1.1151152334853975e-08	0.040438545355194665	0.21120881953961224	19958400.0	0.105	0.2737266301233375
Saltmarsh_3_000000001	20044800.0	1	1	0.22734206961256656	0.4546841392251331	0.2796291309123406	0.5592582618246812	1.0	0.24508504569530487	19093315.312210087	8087711.586870015	8087711.586870015	1.0444129019959725e-08	0.040438547490221056	0.2112088299837413	20044800.0	0.105	0.27372664365892874
Saltmarsh_3_000000001	20131200.0	1	1	0.22734207311095708	0.45468414622191416	0.27962913523674027	0.5592582704734805	1.0	0.24508504569530487	19093315.93961421	8087711.854362518	8087711.854362518	9.781933520136565e-09	0.04043854948987907	0.21120883976567484	20131200.0	0.105	0.2737266563363146
Saltmarsh_3_000000001	20217600.0	1	1	0.22734207638753692	0.45468415277507385	0.27962913928695726	0.5592582785739145	1.0	0.24508504569530487	19093316.527238633	8087712.1048950255	8087712.1048950255	9.161723588113624e-09	0.04043855136275154	0.21120884892739838	20217600.0	0.105	0.2737266682099083
Saltmarsh_3_000000001	20304000.0	1	1	0.22734207945636967	0.45468415891273933	0.27962914308037573	0.5592582861607515	1.0	0.24508504569530487	19093317.077605534	8087712.339542861	8087712.339542861	8.580837186633605e-09	0.04043855311687712	0.2112088575082356	20304000.0	0.105	0.2737266793306733
Saltmarsh_3_000000001	20390400.0	1	1	0.22734208233062725	0.4546841646612545	0.27962914663327765	0.5592582932665553	1.0	0.24508504569530487	19093317.593077183	8087712.5593131725	8087712.5593131725	8.036781060094533e-09	0.040438554759784806	0.21120886554501664	20390400.0	0.105	0.27372668974634157
Saltmarsh_3_000000001	20476800.0	1	1	0.2273420850226464	0.4546841700452928	0.27962914996091265	0.5592582999218253	1.0	0.24508504569530487	19093318.075866055	8087712.765149249	8087712.765149249	7.527220048653138e-09	0.0404385562985262	0.21120887307223668	20476800.0	0.105	0.27372669950161876
Saltmarsh_3_000000001	20563200.0	1	1	0.22734208754398175	0.4546841750879635	0.2796291530775635	0.559258306155127	1.0	0.24508504569530487	19093318.528044358	8087712.95793457	8087712.95793457	7.049967040706484e-09	0.04043855773970581	0.21120888012220373	20563200.0	0.105	0.273726708638376
Saltmarsh_3_000000001	20649600.0	1	1	0.22734208990545526	0.4546841798109105	0.2796291559966073	0.5592583119932146	1.0	0.24508504569530487	19093318.951552913	8087713.138496606	8087713.138496606	6.602973612324092e-09	0.04043855908950942	0.2112088867251774	20649600.0	0.105	0.2737267171958299
Saltmarsh_3_000000001	20736000.0	1	1	0.22734209211720274	0.4546841842344055	0.27962915873057315	0.5592583174611463	1.0	0.24508504569530487	19093319.34820949	8087713.3076103525	8087713.3076103525	6.184321159341533e-09	0.040438560353730606	0.21120889290949857	20736000.0	0.105	0.2737267252107101
Saltmarsh_3_000000001	20822400.0	1	1	0.22734209418871737	0.45468418837743474	0.2796291612911956	0.5592583225823912	1.0	0.24508504569530487	19093319.719716597	8087713.46600167	8087713.46600167	5.792212771915661e-09	0.04043856153779558	0.2112088987017114	20822400.0	0.105	0.273726732717418
Saltmarsh_3_000000001	20908800.0	1	1	0.22734209612889045	0.4546841922577809	0.2796291636894652	0.5592583273789304	1.0	0.24508504569530487	19093320.067668803	8087713.614350405	8087713.614350405	5.424965476841237e-09	0.040438562646786545	0.21120890412667687	20908800.0	0.105	0.27372673974817324
Saltmarsh_3_000000001	20995200.0	1	1	0.22734209794604948	0.45468419589209896	0.2796291659356758	0.5592583318713517	1.0	0.24508504569530487	19093320.39355958	8087713.753293292	8087713.753293292	5.0810030002845785e-09	0.04043856368546346	0.21120890920767987	20995200.0	0.105	0.27372674633315314
Saltmarsh_3_000000001	21081600.0	1	1	0.227342099647994	0.454684199295988	0.27962916803946847	0.5592583360789369	1.0	0.24508504569530487	19093320.698787697	8087713.88342669	8087713.88342669	4.7588489607286455e-09	0.040438564658284486	0.21120891396652886	21081600.0	0.105	0.2737267525006214
Saltmarsh_3_000000001	21168000.0	1	1	0.22734210124202905	0.4546842024840581	0.27962917000987303	0.5592583400197461	1.0	0.24508504569530487	19093320.98466324	8087714.005309161	8087714.005309161	4.457120672540782e-09	0.040438565569425135	0.21120891842364958	21168000.0	0.105	0.27372675827704984
Saltmarsh_3_000000001	21254400.0	1	1	0.22734210273499647	0.45468420546999294	0.27962917185534675	0.5592583437106935	1.0	0.24508504569530487	19093321.252413232	8087714.11946384	8087714.11946384	4.174523032807187e-09	0.04043856642279617	0.2112089225981726	21254400.0	0.105	0.2737267636872317
Saltmarsh_3_000000001	21340800.0	1	1	0.2273421041333043	0.4546842082666086	0.2796291735838107	0.5592583471676214	1.0	0.24508504569530487	19093321.503186904	8087714.226380695	8087714.226380695	3.90984310899567e-09	0.040438567222060365	0.2112089265080157	21340800.0	0.105	0.27372676875438834
Saltmarsh_3_000000001	21427200.0	1	1	0.22734210544295433	0.45468421088590866	0.27962917520268377	0.5592583504053675	1.0	0.24508504569530487	19093321.73806061	8087714.326518633	8087714.326518633	3.661944858457389e-09	0.040438567970648306	0.21120893016996062	21427200.0	0.105	0.27372677350026897
Saltmarsh_3_000000001	21513600.0	1	1	0.22734210666956778	0.45468421333913556	0.2796291767189144	0.5592583534378288	1.0	0.24508504569530487	19093321.95804247	8087714.420307465	8087714.420307465	3.429764257323331e-09	0.04043856867177307	0.21120893359972495	21513600.0	0.105	0.2737267779452435
Saltmarsh_3_000000001	21600000.0	1	1	0.22734210781840947	0.45468421563681893	0.27962917813901045	0.5592583562780209	1.0	0.24508504569530487	19093322.16407668	8087714.508149742	8087714.508149742	3.2123047277732297e-09	0.04043856932844398	0.21120893681202968	21600000.0	0.105	0.27372678210839047
Saltmarsh_3_000000001	21686400.0	1	1	0.2273421088944104	0.4546842177888208	0.27962917946906723	0.5592583589381345	1.0	0.24508504569530487	19093322.35704757	8087714.590422497	8087714.590422497	3.008632933065858e-09	0.04043856994347955	0.21120893982066263	21686400.0	0.105	0.27372678600757877
Saltmarsh_3_000000001	21772800.0	1	1	0.22734210990218898	0.45468421980437795	0.2796291807147936	0.5592583614295872	1.0	0.24508504569530487	19093322.537783403	8087714.667478863	8087714.667478863	2.817874676652732e-09	0.04043857051951964	0.21120894263853734	21772800.0	0.105	0.2737267896595444
Saltmarsh_3_000000001	21859200.0	1	1	0.2273421108460707	0.4546842216921414	0.27962918188153635	0.5592583637630727	1.0	0.24508504569530487	19093322.70705993	8087714.739649573	8087714.739649573	2.6392111759920844e-09	0.04043857105903669	0.21120894527774853	21859200.0	0.105	0.2737267930799621
Saltmarsh_3_000000001	21945600.0	1	1	0.2273421117301069	0.4546842234602138	0.2796291829743034	0.5592583659486068	1.0	0.24508504569530487	19093322.865603708	8087714.807244396	8087714.807244396	2.4718755861630193e-09	0.040438571564346396	0.2112089477496242	21945600.0	0.105	0.273726796283513
Saltmarsh_3_000000001	22032000.0	1	1	0.22734211255809197	0.45468422511618395	0.279629183997785	0.55925836799557	1.0	0.24508504569530487	19093323.01409524	8087714.870553467	8087714.870553467	2.3151496900131185e-09	0.04043857203761765	0.21120895006477397	22032000.0	0.105	0.27372679928394705
Saltmarsh_3_000000001	22118400.0	1	1	0.2273421133335798	0.4546842266671596	0.2796291849563742	0.5592583699127484	1.0	0.24508504569530487	19093323.15317186	8087714.929848512	8087714.929848512	2.16836078259508e-09	0.04043857248088178	0.2112089522331348	22118400.0	0.105	0.27372680209414274
Saltmarsh_3_000000001	22204800.0	1	1	0.22734211405989885	0.4546842281197977	0.2796291858541853	0.5592583717083706	1.0	0.24508504569530487	19093323.283430517	8087714.985384031	8087714.985384031	2.0308788123424293e-09	0.040438572896041344	0.2112089542640136	22204800.0	0.105	0.2737268047261616
Saltmarsh_3_000000001	22291200.0	1	1	0.2273421147401666	0.4546842294803332	0.27962918669507186	0.5592583733901437	1.0	0.24508504569530487	19093323.405430302	8087715.037398395	8087715.037398395	1.9021136957175777e-09	0.04043857328487828	0.2112089561661273	22291200.0	0.105	0.273726807191301
Saltmarsh_3_000000001	22377600.0	1	1	0.22734211537730292	0.45468423075460584	0.2796291874826432	0.5592583749652864	1.0	0.24508504569530487	19093323.519694854	8087715.086114863	8087715.086114863	1.7815127845155487e-09	0.04043857364906153	0.2112089579476401	22377600.0	0.105	0.27372680950014155
Saltmarsh_3_000000001	22464000.0	1	1	0.2273421159740425	0.454684231948085	0.27962918822027966	0.5592583764405593	1.0	0.24508504569530487	19093323.626714624	8087715.131742525	8087715.131742525	1.6685583748010657e-09	0.04043857399015425	0.21120895961619857	22464000.0	0.105	0.27372681166259333
Saltmarsh_3_000000001	22550400.0	1	1	0.22734211653294661	0.45468423306589323	0.27962918891114724	0.5592583778222945	1.0	0.24508504569530487	19093323.726948947	8087715.174477232	8087715.174477232	1.562765701568214e-09	0.04043857430962046	0.21120896117896432	22550400.0	0.105	0.2737268136879378
Saltmarsh_3_000000001	22636800.0	1	1	0.22734211705641416	0.4546842341128283	0.2796291895582113	0.5592583791164226	1.0	0.24508504569530487	19093323.82082805	8087715.214502399	8087715.214502399	1.463680655844346e-09	0.04043857460883134	0.211208962642645	22636800.0	0.105	0.2737268155848679
Saltmarsh_3_000000001	22723200.0	1	1	0.22734211754669195	0.4546842350933839	0.27962919016424914	0.5592583803284983	1.0	0.24508504569530487	19093323.908754878	8087715.251989824	8087715.251989824	1.3708779666998794e-09	0.040438574889071155	0.21120896401352296	22723200.0	0.105	0.27372681736152576
Saltmarsh_3_000000001	22809600.0	1	1	0.22734211800588433	0.45468423601176866	0.279629190731862	0.559258381463724	1.0	0.24508504569530487	19093323.991106823	8087715.287100408	8087715.287100408	1.2839592999913663e-09	0.04043857515154274	0.21120896529748232	22809600.0	0.105	0.2737268190255371
Saltmarsh_3_000000001	22896000.0	1	1	0.22734211843596222	0.45468423687192444	0.2796291912634861	0.5592583825269722	1.0	0.24508504569530487	19093324.068237353	8087715.31998486	8087715.31998486	1.2025516207825326e-09	0.04043857539737268	0.21120896650003396	22896000.0	0.105	0.273726820584044
Saltmarsh_3_000000001	22982400.0	1	1	0.22734211883877165	0.4546842376775433	0.27962919176140333	0.5592583835228067	1.0	0.24508504569530487	19093324.14047752	8087715.350784316	8087715.350784316	1.1263054794374838e-09	0.0404385756276161	0.21120896762633945	22982400.0	0.105	0.27372682204373594
Saltmarsh_3_000000001	23068800.0	1	1	0.22734211921604147	0.45468423843208294	0.2796291922277508	0.5592583844555016	1.0	0.24508504569530487	19093324.208137404	8087715.379630972	8087715.379630972	1.054893603025242e-09	0.04043857584326126	0.21120896868123312	23068800.0	0.105	0.2737268234108782
Saltmarsh_3_000000001	23155200.0	1	1	0.22734211956939102	0.45468423913878203	0.2796291926645301	0.5592583853290602	1.0	0.24508504569530487	19093324.27150741	8087715.406648645	8087715.406648645	9.880094936631778e-10	0.04043857604523373	0.21120896966924269	23155200.0	0.105	0.2737268246913385
Saltmarsh_3_000000001	23241600.0	1	1	0.2273421199003369	0.4546842398006738	0.27962919307361606	0.5592583861472321	1.0	0.24508504569530487	19093324.33085952	8087715.431953302	8087715.431953302	9.253660962493804e-10	0.04043857623440041	0.2112089705946088	23241600.0	0.105	0.273726825890613
Saltmarsh_3_000000001	23328000.0	1	1	0.22734212021029962	0.45468424042059924	0.2796291934567644	0.5592583869135288	1.0	0.24508504569530487	19093324.38644849	8087715.455653549	8087715.455653549	8.666945147672855e-10	0.04043857641157323	0.2112089714613033	23328000.0	0.105	0.2737268270138491
Saltmarsh_3_000000001	23414400.0	1	1	0.22734212050060956	0.4546842410012191	0.2796291938156198	0.5592583876312396	1.0	0.24508504569530487	19093324.43851292	8087715.477851115	8087715.477851115	8.117429367571205e-10	0.04043857657751264	0.21120897227304625	23414400.0	0.105	0.27372682806586796
Saltmarsh_3_000000001	23500800.0	1	1	0.2273421207725128	0.4546842415450256	0.27962919415172244	0.5592583883034449	1.0	0.24508504569530487	19093324.48727627	8087715.498641272	8087715.498641272	7.60275467581728e-10	0.04043857673293089	0.21120897303332176	23500800.0	0.105	0.273726829051185
Saltmarsh_3_000000001	23587200.0	1	1	0.2273421210271764	0.4546842420543528	0.27962919446651496	0.5592583889330299	1.0	0.24508504569530487	19093324.53294785	8087715.518113261	8087715.518113261	7.120712422481468e-10	0.040438576878495065	0.21120897374539305	23587200.0	0.105	0.2737268299740294
Saltmarsh_3_000000001	23673600.0	1	1	0.2273421212656934	0.4546842425313868	0.27962919476134845	0.5592583895226969	1.0	0.24508504569530487	19093324.575723685	8087715.536350654	8087715.536350654	6.669233290623744e-10	0.040438577014829946	0.2112089744123164	23673600.0	0.105	0.273726830838362
Saltmarsh_3_000000001	23760000.0	1	1	0.22734212148908753	0.45468424297817506	0.27962919503748845	0.5592583900749769	1.0	0.24508504569530487	19093324.615787376	8087715.553431727	8087715.553431727	6.246379524732504e-10	0.040438577142520686	0.21120897503695435	23760000.0	0.105	0.27372683164789285
Saltmarsh_3_000000001	23846400.0	1	1	0.22734212169831766	0.4546842433966353	0.2796291952961202	0.5592583905922404	1.0	0.24508504569530487	19093324.653310884	8087715.569429799	8087715.569429799	5.85033625710718e-10	0.04043857726211537	0.211208975621988	23846400.0	0.105	0.27372683240609647
Saltmarsh_3_000000001	23932800.0	1	1	0.22734212189428185	0.4546842437885637	0.2796291955383537	0.5592583910767074	1.0	0.24508504569530487	19093324.688455265	8087715.584413538	8087715.584413538	5.479403736297073e-10	0.040438577374127316	0.2112089761699284	23932800.0	0.105	0.2737268331162272
Saltmarsh_3_000000001	24019200.0	1	1	0.2273421220778212	0.4546842441556424	0.2796291957652287	0.5592583915304574	1.0	0.24508504569530487	19093324.721371364	8087715.59844725	8087715.59844725	5.131989555540173e-10	0.0404385774790373	0.21120897668312738	24019200.0	0.105	0.2737268337813331
Saltmarsh_3_000000001	24105600.0	1	1	0.2273421222497235	0.454684244499447	0.279629195977719	0.559258391955438	1.0	0.24508504569530487	19093324.752200462	8087715.611591175	8087715.611591175	4.80660268531441e-10	0.04043857757729561	0.21120897716378767	24105600.0	0.105	0.2737268344042688
Saltmarsh_3_000000001	24192000.0	1	1	0.22734212241072654	0.4546842448214531	0.2796291961767367	0.5592583923534734	1.0	0.24508504569530487	19093324.781074885	8087715.623901724	8087715.623901724	4.501846395665865e-10	0.04043857766932398	0.21120897761397234	24192000.0	0.105	0.27372683498770817
Saltmarsh_3_000000001	24278400.0	1	1	0.22734212256152142	0.45468424512304284	0.27962919636313593	0.5592583927262719	1.0	0.24508504569530487	19093324.80811856	8087715.635431744	8087715.635431744	4.216413052038348e-10	0.040438577755517416	0.21120897803561373	24278400.0	0.105	0.2737268355341554
Saltmarsh_3_000000001	24364800.0	1	1	0.22734212270275533	0.45468424540551067	0.2796291965377168	0.5592583930754336	1.0	0.24508504569530487	19093324.83344757	8087715.646230717	8087715.646230717	3.9490769682126725e-10	0.04043857783624589	0.21120897843052144	24364800.0	0.105	0.27372683604595577
Saltmarsh_3_000000001	24451200.0	1	1	0.22734212283503452	0.45468424567006904	0.27962919670122854	0.5592583934024571	1.0	0.24508504569530487	19093324.857170627	8087715.656344998	8087715.656344998	3.6986911450265225e-10	0.04043857791185587	0.21120897880039058	24451200.0	0.105	0.2737268365253062
Saltmarsh_3_000000001	24537600.0	1	1	0.22734212295892672	0.45468424591785345	0.2796291968543731	0.5592583937087462	1.0	0.24508504569530487	19093324.87938956	8087715.665817994	8087715.665817994	3.464180678425244e-10	0.0404385779826719	0.2112089791468087	24537600.0	0.105	0.2737268369742641
Saltmarsh_3_000000001	24624000.0	1	1	0.2273421230749637	0.4546842461499274	0.2796291969978077	0.5592583939956154	1.0	0.24508504569530487	19093324.90019973	8087715.674690368	8087715.674690368	3.2445389430701965e-10	0.04043857804899795	0.21120897947126266	24624000.0	0.105	0.2737268373947564
Saltmarsh_3_000000001	24710400.0	1	1	0.22734212318364352	0.45468424636728705	0.279629197132148	0.559258394264296	1.0	0.24508504569530487	19093324.91969046	8087715.6830001995	8087715.6830001995	3.038823220835596e-10	0.04043857811111868	0.21120897977514497	24710400.0	0.105	0.27372683778858786
Saltmarsh_3_000000001	24796800.0	1	1	0.22734212328543263	0.45468424657086526	0.2796291972579707	0.5592583945159414	1.0	0.24508504569530487	19093324.937945403	8087715.69078316	8087715.69078316	2.846150815027926e-10	0.040438578169300715	0.21120898005976008	24796800.0	0.105	0.2737268381574491
Saltmarsh_3_000000001	24883200.0	1	1	0.22734212338076792	0.45468424676153585	0.27962919737581576	0.5592583947516315	1.0	0.24508504569530487	19093324.955042914	8087715.698072651	8087715.698072651	2.6656945401049015e-10	0.040438578223793806	0.21120898032632962	24883200.0	0.105	0.2737268385029232
Saltmarsh_3_000000001	24969600.0	1	1	0.22734212347005864	0.4546842469401173	0.27962919748618903	0.5592583949723781	1.0	0.24508504569530487	19093324.971056387	8087715.704899966	8087715.704899966	2.496679737951091e-10	0.040438578274831855	0.21120898057599763	24969600.0	0.105	0.27372683882649296
Saltmarsh_3_000000001	25056000.0	1	1	0.227342123553688	0.454684247107376	0.2796291975895642	0.5592583951791285	1.0	0.24508504569530487	19093324.986054543	8087715.711294402	8087715.711294402	2.3383812247645963e-10	0.04043857832263389	0.21120898080983583	25056000.0	0.105	0.2737268391295472
Saltmarsh_3_000000001	25142400.0	1	1	0.22734212363201495	0.4546842472640299	0.27962919768638506	0.5592583953727701	1.0	0.24508504569530487	19093325.000101764	8087715.717283409	8087715.717283409	2.1901194052764694e-10	0.04043857836740511	0.21120898102884778	25142400.0	0.105	0.2737268394133867
Saltmarsh_3_000000001	25228800.0	1	1	0.22734212370537568	0.45468424741075136	0.2796291977770671	0.5592583955541341	1.0	0.24508504569530487	19093325.013258338	8087715.722892686	8087715.722892686	2.0512576359710266e-10	0.040438578409337664	0.21120898123397358	25228800.0	0.105	0.2737268396792298
Saltmarsh_3_000000001	25315200.0	1	1	0.22734212377408508	0.45468424754817016	0.2796291978619995	0.559258395723999	1.0	0.24508504569530487	19093325.025580738	8087715.728146318	8087715.728146318	1.9212004903623736e-10	0.04043857844861155	0.21120898142609362	25315200.0	0.105	0.27372683992821734
Saltmarsh_3_000000001	25401600.0	1	1	0.22734212383843805	0.4546842476768761	0.27962919794154695	0.5592583958830939	1.0	0.24508504569530487	19093325.037121855	8087715.733066851	8087715.733066851	1.799389456880185e-10	0.04043857848539531	0.2112089816060326	25401600.0	0.105	0.27372684016141824
Saltmarsh_3_000000001	25488000.0	1	1	0.2273421238987108	0.4546842477974216	0.2796291980160508	0.5592583960321016	1.0	0.24508504569530487	19093325.04793122	8087715.737675402	8087715.737675402	1.685301551090923e-10	0.040438578519846856	0.21120898177456282	25488000.0	0.105	0.2737268403798334
Saltmarsh_3_000000001	25574400.0	1	1	0.22734212395516207	0.45468424791032414	0.2796291980858308	0.5592583961716616	1.0	0.24508504569530487	19093325.058055237	8087715.7419917565	8087715.7419917565	1.5784472340296674e-10	0.04043857855211406	0.2112089819324076	25574400.0	0.105	0.2737268405844003
Saltmarsh_3_000000001	25660800.0	1	1	0.22734212400803408	0.45468424801606816	0.27962919815118653	0.5592583963023731	1.0	0.24508504569530487	19093325.067537356	8087715.746034436	8087715.746034436	1.4783678448093696e-10	0.0404385785823354	0.2112089820802444	25660800.0	0.105	0.27372684077599674
Saltmarsh_3_000000001	25747200.0	1	1	0.22734212405755383	0.45468424811510766	0.27962919821239846	0.5592583964247969	1.0	0.24508504569530487	19093325.076418262	8087715.749820797	8087715.749820797	1.3846339352863168e-10	0.04043857861064059	0.21120898221870785	25747200.0	0.105	0.27372684095544536
Saltmarsh_3_000000001	25833600.0	1	1	0.22734212410393384	0.4546842482078677	0.2796291982697293	0.5592583965394586	1.0	0.24508504569530487	19093325.084736094	8087715.753367089	8087715.753367089	1.2968431190030216e-10	0.04043857863715113	0.21120898234839217	25833600.0	0.105	0.27372684112351625
Saltmarsh_3_000000001	25920000.0	1	1	0.2273421241473732	0.4546842482947464	0.2796291983234252	0.5592583966468504	1.0	0.24508504569530487	19093325.09252654	8087715.756688532	8087715.756688532	1.2146186140205018e-10	0.0404385786619808	0.21120898246985406	25920000.0	0.105	0.2737268412809309
Saltmarsh_3_000000001	26006400.0	1	1	0.22734212418805833	0.45468424837611665	0.2796291983737165	0.559258396747433	1.0	0.24508504569530487	19093325.09982305	8087715.7597993845	8087715.7597993845	1.1376073694169264e-10	0.04043857868523618	0.21120898258361476	26006400.0	0.105	0.27372684142836473
Saltmarsh_3_000000001	26092800.0	1	1	0.22734212422616387	0.45468424845232774	0.27962919842081924	0.5592583968416385	1.0	0.24508504569530487	19093325.106656928	8087715.762712995	8087715.762712995	1.0654788856756525e-10	0.04043857870701709	0.21120898269016264	26092800.0	0.105	0.27372684156645083
Saltmarsh_3_000000001	26179200.0	1	1	0.2273421242618534	0.4546842485237068	0.27962919846493545	0.5592583969298709	1.0	0.24508504569530487	19093325.113057517	8087715.765441874	8087715.765441874	9.979237575175048e-11	0.040438578727417	0.21120898278995504	26179200.0	0.105	0.27372684169578176
Saltmarsh_3_000000001	26265600.0	1	1	0.22734212429528008	0.45468424859056017	0.27962919850625456	0.5592583970125091	1.0	0.24508504569530487	19093325.119052283	8087715.7679977305	8087715.7679977305	9.346516616215439e-11	0.040438578746523485	0.21120898288342022	26265600.0	0.105	0.2737268418169126
Saltmarsh_3_000000001	26352000.0	1	1	0.2273421243265874	0.4546842486531748	0.2796291985449539	0.5592583970899078	1.0	0.24508504569530487	19093325.124666966	8087715.770391538	8087715.770391538	8.75391356625066e-11	0.04043857876441855	0.2112089829709594	26352000.0	0.105	0.2737268419303634
Saltmarsh_3_000000001	26438400.0	1	1	0.22734212435590972	0.45468424871181945	0.27962919858119956	0.5592583971623991	1.0	0.24508504569530487	19093325.129925653	8087715.77263357	8087715.77263357	8.198883238996757e-11	0.04043857878117902	0.21120898305294833	26438400.0	0.105	0.27372684203662107
Saltmarsh_3_000000001	26524800.0	1	1	0.2273421243833729	0.4546842487667458	0.27962919861514707	0.5592583972302941	1.0	0.24508504569530487	19093325.134850923	8087715.77473345	8087715.77473345	7.67904420606591e-11	0.04043857879687681	0.2112089831297388	26524800.0	0.105	0.27372684213614146
Saltmarsh_3_000000001	26611200.0	1	1	0.22734212440909482	0.45468424881818964	0.2796291986469422	0.5592583972938844	1.0	0.24508504569530487	19093325.139463916	8087715.7767001875	8087715.7767001875	7.192163531399842e-11	0.0404385788115793	0.21120898320166046	26611200.0	0.105	0.27372684222935195
Saltmarsh_3_000000001	26697600.0	1	1	0.22734212443318585	0.4546842488663717	0.2796291986767214	0.5592583973534428	1.0	0.24508504569530487	19093325.143784426	8087715.778542226	8087715.778542226	6.736153301822867e-11	0.0404385788253496	0.21120898326902204	26697600.0	0.105	0.27372684231665256
Saltmarsh_3_000000001	26784000.0	1	1	0.22734212445574944	0.4546842489114989	0.2796291987046125	0.559258397409225	1.0	0.24508504569530487	19093325.147830993	8087715.780267475	8087715.780267475	6.309056749254083e-11	0.04043857883824681	0.21120898333211263	26784000.0	0.105	0.273726842398418
Saltmarsh_3_000000001	26870400.0	1	1	0.22734212447688243	0.45468424895376486	0.2796291987307352	0.5592583974614704	1.0	0.24508504569530487	19093325.151621003	8087715.781883335	8087715.781883335	5.909039230145297e-11	0.040438578850326284	0.2112089833912031	26870400.0	0.105	0.27372684247499923
Saltmarsh_3_000000001	26956800.0	1	1	0.22734212449667549	0.45468424899335097	0.27962919875520165	0.5592583975104033	1.0	0.24508504569530487	19093325.155170705	8087715.783396744	8087715.783396744	5.5343840621446816e-11	0.04043857886163988	0.211208983446547	26956800.0	0.105	0.2737268425467249
Saltmarsh_3_000000001	27043200.0	1	1	0.2273421245152136	0.4546842490304272	0.2796291987781168	0.5592583975562336	1.0	0.24508504569530487	19093325.158495348	8087715.784814199	8087715.784814199	5.1834835035347027e-11	0.04043857887223616	0.21120898349838188	27043200.0	0.105	0.2737268426139029
Saltmarsh_3_000000001	27129600.0	1	1	0.22734212453257632	0.45468424906515265	0.2796291987995791	0.5592583975991582	1.0	0.24508504569530487	19093325.16160919	8087715.786141783	8087715.786141783	4.854832508227602e-11	0.04043857888216059	0.21120898354693027	27129600.0	0.105	0.2737268426768216
Saltmarsh_3_000000001	27216000.0	1	1	0.22734212454883818	0.45468424909767635	0.27962919881968057	0.5592583976393611	1.0	0.24508504569530487	19093325.16452561	8087715.787385192	8087715.787385192	4.5470176235351545e-11	0.04043857889145578	0.21120898359240048	27216000.0	0.105	0.27372684273575104
Saltmarsh_3_000000001	27302400.0	1	1	0.227342124564069	0.454684249128138	0.2796291988385075	0.559258397677015	1.0	0.24508504569530487	19093325.16725711	8087715.788549763	8087715.788549763	4.258720459615617e-11	0.040438578900161615	0.21120898363498763	27302400.0	0.105	0.273726842790944
Saltmarsh_3_000000001	27388800.0	1	1	0.2273421245783341	0.4546842491566682	0.27962919885614074	0.5592583977122815	1.0	0.24508504569530487	19093325.169815432	8087715.789640494	8087715.789640494	3.9887010361283615e-11	0.04043857890831546	0.21120898367487467	27388800.0	0.105	0.2737268428426376
Saltmarsh_3_000000001	27475200.0	1	1	0.22734212459169478	0.45468424918338957	0.27962919887265597	0.5592583977453119	1.0	0.24508504569530487	19093325.172211543	8087715.790662069	8087715.790662069	3.735801945570216e-11	0.040438578915952324	0.21120898371223273	27475200.0	0.105	0.27372684289105365
Saltmarsh_3_000000001	27561600.0	1	1	0.2273421246042083	0.4546842492084166	0.2796291988881241	0.5592583977762482	1.0	0.24508504569530487	19093325.174455732	8087715.791618873	8087715.791618873	3.498938638824001e-11	0.040438578923104984	0.21120898374722208	27561600.0	0.105	0.2737268429363998
Saltmarsh_3_000000001	27648000.0	1	1	0.22734212461592843	0.45468424923185685	0.2796291989026115	0.559258397805223	1.0	0.24508504569530487	19093325.176557627	8087715.792515013	8087715.792515013	3.277093874043402e-11	0.04043857892980413	0.2112089837799931	27648000.0	0.105	0.273726842978871
Saltmarsh_3_000000001	27734400.0	1	1	0.22734212462690545	0.4546842492538109	0.2796291989161803	0.5592583978323606	1.0	0.24508504569530487	19093325.17852626	8087715.793354334	8087715.793354334	3.069312165537852e-11	0.04043857893607855	0.2112089838106862	27734400.0	0.105	0.2737268430186493
Saltmarsh_3_000000001	27820800.0	1	1	0.2273421246371865	0.454684249274373	0.2796291989288888	0.5592583978577776	1.0	0.24508504569530487	19093325.18037007	8087715.794140441	8087715.794140441	2.874708110445212e-11	0.04043857894195513	0.2112089838394333	27820800.0	0.105	0.27372684305590556
Saltmarsh_3_000000001	27907200.0	1	1	0.2273421246468157	0.4546842492936314	0.2796291989407916	0.5592583978815832	1.0	0.24508504569530487	19093325.182096977	8087715.794876703	8087715.794876703	2.6924400209349386e-11	0.040438578947459114	0.21120898386635772	27907200.0	0.105	0.2737268430907996
Saltmarsh_3_000000001	27993600.0	1	1	0.22734212465583437	0.45468424931166873	0.27962919895193966	0.5592583979038793	1.0	0.24508504569530487	19093325.183714394	8087715.795566285	8087715.795566285	2.521729353111013e-11	0.04043857895261413	0.21120898389157505	27993600.0	0.105	0.2737268431234813
Saltmarsh_3_000000001	28080000.0	1	1	0.22734212466428122	0.45468424932856244	0.27962919896238086	0.5592583979247617	1.0	0.24508504569530487	19093325.185229257	8087715.796212144	8087715.796212144	2.361841971998402e-11	0.0404385789574423	0.21120898391519344	28080000.0	0.105	0.2737268431540907
Saltmarsh_3_000000001	28166400.0	1	1	0.2273421246721925	0.454684249344385	0.2796291989721601	0.5592583979443202	1.0	0.24508504569530487	19093325.186648075	8087715.796817053	8087715.796817053	2.21209370265818e-11	0.04043857896196433	0.2112089839373144	28166400.0	0.105	0.27372684318275947
Saltmarsh_3_000000001	28252800.0	1	1	0.2273421246796022	0.4546842493592044	0.2796291989813193	0.5592583979626387	1.0	0.24508504569530487	19093325.187976934	8087715.797383609	8087715.797383609	2.0718385340678935e-11	0.040438578966199665	0.21120898395803284	28252800.0	0.105	0.2737268432096106
Saltmarsh_3_000000001	28339200.0	1	1	0.22734212468654208	0.45468424937308416	0.27962919898989774	0.5592583979797955	1.0	0.24508504569530487	19093325.189221542	8087715.797914244	8087715.797914244	1.940474864126074e-11	0.04043857897016647	0.2112089839774376	28339200.0	0.105	0.2737268432347591
Saltmarsh_3_000000001	28425600.0	1	1	0.22734212469304194	0.45468424938608387	0.2796291989979323	0.5592583979958646	1.0	0.24508504569530487	19093325.19038723	8087715.798411233	8087715.798411233	1.8174420302052852e-11	0.04043857897388175	0.21120898399561203	28425600.0	0.105	0.2737268432583132
Saltmarsh_3_000000001	28512000.0	1	1	0.2273421246991297	0.4546842493982594	0.27962919900545746	0.5592583980109149	1.0	0.24508504569530487	19093325.191479012	8087715.798876716	8087715.798876716	1.7022112885900498e-11	0.040438578977361465	0.21120898401263416	28512000.0	0.105	0.2737268432803739
Saltmarsh_3_000000001	28598400.0	1	1	0.22734212470483148	0.45468424940966295	0.2796291990125055	0.559258398025011	1.0	0.24508504569530487	19093325.192501575	8087715.79931268	8087715.79931268	1.5942837328086767e-11	0.04043857898062057	0.21120898402857707	28598400.0	0.105	0.2737268433010359
Saltmarsh_3_000000001	28684800.0	1	1	0.22734212471017173	0.45468424942034347	0.27962919901910666	0.5592583980382133	1.0	0.24508504569530487	19093325.193459302	8087715.799721004	8087715.799721004	1.4931986203059466e-11	0.040438578983673035	0.2112089840435091	28684800.0	0.105	0.27372684332038777
Saltmarsh_3_000000001	28771200.0	1	1	0.2273421247151734	0.4546842494303468	0.27962919902528927	0.5592583980505785	1.0	0.24508504569530487	19093325.194356304	8087715.800103442	8087715.800103442	1.3985250457704268e-11	0.040438578986531956	0.2112089840574944	28771200.0	0.105	0.2737268433385127
Saltmarsh_3_000000001	28857600.0	1	1	0.22734212471985796	0.4546842494397159	0.2796291990310799	0.5592583980621598	1.0	0.24508504569530487	19093325.195196435	8087715.800461629	8087715.800461629	1.3098536144617867e-11	0.04043857898920961	0.21120898407059302	28857600.0	0.105	0.2737268433554886
Saltmarsh_3_000000001	28944000.0	1	1	0.22734212472424548	0.45468424944849095	0.2796291990365034	0.5592583980730068	1.0	0.24508504569530487	19093325.195983298	8087715.800797109	8087715.800797109	1.2268033811047019e-11	0.04043857899171751	0.2112089840828611	28944000.0	0.105	0.273726843371388
Saltmarsh_3_000000001	29030400.0	1	1	0.2273421247283548	0.4546842494567096	0.279629199041583	0.559258398083166	1.0	0.24508504569530487	19093325.19672027	8087715.801111314	8087715.801111314	1.1490183804419019e-11	0.04043857899406639	0.21120898409435132	29030400.0	0.105	0.2737268433862793
Saltmarsh_3_000000001	29116800.0	1	1	0.22734212473220358	0.45468424946440716	0.27962919904634054	0.5592583980926811	1.0	0.24508504569530487	19093325.197410513	8087715.801405601	8087715.801405601	1.0761676272341703e-11	0.04043857899626633	0.21120898410511302	29116800.0	0.105	0.27372684340022646
Saltmarsh_3_000000001	29203200.0	1	1	0.22734212473580834	0.4546842494716167	0.2796291990507964	0.5592583981015928	1.0	0.24508504569530487	19093325.198056992	8087715.801681227	8087715.801681227	1.0079347079194889e-11	0.04043857899832679	0.21120898411519234	29203200.0	0.105	0.2737268434132893
Saltmarsh_3_000000001	29289600.0	1	1	0.22734212473918455	0.4546842494783691	0.2796291990549698	0.5592583981099396	1.0	0.24508504569530487	19093325.198662486	8087715.801939377	8087715.801939377	9.440281889538937e-12	0.0404385790002566	0.21120898412463268	29289600.0	0.105	0.27372684342552395
Saltmarsh_3_000000001	29376000.0	1	1	0.2273421247423467	0.4546842494846934	0.27962919905887856	0.5592583981177571	1.0	0.24508504569530487	19093325.199229587	8087715.802181163	8087715.802181163	8.841739840281804e-12	0.04043857900206407	0.21120898413347444	29376000.0	0.105	0.2737268434369829
Saltmarsh_3_000000001	29462400.0	1	1	0.22734212474530835	0.4546842494906167	0.2796291990625395	0.559258398125079	1.0	0.24508504569530487	19093325.199760728	8087715.802407615	8087715.802407615	8.281132723997331e-12	0.04043857900375694	0.21120898414175565	29462400.0	0.105	0.2737268434477153
Saltmarsh_3_000000001	29548800.0	1	1	0.2273421247480822	0.4546842494961644	0.27962919906596834	0.5592583981319367	1.0	0.24508504569530487	19093325.2002582	8087715.802619713	8087715.802619713	7.756087438970383e-12	0.04043857900534248	0.21120898414951172	29548800.0	0.105	0.2737268434577672
Saltmarsh_3_000000001	29635200.0	1	1	0.22734212475068022	0.45468424950136044	0.27962919906917977	0.5592583981383595	1.0	0.24508504569530487	19093325.200724125	8087715.802818358	8087715.802818358	7.2643210891065735e-12	0.04043857900682747	0.21120898415677608	29635200.0	0.105	0.2737268434671818
Saltmarsh_3_000000001	29721600.0	1	1	0.2273421247531135	0.454684249506227	0.2796291990721876	0.5592583981443752	1.0	0.24508504569530487	19093325.201160513	8087715.803004411	8087715.803004411	6.8037311895530195e-12	0.040438579008218324	0.21120898416357986	29721600.0	0.105	0.2737268434759995
Saltmarsh_3_000000001	29808000.0	1	1	0.2273421247553925	0.454684249510785	0.27962919907500466	0.5592583981500093	1.0	0.24508504569530487	19093325.201569233	8087715.803178669	8087715.803178669	6.372354033334915e-12	0.04043857900952099	0.2112089841699522	29808000.0	0.105	0.2737268434842581
Saltmarsh_3_000000001	29894400.0	1	1	0.22734212475752702	0.45468424951505404	0.27962919907764316	0.5592583981552863	1.0	0.24508504569530487	19093325.201952036	8087715.803341874	8087715.803341874	5.968316119098205e-12	0.040438579010741056	0.2112089841759206	29894400.0	0.105	0.2737268434919931
Saltmarsh_3_000000001	29980800.0	1	1	0.2273421247595262	0.4546842495190524	0.27962919908011435	0.5592583981602287	1.0	0.24508504569530487	19093325.202310573	8087715.803494737	8087715.803494737	5.589903540048624e-12	0.04043857901188378	0.21120898418151052	29980800.0	0.105	0.27372684349923765
Saltmarsh_3_000000001	30067200.0	1	1	0.22734212476139862	0.45468424952279723	0.2796291990824289	0.5592583981648578	1.0	0.24508504569530487	19093325.202646375	8087715.803637905	8087715.803637905	5.235485656118755e-12	0.04043857901295404	0.21120898418674605	30067200.0	0.105	0.2737268435060229
Saltmarsh_3_000000001	30153600.0	1	1	0.22734212476315233	0.45468424952630465	0.27962919908459666	0.5592583981691933	1.0	0.24508504569530487	19093325.202960882	8087715.803771997	8087715.803771997	4.903535910649737e-12	0.04043857901395645	0.21120898419164963	30153600.0	0.105	0.2737268435123779
Saltmarsh_3_000000001	30240000.0	1	1	0.22734212476479485	0.4546842495295897	0.279629199086627	0.559258398173254	1.0	0.24508504569530487	19093325.203255452	8087715.803897583	8087715.803897583	4.592617952603462e-12	0.040438579014895296	0.2112089841962423	30240000.0	0.105	0.27372684351833
Saltmarsh_3_000000001	30326400.0	1	1	0.2273421247663332	0.4546842495326664	0.27962919908852857	0.5592583981770571	1.0	0.24508504569530487	19093325.203531347	8087715.804015211	8087715.804015211	4.301434208819899e-12	0.04043857901577462	0.21120898420054374	30326400.0	0.105	0.2737268435239047
Saltmarsh_3_000000001	30412800.0	1	1	0.22734212476777402	0.45468424953554804	0.2796291990903096	0.5592583981806192	1.0	0.24508504569530487	19093325.203789745	8087715.804125376	8087715.804125376	4.028700983926825e-12	0.04043857901659818	0.21120898420457246	30412800.0	0.105	0.2737268435291259
Saltmarsh_3_000000001	30499200.0	1	1	0.2273421247691235	0.454684249538247	0.2796291990919777	0.5592583981839554	1.0	0.24508504569530487	19093325.204031758	8087715.80422856	8087715.80422856	3.773259482642288e-12	0.04043857901736954	0.21120898420834577	30499200.0	0.105	0.2737268435340161
Saltmarsh_3_000000001	30585600.0	1	1	0.2273421247703874	0.4546842495407748	0.27962919909354	0.55925839818708	1.0	0.24508504569530487	19093325.20425843	8087715.804325201	8087715.804325201	3.534020298623375e-12	0.04043857901809198	0.21120898421187978	30585600.0	0.105	0.2737268435385962
Saltmarsh_3_000000001	30672000.0	1	1	0.22734212477157117	0.45468424954314235	0.2796291990950033	0.5592583981900066	1.0	0.24508504569530487	19093325.204470728	8087715.804415711	8087715.804415711	3.3099495366784026e-12	0.04043857901876861	0.21120898421518974	30672000.0	0.105	0.2737268435428859
Saltmarsh_3_000000001	30758400.0	1	1	0.2273421247726799	0.4546842495453598	0.27962919909637374	0.5592583981927475	1.0	0.24508504569530487	19093325.20466957	8087715.804500487	8087715.804500487	3.1000896294486324e-12	0.04043857901940234	0.21120898421828982	30758400.0	0.105	0.27372684354690363
Saltmarsh_3_000000001	30844800.0	1	1	0.22734212477371832	0.45468424954743664	0.2796291990976573	0.5592583981953146	1.0	0.24508504569530487	19093325.2048558	8087715.804579884	8087715.804579884	2.9035246429387485e-12	0.040438579019995896	0.21120898422119333	30844800.0	0.105	0.27372684355066657
Saltmarsh_3_000000001	30931200.0	1	1	0.2273421247746909	0.4546842495493818	0.2796291990988595	0.559258398197719	1.0	0.24508504569530487	19093325.20503022	8087715.804654247	8087715.804654247	2.7194288487741858e-12	0.040438579020551806	0.2112089842239128	30931200.0	0.105	0.27372684355419097
Saltmarsh_3_000000001	31017600.0	1	1	0.22734212477560184	0.4546842495512037	0.2796291990999855	0.559258398199971	1.0	0.24508504569530487	19093325.205193587	8087715.804723896	8087715.804723896	2.547004274155995e-12	0.04043857902107248	0.21120898422645984	31017600.0	0.105	0.273726843557492
Saltmarsh_3_000000001	31104000.0	1	1	0.227342124776455	0.45468424955291	0.2796291991010401	0.5592583982020802	1.0	0.24508504569530487	19093325.2053466	8087715.804789129	8087715.804789129	2.3855015185425543e-12	0.040438579021560145	0.21120898422884538	31104000.0	0.105	0.27372684356058363
Saltmarsh_3_000000001	31190400.0	1	1	0.22734212477725405	0.4546842495545081	0.2796291991020278	0.5592583982040557	1.0	0.24508504569530487	19093325.2054899	8087715.804850227	8087715.804850227	2.2342544481190885e-12	0.040438579022016884	0.21120898423107962	31190400.0	0.105	0.2737268435634792
Saltmarsh_3_000000001	31276800.0	1	1	0.22734212477800245	0.4546842495560049	0.2796291991029529	0.5592583982059058	1.0	0.24508504569530487	19093325.20562412	8087715.804907449	8087715.804907449	2.0925830512830146e-12	0.04043857902244466	0.21120898423317222	31276800.0	0.105	0.2737268435661912
Saltmarsh_3_000000001	31363200.0	1	1	0.22734212477870339	0.45468424955740677	0.2796291991038194	0.5592583982076388	1.0	0.24508504569530487	19093325.205749825	8087715.804961044	8087715.804961044	1.9599113998403084e-12	0.04043857902284531	0.21120898423513218	31363200.0	0.105	0.2737268435687313
Saltmarsh_3_000000001	31449600.0	1	1	0.2273421247793599	0.4546842495587198	0.2796291991046309	0.5592583982092618	1.0	0.24508504569530487	19093325.205867562	8087715.805011244	8087715.805011244	1.835642748915234e-12	0.040438579023220574	0.21120898423696788	31449600.0	0.105	0.2737268435711104
Saltmarsh_3_000000001	31536000.0	1	1	0.22734212477997476	0.4546842495599495	0.27962919910539097	0.5592583982107819	1.0	0.24508504569530487	19093325.205977835	8087715.80505826	8087715.80505826	1.7192636203589018e-12	0.04043857902357204	0.21120898423868711	31536000.0	0.105	0.2737268435733385
Saltmarsh_3_000000001	31622400.0	1	1	0.22734212478055066	0.4546842495611013	0.27962919910610284	0.5592583982122057	1.0	0.24508504569530487	19093325.20608112	8087715.805102294	8087715.805102294	1.6102605360224231e-12	0.04043857902390121	0.2112089842402974	31622400.0	0.105	0.2737268435754254
Saltmarsh_3_000000001	31708800.0	1	1	0.22734212478109003	0.45468424956218007	0.2796291991067696	0.5592583982135392	1.0	0.24508504569530487	19093325.206177853	8087715.805143534	8087715.805143534	1.5081547122264283e-12	0.04043857902420952	0.2112089842418056	31708800.0	0.105	0.2737268435773801
Saltmarsh_3_000000001	31795200.0	1	1	0.2273421247815952	0.4546842495631904	0.27962919910739403	0.5592583982147881	1.0	0.24508504569530487	19093325.20626845	8087715.805182162	8087715.805182162	1.4125298153366828e-12	0.04043857902449828	0.2112089842432181	31795200.0	0.105	0.2737268435792107
Saltmarsh_3_000000001	31881600.0	1	1	0.22734212478206836	0.4546842495641367	0.2796291991079789	0.5592583982159578	1.0	0.24508504569530487	19093325.206353303	8087715.80521834	8087715.80521834	1.322976450612856e-12	0.040438579024768724	0.2112089842445411	31881600.0	0.105	0.27372684358092525
Saltmarsh_3_000000001	31968000.0	1	1	0.22734212478251153	0.45468424956502307	0.2796291991085267	0.5592583982170534	1.0	0.24508504569530487	19093325.20643278	8087715.805252221	8087715.805252221	1.2390852233146177e-12	0.04043857902502202	0.21120898424578022	31968000.0	0.105	0.2737268435825312
Saltmarsh_3_000000001	32054400.0	1	1	0.22734212478292662	0.45468424956585324	0.2796291991090397	0.5592583982180794	1.0	0.24508504569530487	19093325.20650722	8087715.805283958	8087715.805283958	1.16052306653458e-12	0.04043857902525927	0.21120898424694076	32054400.0	0.105	0.27372684358403526
Saltmarsh_3_000000001	32140800.0	1	1	0.22734212478331534	0.45468424956663067	0.2796291991095202	0.5592583982190404	1.0	0.24508504569530487	19093325.206576943	8087715.805313677	8087715.805313677	1.0869083411080283e-12	0.04043857902548147	0.21120898424802764	32140800.0	0.105	0.27372684358544386
Saltmarsh_3_000000001	32227200.0	1	1	0.2273421247836794	0.4546842495673588	0.27962919910997025	0.5592583982199405	1.0	0.24508504569530487	19093325.20664223	8087715.805341516	8087715.805341516	1.0180051246422295e-12	0.04043857902568957	0.21120898424904566	32227200.0	0.105	0.2737268435867632
Saltmarsh_3_000000001	32313600.0	1	1	0.2273421247840204	0.4546842495680408	0.27962919911039175	0.5592583982207835	1.0	0.24508504569530487	19093325.206703387	8087715.805367589	8087715.805367589	9.534664724419883e-13	0.04043857902588448	0.21120898424999912	32313600.0	0.105	0.27372684358799887
Saltmarsh_3_000000001	32400000.0	1	1	0.2273421247843398	0.4546842495686796	0.27962919911078654	0.5592583982215731	1.0	0.24508504569530487	19093325.206760664	8087715.805392007	8087715.805392007	8.930078898572447e-13	0.04043857902606703	0.21120898425089213	32400000.0	0.105	0.2737268435891562
Saltmarsh_3_000000001	32486400.0	1	1	0.22734212478463894	0.4546842495692779	0.2796291991111563	0.5592583982223126	1.0	0.24508504569530487	19093325.20681431	8087715.80541488	8087715.80541488	8.363865156013617e-13	0.040438579026238014	0.21120898425172857	32486400.0	0.105	0.27372684359024024
Saltmarsh_3_000000001	32572800.0	1	1	0.2273421247849191	0.4546842495698382	0.2796291991115026	0.5592583982230052	1.0	0.24508504569530487	19093325.20686456	8087715.805436302	8087715.805436302	7.833525494937987e-13	0.04043857902639816	0.21120898425251192	32572800.0	0.105	0.2737268435912555
Saltmarsh_3_000000001	32659200.0	1	1	0.2273421247851815	0.454684249570363	0.27962919911182693	0.5592583982236539	1.0	0.24508504569530487	19093325.20691162	8087715.805456365	8087715.805456365	7.336908858235347e-13	0.040438579026548134	0.2112089842532456	32659200.0	0.105	0.2737268435922063
Saltmarsh_3_000000001	32745600.0	1	1	0.22734212478542726	0.4546842495708545	0.27962919911213074	0.5592583982242615	1.0	0.24508504569530487	19093325.206955694	8087715.805475156	8087715.805475156	6.871656021978367e-13	0.04043857902668861	0.2112089842539328	32745600.0	0.105	0.2737268435930969
Saltmarsh_3_000000001	32832000.0	1	1	0.22734212478565746	0.4546842495713149	0.27962919911241524	0.5592583982248305	1.0	0.24508504569530487	19093325.206996974	8087715.805492757	8087715.805492757	6.436032262691072e-13	0.04043857902682018	0.2112089842545764	32832000.0	0.105	0.273726843593931
Saltmarsh_3_000000001	32918400.0	1	1	0.22734212478587307	0.45468424957174614	0.27962919911268175	0.5592583982253635	1.0	0.24508504569530487	19093325.207035642	8087715.8055092385	8087715.8055092385	6.027886523263248e-13	0.04043857902694341	0.21120898425517926	32918400.0	0.105	0.27372684359471233
Saltmarsh_3_000000001	33004800.0	1	1	0.227342124786075	0.45468424957215	0.2796291991129313	0.5592583982258627	1.0	0.24508504569530487	19093325.207071856	8087715.805524679	8087715.805524679	5.64555346915796e-13	0.04043857902705884	0.21120898425574383	33004800.0	0.105	0.273726843595444
Saltmarsh_3_000000001	33091200.0	1	1	0.22734212478626412	0.45468424957252823	0.2796291991131651	0.5592583982263302	1.0	0.24508504569530487	19093325.207105774	8087715.805539137	8087715.805539137	5.287506543716347e-13	0.04043857902716693	0.2112089842562726	33091200.0	0.105	0.2737268435961293
Saltmarsh_3_000000001	33177600.0	1	1	0.22734212478644122	0.45468424957288245	0.279629199113384	0.559258398226768	1.0	0.24508504569530487	19093325.20713754	8087715.805552679	8087715.805552679	4.952288579218589e-13	0.04043857902726817	0.21120898425676782	33177600.0	0.105	0.2737268435967711
Saltmarsh_3_000000001	33264000.0	1	1	0.22734212478660712	0.45468424957321424	0.2796291991135891	0.5592583982271782	1.0	0.24508504569530487	19093325.20716729	8087715.805565364	8087715.805565364	4.638373019005826e-13	0.04043857902736298	0.21120898425723167	33264000.0	0.105	0.27372684359737226
Saltmarsh_3_000000001	33350400.0	1	1	0.2273421247867625	0.454684249573525	0.27962919911378115	0.5592583982275623	1.0	0.24508504569530487	19093325.207195155	8087715.805577242	8087715.805577242	4.3441639174801594e-13	0.04043857902745179	0.21120898425766615	33350400.0	0.105	0.27372684359793537
Saltmarsh_3_000000001	33436800.0	1	1	0.22734212478690802	0.45468424957381604	0.279629199113961	0.559258398227922	1.0	0.24508504569530487	19093325.20722125	8087715.805588369	8087715.805588369	4.0686204405560034e-13	0.040438579027534984	0.211208984258073	33436800.0	0.105	0.2737268435984626
Saltmarsh_3_000000001	33523200.0	1	1	0.2273421247870443	0.4546842495740886	0.2796291991141295	0.559258398228259	1.0	0.24508504569530487	19093325.207245696	8087715.805598789	8087715.805598789	3.8106323652087326e-13	0.04043857902761288	0.21120898425845414	33523200.0	0.105	0.2737268435989566
Saltmarsh_3_000000001	33609600.0	1	1	0.22734212478717195	0.4546842495743439	0.2796291991142873	0.5592583982285746	1.0	0.24508504569530487	19093325.20726859	8087715.80560855	8087715.80560855	3.569020079474683e-13	0.04043857902768585	0.21120898425881107	33609600.0	0.105	0.2737268435994191
Saltmarsh_3_000000001	33696000.0	1	1	0.22734212478729152	0.45468424957458303	0.2796291991144351	0.5592583982288702	1.0	0.24508504569530487	19093325.207290027	8087715.805617696	8087715.805617696	3.3428815271463463e-13	0.04043857902775419	0.21120898425914544	33696000.0	0.105	0.2737268435998525
Saltmarsh_3_000000001	33782400.0	1	1	0.2273421247874035	0.454684249574807	0.27962919911457357	0.5592583982291471	1.0	0.24508504569530487	19093325.20731011	8087715.805626261	8087715.805626261	3.1309677073210196e-13	0.04043857902781821	0.2112089842594586	33782400.0	0.105	0.2737268436002584
Saltmarsh_3_000000001	33868800.0	1	1	0.2273421247875084	0.4546842495750168	0.27962919911470324	0.5592583982294065	1.0	0.24508504569530487	19093325.207328923	8087715.805634282	8087715.805634282	2.932445952730234e-13	0.04043857902787817	0.21120898425975193	33868800.0	0.105	0.27372684360063854
Saltmarsh_3_000000001	33955200.0	1	1	0.22734212478760663	0.45468424957521325	0.27962919911482464	0.5592583982296493	1.0	0.24508504569530487	19093325.207346544	8087715.805641793	8087715.805641793	2.746414207166481e-13	0.040438579027934324	0.21120898426002652	33955200.0	0.105	0.27372684360099436
Saltmarsh_3_000000001	34041600.0	1	1	0.2273421247876986	0.4546842495753972	0.2796291991149384	0.5592583982298768	1.0	0.24508504569530487	19093325.20736304	8087715.805648827	8087715.805648827	2.5723867480564877e-13	0.0404385790279869	0.21120898426028378	34041600.0	0.105	0.2737268436013278
Saltmarsh_3_000000001	34128000.0	1	1	0.2273421247877848	0.4546842495755696	0.2796291991150449	0.5592583982300898	1.0	0.24508504569530487	19093325.20737849	8087715.805655417	8087715.805655417	2.409253352375629e-13	0.04043857902803616	0.21120898426052476	34128000.0	0.105	0.27372684360164007
Saltmarsh_3_000000001	34214400.0	1	1	0.2273421247878655	0.454684249575731	0.27962919911514467	0.5592583982302893	1.0	0.24508504569530487	19093325.20739297	8087715.80566159	8087715.80566159	2.2565282975506307e-13	0.040438579028082296	0.2112089842607504	34214400.0	0.105	0.2737268436019325
Saltmarsh_3_000000001	34300800.0	1	1	0.22734212478794108	0.45468424957588216	0.2796291991152381	0.5592583982304762	1.0	0.24508504569530487	19093325.207406525	8087715.805667366	8087715.805667366	2.1133095273739855e-13	0.0404385790281255	0.21120898426096174	34300800.0	0.105	0.2737268436022064
Saltmarsh_3_000000001	34387200.0	1	1	0.22734212478801188	0.45468424957602377	0.27962919911532563	0.5592583982306513	1.0	0.24508504569530487	19093325.20741922	8087715.805672782	8087715.805672782	1.979458263967615e-13	0.040438579028165965	0.21120898426115975	34387200.0	0.105	0.273726843602463
Saltmarsh_3_000000001	34473600.0	1	1	0.2273421247880782	0.4546842495761564	0.27962919911540757	0.5592583982308151	1.0	0.24508504569530487	19093325.20743111	8087715.8056778535	8087715.8056778535	1.8539336732459333e-13	0.04043857902820387	0.2112089842613451	34473600.0	0.105	0.2737268436027033
Saltmarsh_3_000000001	34560000.0	1	1	0.22734212478814028	0.45468424957628056	0.27962919911548434	0.5592583982309687	1.0	0.24508504569530487	19093325.20744225	8087715.805682597	8087715.805682597	1.7362500326356667e-13	0.04043857902823936	0.21120898426151877	34560000.0	0.105	0.2737268436029283
Saltmarsh_3_000000001	34646400.0	1	1	0.22734212478819846	0.4546842495763969	0.2796291991155562	0.5592583982311125	1.0	0.24508504569530487	19093325.207452677	8087715.805687048	8087715.805687048	1.626199175319698e-13	0.040438579028272616	0.2112089842616814	34646400.0	0.105	0.2737268436031391
Saltmarsh_3_000000001	34732800.0	1	1	0.22734212478825294	0.4546842495765059	0.27962919911562356	0.5592583982312471	1.0	0.24508504569530487	19093325.20746245	8087715.805691211	8087715.805691211	1.5230178229685976e-13	0.04043857902830375	0.2112089842618337	34732800.0	0.105	0.2737268436033365
Saltmarsh_3_000000001	34819200.0	1	1	0.22734212478830396	0.4546842495766079	0.2796291991156866	0.5592583982313732	1.0	0.24508504569530487	19093325.2074716	8087715.805695111	8087715.805695111	1.426428419826209e-13	0.040438579028332915	0.21120898426197637	34819200.0	0.105	0.2737268436035214
Saltmarsh_3_000000001	34905600.0	1	1	0.22734212478835172	0.45468424957670345	0.2796291991157457	0.5592583982314914	1.0	0.24508504569530487	19093325.20748017	8087715.8056987645	8087715.8056987645	1.3359452433192587e-13	0.040438579028360226	0.21120898426210993	34905600.0	0.105	0.2737268436036945
Saltmarsh_3_000000001	34992000.0	1	1	0.2273421247883965	0.454684249576793	0.27962919911580103	0.5592583982316021	1.0	0.24508504569530487	19093325.207488194	8087715.805702187	8087715.805702187	1.2514295155696686e-13	0.040438579028385796	0.21120898426223514	34992000.0	0.105	0.27372684360385674
Saltmarsh_3_000000001	35078400.0	1	1	0.2273421247884384	0.4546842495768768	0.2796291991158528	0.5592583982317056	1.0	0.24508504569530487	19093325.207495715	8087715.805705393	8087715.805705393	1.1719791803699309e-13	0.04043857902840977	0.21120898426235232	35078400.0	0.105	0.2737268436040086
Saltmarsh_3_000000001	35164800.0	1	1	0.22734212478847768	0.45468424957695536	0.2796291991159014	0.5592583982318028	1.0	0.24508504569530487	19093325.207502753	8087715.805708394	8087715.805708394	1.0976636266590845e-13	0.0404385790284322	0.21120898426246215	35164800.0	0.105	0.27372684360415095
Saltmarsh_3_000000001	35251200.0	1	1	0.22734212478851445	0.4546842495770289	0.27962919911594686	0.5592583982318937	1.0	0.24508504569530487	19093325.20750935	8087715.805711208	8087715.805711208	1.028066520802895e-13	0.040438579028453235	0.211208984262565	35251200.0	0.105	0.2737268436042843
Saltmarsh_3_000000001	35337600.0	1	1	0.2273421247885489	0.4546842495770978	0.27962919911598944	0.5592583982319789	1.0	0.24508504569530487	19093325.20751553	8087715.805713843	8087715.805713843	9.62840918106167e-14	0.04043857902847293	0.21120898426266133	35337600.0	0.105	0.2737268436044091
Saltmarsh_3_000000001	35424000.0	1	1	0.22734212478858115	0.4546842495771623	0.2796291991160293	0.5592583982320586	1.0	0.24508504569530487	19093325.207521316	8087715.805716309	8087715.805716309	9.017092628127443e-14	0.04043857902849137	0.21120898426275148	35424000.0	0.105	0.2737268436045259
Saltmarsh_3_000000001	35510400.0	1	1	0.22734212478861135	0.4546842495772227	0.27962919911606665	0.5592583982321333	1.0	0.24508504569530487	19093325.207526732	8087715.8057186175	8087715.8057186175	8.446021659835878e-14	0.04043857902850863	0.21120898426283596	35510400.0	0.105	0.2737268436046354
Saltmarsh_3_000000001	35596800.0	1	1	0.22734212478863966	0.4546842495772793	0.2796291991161016	0.5592583982322032	1.0	0.24508504569530487	19093325.207531806	8087715.805720782	8087715.805720782	7.911032939844631e-14	0.0404385790285248	0.21120898426291512	35596800.0	0.105	0.27372684360473803
Saltmarsh_3_000000001	35683200.0	1	1	0.22734212478866617	0.45468424957733233	0.2796291991161344	0.5592583982322687	1.0	0.24508504569530487	19093325.20753656	8087715.805722809	8087715.805722809	7.408657021201748e-14	0.040438579028539964	0.2112089842629892	35683200.0	0.105	0.273726843604834
Saltmarsh_3_000000001	35769600.0	1	1	0.227342124788691	0.454684249577382	0.2796291991161651	0.5592583982323301	1.0	0.24508504569530487	19093325.207541015	8087715.805724705	8087715.805724705	6.937506125126447e-14	0.04043857902855415	0.21120898426305862	35769600.0	0.105	0.273726843604924
Saltmarsh_3_000000001	35856000.0	1	1	0.22734212478871424	0.4546842495774285	0.2796291991161938	0.5592583982323877	1.0	0.24508504569530487	19093325.207545184	8087715.8057264825	8087715.8057264825	6.497580251618729e-14	0.040438579028567435	0.21120898426312365	35856000.0	0.105	0.27372684360500826
Saltmarsh_3_000000001	35942400.0	1	1	0.227342124788736	0.454684249577472	0.27962919911622075	0.5592583982324415	1.0	0.24508504569530487	19093325.207549088	8087715.805728151	8087715.805728151	6.087491621897811e-14	0.040438579028579884	0.21120898426318455	35942400.0	0.105	0.2737268436050872
Saltmarsh_3_000000001	36028800.0	1	1	0.2273421247887564	0.4546842495775128	0.27962919911624595	0.5592583982324919	1.0	0.24508504569530487	19093325.207552742	8087715.8057297105	8087715.8057297105	5.700301342059788e-14	0.04043857902859155	0.21120898426324153	36028800.0	0.105	0.27372684360516103
Saltmarsh_3_000000001	36115200.0	1	1	0.2273421247887755	0.454684249577551	0.27962919911626954	0.5592583982325391	1.0	0.24508504569530487	19093325.207556166	8087715.80573117	8087715.80573117	5.339478859056612e-14	0.040438579028602456	0.2112089842632949	36115200.0	0.105	0.2737268436052302
Saltmarsh_3_000000001	36201600.0	1	1	0.2273421247887934	0.4546842495775868	0.27962919911629164	0.5592583982325833	1.0	0.24508504569530487	19093325.207559373	8087715.805732536	8087715.805732536	5.000166947155549e-14	0.04043857902861268	0.2112089842633449	36201600.0	0.105	0.273726843605295
Saltmarsh_3_000000001	36288000.0	1	1	0.22734212478881016	0.4546842495776203	0.27962919911631234	0.5592583982326247	1.0	0.24508504569530487	19093325.207562383	8087715.805733814	8087715.805733814	4.682365606356598e-14	0.040438579028622246	0.21120898426339174	36288000.0	0.105	0.2737268436053557
Saltmarsh_3_000000001	36374400.0	1	1	0.22734212478882584	0.4546842495776517	0.2796291991163317	0.5592583982326634	1.0	0.24508504569530487	19093325.2075652	8087715.805735015	8087715.805735015	4.386074836659759e-14	0.04043857902863122	0.21120898426343557	36374400.0	0.105	0.2737268436054125
Saltmarsh_3_000000001	36460800.0	1	1	0.22734212478884053	0.45468424957768105	0.27962919911634987	0.5592583982326997	1.0	0.24508504569530487	19093325.20756783	8087715.805736136	8087715.805736136	4.1071313017226885e-14	0.04043857902863961	0.21120898426347667	36460800.0	0.105	0.2737268436054658
Saltmarsh_3_000000001	36547200.0	1	1	0.2273421247888543	0.4546842495777086	0.27962919911636686	0.5592583982327337	1.0	0.24508504569530487	19093325.2075703	8087715.805737189	8087715.805737189	3.8469227803261674e-14	0.040438579028647476	0.2112089842635151	36547200.0	0.105	0.2737268436055156
Saltmarsh_3_000000001	36633600.0	1	1	0.22734212478886717	0.45468424957773435	0.2796291991163828	0.5592583982327656	1.0	0.24508504569530487	19093325.20757261	8087715.805738172	8087715.805738172	3.602673714908633e-14	0.04043857902865483	0.21120898426355114	36633600.0	0.105	0.27372684360556226
Saltmarsh_3_000000001	36720000.0	1	1	0.22734212478887925	0.4546842495777585	0.2796291991163977	0.5592583982327954	1.0	0.24508504569530487	19093325.207574774	8087715.805739095	8087715.805739095	3.374384105470085e-14	0.040438579028661735	0.2112089842635849	36720000.0	0.105	0.273726843605606
Saltmarsh_3_000000001	36806400.0	1	1	0.22734212478889057	0.45468424957778114	0.2796291991164117	0.5592583982328234	1.0	0.24508504569530487	19093325.207576804	8087715.80573996	8087715.80573996	3.1606661732297425e-14	0.040438579028668195	0.21120898426361653	36806400.0	0.105	0.27372684360564703
