plant	time	x	y	r_ag	h_ag	r_bg	h_bg	aboveground_resources	belowground_resources	res_ag	res_bg	res_eff	grow	maint	volume	age	salinity	transpiration
Saltmarsh_4_000000001	29289600.0	1	1	0.0	0.0	0.4029722266285853	0.8059444532571706	1.0	0.6266664266586304	6780611.486216626	71736555.34523371	6780611.486216626	-0.06610151832938674	0.10000457576046987	0.4111546567443748	29376000.0	0.078490173	0.5328564351407098
