plant	time	x	y	r_ag	h_ag	r_bg	h_bg	aboveground_resources	belowground_resources	res_ag	res_bg	res_eff	grow	maint	volume	age	salinity	transpiration
Saltmarsh_3_000000001	0.0	1	1	0.04847646077587088	0.09695292155174176	0.04847646077587088	0.09695292155174176	1.0	0.0349547304213047	923552.841931713	32282.54061955287	32282.54061955287	-0.00013925932298168732	0.0003006720260794517	0.0014315370038132103	86400.0	0.1537360255083683	0.0018552719569419206
