plant	time	x	y	r_ag	h_ag	r_bg	h_bg	aboveground_resources	belowground_resources	res_ag	res_bg	res_eff	grow	maint	volume	age	salinity	transpiration
Saltmarsh_4_000000001	39312000.0	1	1	0.6469327145695445	1.293865429139089	0.6647736950543486	1.3295473901086972	1.0	0.9768959879875183	154558253.43341863	162339381.70781744	154558253.43341863	0.0017462343491816412	0.7710450328179115	3.5470781868674592	39398400.0	0.006791639	4.597013330180227
