plant	time	x	y	r_ag	h_ag	r_bg	h_bg	aboveground_resources	belowground_resources	res_ag	res_bg	res_eff	grow	maint	volume	age	salinity	transpiration
Saltmarsh_4_000000001	0.0	1	1	0.05	0.1	0.05	0.1	NaN	NaN	NaN	NaN	NaN	NaN	NaN	NaN	NaN	NaN	NaN
Saltmarsh_4_000000001	86400.0	1	1	0.07560126704800409	0.15120253409600817	0.07629594429165792	0.15259188858331585	1.0	0.9260541796684265	923552.841931713	855259.9694155166	855259.9694155166	0.003934700654845089	0.0003415991922324941	0.005505496981639988	86400.0	0.033831116	0.007135124088205425
Saltmarsh_4_000000001	172800.0	1	1	0.10383284011508978	0.20766568023017956	0.10503508415917173	0.21007016831834346	1.0	0.9249892234802246	2111445.561694486	2001269.282654309	2001269.282654309	0.008809072591270674	0.0011972738220008704	0.014314569572910666	172800.0	0.034174449	0.018551682166492223
Saltmarsh_4_000000001	259200.0	1	1	0.13300950348876198	0.26601900697752395	0.1346900208630064	0.2693800417260128	1.0	0.9221670627593994	3982824.8397576394	3787274.832452274	3787274.832452274	0.015823401894723976	0.003112972267537395	0.030137971467634653	259200.0	0.035063059	0.03905881102205451
Saltmarsh_4_000000001	345600.0	1	1	0.16197652663416298	0.32395305326832596	0.16418439885969882	0.32836879771939764	1.0	0.9152369499206543	6535624.391776165	6185198.953487119	6185198.953487119	0.024371926277934844	0.006554068489500747	0.054509897745569504	345600.0	0.037126151	0.07064482747825808
Saltmarsh_4_000000001	432000.0	1	1	0.18971663540177194	0.3794332708035439	0.1926139648002632	0.3852279296005264	1.0	0.8986077904701233	9692278.93238578	9029562.451139148	9029562.451139148	0.03329361020484404	0.011854202050851706	0.08780350795041356	432000.0	0.041514425	0.11379334630373597
Saltmarsh_4_000000001	518400.0	1	1	0.2147717821935461	0.4295435643870922	0.218773093087711	0.437546186175422	1.0	0.8570576906204224	13296353.968987728	11865457.08658215	11865457.08658215	0.04023276192314385	0.019094523509766897	0.12803626987355743	518400.0	0.050198571	0.16593500575613043
Saltmarsh_4_000000001	604800.0	1	1	0.23366596365511105	0.4673319273102221	0.23971858683055852	0.47943717366111704	1.0	0.7432976961135864	17040258.640972536	13304554.06478074	13304554.06478074	0.03867887635802501	0.027843893965878688	0.16671514623158246	604800.0	0.066373789	0.21606282951613087
Saltmarsh_4_000000001	691200.0	1	1	0.26078827279116645	0.5215765455823329	0.2665927319914978	0.5331854639829956	1.0	0.9265336990356445	20170313.74487286	20005937.09141682	20005937.09141682	0.06377434266427734	0.03625534279280676	0.2304894888958598	691200.0	0.033675054	0.2987143776090343
Saltmarsh_4_000000001	777600.0	1	1	0.2862625283544538	0.5725250567089076	0.29197783841384567	0.5839556768276913	1.0	0.9265336990356445	25124524.802432325	24684800.87541136	24684800.87541136	0.07329973181426086	0.05012427256279595	0.3037892207101207	777600.0	0.033675054	0.3937108300403165
Saltmarsh_4_000000001	864000.0	1	1	0.31017199325127703	0.6203439865025541	0.31589154205653014	0.6317830841130603	1.0	0.926533579826355	30272671.339617882	29565646.09711077	29565646.09711077	0.08176355320478874	0.06606467728076511	0.3855527739149094	864000.0	0.033675056	0.4996763949937226
Saltmarsh_4_000000001	950400.0	1	1	0.33258860222331144	0.6651772044466229	0.3383684377168475	0.676736875433695	1.0	0.9265334606170654	35540775.69624282	34572674.62411809	34572674.62411809	0.08901767404064378	0.08384569907994666	0.47457044795555314	950400.0	0.033675117	0.6150433005503969
Saltmarsh_4_000000001	1036800.0	1	1	0.35358169803394035	0.7071633960678807	0.3594554896545137	0.7189109793090274	1.0	0.926531195640564	40863584.922559306	39640164.73071162	39640164.73071162	0.09499655782120149	0.1032042658323566	0.5695670057767547	1036800.0	0.033675834	0.738158839486674
Saltmarsh_4_000000001	1123200.0	1	1	0.373220122968762	0.746440245937524	0.37920767953793705	0.7584153590758741	1.0	0.9265168905258179	46185036.86766248	44711828.29217593	44711828.29217593	0.09969608819501577	0.12386305326586391	0.6692630939717705	1123200.0	0.033680511	0.8673649697874146
Saltmarsh_4_000000001	1209600.0	1	1	0.3915710623908086	0.7831421247816172	0.3976836549930346	0.7953673099860692	1.0	0.9264523386955261	51457874.5237265	49738750.77171284	49738750.77171284	0.10314991192823603	0.14554384193032818	0.7724130059000066	1209600.0	0.033701593	1.0010472556464087
Saltmarsh_4_000000001	1296000.0	1	1	0.4086960013961317	0.8173920027922634	0.4149402911653188	0.8298805823306376	1.0	0.9262258410453796	56642565.97245261	54674810.59206667	54674810.59206667	0.10539832346286598	0.16797572949746736	0.8778113293628724	1296000.0	0.033775338	1.1376434828542827
Saltmarsh_4_000000001	1382400.0	1	1	0.42464234282809277	0.8492846856561855	0.4310241726430688	0.8620483452861376	1.0	0.925563395023346	61705307.04955035	59467291.42886369	59467291.42886369	0.10643988072136978	0.19089657642294866	0.9842512100842424	1382400.0	0.03398988	1.2755895682691782
Saltmarsh_4_000000001	1468800.0	1	1	0.43942742072388263	0.8788548414477653	0.4459566101205335	0.891913220241067	1.0	0.9238641262054443	66614432.88425259	64038511.56669944	64038511.56669944	0.10614862827792909	0.2140439295555681	1.0903998383621718	1468800.0	0.034532311	1.4131581905173747
Saltmarsh_4_000000001	1555200.0	1	1	0.4530080828251634	0.9060161656503268	0.45970549581855796	0.9194109916371159	1.0	0.9198859333992004	71333913.05218676	68249695.19624579	68249695.19624579	0.1041205316124135	0.23712794436881549	1.1945203699745854	1555200.0	0.035760044	1.5480983994870627
Saltmarsh_4_000000001	1641600.0	1	1	0.4652179581975702	0.9304359163951404	0.472126407837988	0.944252815675976	1.0	0.9110483527183533	75811247.36573397	71822631.31097034	71822631.31097034	0.0993422451209226	0.2597709114339291	1.2938626150955082	1641600.0	0.038299933	1.6768459491637786
Saltmarsh_4_000000001	1728000.0	1	1	0.475618823778633	0.951237647557266	0.48281788907719275	0.9656357781543855	1.0	0.8915923237800598	79952984.92786884	74141612.25016552	74141612.25016552	0.08933331098114555	0.28137475026968206	1.3831959260766535	1728000.0	0.043175338	1.792621920195343
Saltmarsh_4_000000001	1814400.0	1	1	0.48309981463109086	0.9661996292621817	0.49069969603801294	0.9813993920760259	1.0	0.8470927476882935	83567961.70610344	73681430.15725347	73681430.15725347	0.06760519257748882	0.3008019582087786	1.4508011186541423	1814400.0	0.051956028	1.8802382497757684
Saltmarsh_4_000000001	1900800.0	1	1	0.4940945543547071	0.9881891087094142	0.5017729046148115	1.003545809229623	1.0	0.9265336990356445	86217511.18800285	83276418.58829032	83276418.58829032	0.10087811462907764	0.315503978312374	1.5516792332832203	1900800.0	0.033675054	2.0109762863350533
Saltmarsh_4_000000001	1987200.0	1	1	0.5043151179449469	1.0086302358898938	0.5120699985116494	1.0241399970232987	1.0	0.9265336990356445	90186571.04895458	87066409.80817106	87066409.80817106	0.0978902281938333	0.337441820847022	1.6495694614770535	1987200.0	0.033675054	2.1378420220742615
Saltmarsh_4_000000001	2073600.0	1	1	0.5138137556796466	1.0276275113592932	0.5216426175509755	1.043285235101951	1.0	0.926533579826355	93956258.68099307	90666852.94687437	90666852.94687437	0.09460437343031075	0.3587298913040611	1.744173834907364	2073600.0	0.033675055	2.260449290039944
Saltmarsh_4_000000001	2160000.0	1	1	0.5226395692839174	1.0452791385678348	0.5305394617558339	1.0610789235116678	1.0	0.926533579826355	97528870.4038661	94079761.54310548	94079761.54310548	0.09109541684682482	0.37930339086870263	1.8352692517541889	2160000.0	0.033675084	2.378508950273429
Saltmarsh_4_000000001	2246400.0	1	1	0.5308385705611525	1.061677141122305	0.5388063001934634	1.0776126003869269	1.0	0.9265325665473938	100908166.4537002	97308446.42829898	97308446.42829898	0.08742843028561353	0.39911380185588136	1.9226976820398025	2246400.0	0.033675415	2.491816195923584
Saltmarsh_4_000000001	2332800.0	1	1	0.5384536644487347	1.0769073288974693	0.5464859230556355	1.092971846111271	1.0	0.9265263080596924	104099029.92797011	100356974.69278435	100356974.69278435	0.08365811578794435	0.4181267576759774	2.006355797827747	2332800.0	0.033677451	2.6002371139847607
Saltmarsh_4_000000001	2419200.0	1	1	0.5455242711117536	1.0910485422235072	0.5536177639233071	1.1072355278466142	1.0	0.9265000224113464	107107137.86545493	103228978.82057849	103228978.82057849	0.07982510637624968	0.43631978772664276	2.0861809042039967	2419200.0	0.033686032	2.7036904518483795
Saltmarsh_4_000000001	2505600.0	1	1	0.5520853138448234	1.1041706276896468	0.5602369226629971	1.1204738453259941	1.0	0.926414966583252	109938522.43386227	105925570.83663167	105925570.83663167	0.07594859636300022	0.45367925782015817	2.1621295005669974	2505600.0	0.033713765	2.8021198327348285
Saltmarsh_4_000000001	2592000.0	1	1	0.5581653521497961	1.1163307042995922	0.5663723626895111	1.1327447253790222	1.0	0.926189661026001	112598895.22623931	108442227.53900652	108442227.53900652	0.07201542976212832	0.47019570793290427	2.2341449303291254	2592000.0	0.033787113	2.8954518297065466
Saltmarsh_4_000000001	2678400.0	1	1	0.5637839103996541	1.1275678207993083	0.5720443075497667	1.1440886150995333	1.0	0.9256807565689087	115092623.32088321	110765089.5714901	110765089.5714901	0.06796863083269195	0.4858568170247585	2.3021135611618178	2678400.0	0.033952013	2.9835391752657157
Saltmarsh_4_000000001	2764800.0	1	1	0.5689488583086958	1.1378977166173916	0.5772616273129215	1.154523254625843	1.0	0.9246795773506165	117421357.11463143	112868679.52987663	112868679.52987663	0.06370552403979601	0.5006378736095872	2.365819085201614	2764800.0	0.034273424	3.066101534421292
Saltmarsh_4_000000001	2851200.0	1	1	0.5736561501565085	1.147312300313017	0.5820214117768032	1.1640428235536064	1.0	0.9229544997215271	119582657.59773427	114719403.69775483	114719403.69775483	0.059105181012881425	0.5144918374758928	2.4249242662144956	2851200.0	0.034818124	3.1427018490139864
Saltmarsh_4_000000001	2937600.0	1	1	0.5778973564346105	1.155794712869221	0.5863160223539625	1.172632044707925	1.0	0.9204052090644836	121569616.97771029	116294758.54661511	116294758.54661511	0.05412842246852856	0.527345370264547	2.4790526886830238	2937600.0	0.03560299	3.212852284533199
Saltmarsh_4_000000001	3024000.0	1	1	0.5816865287513677	1.1633730575027355	0.5901591156711483	1.1803182313422966	1.0	0.9174600839614868	123373860.92946106	117638561.08236985	117638561.08236985	0.0490761920671785	0.5391166133446708	2.528128880750202	3024000.0	0.036481629	3.276455029452262
Saltmarsh_4_000000001	3110400.0	1	1	0.5856606536605816	1.1713213073211632	0.5941701836738216	1.1883403673476431	1.0	0.9265336990356445	124997046.85163446	120364339.02369736	120364339.02369736	0.05203254117639722	0.5497891539420896	2.580161421926598	3110400.0	0.033675054	3.343889202816871
Saltmarsh_4_000000001	3196800.0	1	1	0.5893478301102606	1.1786956602205212	0.5978918854073328	1.1957837708146657	1.0	0.9265336990356445	126710859.29956254	122003179.6689912	122003179.6689912	0.04891129011228501	0.5611046082326709	2.629072712038883	3196800.0	0.033675054	3.407278234802392
Saltmarsh_4_000000001	3283200.0	1	1	0.5927685568017335	1.185537113603467	0.601344852012476	1.202689704024952	1.0	0.9265336990356445	128311362.93122248	123533736.93879302	123533736.93879302	0.04592739689412362	0.5717412877998415	2.6750001089330073	3283200.0	0.033675054	3.4668001411771776
Saltmarsh_4_000000001	3369600.0	1	1	0.5959419010980294	1.1918838021960587	0.6045482809160799	1.2090965618321599	1.0	0.9265336990356445	129805190.1022229	124962337.7932568	124962337.7932568	0.04308262527675355	0.5817290636895305	2.7180827342097604	3369600.0	0.033675052	3.522635223535849
Saltmarsh_4_000000001	3456000.0	1	1	0.5988855968578333	1.1977711937156665	0.6075200324931158	1.2150400649862316	1.0	0.9265337586402893	131198715.91562648	126295074.00353764	126295074.00353764	0.04037717950837261	0.5910981905093156	2.758459913718133	3456000.0	0.033675014	3.5749640481787006
Saltmarsh_4_000000001	3542400.0	1	1	0.6016161814841371	1.2032323629682742	0.6102767654061656	1.2205535308123312	1.0	0.92653489112854	132498047.12947136	127537914.51389407	127537914.51389407	0.0378106052850844	0.5998789672843859	2.796270519003218	3542400.0	0.033674639	3.6239665926281703
Saltmarsh_4_000000001	3628800.0	1	1	0.6041492646381461	1.2082985292762922	0.612834201858166	1.225668403716332	1.0	0.9265418648719788	133709036.10323052	128697112.65748712	128697112.65748712	0.03538396904442864	0.608101594243007	2.831654488047646	3628800.0	0.033672353	3.66982421650975
Saltmarsh_4_000000001	3715200.0	1	1	0.6065002891477792	1.2130005782955584	0.6152078788832287	1.2304157577664574	1.0	0.9265733957290649	134837360.6104049	129780728.12003566	129780728.12003566	0.03310713706984236	0.615796503530336	2.864761625117488	3715200.0	0.033662063	3.7127310661522643
Saltmarsh_4_000000001	3801600.0	1	1	0.6086865086566438	1.2173730173132875	0.6174151042710511	1.2348302085421021	1.0	0.9266875386238098	135888831.71743962	130802568.11670764	130802568.11670764	0.031016567683188168	0.6229962729003501	2.8957781928006767	3801600.0	0.033624752	3.752928537869677
Saltmarsh_4_000000001	3888000.0	1	1	0.6107316531552289	1.2214633063104579	0.6194795769956469	1.2389591539912939	1.0	0.9270382523536682	136870259.95289665	131791220.2893933	131791220.2893933	0.029214692792434716	0.6297414086545319	2.9249928855931113	3888000.0	0.033509763	3.790790779728672
Saltmarsh_4_000000001	3974400.0	1	1	0.6126756638164672	1.2253513276329344	0.6214410260561705	1.242882052112341	1.0	0.9279834032058716	137791554.281487	132807887.63208999	132807887.63208999	0.02794474532197866	0.6360946928384713	2.9529376309150903	3974400.0	0.033197402	3.8270071696659573
Saltmarsh_4_000000001	4060800.0	1	1	0.6145923413651875	1.229184682730375	0.6233726062674887	1.2467452125349774	1.0	0.9302564263343811	138670154.80218473	133976111.59503102	133976111.59503102	0.027708754905207522	0.6421718030699476	2.9806463858202976	4060800.0	0.032430343	3.8629177160231056
Saltmarsh_4_000000001	4147200.0	1	1	0.6166152247653416	1.2332304495306832	0.6254059790884934	1.2508119581769868	1.0	0.9351533651351929	139539135.65727448	135518107.97091368	135518107.97091368	0.029392947105891243	0.6481975927486772	3.0100393329261887	4147200.0	0.030695872	3.9010109754723405
Saltmarsh_4_000000001	4233600.0	1	1	0.6189582445406039	1.2379164890812078	0.6277497188289816	1.2554994376579631	1.0	0.9444571733474731	140459212.00532454	137758024.5804377	137758024.5804377	0.034200481217929624	0.6545896416842588	3.044239814144119	4233600.0	0.02703432	3.945334799130778
Saltmarsh_4_000000001	4320000.0	1	1	0.6202285533933163	1.2404571067866326	0.6290327170057904	1.2580654340115809	1.0	0.9265336990356445	141528676.248647	136153826.06989956	136153826.06989956	0.018741951055353256	0.6620271792941446	3.0629817651994724	4320000.0	0.033675054	3.9696243676985166
Saltmarsh_4_000000001	4406400.0	1	1	0.6214064914298942	1.2428129828597885	0.6302224410985308	1.2604448821970615	1.0	0.9265336990356445	142110200.5161656	136710166.57433546	136710166.57433546	0.01744786397186615	0.6661029688998111	3.0804296291713382	4406400.0	0.033675054	3.992236799406055
Saltmarsh_4_000000001	4492800.0	1	1	0.6224987550473247	1.2449975100946493	0.6313256501309927	1.2626513002619855	1.0	0.9265336990356445	142650504.4730019	137227077.51946437	137227077.51946437	0.016238052656985857	0.669897334940336	3.0966676818283245	4492800.0	0.033675053	4.013281315649508
Saltmarsh_4_000000001	4579200.0	1	1	0.6235115581158133	1.2470231162316265	0.632348616515296	1.264697233030592	1.0	0.9265336990356445	143152426.7918614	137707273.42490786	137707273.42490786	0.015107762358551713	0.6734286047659876	3.1117754441868763	4579200.0	0.033675035	4.032860975666192
Saltmarsh_4_000000001	4665600.0	1	1	0.6244507050713086	1.2489014101426172	0.6332971993631303	1.2665943987262607	1.0	0.9265344738960266	143618622.62320662	138153408.97912124	138153408.97912124	0.014052973178819261	0.676714071716787	3.125828417365695	4665600.0	0.033674789	4.05107362890594
Saltmarsh_4_000000001	4752000.0	1	1	0.6253217749644198	1.2506435499288395	0.6341770289351373	1.2683540578702746	1.0	0.9265398979187012	144051591.5691668	138568454.9242559	138568454.9242559	0.013072119690862527	0.679770154930417	3.1389005370565575	4752000.0	0.033673008	4.068015096025299
Saltmarsh_4_000000001	4838400.0	1	1	0.6261307955466826	1.2522615910933652	0.634994182158867	1.269988364317734	1.0	0.926567018032074	144453757.8927986	138957290.84296453	138957290.84296453	0.012173521101777496	0.6826129331130452	3.1510740581583345	4838400.0	0.033664127	4.083791979373202
Saltmarsh_4_000000001	4924800.0	1	1	0.6268861724752351	1.2537723449504703	0.6357571169956219	1.2715142339912437	1.0	0.9266721606254578	144827778.6505001	139330946.50646916	139330946.50646916	0.011394438393522499	0.6852602941388233	3.162468496551857	4924800.0	0.033629786	4.098559171531207
Saltmarsh_4_000000001	5011200.0	1	1	0.6276033812833509	1.2552067625667018	0.6364813774231336	1.2729627548462672	1.0	0.9270090460777283	145177435.7966221	139716272.6839443	139716272.6839443	0.010843134436784974	0.6877382289829366	3.1733116309886427	5011200.0	0.033519357	4.1126118737612805
Saltmarsh_4_000000001	5097600.0	1	1	0.6283150520858745	1.256630104171749	0.6371996912017217	1.2743993824034434	1.0	0.9279434680938721	145509815.42978486	140175488.11603552	140175488.11603552	0.010781168163034649	0.690096272417143	3.184092799151677	5097600.0	0.033210674	4.126584267700574
Saltmarsh_4_000000001	5184000.0	1	1	0.6290894435960352	1.2581788871920705	0.6379803586886442	1.2759607173772884	1.0	0.9302350878715515	145840004.21892542	140838514.89767972	140838514.89767972	0.011751734368242284	0.6924408401201563	3.195844533519919	5184000.0	0.032437646	4.141814515441815
Saltmarsh_4_000000001	5270400.0	1	1	0.6300576332779896	1.2601152665559792	0.6389538048158996	1.2779076096317992	1.0	0.9352349638938904	146199718.21180385	141941976.0417249	141941976.0417249	0.014713404517487816	0.6949964756911367	3.2105579380374074	5270400.0	0.030665932	4.16088308769648
Saltmarsh_4_000000001	5356800.0	1	1	0.6314347232446896	1.2628694464893793	0.6403314127801539	1.2806628255603079	1.0	0.9447944760322571	146650077.01049533	143829496.94699168	143829496.94699168	0.020951302619488965	0.6981961821154694	3.2315092406568966	5356800.0	0.026891	4.188035975891338
Saltmarsh_4_000000001	5443200.0	1	1	0.6334811667355353	1.2669623334710707	0.6423624611375102	1.2847249222750203	1.0	0.9600894451141357	147291831.1488501	146785949.98805538	146785949.98805538	0.031177313185710376	0.7027524367545666	3.262686553842606	5443200.0	0.019324757	4.228441773780017
Saltmarsh_4_000000001	5529600.0	1	1	0.633689466932065	1.26737893386413	0.6425729168257958	1.2851458336515915	1.0	0.9265336990356445	148248106.90484136	142549225.6781268	142549225.6781268	0.003213598750347213	0.7095325296402869	3.2659001525929536	5529600.0	0.033675054	4.232606597760468
Saltmarsh_4_000000001	5616000.0	1	1	0.6338825865667914	1.2677651731335828	0.6427680353110133	1.2855360706220267	1.0	0.9265336990356445	148345616.31284824	142642534.44518912	142642534.44518912	0.002981285121739008	0.7102313871042066	3.2688814377146933	5616000.0	0.033675054	4.236470343278242
Saltmarsh_4_000000001	5702400.0	1	1	0.634061631440661	1.268123262881322	0.6429489337410578	1.2858978674821155	1.0	0.9265336990356445	148436048.0403778	142729070.56611055	142729070.56611055	0.002765629228463573	0.7108797236020892	3.2716470669431574	5702400.0	0.033675053	4.240054598758332
Saltmarsh_4_000000001	5788800.0	1	1	0.6342276298537454	1.2684552597074907	0.6431166509715732	1.2862333019431464	1.0	0.9265337586402893	148519913.62513447	142809332.700583	142809332.700583	0.0025655018312669142	0.7114811616716482	3.2742125687744243	5788800.0	0.033675019	4.243379489131654
Saltmarsh_4_000000001	5875200.0	1	1	0.6343815977144748	1.2687631954289496	0.6432722132486858	1.2865444264973716	1.0	0.9265351295471191	148597689.33648258	142883969.61645636	142883969.61645636	0.002380769805990113	0.7120390782762916	3.2765933385804145	5875200.0	0.033674579	4.246464966800217
Saltmarsh_4_000000001	5961600.0	1	1	0.634524813015388	1.269049626030776	0.6434169111278448	1.2868338222556897	1.0	0.9265445470809937	148669846.53807643	142954471.75750652	142954471.75750652	0.0022155373584561433	0.7125568214290765	3.2788088759388705	5961600.0	0.033671494	4.249336303216776
Saltmarsh_4_000000001	6048000.0	1	1	0.6346598761825069	1.2693197523650137	0.6435533693267782	1.2871067386535564	1.0	0.9265903830528259	148736980.2640808	143025789.18970013	143025789.18970013	0.002090314268725635	0.713038631679775	3.2808991902075952	6048000.0	0.033656532	4.252045350509044
Saltmarsh_4_000000001	6134400.0	1	1	0.6347936946147398	1.2695873892294796	0.6436885575844913	1.2873771151689826	1.0	0.9267627596855164	148800306.47368553	143113007.87906998	143113007.87906998	0.0020718295799324604	0.7134932098154175	3.282971019787527	6134400.0	0.033600125	4.254730441644635
Saltmarsh_4_000000001	6220800.0	1	1	0.634944668377308	1.269889336754616	0.6438410327373366	1.2876820654746732	1.0	0.9273020625114441	148863062.36460555	143256381.2006584	143256381.2006584	0.002338137895322334	0.7139437681079698	3.28530915768285	6220800.0	0.033422961	4.2577606683569735
Saltmarsh_4_000000001	6307200.0	1	1	0.635157328014387	1.270314656028774	0.6440556394852525	1.288111278970505	1.0	0.9287583827972412	148933879.35406947	143549256.3030641	143549256.3030641	0.003294041365020317	0.7144522401503003	3.288603199047871	6307200.0	0.032938425	4.26202974596604
Saltmarsh_4_000000001	6393600.0	1	1	0.6355273353858752	1.2710546707717505	0.644428343768618	1.288856687537236	1.0	0.9322183728218079	149033659.79239613	144179949.2560874	144179949.2560874	0.005731154907335334	0.7151685913731016	3.2943343539552057	6393600.0	0.031749412	4.2694573227259465
Saltmarsh_4_000000001	6480000.0	1	1	0.6362316638561855	1.272463327712371	0.6451350879185438	1.2902701758370876	1.0	0.9394374489784241	149207347.8286519	145464312.7228757	145464312.7228757	0.01090662486096472	0.7164149387534139	3.3052409788161694	6480000.0	0.029075448	4.283592308545756
Saltmarsh_4_000000001	6566400.0	1	1	0.6375293438751283	1.2750586877502565	0.6464284745047846	1.2928569490095692	1.0	0.9522786140441895	149538251.6660789	147775131.18442607	147775131.18442607	0.020088866548152562	0.7187867893739778	3.325329845364322	6566400.0	0.023478246	4.309627479592161
Saltmarsh_4_000000001	6652800.0	1	1	0.6393113759716184	1.2786227519432367	0.6481881415535279	1.2963762831070558	1.0	0.9704016447067261	150148880.50044566	151188398.62049878	150148880.50044566	0.02758891142666353	0.7231554910755648	3.3529187567909853	6652800.0	0.01244464	4.345382708801117
Saltmarsh_4_000000001	6739200.0	1	1	0.6390850188913356	1.2781700377826712	0.6479679449827837	1.2959358899655673	1.0	0.9265336990356445	150989450.69536418	145133733.0777017	145133733.0777017	-0.003486553148319027	0.7291552185368275	3.3494322036426665	6739200.0	0.033675054	4.340864135920896
Saltmarsh_4_000000001	6825600.0	1	1	0.638876190016842	1.277752380033684	0.6477648051833323	1.2955296103666647	1.0	0.9265336990356445	150882549.79548284	145036524.690359	145036524.690359	-0.0032143785557313675	0.7283970020075263	3.346217825086934	6825600.0	0.033675054	4.3366983013126665
Saltmarsh_4_000000001	6912000.0	1	1	0.6386835327889391	1.2773670655778782	0.6475774012519477	1.2951548025038955	1.0	0.9265336990356445	150783960.45538893	144946875.9820473	144946875.9820473	-0.0029635950500289665	0.7276979749602654	3.3432542300369046	6912000.0	0.033675053	4.332857482127828
Saltmarsh_4_000000001	6998400.0	1	1	0.6385057985571643	1.2770115971143285	0.6474045174770887	1.2948090349541774	1.0	0.9265337586402893	150693034.4192101	144864206.4054556	144864206.4054556	-0.002732453473771712	0.7270534855010496	3.340521776563132	6998400.0	0.033675004	4.3293162224258195
Saltmarsh_4_000000001	7084800.0	1	1	0.6383419231399602	1.2766838462799204	0.6472451177712032	1.2944902355424064	1.0	0.9265356063842773	150609175.72339988	144788243.81327215	144788243.81327215	-0.0025180430566916767	0.7264592621230525	3.33800373350644	7084800.0	0.033674397	4.326052838624347
Saltmarsh_4_000000001	7171200.0	1	1	0.6381913975775753	1.2763827951551505	0.6470987062483146	1.2941974124966291	1.0	0.9265485405921936	150531876.58438322	144719978.11950442	144719978.11950442	-0.0023117757236432723	0.7259116663211654	3.335691957782797	7171200.0	0.033670187	4.323056777286505
Saltmarsh_4_000000001	7257600.0	1	1	0.6380556742204335	1.276111348440867	0.6469666947806813	1.2939333895613625	1.0	0.9266103506088257	150460891.98194948	144665083.78099164	144665083.78099164	-0.002083508323717287	0.7254089272286756	3.3336084494590796	7257600.0	0.033650008	4.320356550498968
Saltmarsh_4_000000001	7344000.0	1	1	0.637942152577809	1.275884305155618	0.6468562795920088	1.2937125591840175	1.0	0.9268401861190796	150396902.1318963	144642764.62023005	144642764.62023005	-0.001742006072576574	0.7249558291737268	3.3318664433865024	7344000.0	0.033574795	4.318098910628907
Saltmarsh_4_000000001	7430400.0	1	1	0.6378735197471056	1.2757470394942112	0.6467895256360652	1.2935790512721304	1.0	0.9275499582290649	150343390.2355502	144704823.4268061	144704823.4268061	-0.0010528800695001062	0.7245769972035306	3.330813563317003	7430400.0	0.033341135	4.316734378058836
Saltmarsh_4_000000001	7516800.0	1	1	0.6379056619121425	1.275811323824285	0.64682195232629	1.29364390465258	1.0	0.9294391870498657	150311042.67127147	144970053.88750073	144970053.88750073	0.0005022407992310018	0.7243480286382726	3.331315804116233	7516800.0	0.032708754	4.317385282134638
Saltmarsh_4_000000001	7603200.0	1	1	0.6381553468631981	1.2763106937263962	0.6470732545329041	1.2941465090658082	1.0	0.9338406324386597	150326191.26708218	145671153.6938687	145671153.6938687	0.0038985181271511404	0.7244572503421923	3.335214322243384	7603200.0	0.031172479	4.322437761627426
Saltmarsh_4_000000001	7689600.0	1	1	0.638832511077697	1.277665022155394	0.6477515929543363	1.2955031859086725	1.0	0.9427413940429688	150443893.72889167	147173606.66136402	147173606.66136402	0.010562976905738042	0.7253050564010821	3.345777299149122	7689600.0	0.027750821	4.336127379697262
Saltmarsh_4_000000001	7776000.0	1	1	0.6402137120103373	1.2804274240206746	0.6491243997833068	1.2982487995666137	1.0	0.9577316641807556	150763343.4457219	149826141.46630347	149826141.46630347	0.02152853301831681	0.7276021743132005	3.3673058321674394	7776000.0	0.020654866	4.364028358489001
Saltmarsh_4_000000001	7862400.0	1	1	0.6418050936786325	1.283610187357265	0.650690702358333	1.301381404716666	1.0	0.9768959879875183	151415970.1538632	153468297.7006257	151415970.1538632	0.024795892214861448	0.7322839585544545	3.392101724382301	7862400.0	0.006791639	4.396163834799462
Saltmarsh_4_000000001	7948800.0	1	1	0.6413918763156158	1.2827837526312316	0.6502887039162788	1.3005774078325576	1.0	0.9265336990356445	152169656.22151428	146252731.78568253	146252731.78568253	-0.0064126325509371584	0.7376762914793498	3.385689091831364	7948800.0	0.033675054	4.3878530630134485
Saltmarsh_4_000000001	8035200.0	1	1	0.641010657325734	1.282021314651468	0.6499178536818381	1.2998357073636762	1.0	0.9265336990356445	151973774.62830463	146074602.0983172	146074602.0983172	-0.0059087334820704385	0.7362817439736565	3.3797803583492927	8035200.0	0.033675054	4.380195344420684
Saltmarsh_4_000000001	8121600.0	1	1	0.6406589613414533	1.2813179226829066	0.6495757393211996	1.2991514786423992	1.0	0.9265336990356445	151793173.42731494	145910373.70455006	145910373.70455006	-0.005444910271040326	0.7349967787937907	3.3743354480782526	8121600.0	0.033675052	4.3731387407094156
Saltmarsh_4_000000001	8208000.0	1	1	0.6403345071584231	1.2806690143168462	0.6492601381137383	1.2985202762274766	1.0	0.9265337586402893	151626653.873097	145758964.58892056	145758964.58892056	-0.005017857746437149	0.73381268069104	3.369317590331815	8208000.0	0.033674992	4.366635597070032
Saltmarsh_4_000000001	8294400.0	1	1	0.6400353050146681	1.2800706100293362	0.6489691114543612	1.2979382229087224	1.0	0.9265361428260803	151473113.69733018	145619727.26618433	145619727.26618433	-0.004622816857429823	0.7327214531883515	3.364694773474386	8294400.0	0.033674253	4.360644426422804
Saltmarsh_4_000000001	8380800.0	1	1	0.6397600708276714	1.2795201416553428	0.6487014076308428	1.2974028152616857	1.0	0.9265516996383667	151331592.3784298	145493489.85127407	145493489.85127407	-0.004248685497376226	0.7317161347537466	3.3604460879770097	8380800.0	0.03366916	4.355138130018204
Saltmarsh_4_000000001	8467200.0	1	1	0.639509927548082	1.279019855096164	0.6484581163793984	1.2969162327587969	1.0	0.9266257882118225	151201466.20648107	145386796.23772615	145386796.23772615	-0.0038581970284241596	0.7307921782170549	3.3565878909485853	8467200.0	0.033644931	4.350137906669366
Saltmarsh_4_000000001	8553600.0	1	1	0.6392931040022903	1.2785862080045807	0.6482472384404163	1.2964944768808326	1.0	0.926899790763855	151083251.1498094	145322261.32483467	145322261.32483467	-0.0033418341149463737	0.7299531407391198	3.3532460568336386	8553600.0	0.033555261	4.345806889656396
Saltmarsh_4_000000001	8640000.0	1	1	0.6391357589457767	1.2782715178915534	0.6480942116668063	1.2961884233336125	1.0	0.9277387261390686	150980820.0490458	145360540.88696778	145360540.88696778	-0.0024236916495044003	0.7292263960843433	3.3508223651841336	8640000.0	0.033278611	4.342665785278637
Saltmarsh_4_000000001	8726400.0	1	1	0.6391030914227701	1.2782061828455402	0.6480624410793324	1.2961248821586648	1.0	0.9299503564834595	150906509.33914164	145639253.70617425	145639253.70617425	-0.0005030502388840841	0.7286993187697554	3.3503193149452493	8726400.0	0.032534934	4.342013832169044
Saltmarsh_4_000000001	8812800.0	1	1	0.6393274521266838	1.2786549042533677	0.6482880928506345	1.296576185701269	1.0	0.935032308101654	150891083.4587645	146420983.17969984	146420983.17969984	0.003514994860533749	0.7285899210379655	3.353834309805783	8812800.0	0.030740196	4.346569265508295
Saltmarsh_4_000000001	8899200.0	1	1	0.6400389244685658	1.2800778489371316	0.6489998603120571	1.2979997206241143	1.0	0.9450811147689819	150997044.3670326	148097370.41295972	148097370.41295972	0.011132529312506745	0.7293543227522918	3.36496683911829	8899200.0	0.026768613	4.360997023497304
Saltmarsh_4_000000001	8985600.0	1	1	0.6415167910558539	1.2830335821117078	0.6504658792670065	1.300931758534013	1.0	0.961347222328186	151333303.96923217	150975806.4659072	150975806.4659072	0.023103731786688342	0.7317753005428476	3.388070570904978	8985600.0	0.018584053	4.390939459892851
Saltmarsh_4_000000001	9072000.0	1	1	0.6430119645461271	1.2860239290922542	0.6519345322672568	1.3038690645345137	1.0	0.9807127714157104	152032975.9181251	154708555.53883782	152032975.9181251	0.02336523822060499	0.7367996413700205	3.411435809125583	9072000.0	0.002692497	4.421220808626756
Saltmarsh_4_000000001	9158400.0	1	1	0.6425109281673504	1.285021856334701	0.6514471320961714	1.3028942641923429	1.0	0.9265336990356445	152742483.69412607	146815432.2280289	146815432.2280289	-0.007803690547425246	0.7418808516875697	3.403632118578157	9158400.0	0.033675054	4.411107225677291
Saltmarsh_4_000000001	9244800.0	1	1	0.6420486994955671	1.2840973989911342	0.650997510801403	1.301995021602806	1.0	0.9265336990356445	152504541.85435435	146599064.1642645	146599064.1642645	-0.007188471647327055	0.7401837924686496	3.3964436469308303	9244800.0	0.033675054	4.4017909664223565
Saltmarsh_4_000000001	9331200.0	1	1	0.6416222763611779	1.2832445527223557	0.6505827417903867	1.3011654835807733	1.0	0.9265336990356445	152285194.25285956	146399612.82929668	146399612.82929668	-0.006622460019188092	0.7386205241656715	3.389821186911642	9331200.0	0.033675052	4.393208258237489
Saltmarsh_4_000000001	9417600.0	1	1	0.6412288974140616	1.2824577948281233	0.6502001337920522	1.3004002675841044	1.0	0.9265338778495789	152082977.9246773	146215774.22999048	146215774.22999048	-0.00610147458229815	0.7371803457322506	3.383719712329345	9417600.0	0.033674985	4.385300747178831
Saltmarsh_4_000000001	9504000.0	1	1	0.6408661206957784	1.2817322413915568	0.6498473071003251	1.2996946142006502	1.0	0.9265363216400146	151896550.78776515	146046655.14207926	146046655.14207926	-0.0056201896662115836	0.7358534653766079	3.378099522663133	9504000.0	0.033674154	4.37801698137142
Saltmarsh_4_000000001	9590400.0	1	1	0.6405323390385733	1.2810646780771466	0.6495226946369084	1.2990453892738167	1.0	0.9265537261962891	151724727.7627025	145893174.55512503	145893174.55512503	-0.005165376698499258	0.7346312494741244	3.3729341459646327	9590400.0	0.033668475	4.371322653170164
Saltmarsh_4_000000001	9676800.0	1	1	0.6402286115333257	1.2804572230666513	0.6492273227574362	1.2984546455148724	1.0	0.9266360402107239	151566723.64520216	145762467.54804894	145762467.54804894	-0.0046956034617087195	0.7335079412019535	3.3682385425029238	9676800.0	0.033641596	4.3652371510837895
Saltmarsh_4_000000001	9763200.0	1	1	0.6399637987436977	1.2799275974873954	0.6489698044165783	1.2979396088331565	1.0	0.9269381761550903	151423017.96286112	145679288.57337436	145679288.57337436	-0.00409035108498812	0.7324867939518599	3.364148191417936	9763200.0	0.03354265	4.359936056077645
Saltmarsh_4_000000001	9849600.0	1	1	0.6397663273993067	1.2795326547986134	0.6487777782493784	1.2975555564987569	1.0	0.9278581738471985	151297780.01438227	145709858.19864747	145709858.19864747	-0.003047979216591501	0.7315972702098289	3.361100212201344	9849600.0	0.033239001	4.355985875012942
Saltmarsh_4_000000001	9936000.0	1	1	0.6397066679606358	1.2794133359212716	0.6487197648488838	1.2974395296977677	1.0	0.9302661418914795	151204423.5883921	146002790.73607346	146002790.73607346	-0.0009204761468043499	0.7309344298271717	3.3601797360545396	9936000.0	0.032427014	4.354792937926684
Saltmarsh_4_000000001	10022400.0	1	1	0.6399265708907913	1.2798531417815826	0.6489408180000584	1.2978816360001169	1.0	0.9357466101646423	151176224.6974927	146837045.40494224	146837045.40494224	0.003450972040613731	0.7307342549840975	3.363630708095153	10022400.0	0.030477548	4.359265397691318
Saltmarsh_4_000000001	10108800.0	1	1	0.6406658047720699	1.2813316095441398	0.6496797310517967	1.2993594621035933	1.0	0.9464269280433655	151280177.99475437	148613931.00552335	148613931.00552335	0.01158492129501354	0.7314847337326033	3.3752156293901656	10108800.0	0.026185597	4.3742794556896545
Saltmarsh_4_000000001	10195200.0	1	1	0.6422005681250327	1.2844011362500654	0.6512004454927465	1.302400890985493	1.0	0.9633023142814636	151629893.2003835	151606816.20155665	151606816.20155665	0.02402998834305914	0.7340040926647241	3.399245617733224	10195200.0	0.017385497	4.405422320582258
Saltmarsh_4_000000001	10281600.0	1	1	0.6436417221903753	1.2872834443807506	0.6526145103037401	1.3052290206074801	1.0	0.9825825691223145	152357245.1081916	155360335.08562472	152357245.1081916	0.02255636014725504	0.7392298653937031	3.4218019778804787	10281600.0	0.000384142	4.434655363333101
Saltmarsh_4_000000001	10368000.0	1	1	0.6430973389329916	1.2861946778659832	0.652085011814698	1.304170023629396	1.0	0.9265336990356445	153041818.2508806	147128059.42250794	147128059.42250794	-0.008494872854754476	0.7441351699672942	3.413307105025724	10368000.0	0.033675054	4.423646008113338
Saltmarsh_4_000000001	10454400.0	1	1	0.6425951346628149	1.2851902693256299	0.6515965714518392	1.3031931429036785	1.0	0.9265336990356445	152783046.4279779	146892771.15859595	146892771.15859595	-0.007823944368438474	0.7422878001614183	3.4054831606572864	10454400.0	0.033675054	4.413506176211843
Saltmarsh_4_000000001	10540800.0	1	1	0.6421318457120208	1.2842636914240415	0.6511460075253207	1.3022920150506414	1.0	0.9265336990356445	152544518.49589312	146675899.61193293	146675899.61193293	-0.007206838308682628	0.7405863363683474	3.3982763223486034	10540800.0	0.033675052	4.40416611376379
Saltmarsh_4_000000001	10627200.0	1	1	0.6417044694190033	1.2834089388380066	0.6507303934643865	1.301460786928773	1.0	0.9265338778495789	152324639.10370472	146476020.23568204	146476020.23568204	-0.006638972711153768	0.739019073889564	3.39163734963745	10627200.0	0.033674981	4.395562005130135
Saltmarsh_4_000000001	10713600.0	1	1	0.6413103533239474	1.2826207066478947	0.6503471443485709	1.3006942886971418	1.0	0.9265365600585938	152121944.66915324	146292167.3389706	146292167.3389706	-0.006114467765983678	0.7375753044608367	3.3855228818714664	10713600.0	0.033674109	4.38763765490542
Saltmarsh_4_000000001	10800000.0	1	1	0.6409477113837246	1.2818954227674493	0.6499945186546102	1.2999890373092204	1.0	0.9265547394752502	151935144.3622955	146125213.56139547	146125213.56139547	-0.005619530686152174	0.7362455984931295	3.3799033511853143	10800000.0	0.033668169	4.380354743136167
Saltmarsh_4_000000001	10886400.0	1	1	0.6406175384969657	1.2812350769939314	0.6496734795004239	1.2993469590008477	1.0	0.9266403317451477	151763363.32960883	145982533.16805243	145982533.16805243	-0.005110860057986777	0.7350235258982489	3.374792491127327	10886400.0	0.033640194	4.373731068501016
Saltmarsh_4_000000001	10972800.0	1	1	0.6403288930119905	1.280657786023981	0.6493928301341241	1.2987856602682482	1.0	0.9269532561302185	151607047.17238835	145889668.81846932	145889668.81846932	-0.0044637292021239006	0.7339120732944705	3.370328761925203	10972800.0	0.033537692	4.367946075455063
Saltmarsh_4_000000001	11059200.0	1	1	0.6401108989886394	1.2802217979772788	0.6491808819511241	1.2983617639022482	1.0	0.927901566028595	151470457.62147143	145914574.1840842	145914574.1840842	-0.0033684805409387453	0.7329413514613597	3.3669602813842645	11059200.0	0.033224595	4.363580524674007
Saltmarsh_4_000000001	11145600.0	1	1	0.6400354475339676	1.2800708950679351	0.649107524454615	1.29821504890923	1.0	0.9303704500198364	151367341.7564255	146208691.54574192	146208691.54574192	-0.0011653543115888176	0.7322088120402984	3.3657949270726757	11145600.0	0.032391231	4.362070225486188
Saltmarsh_4_000000001	11232000.0	1	1	0.640246409713658	1.280492819427316	0.6493195307787153	1.2986390615574306	1.0	0.9359568953514099	151331659.77369618	147053843.0420338	147053843.0420338	0.00331383137358654	0.7319553838365824	3.369108758446262	11232000.0	0.030399714	4.366364950946356
Saltmarsh_4_000000001	11318400.0	1	1	0.6409840856564365	1.281968171312873	0.6500566305116545	1.300113261023309	1.0	0.9467684626579285	151431437.11687112	148849402.27831465	148849402.27831465	0.011570972622774622	0.7326760387687986	3.380679731069037	11318400.0	0.026035472	4.381360931465472
Saltmarsh_4_000000001	11404800.0	1	1	0.6424971594339955	1.284994318867991	0.6515552883590009	1.3031105767180018	1.0	0.9637089967727661	151780589.19221035	151855242.07885158	151780589.19221035	0.02371058166114559	0.7351923642999062	3.404390312730183	11404800.0	0.017128476	4.412089845298317
Saltmarsh_4_000000001	11491200.0	1	1	0.6439106605978858	1.2878213211957716	0.6529417819698529	1.3058835639397057	1.0	0.9828760027885437	152498005.7106677	155584712.8517296	152498005.7106677	0.022141352512280776	0.7403486760410577	3.4265316652424636	11491200.0	0.0	4.440785038154233
Saltmarsh_4_000000001	11577600.0	1	1	0.6433507297952563	1.2867014595905126	0.6523972527394257	1.3047945054788515	1.0	0.9265336990356445	153169738.5529298	147283829.69655186	147283829.69655186	-0.008744580919520906	0.7451637294022803	3.417787084322942	11577600.0	0.033675054	4.429452061282533
Saltmarsh_4_000000001	11664000.0	1	1	0.6428341995197336	1.2856683990394673	0.6518949647297513	1.3037899294595026	1.0	0.9265336990356445	152903468.18210465	147041751.59157965	147041751.59157965	-0.008053297925310954	0.7432620558832091	3.4097337863976307	11664000.0	0.033675054	4.419014987171329
Saltmarsh_4_000000001	11750400.0	1	1	0.6423577104522153	1.2847154209044307	0.6514316433028896	1.3028632866057792	1.0	0.9265336990356445	152658041.97320268	146818634.4324071	146818634.4324071	-0.007417542685313472	0.7415107148473491	3.402316243712318	11750400.0	0.033675052	4.409401851851164
Saltmarsh_4_000000001	11836800.0	1	1	0.6419181717274577	1.2838363434549154	0.651004276219497	1.302008552438994	1.0	0.9265338778495789	152431815.896342	146613009.46669295	146613009.46669295	-0.006832583407160531	0.7398976307406253	3.3954836603051577	11836800.0	0.033674982	4.400546823755485
Saltmarsh_4_000000001	11923200.0	1	1	0.6415128495851371	1.2830256991702742	0.6506101996125078	1.3012203992250155	1.0	0.9265365600585938	152223281.7343654	146423870.7868661	146423870.7868661	-0.006292403091839871	0.7384117570261703	3.3891912572133176	11923200.0	0.033674118	4.39239186934846
Saltmarsh_4_000000001	12009600.0	1	1	0.641139868016058	1.282279736032116	0.6502475844967854	1.3004951689935709	1.0	0.9265544414520264	152031107.74665996	146252008.5750426	146252008.5750426	-0.005783312801458496	0.7370433556766716	3.3834079444118594	12009600.0	0.033668262	4.38489669595777
Saltmarsh_4_000000001	12096000.0	1	1	0.6408000910822361	1.2816001821644722	0.6499172663586882	1.2998345327173764	1.0	0.9266384840011597	151854374.52361682	146104613.02129766	146104613.02129766	-0.005262600475225532	0.7357856655817139	3.3781453439366342	12096000.0	0.033640808	4.378076365741878
Saltmarsh_4_000000001	12182400.0	1	1	0.640502236987403	1.281004473974806	0.6496277159563476	1.2992554319126952	1.0	0.9269442558288574	151693464.41857412	146006503.89162287	146006503.89162287	-0.004608694713372774	0.7346412141714872	3.3735366492232615	12182400.0	0.033540674	4.372103497393347
Saltmarsh_4_000000001	12268800.0	1	1	0.6402744476939254	1.2805488953878508	0.6494062846116501	1.2988125692233001	1.0	0.9278665781021118	151552478.1128992	146023455.14294985	146023455.14294985	-0.003521691147854389	0.7336389668626037	3.370014958075407	12268800.0	0.033236224	4.367539385665728
Saltmarsh_4_000000001	12355200.0	1	1	0.6401860796567476	1.2803721593134951	0.6493203848258307	1.2986407696516613	1.0	0.9302583932876587	151444700.524675	146301517.36701593	146301517.36701593	-0.0013655220796293666	0.732873108914709	3.3686494359957777	12355200.0	0.032429652	4.365769669050528
Saltmarsh_4_000000001	12441600.0	1	1	0.6403759202057989	1.2807518404115978	0.6495111603136742	1.2990223206273483	1.0	0.9356554746627808	151402899.8641919	147111949.74034882	147111949.74034882	0.0029835982350655543	0.7325761504666786	3.3716330342308423	12441600.0	0.030511194	4.369636412363171
Saltmarsh_4_000000001	12528000.0	1	1	0.641075826950066	1.282151653900132	0.6502106353643361	1.3004212707286722	1.0	0.9461036324501038	151492707.10050508	148841854.39863473	148841854.39863473	0.010984281998633438	0.7332249899945402	3.3826173162294753	12528000.0	0.026326913	4.3838720418334
Saltmarsh_4_000000001	12614400.0	1	1	0.6425548472885768	1.2851096945771536	0.6516761359483327	1.3033522718966655	1.0	0.9625921249389648	151824039.7064813	151760571.24360016	151760571.24360016	0.02318912759835623	0.7356137286196446	3.4058064438278315	12614400.0	0.017827845	4.41392515120087
Saltmarsh_4_000000001	12700800.0	1	1	0.6439567644628541	1.2879135289257082	0.653051859069301	1.306103718138602	1.0	0.9816516637802124	152525391.59895924	155458422.29648203	152525391.59895924	0.02197031762329016	0.740656640371506	3.4277767614511214	12700800.0	0.001562272	4.442398682840653
Saltmarsh_4_000000001	12787200.0	1	1	0.6433985131048211	1.2867970262096422	0.6525090684447121	1.3050181368894243	1.0	0.9265336990356445	153191673.17890915	147342974.91451594	147342974.91451594	-0.008719624408081939	0.7454344989806617	3.4190571370430396	12787200.0	0.033675054	4.43109804960778
Saltmarsh_4_000000001	12873600.0	1	1	0.6428835508053036	1.2857671016106071	0.6520084024843238	1.3040168049686476	1.0	0.9265336990356445	152926182.0914597	147101637.71879157	147101637.71879157	-0.008030064130227665	0.7435382527241855	3.4110270729128107	12873600.0	0.033675054	4.420691086495003
Saltmarsh_4_000000001	12960000.0	1	1	0.6424085254681887	1.2848170509363774	0.6515465942000004	1.3030931884000008	1.0	0.9265336990356445	152681482.41810286	146879210.98299694	146879210.98299694	-0.007395909398876799	0.7417919643138615	3.4036311635139342	12960000.0	0.033675052	4.411105987914059
Saltmarsh_4_000000001	13046400.0	1	1	0.6419703469248377	1.2839406938496754	0.6511206326090675	1.302241265218135	1.0	0.9265337586402893	152455933.70923108	146674210.54752362	146674210.54752362	-0.006812532034361052	0.7401835847719792	3.396818631479573	13046400.0	0.033674986	4.402276946397527
Saltmarsh_4_000000001	13132800.0	1	1	0.6415662882584338	1.2831325765168675	0.6507278610112571	1.3014557220225142	1.0	0.9265363216400146	152248028.19861874	146485650.1723434	146485650.1723434	-0.006273820743788017	0.738702071605505	3.3905448107357854	13132800.0	0.03367418	4.394146074713578
Saltmarsh_4_000000001	13219200.0	1	1	0.6411944192971508	1.2823888385943016	0.6503663981288305	1.300732796257661	1.0	0.9265528917312622	152056437.49363536	146314135.8512191	146314135.8512191	-0.00576703208084306	0.7373377113369385	3.3847777786549424	13219200.0	0.033668747	4.386672001136805
Saltmarsh_4_000000001	13305600.0	1	1	0.640855354481792	1.281710708963584	0.6500368366698548	1.3000736733397096	1.0	0.9266304969787598	151880216.63233006	146166218.22448638	146166218.22448638	-0.005252470668324016	0.736083561790756	3.379525307986619	13305600.0	0.033643401	4.379864799150659
Saltmarsh_4_000000001	13392000.0	1	1	0.6405569098276169	1.2811138196552339	0.6497467689189139	1.2994935378378278	1.0	0.926911473274231	151719630.01416376	146064537.68096212	146064537.68096212	-0.0046186248926698426	0.7349413132974805	3.3749066830939487	13392000.0	0.033551423	4.373879061289758
Saltmarsh_4_000000001	13478400.0	1	1	0.6403245883094594	1.2806491766189187	0.6495209761505562	1.2990419523011123	1.0	0.9277550578117371	151578352.05236962	146068911.57630262	146068911.57630262	-0.0035923486029082463	0.7339369064844213	3.371314334491041	13478400.0	0.033273219	4.369223377500389
Saltmarsh_4_000000001	13564800.0	1	1	0.6402213148765565	1.280442629753113	0.6494206071324758	1.2988412142649517	1.0	0.9299353957176208	151468421.0647028	146311923.93848523	146311923.93848523	-0.0015960630521391073	0.7331556827445653	3.3697182714389013	13564800.0	0.032540057	4.367154879784816
Saltmarsh_4_000000001	13651200.0	1	1	0.6403737246147523	1.2807474492295046	0.6495738025841987	1.2991476051683974	1.0	0.9348534345626831	151419566.45984182	147040911.43145627	147040911.43145627	0.002395968329389153	0.7328085888278922	3.372114239768291	13651200.0	0.030805546	4.370260054739705
Saltmarsh_4_000000001	13737600.0	1	1	0.6409954774164305	1.281990954832861	0.6501955940718953	1.3003911881437906	1.0	0.9444365501403809	151491668.28736222	148618096.11410573	148618096.11410573	0.009760843385205997	0.7333296371853226	3.381875083153497	13737600.0	0.027043076	4.382910107766932
Saltmarsh_4_000000001	13824000.0	1	1	0.6423493562183811	1.2846987124367621	0.6515387033211518	1.3030774066423036	1.0	0.9598848223686218	151785984.21978465	151337004.03890082	151337004.03890082	0.021232704111212808	0.7354523160832913	3.4031077872647097	13824000.0	0.019443182	4.410427692295063
Saltmarsh_4_000000001	13910400.0	1	1	0.6437574100474427	1.2875148200948854	0.6529222500705566	1.3058445001411132	1.0	0.9786656498908997	152427850.9941323	154931380.2128493	152427850.9941323	0.022069488203549814	0.7400697667671118	3.42517727546826	13910400.0	0.004980659	4.439029749006865
Saltmarsh_4_000000001	13996800.0	1	1	0.6432197922559775	1.286439584511955	0.652399637199142	1.304799274398284	1.0	0.9265336990356445	153096838.522364	147295357.14891893	147295357.14891893	-0.008392406138757247	0.7448691918833519	3.4167848693295024	13996800.0	0.033675054	4.428153190651035
Saltmarsh_4_000000001	14083200.0	1	1	0.6427238834078118	1.2854477668156237	0.6519176014096028	1.3038352028192055	1.0	0.9265336990356445	152841235.3576644	147063043.88403454	147063043.88403454	-0.00772888597107102	0.7430441053912438	3.4090559833584315	14083200.0	0.033675054	4.418136554432527
Saltmarsh_4_000000001	14169600.0	1	1	0.6422664521175494	1.2845329042350988	0.6514729942757381	1.3029459885514763	1.0	0.9265336990356445	152605651.4916318	146848935.7281918	146848935.7281918	-0.007118635192819078	0.7413633138337781	3.401937348165613	14169600.0	0.033675052	4.408910803222635
Saltmarsh_4_000000001	14256000.0	1	1	0.6418445197465732	1.2836890394931464	0.6510629143113591	1.3021258286227182	1.0	0.9265337586402893	152388507.67317227	146651604.5257347	146651604.5257347	-0.006557210152084769	0.7398152327807582	3.395380138013527	14256000.0	0.033674994	4.400412658865531
Saltmarsh_4_000000001	14342400.0	1	1	0.641455441188956	1.282910882377912	0.6506847852796058	1.3013695705592117	1.0	0.9265359044075012	152188352.35071877	146470049.47004604	146470049.47004604	-0.006038996807405939	0.7383892441576362	3.389341141206121	14342400.0	0.033674295	4.392586119003133
Saltmarsh_4_000000001	14428800.0	1	1	0.6410972982441361	1.2821945964882722	0.6503367382724373	1.3006734765448746	1.0	0.9265503883361816	152003898.71554914	146304717.16319868	146304717.16319868	-0.005552364952732258	0.7370759507687257	3.383788776253389	14428800.0	0.033669597	4.385390254024392
Saltmarsh_4_000000001	14515200.0	1	1	0.6407703465839469	1.2815406931678939	0.6500190175432268	1.3000380350864535	1.0	0.9266169667243958	151834209.83942646	146161019.68093964	146161019.68093964	-0.005063386220594879	0.7358684846252931	3.378725390032794	14515200.0	0.033647823	4.3788281054825005
Saltmarsh_4_000000001	14601600.0	1	1	0.6404809981602211	1.2809619963204422	0.6497378497654678	1.2994756995309356	1.0	0.9268568754196167	151679382.2068636	146058125.1746657	146058125.1746657	-0.004476730226635195	0.7347673560999637	3.3742486598061583	14601600.0	0.033569318	4.373026263108781
Saltmarsh_4_000000001	14688000.0	1	1	0.64025060263891	1.28050120527782	0.6495139757894782	1.2990279515789565	1.0	0.9275731444358826	151542427.42661372	146046414.69904673	146046414.69904673	-0.003561733454419902	0.7337938069496536	3.3706869263517376	14688000.0	0.033333439	4.3684102565518526
Saltmarsh_4_000000001	14774400.0	1	1	0.64013203701543	1.28026407403086	0.6493987689168704	1.2987975378337409	1.0	0.9294175505638123	151433420.5493936	146237461.70595613	146237461.70595613	-0.0018319325196202163	0.7330192410494009	3.3688549938321177	14774400.0	0.032716065	4.366036072006425
Saltmarsh_4_000000001	14860800.0	1	1	0.6402328643189704	1.2804657286379408	0.6495001634616787	1.2990003269233574	1.0	0.9335808157920837	151377338.96084663	146841178.9110556	146841178.9110556	0.001585041672599874	0.7326208528826781	3.3704400355047177	14860800.0	0.031265756	4.368090286014114
Saltmarsh_4_000000001	14947200.0	1	1	0.640737369681298	1.281474739362596	0.6500053007961154	1.3000106015922308	1.0	0.9417822360992432	151425029.6560729	148177290.7224567	148177290.7224567	0.007920903619115016	0.7329655499931684	3.3783609391238327	14947200.0	0.028142567	4.378355777104487
Saltmarsh_4_000000001	15033600.0	1	1	0.6418919169210503	1.2837838338421006	0.6511530594505883	1.3023061189011766	1.0	0.9554405808448792	151663770.41228828	150559148.1478065	150559148.1478065	0.018107641340899594	0.734688099398133	3.396468580464732	15033600.0	0.02188112	4.401823280282293
Saltmarsh_4_000000001	15120000.0	1	1	0.6433228774106884	1.2866457548213768	0.652562613374785	1.30512522674957	1.0	0.9733358025550842	152210829.95706034	153917550.96140793	152210829.95706034	0.02242820335393292	0.7386259464313688	3.4188967838186652	15120000.0	0.01005758	4.4308902318289904
Saltmarsh_4_000000001	15206400.0	1	1	0.6428240368770715	1.285648073754143	0.6520778149138226	1.304155629827645	1.0	0.9265336990356445	152890229.26337963	147145269.2121636	147145269.2121636	-0.007777034840086516	0.7435033809009045	3.411119748978579	15206400.0	0.033675054	4.420811194676238
Saltmarsh_4_000000001	15292800.0	1	1	0.6423639169887887	1.2847278339775774	0.6516306751303746	1.3032613502607493	1.0	0.9265336990356445	152653215.2329078	146929888.03947052	146929888.03947052	-0.007162678269320155	0.7418121184666728	3.403957070709258	15292800.0	0.033675054	4.411528363639198
Saltmarsh_4_000000001	15379200.0	1	1	0.641939516086516	1.283879032173032	0.6512182705738225	1.302436541147645	1.0	0.9265336990356445	152434761.53923056	146731381.76687524	146731381.76687524	-0.006597550584281464	0.7402544594186576	3.397359520124976	15379200.0	0.033675053	4.402977938081969
Saltmarsh_4_000000001	15465600.0	1	1	0.641548067677089	1.283096135354178	0.6508379074265567	1.3016758148531133	1.0	0.9265337586402893	152233405.0259106	146548428.26805815	146548428.26805815	-0.0060775566698637595	0.7388196980101546	3.391281963455112	15465600.0	0.033675007	4.395101424637826
Saltmarsh_4_000000001	15552000.0	1	1	0.6411871043490307	1.2823742086980614	0.650487183429296	1.300974366858592	1.0	0.9265355467796326	152047800.7638167	146380067.3998661	146380067.3998661	-0.0055976820548966355	0.7374980190542272	3.3856842814002146	15552000.0	0.033674451	4.387846828694678
Saltmarsh_4_000000001	15638400.0	1	1	0.6408547414884489	1.2817094829768978	0.650164263362362	1.300328526724724	1.0	0.9265467524528503	151876751.25729126	146226422.23944187	146226422.23944187	-0.005148586657757637	0.736280697854967	3.3805356947424574	15638400.0	0.033670763	4.381174260386225
Saltmarsh_4_000000001	15724800.0	1	1	0.6405508350251383	1.2811016700502766	0.6498690036278076	1.2997380072556153	1.0	0.9265986680984497	151719339.76745495	146091588.00895268	146091588.00895268	-0.004703100848045261	0.7351610408928086	3.375832593894412	15724800.0	0.033653819	4.375079041687157
Saltmarsh_4_000000001	15811200.0	1	1	0.6402799535695199	1.2805599071390399	0.6496058392879256	1.2992116785758512	1.0	0.926783561706543	151575477.04105267	145990000.076778	145990000.076778	-0.004188262811215093	0.7341382631951051	3.3716443310831963	15811200.0	0.033593325	4.369651053083823
Saltmarsh_4_000000001	15897600.0	1	1	0.6400580091263902	1.2801160182527804	0.6493902248436371	1.2987804496872741	1.0	0.9273310303688049	151447305.15545085	145959693.81335703	145959693.81335703	-0.0034289776406802863	0.7332274467074654	3.368215353442516	15897600.0	0.033413406	4.365207098061501
Saltmarsh_4_000000001	15984000.0	1	1	0.6399246480169628	1.2798492960339256	0.6492606703348466	1.2985213406696932	1.0	0.9287313222885132	151342329.005906	146084500.7565499	146084500.7565499	-0.002059247271970266	0.7324817510547198	3.3661561061705454	15984000.0	0.032947502	4.362538313597027
Saltmarsh_4_000000001	16070400.0	1	1	0.6399617690818498	1.2799235381636995	0.6492980257368663	1.2985960514737327	1.0	0.9318883419036865	151279268.85213944	146523463.68951774	146523463.68951774	0.0005833894260075523	0.7320339290215812	3.366739495596552	16070400.0	0.031865221	4.3632943862931315
Saltmarsh_4_000000001	16156800.0	1	1	0.6403113252946754	1.2806226505893508	0.6496486104798151	1.2992972209596303	1.0	0.9381800889968872	151296820.326208	147529661.59374472	147529661.59374472	0.005487509948736036	0.7321607980199876	3.3722270055452883	16156800.0	0.029561834	4.370406199186694
Saltmarsh_4_000000001	16243200.0	1	1	0.6411821619260913	1.2823643238521827	0.6505170144066759	1.3010340288133517	1.0	0.9490669369697571	151462146.4123182	149402214.90781394	149402214.90781394	0.01365691431554239	0.7333541602235273	3.385883919860831	16243200.0	0.025000745	4.388105560139637
Saltmarsh_4_000000001	16329600.0	1	1	0.6426525154854907	1.2853050309709815	0.6519714638305025	1.303942927661005	1.0	0.96468585729599	151874409.86195993	152264862.28105623	151874409.86195993	0.023047936318368656	0.7363241129914311	3.408931856179199	16329600.0	0.016499588	4.417975685608242
Saltmarsh_4_000000001	16416000.0	1	1	0.6422105918010574	1.2844211836021149	0.6515420956157703	1.3030841912315405	1.0	0.9265336990356445	152571762.77553716	146892075.81131306	146892075.81131306	-0.006875940988497642	0.741336320045063	3.4020559151907	16416000.0	0.033675054	4.4090644660871465
Saltmarsh_4_000000001	16502400.0	1	1	0.6418029898871497	1.2836059797742994	0.651146096243238	1.302292192486476	1.0	0.9265336990356445	152362001.228504	146701495.26632464	146701495.26632464	-0.006333541077800153	0.7398410174094233	3.3957223741129	16502400.0	0.033675054	4.400856196850318
Saltmarsh_4_000000001	16588800.0	1	1	0.6414270472708369	1.2828540945416738	0.6507808738932029	1.3015617477864059	1.0	0.9265336990356445	152168658.62051308	146525839.10161832	146525839.10161832	-0.005834474323391792	0.7384636698314834	3.3898878997895086	16588800.0	0.033675053	4.393294718127203
Saltmarsh_4_000000001	16675200.0	1	1	0.6410803106037953	1.2821606212075907	0.6504440407937497	1.3008880815874995	1.0	0.9265337586402893	151990442.15893245	146363940.61467615	146363940.61467615	-0.005375150628363912	0.7371948537017446	3.3845127491611446	16675200.0	0.033675021	4.3863285229128435
Saltmarsh_4_000000001	16761600.0	1	1	0.640760568154869	1.281521136309738	0.6501334446428773	1.3002668892857545	1.0	0.92653489112854	151826163.41407934	146214878.6509196	146214878.6509196	-0.004951532890177135	0.7360259261447751	3.3795612162709663	16761600.0	0.033674644	4.379911336287172
Saltmarsh_4_000000001	16848000.0	1	1	0.6404660529442163	1.2809321058884326	0.6498473657907442	1.2996947315814884	1.0	0.9265424609184265	151674752.8579171	146078525.71012515	146078525.71012515	-0.0045564936783618615	0.7349491222289877	3.375004722592605	16848000.0	0.033672176	4.374006120480016
Saltmarsh_4_000000001	16934400.0	1	1	0.6401961587262303	1.2803923174524605	0.6495852125266109	1.2991704250532219	1.0	0.926576554775238	151535355.21715227	145957265.37507546	145957265.37507546	-0.004171900141169416	0.7339582270165468	3.3708328224514355	16934400.0	0.033661043	4.36859933789706
Saltmarsh_4_000000001	17020800.0	1	1	0.6399533155096198	1.2799066310192395	0.6493493424756187	1.2986986849512374	1.0	0.9266958236694336	151407667.26669797	145860043.1652704	145860043.1652704	-0.0037507530727748373	0.7330509688991268	3.367082069378659	17020800.0	0.033622055	4.363738361914742
Saltmarsh_4_000000001	17107200.0	1	1	0.6397469972772626	1.2794939945545252	0.6491489546227025	1.298297909245405	1.0	0.9270421862602234	151292823.24321607	145810182.8332921	145810182.8332921	-0.0031843829628332987	0.7322352971292938	3.363897686415826	17107200.0	0.033508495	4.359611401594911
Saltmarsh_4_000000001	17193600.0	1	1	0.6396010603989484	1.2792021207978967	0.6490072158733011	1.2980144317466022	1.0	0.9279123544692993	151195286.6404749	145858319.1251886	145858319.1251886	-0.002251197561683238	0.7315427931876262	3.3616464888541424	17193600.0	0.033220993	4.3566938495549685
Saltmarsh_4_000000001	17280000.0	1	1	0.6395651779573203	1.2791303559146405	0.6489723660771446	1.2979447321542892	1.0	0.9298496842384338	151126314.2137192	146099973.7621615	146099973.7621615	-0.0005533591445161523	0.7310532279553237	3.361093129709626	17280000.0	0.032569296	4.355976696103675
Saltmarsh_4_000000001	17366400.0	1	1	0.6397259635624265	1.279451927124853	0.6491339710316375	1.298267942063275	1.0	0.9337115287780762	151109357.92839858	146691234.00166827	146691234.00166827	0.0025232804021446675	0.7309328896061967	3.3636164101117707	17366400.0	0.031218846	4.359246867504855
Saltmarsh_4_000000001	17452800.0	1	1	0.6402198050720554	1.280439610144111	0.6496285188273953	1.2992570376547905	1.0	0.940588653087616	151185344.75320464	147845039.0351254	147845039.0351254	0.007743570808312228	0.7314816243673148	3.3713599809200825	17452800.0	0.028621745	4.369282535272427
Saltmarsh_4_000000001	17539200.0	1	1	0.6412178943107656	1.2824357886215312	0.6506224151695348	1.3012448303390696	1.0	0.9513372182846069	151418852.2890758	149761468.5792119	149761468.5792119	0.015641733477346098	0.7331656094187133	3.3870017143974276	17539200.0	0.023934336	4.389554221859067
Saltmarsh_4_000000001	17625600.0	1	1	0.6408910395066281	1.2817820790132561	0.6503049481395713	1.3006098962791426	1.0	0.9265336990356445	151891337.9250703	146300681.2764495	146300681.2764495	-0.005063792045703841	0.7365671984279514	3.3819379223517227	17625600.0	0.033675054	4.3829915473678325
Saltmarsh_4_000000001	17712000.0	1	1	0.6405895855956316	1.2811791711912632	0.6500121647354654	1.3000243294709308	1.0	0.9265336990356445	151736527.0236548	146160057.7557631	146160057.7557631	-0.00466569286950691	0.7354659816483224	3.377272229482216	17712000.0	0.033675054	4.376944809408952
Saltmarsh_4_000000001	17798400.0	1	1	0.6403115603378546	1.2806231206757093	0.6497421465915229	1.2994842931830457	1.0	0.9265336990356445	151593816.92463982	146030429.8517212	146030429.8517212	-0.004299189760216149	0.7344513390188222	3.3729730397219995	17798400.0	0.033675054	4.371373059479711
Saltmarsh_4_000000001	17884800.0	1	1	0.6400551443717019	1.2801102887434037	0.6494931243120703	1.2989862486241406	1.0	0.9265336990356445	151462257.60869896	145910933.754231	145910933.754231	-0.003961730609540526	0.7335163993806956	3.369011309112459	17884800.0	0.033675038	4.366238656609747
Saltmarsh_4_000000001	17971200.0	1	1	0.6398186837111115	1.279637367422223	0.6492634895293147	1.2985269790586293	1.0	0.9265341758728027	151340974.26096055	145800849.1508964	145800849.1508964	-0.003650600824633643	0.7326548465791156	3.3653607082878265	17971200.0	0.03367486	4.361507477941023
Saltmarsh_4_000000001	18057600.0	1	1	0.63960077722778	1.27920155445556	0.6490518797859337	1.2981037595718674	1.0	0.9265375733375549	151229172.7179997	145699838.21213296	145699838.21213296	-0.0033617637378389187	0.7318609547985038	3.3619989445499874	18057600.0	0.033673756	4.357150632136784
Saltmarsh_4_000000001	18144000.0	1	1	0.6394005396386151	1.2788010792772302	0.6488574338396675	1.297714867679335	1.0	0.926551878452301	151126180.39716342	145608543.80662712	145608543.80662712	-0.0030871570394166437	0.7311298760725523	3.358911787510571	18144000.0	0.033669076	4.3531496766137
Saltmarsh_4_000000001	18230400.0	1	1	0.6392182481553196	1.2784364963106392	0.6486804194918717	1.2973608389837434	1.0	0.9265985488891602	151031570.11454818	145529944.62710133	145529944.62710133	-0.002808792600272225	0.7304585157357789	3.356102994910299	18230400.0	0.033653848	4.349509481403747
Saltmarsh_4_000000001	18316800.0	1	1	0.6390564644249234	1.2781129288498467	0.6485233228669686	1.2970466457339371	1.0	0.9267228245735168	150945464.95005396	145471245.67844418	145471245.67844418	-0.0024914625873280194	0.7298476909795489	3.353611532322971	18316800.0	0.033613211	4.34628054589057
Saltmarsh_4_000000001	18403200.0	1	1	0.6389216431375805	1.277843286275161	0.64839241016677	1.29678482033354	1.0	0.9270049929618835	150869067.16226983	145446119.38155487	145446119.38155487	-0.0020752786926633293	0.7293058756004377	3.3515362536303077	18403200.0	0.033520727	4.343590984704878
Saltmarsh_4_000000001	18489600.0	1	1	0.6388256752037212	1.2776513504074425	0.6482992258807398	1.2965984517614797	1.0	0.9275615811347961	150805416.3977712	145475576.87789267	145475576.87789267	-0.0014766828440153645	0.7288545672334787	3.350059570786293	18489600.0	0.033337283	4.341677203739035
Saltmarsh_4_000000001	18576000.0	1	1	0.6387860933126739	1.2775721866253478	0.6482607924550939	1.2965215849101879	1.0	0.9285215139389038	150760116.9546336	145584901.48947278	145584901.48947278	-0.0006089273400462503	0.7285334347874102	3.3494506434462465	18576000.0	0.033017827	4.340888033906335
Saltmarsh_4_000000001	18662400.0	1	1	0.63882176008726	1.27764352017452	0.648296704509008	1.296593409018016	1.0	0.9299507737159729	150741435.22068053	145791969.5342308	145791969.5342308	0.0005588355816708024	0.7284010120894832	3.350009479027917	18662400.0	0.032534826	4.34161228482018
Saltmarsh_4_000000001	18748800.0	1	1	0.6389422182516253	1.2778844365032507	0.6484178777013124	1.2968357554026249	1.0	0.9316971302032471	150758269.05894056	146081893.97713086	146081893.97713086	0.0018869284928280106	0.7285225413928264	3.3518964075207442	18748800.0	0.031932097	4.344057744146885
Saltmarsh_4_000000001	18835200.0	1	1	0.6387927042812825	1.277585408562565	0.6482727031167005	1.296545406233401	1.0	0.9265336990356445	150815129.29021886	145326464.97275546	145326464.97275546	-0.002300564604070021	0.7289328894678474	3.349595842916675	18835200.0	0.033675054	4.341076212420011
Saltmarsh_4_000000001	18921600.0	1	1	0.6386548160186571	1.2773096320373143	0.6481388194277415	1.296277638855483	1.0	0.9265336990356445	150744555.36391303	145262372.48580736	145262372.48580736	-0.0021207260150409857	0.7284325884440778	3.3474751169016335	18921600.0	0.033675054	4.338327751504517
Saltmarsh_4_000000001	19008000.0	1	1	0.6385276498610271	1.2770552997220541	0.6480153486673115	1.296030697334623	1.0	0.9265336990356445	150679483.67069468	145203277.70964864	145203277.70964864	-0.001955008154214788	0.727971396702458	3.3455201087474187	19008000.0	0.033675054	4.335794060936655
Saltmarsh_4_000000001	19094400.0	1	1	0.6384103663052498	1.2768207326104997	0.6479014752112195	1.295802950422439	1.0	0.926533579826355	150619484.36330274	145148771.41779727	145148771.41779727	-0.0018023863361843473	0.7275462434251707	3.3437177224112333	19094400.0	0.033675057	4.333458168244959
Saltmarsh_4_000000001	19180800.0	1	1	0.6383021971327971	1.2766043942655942	0.6477964527376623	1.2955929054753246	1.0	0.9265334606170654	150564158.43859136	145098509.79014924	145098509.79014924	-0.001661731680757783	0.727154280631504	3.342055990730476	19180800.0	0.033675117	4.331304563986698
Saltmarsh_4_000000001	19267200.0	1	1	0.6382023426457248	1.2764046852914497	0.6476995044397977	1.2953990088795955	1.0	0.9265315532684326	150513141.03181264	145051881.40716386	145051881.40716386	-0.001533498801148614	0.7267929058369679	3.3405224919293275	19267200.0	0.033675743	4.329317149540408
Saltmarsh_4_000000001	19353600.0	1	1	0.6381096368514335	1.276219273702867	0.647609497954589	1.295218995909178	1.0	0.9265194535255432	150466052.87519965	145007226.65250883	145007226.65250883	-0.0014232844303365688	0.7264594176928807	3.339099207498991	19353600.0	0.033679694	4.327472572918692
Saltmarsh_4_000000001	19440000.0	1	1	0.6380212967420902	1.2760425934841804	0.647523731094179	1.295047462188358	1.0	0.9264636635780334	150422342.40631977	144958804.62224984	144958804.62224984	-0.0013558746245073694	0.7261498977357566	3.337743332874483	19440000.0	0.033697879	4.32571535940533
Saltmarsh_4_000000001	19526400.0	1	1	0.6379293561049036	1.2758587122098073	0.6474344696794857	1.2948689393589714	1.0	0.9262582659721375	150380696.25152642	144888859.84243476	144888859.84243476	-0.0014107380960406424	0.7258550373082144	3.3363325947784426	19526400.0	0.033764792	4.323887042832862
Saltmarsh_4_000000001	19612800.0	1	1	0.6378117748276653	1.2756235496553305	0.6473203164404402	1.2946406328808804	1.0	0.9256150722503662	150337358.82402965	144748933.9823473	144748933.9823473	-0.0018035758756175246	0.7255482457873541	3.334529018902825	19612800.0	0.033973218	4.321549608498062
Saltmarsh_4_000000001	19699200.0	1	1	0.6376121802300244	1.2752243604600488	0.6471265451336862	1.2942530902673723	1.0	0.9238273501396179	150281944.44491535	144419194.11466253	144419194.11466253	-0.003060053732662049	0.7251560243059747	3.331468965170163	19699200.0	0.03454396	4.317583778860532
Saltmarsh_4_000000001	19785600.0	1	1	0.6371940365335609	1.2743880730671218	0.6467206181282547	1.2934412362565093	1.0	0.9192391633987427	150187901.7442952	143617212.17137522	143617212.17137522	-0.0064044972359210695	0.7244905580927972	3.325064467934242	19785600.0	0.035954337	4.309283550442777
Saltmarsh_4_000000001	19872000.0	1	1	0.6362273295864517	1.2724546591729033	0.6457822438719545	1.291564487743909	1.0	0.9078631401062012	149990981.0006143	141664672.8068593	141664672.8068593	-0.014774415730001489	0.7230977797642981	3.310290052204241	19872000.0	0.039159594	4.290135907656697
Saltmarsh_4_000000001	19958400.0	1	1	0.6338517485620381	1.2677034971240762	0.6434768187070263	1.2869536374140527	1.0	0.8789011836051941	149536214.24182808	136753705.15870196	136753705.15870196	-0.03611627951128393	0.7198848053047937	3.274173772692958	19958400.0	0.045954108	4.243329209410073
Saltmarsh_4_000000001	20044800.0	1	1	0.6340935948586379	1.2681871897172758	0.6437206073921482	1.2874412147842964	1.0	0.9265336990356445	148421605.7436294	143153268.76193985	143153268.76193985	0.003735702470688884	0.7120306413390104	3.2779094751636473	20044800.0	0.033675054	4.2481706798120875
Saltmarsh_4_000000001	20131200.0	1	1	0.6343177178274553	1.2686354356549105	0.6439465315736203	1.2878930631472405	1.0	0.9265336990356445	148534887.95411566	143261504.48188108	143261504.48188108	0.0034644823369371913	0.7128430400724682	3.281373957500584	20131200.0	0.033675054	4.252660648920757
Saltmarsh_4_000000001	20217600.0	1	1	0.634525409756661	1.269050819513322	0.6441558936798505	1.288311787359701	1.0	0.926533579826355	148639907.03517413	143361827.0806744	143361827.0806744	0.0032126785144690473	0.713596456888903	3.284586636015053	20217600.0	0.033675055	4.256824280275509
Saltmarsh_4_000000001	20304000.0	1	1	0.6347178743225005	1.269435748645001	0.6443499068424755	1.288699813684951	1.0	0.9265334606170654	148737260.02472958	143454825.35376975	143454825.35376975	0.0029790125386183197	0.7142951142302304	3.287565648553671	20304000.0	0.033675091	4.260685080525558
Saltmarsh_4_000000001	20390400.0	1	1	0.6348961614617978	1.2697923229235957	0.6445296293805807	1.2890592587611613	1.0	0.9265320301055908	148827503.82981548	143540828.1877657	143540828.1877657	0.002761184426639862	0.7149429565121886	3.2903268329803104	20390400.0	0.033675553	4.264263575542483
Saltmarsh_4_000000001	20476800.0	1	1	0.6350608683934892	1.2701217367869784	0.6446956639226219	1.2893913278452438	1.0	0.9265217781066895	148911124.46688217	143619135.4877035	143619135.4877035	0.002552249462488887	0.7155434279760287	3.2928790824427994	20476800.0	0.0336789	4.2675712908458685
Saltmarsh_4_000000001	20563200.0	1	1	0.635210943895589	1.270421887791178	0.6448469537943199	1.2896939075886398	1.0	0.9264706373214722	148988396.55417472	143685034.6947215	143685034.6947215	0.002326710869670845	0.7160984626039366	3.2952057933124705	20563200.0	0.033695614	4.270586708132962
Saltmarsh_4_000000001	20649600.0	1	1	0.6353400783162142	1.2706801566324284	0.6449771474752618	1.2899542949505236	1.0	0.9262719750404358	149058821.7732229	143721497.5651983	143721497.5651983	0.0020030382012803383	0.7166044496247111	3.297208831513751	20649600.0	0.033760353	4.273182645641821
Saltmarsh_4_000000001	20736000.0	1	1	0.6354275621973154	1.2708551243946309	0.6450653797797158	1.2901307595594316	1.0	0.925628662109375	149119433.38999805	143679547.2796783	143679547.2796783	0.001357688459693751	0.7170400479386977	3.2985665199734453	20736000.0	0.033968825	4.274942209885585
Saltmarsh_4_000000001	20822400.0	1	1	0.635417025293482	1.270834050586964	0.6450551553915844	1.2901103107831688	1.0	0.9238008856773376	149160502.56031048	143434983.17358553	143434983.17358553	-0.00016038695087361443	0.7173353028188013	3.2984061330225707	20822400.0	0.034552312	4.274734348397252
Saltmarsh_4_000000001	20908800.0	1	1	0.6351641685200106	1.2703283370400211	0.6448098026305684	1.2896196052611368	1.0	0.9190355539321899	149155555.72786707	142690634.4440806	142690634.4440806	-0.0038472514406560077	0.717300423661059	3.2945588815819145	20908800.0	0.036015224	4.2697483105301615
Saltmarsh_4_000000001	20995200.0	1	1	0.6343192542557935	1.268638508511587	0.6439900255409036	1.2879800510818071	1.0	0.907061755657196	149036869.9295784	140726095.9303601	140726095.9303601	-0.012833286855160497	0.7164637665069611	3.2817255947267534	20995200.0	0.039371657	4.253116370765873
Saltmarsh_4_000000001	21081600.0	1	1	0.631953685197633	1.263907370395266	0.6416953519475389	1.2833907038950778	1.0	0.8761153221130371	148640627.0996955	135584818.03733337	135584818.03733337	-0.035748836827846575	0.7136729270145135	3.245976757898907	21081600.0	0.046530077	4.206785878236984
Saltmarsh_4_000000001	21168000.0	1	1	0.625185471079797	1.250370942159594	0.6351342729145519	1.2702685458291039	1.0	0.7874982953071594	147534042.30771193	121017153.50126073	121017153.50126073	-0.10081290286186229	0.7058986703681659	3.1451638550370453	21168000.0	0.060890866	4.076132356128011
Saltmarsh_4_000000001	21254400.0	1	1	0.6260951072956036	1.2521902145912072	0.6360499103775632	1.2720998207551264	1.0	0.9265336990356445	144390790.43116185	139531776.2120628	139531776.2120628	0.013683871702033779	0.6839750093582803	3.158847726739079	21254400.0	0.033675054	4.093866653853846
Saltmarsh_4_000000001	21340800.0	1	1	0.6269379668911365	1.253875933782273	0.6368983523849948	1.2737967047699896	1.0	0.9265336990356445	144811269.31135595	139933140.14749545	139933140.14749545	0.012714876220801807	0.6869508245166754	3.171562602959881	21340800.0	0.033675054	4.110345133436006
Saltmarsh_4_000000001	21427200.0	1	1	0.6277189388861742	1.2554378777723485	0.6376845154961662	1.2753690309923325	1.0	0.926533579826355	145201426.4075221	140305549.0738959	140305549.0738959	0.011811831978917664	0.6897159133905618	3.1833744349387985	21427200.0	0.033675056	4.125653267680683
Saltmarsh_4_000000001	21513600.0	1	1	0.6284425609155335	1.256885121831067	0.6384129633278365	1.276825926655673	1.0	0.9265334606170654	145563404.4127984	140651064.88038152	140651064.88038152	0.010970706085088988	0.6922846183168186	3.194345141023888	21513600.0	0.033675122	4.1398713027669585
Saltmarsh_4_000000001	21600000.0	1	1	0.6291129131108513	1.2582258262217025	0.6390878005611391	1.2781756011222782	1.0	0.9265308380126953	145899203.1036166	140971214.39373443	140971214.39373443	0.010185667364376538	0.6946704046042956	3.204530808388264	21600000.0	0.033675959	4.15307192767119
Saltmarsh_4_000000001	21686400.0	1	1	0.6297331340713805	1.259466268142761	0.6397121887306345	1.279424377461269	1.0	0.9265128970146179	146210626.99589607	141265763.35958248	141265763.35958248	0.009443347334686769	0.6968854694632257	3.2139741557229504	21686400.0	0.033681834	4.165310505816944
Saltmarsh_4_000000001	21772800.0	1	1	0.6303034116667623	1.2606068233335246	0.6402863347714258	1.2805726695428516	1.0	0.9264253973960876	146499057.24175766	141527732.6600895	141527732.6600895	0.008699560424364261	0.6989391028760832	3.2226737161473147	21772800.0	0.033710346	4.17658513612692
Saltmarsh_4_000000001	21859200.0	1	1	0.6308152217752131	1.2616304435504262	0.6408017163596302	1.2816034327192605	1.0	0.9260948896408081	146764512.4138713	141730550.6381513	141730550.6381513	0.007821767348659248	0.7008309858420972	3.230495483495973	21859200.0	0.033817899	4.186722146610781
Saltmarsh_4_000000001	21945600.0	1	1	0.6312368990982288	1.2624737981964576	0.6412265816501871	1.2824531633003742	1.0	0.9250471591949463	147002956.4925954	141797537.52448413	141797537.52448413	0.00645571142113166	0.702531976201289	3.236951194917104	21945600.0	0.034155878	4.195088748612567
Saltmarsh_4_000000001	22032000.0	1	1	0.631480451098031	1.262960902196062	0.6414723669470953	1.2829447338941906	1.0	0.9221100807189941	147199554.57502037	141534306.34498683	141534306.34498683	0.003735639707745264	0.7039358920171889	3.2406868346248494	22032000.0	0.035080701	4.199930137673805
Saltmarsh_4_000000001	22118400.0	1	1	0.6313194203465808	1.2626388406931617	0.6413163155581657	1.2826326311163314	1.0	0.9144478440284729	147313165.36722097	140465617.92721072	140465617.92721072	-0.0024201874656107902	0.7047482771016644	3.2382666471592385	22118400.0	0.037351227	4.196793574718373
Saltmarsh_4_000000001	22204800.0	1	1	0.6301581853670767	1.2603163707341534	0.6401910967942327	1.2803821935884654	1.0	0.8946658372879028	147238043.72230875	137361176.0556573	137361176.0556573	-0.01741608155945651	0.704221961837743	3.2208505655997826	22204800.0	0.042459713	4.174222333017318
Saltmarsh_4_000000001	22291200.0	1	1	0.6262698526206989	1.2525397052413978	0.6364247672744864	1.2728495345489728	1.0	0.8399573564529419	146696889.07179904	128516693.36896949	128516693.36896949	-0.05785104063545854	0.700434507480306	3.1629995249643237	22291200.0	0.053157539	4.099247384353764
Saltmarsh_4_000000001	22377600.0	1	1	0.6137709197739704	1.2275418395479407	0.6243331938378095	1.248666387675619	1.0	0.6700795888900757	144892115.25123978	101341379.491402	101341379.491402	-0.18114681363755158	0.6878537110945616	2.9818527113267725	22377600.0	0.074254552	3.8644811138794974
Saltmarsh_4_000000001	22464000.0	1	1	0.6155781396202451	1.2311562792404902	0.6261477508922976	1.2522955017845951	1.0	0.9265336990356445	139166388.21396053	134940344.63735855	134940344.63735855	0.026241792277813092	0.6484599309089797	3.0080945036045854	22464000.0	0.033675054	3.898490476671543
Saltmarsh_4_000000001	22550400.0	1	1	0.6172521613177334	1.2345043226354668	0.6278286912218699	1.2556573824437398	1.0	0.9265336990356445	139987132.63791293	135722449.31324407	135722449.31324407	0.024445544580735556	0.6541667019854849	3.0325400481853206	22550400.0	0.033675054	3.9301719024481754
Saltmarsh_4_000000001	22636800.0	1	1	0.6188027759863893	1.2376055519727787	0.6293858183199892	1.2587716366399784	1.0	0.926533579826355	140749538.31790033	136448979.79343626	136448979.79343626	0.022762053736377408	0.6594828452308039	3.055302101921698	22636800.0	0.033675057	3.9596715240905205
Saltmarsh_4_000000001	22723200.0	1	1	0.6202390543682452	1.2404781087364904	0.6308282172831278	1.2616564345662555	1.0	0.9265332818031311	141457587.46194592	137123713.945547	137123713.945547	0.02118568798534559	0.6644328817423895	3.076487789907043	22723200.0	0.03367515	3.9871281757195276
Saltmarsh_4_000000001	22809600.0	1	1	0.6215692489448011	1.2431384978896023	0.6321641578020429	1.2643283156040859	1.0	0.9265297651290894	142115012.6399464	137749749.91402635	137749749.91402635	0.019708641684395012	0.6690401078857368	3.096196431591437	22809600.0	0.033676314	4.0126705753425025
Saltmarsh_4_000000001	22896000.0	1	1	0.6228000997777968	1.2456001995555936	0.6334004055134221	1.2668008110268443	1.0	0.9265050292015076	142725239.71462187	138327654.72195575	138327654.72195575	0.01831215106730666	0.673326122542472	3.114508582658744	22896000.0	0.033684377	4.036403123125733
Saltmarsh_4_000000001	22982400.0	1	1	0.6239341987782133	1.2478683975564266	0.6345396034544707	1.2690792069089414	1.0	0.9263865351676941	143291057.33686072	138849180.36635754	138849180.36635754	0.016937457771289743	0.677308444060498	3.131446040430034	22982400.0	0.033723039	4.058354068397325
Saltmarsh_4_000000001	23068800.0	1	1	0.6249623034704551	1.2499246069409102	0.6355726211329625	1.271145242265925	1.0	0.9259429574012756	143813389.3155535	139280291.29347154	139280291.29347154	0.015409643790286753	0.680991812677071	3.1468556842203217	23068800.0	0.033867187	4.078324966749537
Saltmarsh_4_000000001	23155200.0	1	1	0.625844390777357	1.251688781554714	0.636459622492279	1.272919244984558	1.0	0.9245486855506897	144287724.70829198	139521913.6115033	139521913.6115033	0.013266638636944106	0.6843429294205724	3.1601223228572657	23155200.0	0.03431514	4.095518530423017
Saltmarsh_4_000000001	23241600.0	1	1	0.6264655481910438	1.2529310963820877	0.6370855745247237	1.2741711490494474	1.0	0.9206525683403015	144695314.69860804	139320559.19526795	139320559.19526795	0.009374786571357596	0.6872280094049822	3.169497109428623	23241600.0	0.035527843	4.107668253819495
Saltmarsh_4_000000001	23328000.0	1	1	0.6265273658761481	1.2530547317522962	0.6371482189322278	1.2742964378644557	1.0	0.9104087352752686	144982680.6045978	138040680.25176007	138040680.25176007	0.0009366682678889626	0.6892667329909113	3.1704337776965126	23328000.0	0.038474747	4.1088821758946805
Saltmarsh_4_000000001	23414400.0	1	1	0.6251895965882502	1.2503791931765005	0.6358548136332944	1.2717096272665889	1.0	0.8832114338874817	145011294.9024364	133943197.21884957	133943197.21884957	-0.019754443020879475	0.6894704291151273	3.1506793346756323	23414400.0	0.045040018	4.08328041773962
Saltmarsh_4_000000001	23500800.0	1	1	0.6198446039870783	1.2396892079741566	0.6306898302743399	1.2613796605486798	1.0	0.8038209676742554	144392696.06531188	121417320.7733306	121417320.7733306	-0.07808785023005527	0.6851744540967083	3.072591484445577	23500800.0	0.058658916	3.9820785638414677
Saltmarsh_4_000000001	23587200.0	1	1	0.6015534633368136	1.2031069266736272	0.6130497866457055	1.226099573291411	1.0	0.5529819130897522	141934309.74721065	82199992.8180442	82199992.8180442	-0.25719281892237733	0.6681927830125983	2.8153986655232	23587200.0	0.085272749	3.6487566705180674
Saltmarsh_4_000000001	23673600.0	1	1	0.6043504334452259	1.2087008668904518	0.6158477708030896	1.2316955416061792	1.0	0.9265336990356445	133681159.37329575	130268115.7187543	130268115.7187543	0.039079209280839855	0.6122613693129317	2.85447787480404	23673600.0	0.033675054	3.6994033257460357
Saltmarsh_4_000000001	23760000.0	1	1	0.6069398142730886	1.2138796285461773	0.618438511523256	1.236877023046512	1.0	0.9265336990356445	134927171.48532107	131452512.39505653	131452512.39505653	0.03650268391509781	0.6207598780601848	2.8909805587191375	23760000.0	0.033675054	3.746710804100003
Saltmarsh_4_000000001	23846400.0	1	1	0.6093369899894919	1.2186739799789839	0.6208373012584241	1.2416746025168481	1.0	0.926533579826355	136085857.83102247	132554005.71421601	132554005.71421601	0.034071955643099616	0.6286980729279804	2.9250525143622372	23846400.0	0.033675057	3.7908680586134595
Saltmarsh_4_000000001	23932800.0	1	1	0.6115562027649298	1.2231124055298597	0.623058308097395	1.24611661619479	1.0	0.9265332818031311	137162952.8917358	133578010.4971114	133578010.4971114	0.031782392250218505	0.6361076602353385	2.956834906612455	23932800.0	0.033675172	3.8320580389697416
Saltmarsh_4_000000001	24019200.0	1	1	0.613610440758621	1.227220881517242	0.6251144646742068	1.2502289293484137	1.0	0.9265288710594177	138163870.56230354	134529078.93287593	134529078.93287593	0.029626055725257006	0.6430193389391227	2.9864609623377123	24019200.0	0.033676595	3.870453407189675
Saltmarsh_4_000000001	24105600.0	1	1	0.6155106430744245	1.231021286148849	0.6270166860757628	1.2540333721515255	1.0	0.9264988899230957	139093623.71973118	135408812.41988122	135408812.41988122	0.027581980372978654	0.6494620817264275	3.0140429427106907	24105600.0	0.033686381	3.9061996537530552
Saltmarsh_4_000000001	24192000.0	1	1	0.6172625200778323	1.2345250401556647	0.6287707388440942	1.2575414776881884	1.0	0.9263560771942139	139956435.86915386	136208327.36991364	136208327.36991364	0.025581334949805412	0.6554603018997628	3.0396242776604963	24192000.0	0.033732957	3.939353063848003
Saltmarsh_4_000000001	24278400.0	1	1	0.6188574241156043	1.2377148482312086	0.6303682275702537	1.2607364551405074	1.0	0.9258249998092651	140754262.49069998	136888532.2174768	136888532.2174768	0.023419216973688983	0.661023444113695	3.063043494634186	24278400.0	0.03390537	3.969704369045905
Saltmarsh_4_000000001	24364800.0	1	1	0.62024987401964	1.24049974803928	0.6317642947655376	1.2635285895310753	1.0	0.9241639971733093	141482573.5614396	137334231.22023988	137334231.22023988	0.02055476297529657	0.6661163931259029	3.0835982576094825	24364800.0	0.034437406	3.9963433418618894
Saltmarsh_4_000000001	24451200.0	1	1	0.62130475589871	1.24260951179742	0.6328246377575145	1.265649275515029	1.0	0.919527530670166	142119970.88401508	137247950.23614344	137247950.23614344	0.01565333841629213	0.6705864127644251	3.0992515960257747	24451200.0	0.035867894	4.0166300684494045
Saltmarsh_4_000000001	24537600.0	1	1	0.6216635407831529	1.2433270815663058	0.6331877169157774	1.2663754338315547	1.0	0.9072543382644653	142603799.33858114	135868996.09471792	135868996.09471792	0.005354454987779533	0.6739905254858101	3.1046060510135547	24537600.0	0.039320846	4.023569442113567
Saltmarsh_4_000000001	24624000.0	1	1	0.620289579959889	1.240579159919778	0.6318634711999224	1.2637269423998447	1.0	0.8739832043647766	142768545.7373327	131036273.1257232	131036273.1257232	-0.019973586758040618	0.6751549523866566	3.084632464255514	24624000.0	0.046963428	3.9976836736751467
Saltmarsh_4_000000001	24710400.0	1	1	0.6137832585552604	1.2275665171105208	0.6255969154997314	1.2511938309994628	1.0	0.7734280228614807	142138167.38168466	115484613.45510396	115484613.45510396	-0.0933882531671697	0.6708113204426895	2.991244211088344	24710400.0	0.062716228	3.876652497570494
Saltmarsh_4_000000001	24796800.0	1	1	0.5910054636487337	1.1820109272974675	0.6037186652965361	1.2074373305930721	1.0	0.4628468155860901	139171983.659531	67772007.39828964	67772007.39828964	-0.3116422521008807	0.6505022890923289	2.6796019589874636	24796800.0	0.093308603	3.472764138847753
Saltmarsh_4_000000001	24883200.0	1	1	0.5947009674404791	1.1894019348809581	0.6073984225682378	1.2147968451364757	1.0	0.9265336990356445	129034169.81794754	126529656.4385844	126529656.4385844	0.049918459694269	0.582729822498653	2.729520418681733	24883200.0	0.033675054	3.5374584626115255
Saltmarsh_4_000000001	24969600.0	1	1	0.5981194316708262	1.1962388633416523	0.6108033364451052	1.2216066728902104	1.0	0.9265336990356445	130652892.93155856	128063500.47400884	128063500.47400884	0.0467319723438302	0.5935855300262141	2.776252391025563	24969600.0	0.033675054	3.5980230987691293
Saltmarsh_4_000000001	25056000.0	1	1	0.6012816635934556	1.2025633271869112	0.6139538838803296	1.2279077677606591	1.0	0.926533579826355	132159249.68184386	129491143.5567423	129491143.5567423	0.043707441810251435	0.60374827597346	2.8199598328358144	25056000.0	0.033675058	3.6546679433552156
Saltmarsh_4_000000001	25142400.0	1	1	0.6042068938725669	1.2084137877451337	0.6168690184542899	1.2337380369085797	1.0	0.9265332818031311	133560384.41805543	130819280.24665128	130819280.24665128	0.040843120338251215	0.6132532808950052	2.8608029531740655	25142400.0	0.033675188	3.707600627313589
Saltmarsh_4_000000001	25228800.0	1	1	0.606912672963761	1.213825345927522	0.6195660646872703	1.2391321293745405	1.0	0.9265283346176147	134863085.85723394	132053651.30124606	132053651.30124606	0.038132871243010014	0.6221353852632203	2.8989358244170758	25228800.0	0.033676788	3.7570208284445306
Saltmarsh_4_000000001	25315200.0	1	1	0.6094140059505604	1.2188280119011208	0.6220598721862373	1.2441197443724745	1.0	0.9264947772026062	136073687.05002877	133196755.14846878	133196755.14846878	0.03555568072935167	0.6304280950129922	2.934491505146427	25315200.0	0.033687731	3.8031009906697695
Saltmarsh_4_000000001	25401600.0	1	1	0.6117198415324157	1.2234396830648313	0.6243593872734379	1.2487187745468757	1.0	0.9263359308242798	137197627.97105956	134239623.65413502	134239623.65413502	0.03303777203628777	0.6381603462343873	2.967529277182714	25401600.0	0.033739529	3.8459179432287973
Saltmarsh_4_000000001	25488000.0	1	1	0.6138229975996634	1.2276459951993268	0.6264577868729081	1.2529155737458162	1.0	0.9257481098175049	138237819.58028263	135140344.60495085	135140344.60495085	0.03035669215096204	0.6453450308737922	2.9978859693336766	25488000.0	0.033930241	3.885260216256445
Saltmarsh_4_000000001	25574400.0	1	1	0.6156754512576087	1.2313509025152174	0.628308140295082	1.256616280590164	1.0	0.9239170551300049	139190005.4631489	135774238.296402	135774238.296402	0.026924527194178483	0.6519466642878315	3.024810496527855	25574400.0	0.034515607	3.9201544035000997
Saltmarsh_4_000000001	25660800.0	1	1	0.6171300118716853	1.2342600237433705	0.6297652319432973	1.2595304638865945	1.0	0.9188143610954285	140031394.94332707	135817428.26065162	135817428.26065162	0.021285232395941267	0.6578019089073168	3.046095728923796	25660800.0	0.0360812	3.94774006468524
Saltmarsh_4_000000001	25747200.0	1	1	0.617790245069166	1.235580490138332	0.6304315730772769	1.2608631461545539	1.0	0.9052674174308777	140693837.33186927	134432456.17231047	134432456.17231047	0.009731498007369055	0.6624307828541833	3.0558272269311653	25747200.0	0.039840618	3.96035208610279
Saltmarsh_4_000000001	25833600.0	1	1	0.616495622181065	1.23299124436213	0.6291885028524152	1.2583770057048305	1.0	0.8681448698043823	140995039.44367063	129191701.16359635	129191701.16359635	-0.018588574230066546	0.6645470800480483	3.037238652701099	25833600.0	0.048118772	3.9362612939006243
Saltmarsh_4_000000001	25920000.0	1	1	0.6093250816171684	1.2186501632343367	0.6223091705621547	1.2446183411243095	1.0	0.7541235089302063	140404728.57767326	111790837.61919379	111790837.61919379	-0.10155045702055576	0.6605046451165247	2.9356881956805427	25920000.0	0.065094964	3.8046519016019835
Saltmarsh_4_000000001	26006400.0	1	1	0.5840347886356255	1.168069577271251	0.59812818945749	1.19625637891498	1.0	0.412075012922287	137157591.74813846	59785199.61902753	59785199.61902753	-0.3394945909936752	0.6384205890888128	2.596193604686867	26006400.0	0.097897644	3.36466691167418
Saltmarsh_4_000000001	26092800.0	1	1	0.5883846483729114	1.1767692967458228	0.6024377474432062	1.2048754948864124	1.0	0.9265336990356445	126008306.40598579	124407824.69392693	124407824.69392693	0.05744801569070723	0.5645911077789274	2.6536416203775746	26092800.0	0.033675054	3.4391195400093366
Saltmarsh_4_000000001	26179200.0	1	1	0.5924044932789128	1.1848089865578255	0.6064221711044847	1.2128443422089694	1.0	0.9265336990356445	127892302.52308124	126186894.813018	126186894.813018	0.053850215251523226	0.5770842588135667	2.7074918356290967	26179200.0	0.033675054	3.508909418975309
Saltmarsh_4_000000001	26265600.0	1	1	0.5961195345344101	1.1922390690688203	0.6101059937601315	1.220211987520263	1.0	0.926533579826355	129645792.90709727	127843230.60593762	127843230.60593762	0.05042115252563106	0.588795000504057	2.757912988154728	26265600.0	0.033675058	3.574255232648528
Saltmarsh_4_000000001	26352000.0	1	1	0.5995530116033297	1.1991060232066595	0.6135118836206609	1.2270237672413218	1.0	0.9265331625938416	131276940.82995565	129384394.24531974	129384394.24531974	0.04716194318817568	0.599760028038423	2.8050749313429035	26352000.0	0.033675196	3.635377111020403
Saltmarsh_4_000000001	26438400.0	1	1	0.602726135766039	1.205452271532078	0.6166605775192571	1.2333211550385141	1.0	0.9265280365943909	132793530.69405594	130817014.24994761	130817014.24994761	0.04406879202051439	0.6100162792292236	2.849143723363418	26438400.0	0.03367688	3.6924902654789893
Saltmarsh_4_000000001	26524800.0	1	1	0.6056571792146896	1.2113143584293793	0.6195699927623858	1.2391399855247716	1.0	0.9264928698539734	134202865.31658518	132144277.80215438	132144277.80215438	0.04112152246339751	0.6195998665473744	2.890265245826815	26524800.0	0.033688348	3.7457837585915525
Saltmarsh_4_000000001	26611200.0	1	1	0.6083578500239775	1.216715700047955	0.6222517104671007	1.2445034209342014	1.0	0.926327109336853	135511289.96448287	133357542.4164175	133357542.4164175	0.03824519739042498	0.6285425146916626	2.92851044321724	26611200.0	0.033742374	3.795349534409543
Saltmarsh_4_000000001	26697600.0	1	1	0.6108228766364158	1.2216457532728315	0.6247008450335376	1.2494016900670752	1.0	0.9257168173789978	136722494.40375197	134414280.91869462	134414280.91869462	0.03521175271955179	0.6368596518739214	2.9637221959367914	26697600.0	0.033940362	3.8409839659340816
Saltmarsh_4_000000001	26784000.0	1	1	0.6130045035736199	1.2260090071472398	0.6268710863314657	1.2537421726629314	1.0	0.9238232374191284	137832720.52514464	135186998.85467607	135186998.85467607	0.03141788478964136	0.644517109483739	2.9951400807264332	26784000.0	0.034545224	3.8817015446214578
Saltmarsh_4_000000001	26870400.0	1	1	0.6147525324056813	1.2295050648113626	0.6286152460959692	1.2572304921919384	1.0	0.9185648560523987	138819050.8663687	135344378.4719038	135344378.4719038	0.025372373172038443	0.6513495191874806	3.020512453898472	26870400.0	0.03615543	3.9145841402524195
Saltmarsh_4_000000001	26956800.0	1	1	0.6156596507482501	1.2313193014965003	0.6295273727078113	1.2590547454156227	1.0	0.9046348929405212	139611885.77446756	134028522.30259794	134028522.30259794	0.013275392778633655	0.656867218734356	3.0337878466771047	26956800.0	0.040004021	3.9317890492935277
Saltmarsh_4_000000001	27043200.0	1	1	0.6145365767042749	1.2290731534085497	0.6284533605251054	1.2569067210502107	1.0	0.8664852380752563	140024207.588462	128747091.9961735	128747091.9961735	-0.016018742490586435	0.659754202471454	3.0177691041865184	27043200.0	0.04843927	3.911028759025728
Saltmarsh_4_000000001	27129600.0	1	1	0.6073319242065396	1.2146638484130792	0.6215695858086197	1.2431391716172393	1.0	0.7493985295295715	139513814.80947953	110978785.76039973	110978785.76039973	-0.10137669696251861	0.6562706257645172	2.9163924072240004	27129600.0	0.065657631	3.7796445597623047
Saltmarsh_4_000000001	27216000.0	1	1	0.5816287320527974	1.1632574641055948	0.5971039457479972	1.1942078914959944	1.0	0.40254834294319153	136261749.5819353	58344834.83372878	58344834.83372878	-0.3425001829594708	0.6342243571281148	2.5738922242645286	27216000.0	0.098774628	3.3357643226468294
Saltmarsh_4_000000001	27302400.0	1	1	0.5862953344081571	1.1725906688163141	0.6017053811139146	1.2034107622278292	1.0	0.9265336990356445	124972208.53281166	124180155.25962673	124180155.25962673	0.06115952295799565	0.559741253340138	2.635051747222524	27302400.0	0.033675054	3.4150270644003915
Saltmarsh_4_000000001	27388800.0	1	1	0.5906036280383983	1.1812072560767966	0.6059560450905177	1.2119120901810354	1.0	0.9265336990356445	126985641.35470511	126075243.45269804	126075243.45269804	0.0573346758571045	0.5730415414063857	2.692386423079628	27388800.0	0.033675054	3.489332804311198
Saltmarsh_4_000000001	27475200.0	1	1	0.5945814553174644	1.1891629106349288	0.6098827637253134	1.2197655274506267	1.0	0.926533579826355	128858764.0036093	127838977.50836919	127838977.50836919	0.053684842978426905	0.585510044563419	2.746071266058055	27475200.0	0.033675058	3.558908360811239
Saltmarsh_4_000000001	27561600.0	1	1	0.5982544196947752	1.1965088393895504	0.6135102825390991	1.2270205650781982	1.0	0.9265331625938416	130600385.750645	129479452.08781542	129479452.08781542	0.05021243749495108	0.597184822944126	2.7962837035530064	27561600.0	0.033675196	3.623983679804696
Saltmarsh_4_000000001	27648000.0	1	1	0.6016458596382436	1.2032917192764871	0.6168612227702329	1.2337224455404658	1.0	0.9265280365943909	132218909.77024288	131003812.74078052	131003812.74078052	0.04691460223267452	0.6081044614712281	2.8431983057856813	27648000.0	0.033676866	3.6847850042982433
Saltmarsh_4_000000001	27734400.0	1	1	0.6047759834754288	1.2095519669508576	0.6199552367345045	1.239910473469009	1.0	0.9264933466911316	133722228.35230567	132415806.27071898	132415806.27071898	0.04377210763234973	0.6183069237212452	2.886970413418031	27734400.0	0.033688196	3.7415136557897686
Saltmarsh_4_000000001	27820800.0	1	1	0.6076583162795263	1.2153166325590525	0.6228055754624774	1.2456111509249548	1.0	0.9263303875923157	135117254.83464482	133707503.70797993	133707503.70797993	0.04071152709837644	0.6278259914415232	2.9276819405164067	27820800.0	0.033741329	3.794275794909263
Saltmarsh_4_000000001	27907200.0	1	1	0.6102895475907988	1.2205790951815976	0.6254092619467172	1.2508185238934344	1.0	0.9257329702377319	136408248.403894	134837850.23685572	134837850.23685572	0.037509772798504204	0.6366794783857744	2.965191713314911	27907200.0	0.033935149	3.8428884604561246
Saltmarsh_4_000000001	27993600.0	1	1	0.6126248447568091	1.2252496895136182	0.6277230516653644	1.2554461033307287	1.0	0.9238886833190918	137592133.26474833	135683366.5994457	135683366.5994457	0.03358014933269071	0.6448366836645378	2.998771862647601	27993600.0	0.034524546	3.8864083339912914
Saltmarsh_4_000000001	28080000.0	1	1	0.6145203236127793	1.2290406472255586	0.6296066764473773	1.2592133528947547	1.0	0.9187972545623779	138647151.45793048	135924544.27465013	135924544.27465013	0.027483402929512013	0.6521393184437386	3.026255265577113	28080000.0	0.036086295	3.922026824187939
Saltmarsh_4_000000001	28166400.0	1	1	0.6155866338622626	1.2311732677245253	0.6306742475135223	1.2613484950270446	1.0	0.905417799949646	139506435.26236245	134742005.38226396	134742005.38226396	0.015593925812583675	0.6581161010987361	3.0418491913896966	28166400.0	0.039801612	3.9422365520410465
Saltmarsh_4_000000001	28252800.0	1	1	0.6147074441791703	1.2294148883583407	0.6298367043199655	1.259673408639931	1.0	0.8692349791526794	139990995.97454366	129793030.64361627	129793030.64361627	-0.012542140214406472	0.6615072934324878	3.02930705117529	28252800.0	0.047906399	3.925981938323176
Saltmarsh_4_000000001	28339200.0	1	1	0.6081257900963244	1.2162515801926488	0.6235722315700043	1.2471444631400086	1.0	0.7601082921028137	139591407.22040322	113204632.99716675	113204632.99716675	-0.09275660426479515	0.658779769250629	2.9365504469104944	28339200.0	0.06437171	3.805769379196001
Saltmarsh_4_000000001	28425600.0	1	1	0.5841264727063133	1.1682529454126267	0.6008157164054625	1.201631432810925	1.0	0.4341352880001068	136618207.8861241	63409181.87045932	63409181.87045932	-0.3215621924767924	0.638608101829089	2.614988254433702	28425600.0	0.095888861	3.389024777746078
Saltmarsh_4_000000001	28512000.0	1	1	0.5887237480609171	1.1774474961218342	0.6053316591772859	1.2106633183545719	1.0	0.9265336990356445	126047872.06717803	125887723.3169357	125887723.3169357	0.060760258878886586	0.5686783577057919	2.675748513312588	28512000.0	0.033675054	3.467770073253114
Saltmarsh_4_000000001	28598400.0	1	1	0.59296451717231	1.18592903434462	0.609500177040398	1.219000354080796	1.0	0.9265336990356445	128039759.58901241	127757625.75120698	127757625.75120698	0.056896310464162325	0.5818918182918725	2.73264482377675	28598400.0	0.033675054	3.5415076916146684
Saltmarsh_4_000000001	28684800.0	1	1	0.5968768443347381	1.1937536886694762	0.613348146583286	1.226696293166572	1.0	0.926533579826355	129891027.57573286	129496306.13935275	129496306.13935275	0.05321654004382237	0.5942649906529414	2.7858613638205725	28684800.0	0.033675058	3.610476327511462
Saltmarsh_4_000000001	28771200.0	1	1	0.6004865000119152	1.2009730000238303	0.6169003316997801	1.2338006633995602	1.0	0.9265332818031311	131610700.94994567	131112036.77770242	131112036.77770242	0.049722256132088694	0.6058379277564234	2.8355836199526605	28771200.0	0.033675187	3.674916371458648
Saltmarsh_4_000000001	28857600.0	1	1	0.6038169413778033	1.2076338827556066	0.6201793435352742	1.2403586870705483	1.0	0.9265284538269043	133207364.73852676	132612098.91822349	132612098.91822349	0.046409527460356315	0.6166509671307612	2.8819931474130165	28857600.0	0.033676748	3.735063119047269
Saltmarsh_4_000000001	28944000.0	1	1	0.6068885475703002	1.2137770951406004	0.6232048917095513	1.2464097834191026	1.0	0.926496148109436	134689061.93737182	134000583.2082151	134000583.2082151	0.043259324664943755	0.6267435913761318	2.9252524720779602	28944000.0	0.033687284	3.7911272038130366
Saltmarsh_4_000000001	29030400.0	1	1	0.6097153470345784	1.2194306940691568	0.6259906286684811	1.2519812573369622	1.0	0.9263452887535095	136062869.13128015	135270643.24998644	135270643.24998644	0.04020207145010457	0.6361511447998276	2.9654545435280646	29030400.0	0.033736453	3.843229088412372
Saltmarsh_4_000000001	29116800.0	1	1	0.6122957450369206	1.2245914900738413	0.6285351966199948	1.2570703932399896	1.0	0.9257956147193909	137333343.60338986	136384832.65831938	136384832.65831938	0.03703032225600089	0.644893841035596	3.0024848657840657	29116800.0	0.033914902	3.8912203860561494
Saltmarsh_4_000000001	29203200.0	1	1	0.614590145180544	1.229180290361088	0.6308004990675129	1.2616009981350258	1.0	0.9241092205047607	138498230.03136173	137230294.41441467	137230294.41441467	0.03320469129185144	0.652946780780222	3.035689557075917	29203200.0	0.034454767	3.9342536659703886
Saltmarsh_4_000000001	29289600.0	1	1	0.6164697859248244	1.2329395718496488	0.6326614132769938	1.2653228265539875	1.0	0.9194945693016052	139538138.40059322	137518076.69089198	137518076.69089198	0.027422618304628665	0.6601677651498312	3.063112175380545	29289600.0	0.03587779	3.9697933792931863
Saltmarsh_4_000000001	29376000.0	1	1	0.6175902462125804	1.2351804924251608	0.6337781599143022	1.2675563198286044	1.0	0.9075407385826111	140392960.58970177	136522553.7181271	136522553.7181271	0.01648143954523884	0.6661313290453967	3.0795936149257837	29376000.0	0.039245087	3.9911533249438156
Saltmarsh_4_000000001	29462400.0	1	1	0.6169977791161977	1.2339955582323954	0.6332156121522862	1.2664312243045723	1.0	0.8760133385658264	140903764.8324099	132240909.79100762	132240909.79100762	-0.008510978970534211	0.6697155279255723	3.07108263595525	29462400.0	0.046550957	3.980123096198004
Saltmarsh_4_000000001	29548800.0	1	1	0.6115924809356118	1.2231849618712236	0.6280870505526299	1.2561741011052598	1.0	0.7843132019042969	140633550.71396798	118193590.41465947	118193590.41465947	-0.07689670346872768	0.667864655542025	2.994185932486522	29548800.0	0.061311524	3.8804649685025328
Saltmarsh_4_000000001	29635200.0	1	1	0.5914054837956264	1.1828109675912528	0.6089968955463376	1.2179937910926752	1.0	0.5066692233085632	138180263.10684532	75154813.74499948	75154813.74499948	-0.2753679529897276	0.651142021714725	2.7188179794967935	29635200.0	0.089407144	3.523588101427844
Saltmarsh_4_000000001	29721600.0	1	1	0.5954534909733459	1.1909069819466918	0.6129641341344323	1.2259282682688646	1.0	0.9265336990356445	129208901.65679823	129436873.13913462	129208901.65679823	0.054786424864398886	0.5912580834195923	2.773604404361192	29721600.0	0.033675054	3.5945913080521046
Saltmarsh_4_000000001	29808000.0	1	1	0.5992269788020436	1.1984539576040871	0.6166646471634899	1.2333292943269798	1.0	0.9265336990356445	130983753.60846616	131100365.18094988	130983753.60846616	0.051746346551187705	0.6031724214911431	2.8253507509123788	29808000.0	0.033675054	3.6616545731824433
Saltmarsh_4_000000001	29894400.0	1	1	0.6027440210025307	1.2054880420050613	0.6201156391667608	1.2402312783335216	1.0	0.926533579826355	132649145.54647781	132661928.06875905	132649145.54647781	0.04882009035237511	0.614425637380014	2.874170841264754	29894400.0	0.033675057	3.724925410279121
Saltmarsh_4_000000001	29980800.0	1	1	0.6059918149295368	1.2119836298590736	0.6233040869518859	1.2466081739037718	1.0	0.9265332818031311	134210830.0801951	134126801.8513434	134126801.8513434	0.045591525411880385	0.6250424838448366	2.9197623666766344	29980800.0	0.03367517	3.7840120272129183
Saltmarsh_4_000000001	30067200.0	1	1	0.6089867964614583	1.2179735929229165	0.6262457220424961	1.2524914440849921	1.0	0.926529049873352	135661075.8381048	135487054.47982198	135487054.47982198	0.04247805423278217	0.6349572181663278	2.962240420909416	30067200.0	0.033676532	3.8390635854986033
Saltmarsh_4_000000001	30153600.0	1	1	0.6117476069744497	1.2234952139488995	0.6289585434365909	1.2579170868731817	1.0	0.9265011548995972	137005339.69433978	136744765.37882558	136744765.37882558	0.03952895724746219	0.6441948696466657	3.0017693781568786	30153600.0	0.033685667	3.890293114091315
Saltmarsh_4_000000001	30240000.0	1	1	0.6142873133041364	1.2285746266082729	0.631455231915303	1.262910463830606	1.0	0.9263712167739868	138250368.85860568	137894433.30377147	137894433.30377147	0.03668098197433467	0.6527911845445227	3.038450360131214	30240000.0	0.033728027	3.9378316667300535
Saltmarsh_4_000000001	30326400.0	1	1	0.6166055645488571	1.2332111290977141	0.6337355768941563	1.2674711537883125	1.0	0.925900936126709	139400660.8119932	138904175.2699192	138904175.2699192	0.03375272267229301	0.6607681536773029	3.0722030828035063	30326400.0	0.033880792	3.9815751953133445
Saltmarsh_4_000000001	30412800.0	1	1	0.6186699293508671	1.2373398587017341	0.6357683684143164	1.2715367368286328	1.0	0.924470841884613	140454811.024901	139678176.76405314	139678176.76405314	0.030282566046686554	0.6681083177735792	3.102485648850193	30412800.0	0.034339921	4.02082140090985
Saltmarsh_4_000000001	30499200.0	1	1	0.6203743173120123	1.2407486346240246	0.6374506212504828	1.2749012425009656	1.0	0.9206061959266663	141396856.81201854	139975093.66303712	139975093.66303712	0.025181637242512878	0.6746938310726728	3.1276672860927057	30499200.0	0.035541967	4.053456802776147
Saltmarsh_4_000000001	30585600.0	1	1	0.6214409829570149	1.2428819659140298	0.6385092521033157	1.2770185042066313	1.0	0.9108049273490906	142177004.83766764	139208690.60672235	139208690.60672235	0.01587340152777439	0.6801700515058374	3.1435406876204794	30585600.0	0.038366615	4.074028731156142
Saltmarsh_4_000000001	30672000.0	1	1	0.6211403868196133	1.2422807736392265	0.6382245226606861	1.2764490453213722	1.0	0.8859164118766785	142666340.71018922	135849552.99516776	135849552.99516776	-0.00437425611216169	0.6836220210880005	3.139166431508318	30672000.0	0.044451289	4.06835969523478
Saltmarsh_4_000000001	30758400.0	1	1	0.6172452452564368	1.2344904905128735	0.6345369444922915	1.269073888984583	1.0	0.8176597952842712	142528356.31512034	125274171.59330003	125274171.59330003	-0.05629989889389597	0.6826707568603961	3.082866532614422	30758400.0	0.056653954	3.9953950262682913
Saltmarsh_4_000000001	30844800.0	1	1	0.6025934025836763	1.2051868051673527	0.6206997167851455	1.241399433570291	1.0	0.6138002276420593	140746384.25205162	92987613.73282366	92987613.73282366	-0.20548921674370096	0.6704272854078193	2.8773773158707217	30844800.0	0.079704117	3.7290810013684554
Saltmarsh_4_000000001	30931200.0	1	1	0.60579938392523	1.21159876785046	0.6238396716585751	1.2476793433171502	1.0	0.9265336990356445	134143763.14424556	134485379.75232717	134143763.14424556	0.044979023691601006	0.6257397920296268	2.922356339562322	30931200.0	0.033675054	3.787373816072769
Saltmarsh_4_000000001	31017600.0	1	1	0.6087875021580965	1.217575004316193	0.626767707741663	1.253535415483326	1.0	0.9265336990356445	135574931.9279795	135826140.2904104	135574931.9279795	0.04235333330288671	0.6355213263370108	2.964709672865209	31017600.0	0.033675054	3.8422637360333107
Saltmarsh_4_000000001	31104000.0	1	1	0.6115722287083798	1.2231444574167596	0.6294976845729512	1.2589953691459024	1.0	0.926533579826355	136915682.85404566	137082612.66418165	136915682.85404566	0.03984655936383874	0.6447318549063896	3.004556232229047	31104000.0	0.033675057	3.893904876968845
Saltmarsh_4_000000001	31190400.0	1	1	0.6141671225675037	1.2283342451350074	0.6320426218704972	1.2640852437409944	1.0	0.9265334010124207	138171111.8767675	138259489.01098266	138171111.8767675	0.03745832102846525	0.6533972383553722	3.0420145532575127	31190400.0	0.033675147	3.9424508610217366
Saltmarsh_4_000000001	31276800.0	1	1	0.6165848782036167	1.2331697564072335	0.6344147417708963	1.2688294835417926	1.0	0.9265300035476685	139346116.20835948	139360806.15425283	139346116.20835948	0.03518732656235002	0.6615432544794474	3.0772018798198624	31276800.0	0.033676231	3.988053636246542
Saltmarsh_4_000000001	31363200.0	1	1	0.618818059978612	1.237636119957224	0.6366065628226302	1.2732131256452603	1.0	0.9265080094337463	140445387.0166186	140388557.23363224	140388557.23363224	0.032747386005991364	0.6691954001621698	3.109949265825853	31363200.0	0.033683435	4.030494248510306
Saltmarsh_4_000000001	31449600.0	1	1	0.6208720110488621	1.2417440220977243	0.6386232225302289	1.2772464450604577	1.0	0.9264065027236938	141464575.3535679	141329265.0058916	141329265.0058916	0.03032939012942859	0.6763169349000294	3.1402786559552816	31449600.0	0.03371654	4.069801138118045
Saltmarsh_4_000000001	31536000.0	1	1	0.6227471702653554	1.2454943405307108	0.6404652248218677	1.2809304496437355	1.0	0.9260427951812744	142405218.6325171	142156098.523411	142156098.523411	0.02786786164084698	0.682912630976208	3.1681465175961288	31536000.0	0.033834789	4.1059178868045825
Saltmarsh_4_000000001	31622400.0	1	1	0.624477084447739	1.248954168895478	0.6421649801231213	1.2843299602462426	1.0	0.9260541796684265	143266702.8015206	142966299.39829662	142966299.39829662	0.025858475585674	0.6889730214058092	3.1940049931818026	31622400.0	0.033831116	4.1394304711636165
Saltmarsh_4_000000001	31708800.0	1	1	0.6260172183651888	1.2520344367303775	0.6436794836611313	1.2873589673222625	1.0	0.9249892234802246	144063762.49440458	143549151.57558152	143549151.57558152	0.023149324816652772	0.6945964330612548	3.2171543179984554	31708800.0	0.034174449	4.169431996125998
Saltmarsh_4_000000001	31795200.0	1	1	0.6272914097933757	1.2545828195867514	0.6449346259586465	1.289869251917293	1.0	0.9221670627593994	144775241.2601637	143776796.5065784	143776796.5065784	0.01925329358294947	0.6996306889499425	3.236407611581405	31795200.0	0.035063059	4.194384264609501
Saltmarsh_4_000000001	31881600.0	1	1	0.6281083202070905	1.256216640414181	0.6457424691974329	1.2914849383948659	1.0	0.9152369499206543	145365190.2325971	143245285.38605356	143245285.38605356	0.01240874732879349	0.7038176796014743	3.2488163589101986	31881600.0	0.037126151	4.210466001147617
Saltmarsh_4_000000001	31968000.0	1	1	0.6280031881392559	1.2560063762785119	0.6456430020177948	1.2912860040355896	1.0	0.8986077904701233	145744049.7516684	140990564.31432822	140990564.31432822	-0.0015633734209290484	0.7065161949925702	3.2472529854892693	31968000.0	0.041514425	4.208439869194093
Saltmarsh_4_000000001	32054400.0	1	1	0.6257066493522718	1.2514132987045437	0.6434708742862157	1.2869417485724315	1.0	0.8570576906204224	145695264.8828449	134431161.23231378	134431161.23231378	-0.034020403889200024	0.7061762100507689	3.2132325816000695	32054400.0	0.050198571	4.16434942575369
Saltmarsh_4_000000001	32140800.0	1	1	0.6174931650515156	1.2349863301030313	0.6357129709013186	1.2714259418026372	1.0	0.7432976961135864	144631630.03226647	115826996.67137975	115826996.67137975	-0.11964285028457056	0.6987778336414693	3.0935897313154985	32140800.0	0.066373789	4.009292291784886
Saltmarsh_4_000000001	32227200.0	1	1	0.6196378917239281	1.2392757834478563	0.6378155359153647	1.2756310718307293	1.0	0.9265336990356445	140859470.00735575	141020889.28959817	140859470.00735575	0.03153810347527486	0.6727592465615039	3.125127834790773	32227200.0	0.033675054	4.050165673888842
Saltmarsh_4_000000001	32313600.0	1	1	0.6216360869743681	1.2432721739487362	0.6397750717110094	1.279550143422019	1.0	0.9265336990356445	141839658.0555908	141939769.04906788	141839658.0555908	0.02958049019940634	0.6796178000785477	3.1547083249901795	32313600.0	0.033675054	4.0885019891872725
Saltmarsh_4_000000001	32400000.0	1	1	0.6234976204904706	1.2469952409809413	0.6416011229417011	1.2832022458834023	1.0	0.926533579826355	142755936.17106107	142798907.49388078	142755936.17106107	0.027729047069681045	0.6860506337856244	3.1824373720598604	32400000.0	0.033675056	4.124438834189579
Saltmarsh_4_000000001	32486400.0	1	1	0.6252283012270153	1.2504566024540307	0.6432992717033456	1.286598543406691	1.0	0.9265334606170654	143612201.95576003	143601937.6579941	143601937.6579941	0.025928851912959017	0.6920808363770115	3.2083662239728192	32486400.0	0.033675117	4.158042626268774
Saltmarsh_4_000000001	32572800.0	1	1	0.6268239154565352	1.2536478309130703	0.6448652800256847	1.2897305600513693	1.0	0.926531195640564	144410574.9301088	144350478.41552603	144350478.41552603	0.024032839389729888	0.6977195526879003	3.232399063362549	32572800.0	0.033675834	4.189189186117864
Saltmarsh_4_000000001	32659200.0	1	1	0.628294427811291	1.256588855622582	0.6463088429506209	1.2926176859012417	1.0	0.9265168905258179	145148601.64481696	145040644.18811366	145040644.18811366	0.022257275509990793	0.7029459454305775	3.2546563388725387	32659200.0	0.033680511	4.21803461517881
Saltmarsh_4_000000001	32745600.0	1	1	0.6296470278345165	1.259294055669033	0.6476369726681468	1.2952739453362936	1.0	0.9264523386955261	145830430.05731192	145670271.762052	145670271.762052	0.02056515038325568	0.7077862084270043	3.2752214892557943	32745600.0	0.033701593	4.24468705007551
Saltmarsh_4_000000001	32832000.0	1	1	0.6308825376687469	1.2617650753374938	0.6488505042582261	1.2977010085164522	1.0	0.9262258410453796	146458997.03395417	146224385.58372927	146224385.58372927	0.018863440915975915	0.7122584870026705	3.2940849301717696	32832000.0	0.033775338	4.269134069502614
Saltmarsh_4_000000001	32918400.0	1	1	0.6319875030684758	1.2639750061369517	0.6499363818112762	1.2998727636225524	1.0	0.925563395023346	147034332.28386042	146659361.60634866	146659361.60634866	0.016936111169204682	0.7163606968625387	3.311021041340973	32918400.0	0.03398988	4.291083269577901
Saltmarsh_4_000000001	33004800.0	1	1	0.6329184080120159	1.2658368160240319	0.6508521753660722	1.3017043507321444	1.0	0.9238641262054443	147549832.77084535	146872949.80907178	146872949.80907178	0.014320976410187036	0.7200437726351718	3.3253420177511606	33004800.0	0.034532311	4.309643255005504
Saltmarsh_4_000000001	33091200.0	1	1	0.6335709935227434	1.2671419870454868	0.6514956207691229	1.3029912415382459	1.0	0.9198859333992004	147984828.80657023	146646737.89059445	146646737.89059445	0.010075551263048599	0.7231581381899237	3.3354175690142087	33091200.0	0.035760044	4.322701169442414
Saltmarsh_4_000000001	33177600.0	1	1	0.6337165859045405	1.267433171809081	0.6516398748733921	1.3032797497467843	1.0	0.9110483527183533	148290152.65456203	145521100.95912862	145521100.95912862	0.0022562485632058316	0.7253492562324373	3.3376738175774148	33177600.0	0.038299933	4.32562526758033
Saltmarsh_4_000000001	33264000.0	1	1	0.6328261928287128	1.2656523856574255	0.6507978836689026	1.3015957673378051	1.0	0.8915923237800598	148358313.59433407	142475688.66875547	142475688.66875547	-0.013461476556202001	0.7258399198999794	3.3242123410212123	33264000.0	0.043175338	4.3081791939634915
Saltmarsh_4_000000001	33350400.0	1	1	0.6296449974357042	1.2592899948714085	0.6477911846544169	1.2955823693088337	1.0	0.8470927476882935	147941709.64994878	135025191.08566964	135025191.08566964	-0.04778651331872574	0.7229124687470739	3.2764258277024876	33350400.0	0.051956028	4.2462478727024235
Saltmarsh_4_000000001	33436800.0	1	1	0.630909778854382	1.261819557708764	0.6490326663428553	1.2980653326857106	1.0	0.9265336990356445	146458052.47396734	146365976.87798378	146365976.87798378	0.019309491350452013	0.7125203930394669	3.2957353190529393	33436800.0	0.033675054	4.271272973492609
Saltmarsh_4_000000001	33523200.0	1	1	0.6320759926965962	1.2641519853931924	0.6501775980835535	1.300355196167107	1.0	0.9265336990356445	147047030.29268664	146918599.53534856	146918599.53534856	0.017873392724682913	0.7167196049520599	3.313608711777622	33523200.0	0.033675054	4.294436890463798
Saltmarsh_4_000000001	33609600.0	1	1	0.6331513446128331	1.2663026892256661	0.6512334964977363	1.3024669929954726	1.0	0.926533579826355	147591154.92943022	147429181.1477214	147429181.1477214	0.016539395518781697	0.7206065102198254	3.3301481072964036	33609600.0	0.033675055	4.31587194705614
Saltmarsh_4_000000001	33696000.0	1	1	0.6341429449091135	1.268285889818227	0.6522073023513835	1.304414604702767	1.0	0.926533579826355	148093776.26600164	147900888.32053322	147900888.32053322	0.01530112888664592	0.7242033127160201	3.345449236183049	33696000.0	0.033675084	4.335702210093232
Saltmarsh_4_000000001	33782400.0	1	1	0.6350572851350028	1.2701145702700056	0.6531053567527833	1.3062107135055665	1.0	0.9265325665473938	148558009.1132753	148336450.61047488	148336450.61047488	0.014151422198730113	0.7275308308536443	3.359600658381779	33782400.0	0.033675415	4.354042453262785
Saltmarsh_4_000000001	33868800.0	1	1	0.6359001267442919	1.2718002534885837	0.6539332916784893	1.3078665833569787	1.0	0.9265263080596924	148986715.25886348	148737863.10765836	148737863.10765836	0.013080991880796367	0.7306083236574954	3.3726816502625754	33868800.0	0.033677451	4.370995418740298
Saltmarsh_4_000000001	33955200.0	1	1	0.6366760121117702	1.2733520242235403	0.6546955521301221	1.3093911042602442	1.0	0.9265000224113464	149382445.01386943	149105127.02934054	149105127.02934054	0.012072603882080646	0.733453031264622	3.3847542541446565	33955200.0	0.033686032	4.386641513371474
Saltmarsh_4_000000001	34041600.0	1	1	0.6373871191136931	1.2747742382273861	0.6553942764612743	1.3107885529225487	1.0	0.926414966583252	149747201.54573128	149433848.95386	149433848.95386	0.011090798825566628	0.7360784459437335	3.3958450529702233	34041600.0	0.033713765	4.401015188649409
Saltmarsh_4_000000001	34128000.0	1	1	0.6380312338473605	1.276062467694721	0.656027311608509	1.312054623217018	1.0	0.926189661026001	150081895.32741538	149711661.3988061	149711661.3988061	0.010067958338659477	0.738490348655371	3.4059130113088827	34128000.0	0.033787113	4.414063262656311
Saltmarsh_4_000000001	34214400.0	1	1	0.6385988945361151	1.2771977890722301	0.6565854076199721	1.3131708152399442	1.0	0.9256807565689087	150385380.6106663	149914171.22507936	149914171.22507936	0.00889104065166757	0.7406798154737292	3.41480405196055	34214400.0	0.033952013	4.425586051340873
Saltmarsh_4_000000001	34300800.0	1	1	0.6390705887003368	1.2781411774006737	0.6570494376437845	1.314098875287569	1.0	0.9246795773506165	150653097.42573553	150003073.65829092	150003073.65829092	0.007402028876456246	0.7426133394149984	3.4222060808370056	34300800.0	0.034273424	4.435179080764759
Saltmarsh_4_000000001	34387200.0	1	1	0.6394163791205105	1.278832758241021	0.657389945632728	1.314779891265456	1.0	0.9229544997215271	150875736.18112215	149931774.53739178	149931774.53739178	0.005435822934632295	0.7442230497523267	3.427641903771638	34387200.0	0.034818124	4.442223907288043
Saltmarsh_4_000000001	34473600.0	1	1	0.6396035492220619	1.2792070984441237	0.6575745176215827	1.3151490352431654	1.0	0.9204052090644836	151039053.03426182	149670402.75177813	149670402.75177813	0.0029468421159569713	0.7454051716429336	3.4305887458875954	34473600.0	0.03560299	4.446043014670324
Saltmarsh_4_000000001	34560000.0	1	1	0.6396241335002251	1.2792482670004501	0.657594848947831	1.315189697895662	1.0	0.9174600839614868	151127490.34496403	149274094.19614834	149274094.19614834	0.0003244531190613742	0.7460460178616803	3.4309131990066573	34560000.0	0.036481629	4.446463505912628
Saltmarsh_4_000000001	34646400.0	1	1	0.6401123012102012	1.2802246024204025	0.658074670616321	1.316149341232642	1.0	0.9265336990356445	151137217.9343784	150759600.6553465	150759600.6553465	0.007681426984593731	0.7461165762921389	3.43859462599125	34646400.0	0.033675054	4.456418635284661
Saltmarsh_4_000000001	34732800.0	1	1	0.6405625195118944	1.2811250390237887	0.658517220162683	1.317034440325366	1.0	0.9265336990356445	151368004.92520824	150976344.94379464	150976344.94379464	0.007094677718207154	0.747787047000766	3.4456893037094574	34732800.0	0.033675054	4.465613337607457
Saltmarsh_4_000000001	34819200.0	1	1	0.640977742598313	1.281955485196626	0.658925394739887	1.317850789479774	1.0	0.9265336990356445	151581006.96220994	151176395.36396927	151176395.36396927	0.006552058769315083	0.7493299180505313	3.4522413624787722	34819200.0	0.033675054	4.474104805772489
Saltmarsh_4_000000001	34905600.0	1	1	0.6413606940673714	1.2827213881347428	0.6593018660163238	1.3186037320326476	1.0	0.9265336990356445	151777585.22266665	151361028.2321823	151361028.2321823	0.006050354752287768	0.7507547864086237	3.45829171723106	34905600.0	0.033675052	4.481946065531454
Saltmarsh_4_000000001	34992000.0	1	1	0.6417138881039448	1.2834277762078896	0.6596491007925356	1.3192982015850712	1.0	0.9265337586402893	151958998.11195627	151531433.45597503	151531433.45597503	0.005586617483697265	0.7520705497961779	3.463878334714757	34992000.0	0.033675014	4.489186321790325
Saltmarsh_4_000000001	35078400.0	1	1	0.6420396952613137	1.2840793905226273	0.6599694253500419	1.3199388507000838	1.0	0.92653489112854	152126410.27365738	151688869.35471404	151688869.35471404	0.005158881977153529	0.7532854647964167	3.46903721669191	35078400.0	0.033674639	4.495872232832715
Saltmarsh_4_000000001	35164800.0	1	1	0.642340548052923	1.284681096105846	0.6602652269204548	1.3205304538409095	1.0	0.9265418648719788	152280922.91970873	151835150.8164509	151835150.8164509	0.004768393412924787	0.7544073606693297	3.473805610104834	35164800.0	0.033672353	4.502052070695865
Saltmarsh_4_000000001	35251200.0	1	1	0.6426196578703872	1.2852393157407744	0.6605396566812565	1.321079313362513	1.0	0.9265733957290649	152423670.71275187	151974414.26228723	151974414.26228723	0.004427733848670012	0.7554443374627662	3.4782333439535034	35251200.0	0.033662063	4.507790413763741
Saltmarsh_4_000000001	35337600.0	1	1	0.6428829897403076	1.285765979480615	0.6607985666236899	1.3215971332473797	1.0	0.9266875386238098	152556161.7594987	152117612.842318	152117612.842318	0.004180832782034294	0.7564072314295557	3.482414176735538	35337600.0	0.033624752	4.513208773049257
Saltmarsh_4_000000001	35424000.0	1	1	0.643144010532636	1.286288021065272	0.6610551649079374	1.3221103298158747	1.0	0.9270382523536682	152681215.91821235	152292710.96055338	152292710.96055338	0.004147122685101534	0.7573164321176654	3.4865612994206403	35424000.0	0.033509763	4.51858344404915
Saltmarsh_4_000000001	35510400.0	1	1	0.6434336629571175	1.286867325914235	0.6613397755028018	1.3226795510056035	1.0	0.9279834032058716	152805223.12655756	152564614.9224199	152564614.9224199	0.004604772700652071	0.7582183019114475	3.491166072121292	35510400.0	0.033197402	4.5245512294691945
Saltmarsh_4_000000001	35596800.0	1	1	0.6437791719883014	1.2875583439766027	0.6616788707726587	1.3233577415453175	1.0	0.9302564263343811	152942891.73388076	153068026.45383888	152942891.73388076	0.005494762364472994	0.7592196963049308	3.4966608344857653	35596800.0	0.032430343	4.531672441493551
Saltmarsh_4_000000001	35683200.0	1	1	0.6441012942449967	1.2882025884899935	0.6619942004666451	1.3239884009332903	1.0	0.9351533651351929	153107189.44215658	154029158.1290071	153107189.44215658	0.0051213115281647514	0.7604146356826181	3.50178214601393	35683200.0	0.030695872	4.538309661234053
Saltmarsh_4_000000001	35769600.0	1	1	0.6444020269293296	1.2888040538586591	0.6622871531775629	1.3245743063551259	1.0	0.9444571733474731	153260445.63386503	155707446.19843027	153260445.63386503	0.0047738670142510875	0.761528361155074	3.506556013028181	35769600.0	0.02703432	4.5444965928845225
Saltmarsh_4_000000001	35856000.0	1	1	0.6445185423888615	1.289037084777723	0.6624017496971125	1.324803499394225	1.0	0.9265336990356445	153403594.5003655	152885266.84418127	152885266.84418127	0.0018598059348833296	0.762566528286023	3.508415818963064	35856000.0	0.033675054	4.546906901376131
Saltmarsh_4_000000001	35942400.0	1	1	0.6446260104953333	1.2892520209906666	0.6625074494481746	1.3250148988963493	1.0	0.9265336990356445	153459073.86096573	152937393.4899722	152937393.4899722	0.0017159893989462383	0.7629709780509148	3.5101318083620097	35942400.0	0.033675054	4.549130823637165
Saltmarsh_4_000000001	36028800.0	1	1	0.6447251339902165	1.289450267980433	0.662604943239098	1.325209886478196	1.0	0.9265336990356445	153510254.1760452	152985481.38699716	152985481.38699716	0.001583254728669492	0.7633441522063164	3.511715063090679	36028800.0	0.033675053	4.55118272176552
Saltmarsh_4_000000001	36115200.0	1	1	0.644816560997367	1.289633121994734	0.6626948682235663	1.3253897364471325	1.0	0.9265336990356445	153557468.0413173	153029842.918509	153029842.918509	0.001460753880290766	0.7636884607122543	3.5131758169709695	36115200.0	0.033675035	4.553075858794377
Saltmarsh_4_000000001	36201600.0	1	1	0.6449009293357462	1.2898018586714923	0.662777851440902	1.325555702881804	1.0	0.9265344738960266	153601022.40093204	153070894.39941907	153070894.39941907	0.001348342891398957	0.7640061291056964	3.5145241598623684	36201600.0	0.033674789	4.55482331118163
Saltmarsh_4_000000001	36288000.0	1	1	0.6449790275667563	1.2899580551335126	0.662854668097092	1.325709336194184	1.0	0.9265398979187012	153641219.6030653	153109560.12773293	153109560.12773293	0.001248449022387188	0.7642993516162775	3.515772608884755	36288000.0	0.033673008	4.556441301114643
Saltmarsh_4_000000001	36374400.0	1	1	0.6450524643028628	1.2901049286057256	0.6629268994251981	1.3258537988503962	1.0	0.926567018032074	153678434.1067762	153149009.90742156	153149009.90742156	0.00117419921007067	0.7645708503270371	3.516946808094825	36374400.0	0.033664127	4.557963063290893
Saltmarsh_4_000000001	36460800.0	1	1	0.6451256352680733	1.2902512705361466	0.6629988659688428	1.3259977319376857	1.0	0.9266721606254578	153713431.4775898	153199276.779175	153199276.779175	0.001170181875663201	0.7648262020202119	3.5181169899704887	36460800.0	0.033629786	4.5594796190017535
Saltmarsh_4_000000001	36547200.0	1	1	0.6452105430578559	1.2904210861157117	0.6630823618663171	1.3261647237326342	1.0	0.9270090460777283	153748306.15426105	153287753.89830583	153287753.89830583	0.0013580894230350582	0.7650806800684942	3.5194750793935237	36547200.0	0.033519357	4.5612397028940075
Saltmarsh_4_000000001	36633600.0	1	1	0.6453371801735304	1.2906743603470607	0.6632068323141188	1.3264136646282376	1.0	0.9279434680938721	153788779.7836434	153480342.3556336	153480342.3556336	0.0020256896325535623	0.7653760221456144	3.521500769026077	36633600.0	0.033210674	4.563864996657796
Saltmarsh_4_000000001	36720000.0	1	1	0.6455515814230782	1.2911031628461564	0.6634173107797249	1.3268346215594498	1.0	0.9302350878715515	153849154.73859242	153916271.45431742	153849154.73859242	0.0034292272537838064	0.7658165464391783	3.5249299962798606	36720000.0	0.032437646	4.5683092751787
Saltmarsh_4_000000001	36806400.0	1	1	0.645751463408039	1.291502926816078	0.6636130166566617	1.3272260333133235	1.0	0.9352349638938904	153951398.7481801	154840264.41278452	153951398.7481801	0.0031946973659146005	0.7665622963749859	3.528124693645775	36806400.0	0.030665932	4.572449602964925
Saltmarsh_4_000000001	36892800.0	1	1	0.6459380755923231	1.2918761511846462	0.6637948093299937	1.3275896186599874	1.0	0.9447944760322571	154046749.37866643	156513755.14874974	154046749.37866643	0.0029767035158176913	0.7672570433775144	3.531101397161593	36892800.0	0.026891	4.576307410721425
Saltmarsh_4_000000001	36979200.0	1	1	0.6461126280032824	1.2922252560065648	0.66396349964362	1.32792699928724	1.0	0.9600894451141357	154135796.49890333	159133076.64490163	154135796.49890333	0.0027745989754615064	0.7679043835190552	3.533875996137054	36979200.0	0.019324757	4.579903290993622
Saltmarsh_4_000000001	37065600.0	1	1	0.6460955188129865	1.292191037625973	0.6639472980922705	1.327894596184541	1.0	0.9265336990356445	154219112.2567483	153647703.22789633	153647703.22789633	-0.0002692560892482154	0.7685077722287299	3.533606740047805	37065600.0	0.033675054	4.579554335101955
Saltmarsh_4_000000001	37152000.0	1	1	0.6460798142740939	1.2921596285481878	0.6639324267351618	1.3278648534703237	1.0	0.9265336990356445	154210944.85964248	153640415.92223865	153640415.92223865	-0.00024713781891494424	0.7684492174301082	3.5333596022288902	37152000.0	0.033675054	4.579234044488642
Saltmarsh_4_000000001	37238400.0	1	1	0.6460653990780063	1.2921307981560126	0.6639187763665917	1.3278375527331834	1.0	0.9265336990356445	154203448.1899476	153633727.08779562	153633727.08779562	-0.00022683722621608116	0.7683954726651941	3.5331327650026747	37238400.0	0.033675053	4.578940063443467
Saltmarsh_4_000000001	37324800.0	1	1	0.6460521705204003	1.2921043410408006	0.6639062497190746	1.3278124994381493	1.0	0.9265337586402893	154196567.15730798	153627597.4489615	153627597.4489615	-0.00020815540100616037	0.7683461426458137	3.532924609601668	37324800.0	0.033675019	4.5786702940437625
Saltmarsh_4_000000001	37411200.0	1	1	0.6460401002760089	1.2920802005520178	0.663894819959573	1.327789639919146	1.0	0.9265351295471191	154190252.69660115	153622190.7579264	153622190.7579264	-0.00018992155091124285	0.7683008753405433	3.5327346880507564	37411200.0	0.033674579	4.578424155713781
Saltmarsh_4_000000001	37497600.0	1	1	0.6460295172140047	1.2920590344280094	0.6638847984955093	1.3277695969910186	1.0	0.9265445470809937	154184491.25276712	153618611.59405768	153618611.59405768	-0.00016651535848410948	0.7682595733287725	3.5325681726922724	37497600.0	0.033671494	4.578208351809185
Saltmarsh_4_000000001	37584000.0	1	1	0.6460222180467439	1.2920444360934877	0.6638778866789332	1.3277557733578664	1.0	0.9265903830528259	154179439.76860952	153621703.70144463	153621703.70144463	-0.00011484292635821625	0.7682233614335814	3.532453329765914	37584000.0	0.033656532	4.578059515376625
Saltmarsh_4_000000001	37670400.0	1	1	0.6460245548868649	1.2920491097737299	0.6638801852467147	1.3277603704934293	1.0	0.9267627596855164	154175955.79417336	153647173.1692498	153647173.1692498	3.747916605145729e-05	0.7681983866801976	3.532490808931965	37670400.0	0.033600125	4.578108088375827
Saltmarsh_4_000000001	37756800.0	1	1	0.6460545873593373	1.2921091747186746	0.6639097173344491	1.3278194346688983	1.0	0.9273020625114441	154177071.18990052	153737632.54678863	153737632.54678863	0.00048162550447938823	0.7682065372294637	3.532972434436444	37756800.0	0.033422961	4.5787322750296315
Saltmarsh_4_000000001	37843200.0	1	1	0.6461575942279573	1.2923151884559145	0.6640109295075054	1.3280218590150108	1.0	0.9287583827972412	154191406.33007056	153992571.91901618	153992571.91901618	0.0016515838451086617	0.7683112757499723	3.5346240182815523	37843200.0	0.032938425	4.580872727692892
Saltmarsh_4_000000001	37929600.0	1	1	0.6463156249824462	1.2926312499648924	0.6641659215445844	1.3283318430891689	1.0	0.9322183728218079	154240578.76973364	154612671.28721243	154240578.76973364	0.0025324501418010348	0.7686704437068672	3.537156468423353	37929600.0	0.031749412	4.584154783076666
Saltmarsh_4_000000001	38016000.0	1	1	0.6464630505953045	1.292926101190609	0.6643099594213234	1.3286199188426469	1.0	0.9394374489784241	154316033.2282754	155881586.08930644	154316033.2282754	0.002358993541112464	0.7692211726002645	3.5395154619644655	38016000.0	0.029075448	4.587212038705948
Saltmarsh_4_000000001	38102400.0	1	1	0.6466008288258692	1.2932016576517384	0.6644436645411561	1.3288873290823122	1.0	0.9522786140441895	154386440.7182508	158079701.8202601	154386440.7182508	0.0021980234963959733	0.7697341800948581	3.541713485460861	38102400.0	0.023478246	4.590060677157276
Saltmarsh_4_000000001	38188800.0	1	1	0.6467298311807932	1.2934596623615864	0.6645676821282039	1.3291353642564079	1.0	0.9704016447067261	154452255.32998896	161151741.24091122	154452255.32998896	0.0020490950229539173	0.7702121816269909	3.5437625804838144	38188800.0	0.01244464	4.592716304307023
Saltmarsh_4_000000001	38275200.0	1	1	0.6466636453901041	1.2933272907802082	0.6645050021799311	1.3290100043598623	1.0	0.9265336990356445	154513890.55019408	153922856.88113114	153922856.88113114	-0.00104351145706294	0.7706577958627187	3.5427190690267514	38275200.0	0.033675054	4.59136391345867
Saltmarsh_4_000000001	38361600.0	1	1	0.6466028922277823	1.2932057844555647	0.6644474679807355	1.328894935961471	1.0	0.9265336990356445	154482266.52348801	153894638.84091464	153894638.84091464	-0.0009576704737916941	0.7704308646783649	3.5417613985529597	38361600.0	0.033675054	4.590122772524636
Saltmarsh_4_000000001	38448000.0	1	1	0.6465471259575688	1.2930942519151376	0.6643946571930484	1.3287893143860967	1.0	0.9265336990356445	154453241.09299272	153868739.8077886	153868739.8077886	-0.0008789021906908667	0.7702226012296339	3.5408824963622685	38448000.0	0.033675053	4.5889837152855
Saltmarsh_4_000000001	38534400.0	1	1	0.6464959405269767	1.2929918810539534	0.6643461851001189	1.3286923702002378	1.0	0.9265337586402893	154426600.6004882	153844978.96352544	153844978.96352544	-0.0008065726072796764	0.7700314674249069	3.5400759237549884	38534400.0	0.033675004	4.587938397186465
Saltmarsh_4_000000001	38620800.0	1	1	0.646449054254506	1.292898108509012	0.6643017847955686	1.3286035695911371	1.0	0.9265356063842773	154402150.47506234	153823469.60430887	153823469.60430887	-0.000738715026344372	0.7698560630478888	3.539337208728644	38620800.0	0.033674397	4.586981022512322
Saltmarsh_4_000000001	38707200.0	1	1	0.6464066984829806	1.2928133969659612	0.6642616752137516	1.3285233504275031	1.0	0.9265485405921936	154379755.6591585	153805634.56385902	153805634.56385902	-0.0006672427582725682	0.7696954155775677	3.5386699659703713	38707200.0	0.033670187	4.586116275897601
Saltmarsh_4_000000001	38793600.0	1	1	0.6463710766624078	1.2927421533248156	0.6642279427908206	1.3284558855816413	1.0	0.9266103506088257	154359526.19358763	153797843.58210504	153797843.58210504	-0.0005610931850923428	0.7695503110956176	3.538108872785279	38793600.0	0.033650008	4.5853890991297215
Saltmarsh_4_000000001	38880000.0	1	1	0.6463504890968365	1.292700978193673	0.6642084473322212	1.3284168946644423	1.0	0.9268401861190796	154342513.94463453	153820807.25203255	153820807.25203255	-0.0003242545738044722	0.7694282908339672	3.5377846182114743	38880000.0	0.033574795	4.584968865202071
Saltmarsh_4_000000001	38966400.0	1	1	0.6463686385965562	1.2927372771931125	0.6642262923971801	1.3284525847943602	1.0	0.9275499582290649	154332682.17419446	153929820.90432984	153929820.90432984	0.0002913289407417974	0.7693577755809075	3.538075947152217	38966400.0	0.033341135	4.585346427509274
Saltmarsh_4_000000001	39052800.0	1	1	0.6464830810698785	1.292966162139757	0.6643387019588478	1.3286774039176956	1.0	0.9294391870498657	154341349.60880145	154251508.83693734	154251508.83693734	0.0018364136486305194	0.7694211305360562	3.539912360800847	39052800.0	0.032708754	4.587726419597898
Saltmarsh_4_000000001	39139200.0	1	1	0.6466177705327775	1.293235541065555	0.6644706893073723	1.3289413786147446	1.0	0.9338406324386597	154396008.10677093	155033641.1786644	154396008.10677093	0.0021595473253274156	0.7698204932085273	3.5420719081261742	39139200.0	0.031172479	4.590525192931522
Saltmarsh_4_000000001	39225600.0	1	1	0.6467434855299345	1.293486971059869	0.6645933021414531	1.3291866042829061	1.0	0.9427413940429688	154460349.0997603	156572517.24944177	154460349.0997603	0.002011618124892034	0.7702901273739095	3.5440835262510664	39225600.0	0.027750821	4.593132250021382
Saltmarsh_4_000000001	39312000.0	1	1	0.6468610547749926	1.2937221095499851	0.664707072079556	1.329414144159112	1.0	0.9577316641807556	154520415.0950006	159119801.88631546	154520415.0950006	0.0018744839214150932	0.7707275915535879	3.545958010172481	39312000.0	0.020654866	4.595561581183535
