plant	time	x	y	r_ag	h_ag	r_bg	h_bg	aboveground_resources	belowground_resources	res_ag	res_bg	res_eff	grow	maint	volume	age	salinity	transpiration
Saltmarsh_4_000000001	36979200.0	1	1	0.07952262682979737	0.15904525365959474	0.10113797426655062	0.20227594853310124	1.0	0.09534946829080582	2336163.1826606267	420169.6950048832	420169.6950048832	8.333611578592581e-15	0.0021008484750160827	0.009659883546178288	37065600.0	0.14	0.012519209075847061
