plant	time	x	y	r_ag	h_ag	r_bg	h_bg	aboveground_resources	belowground_resources	res_ag	res_bg	res_eff	grow	maint	volume	age	salinity	transpiration
Saltmarsh_2_000000001	0.0	1	1	0.05	0.1	0.05	0.1	NaN	NaN	NaN	NaN	NaN	NaN	NaN	NaN	NaN	NaN	NaN
Saltmarsh_2_000000001	86400.0	1	1	0.0734311933965621	0.1468623867931242	0.07504387490219022	0.15008774980438044	1.0	0.8284952640533447	923552.841931713	765159.1556434316	765159.1556434316	0.0035724125076974653	0.0002533832705196927	0.005143208834492364	86400.0	0.035	0.006665598649502104
Saltmarsh_2_000000001	172800.0	1	1	0.09987223721802799	0.19974447443605597	0.10265883769691048	0.20531767539382095	1.0	0.8284952640533447	1991970.5488907625	1748675.4805090358	1748675.4805090358	0.007913732557303817	0.0008296448452413619	0.013056941391796185	172800.0	0.035	0.016921796043767857
Saltmarsh_2_000000001	259200.0	1	1	0.12769483943816723	0.25538967887633446	0.1315166932754442	0.2630333865508884	1.0	0.8284952640533447	3684777.743478738	3285001.032161245	3285001.032161245	0.014318805613225252	0.0021061995475809723	0.02737574700502144	259200.0	0.035	0.03547896811850779
Saltmarsh_2_000000001	345600.0	1	1	0.15597377709355562	0.31194755418711123	0.16077257190317243	0.32154514380634486	1.0	0.8284952640533447	6023770.719494042	5398458.728270519	5398458.728270519	0.02257634474286899	0.004415948898483603	0.04995209174789045	345600.0	0.035	0.06473791090526602
Saltmarsh_2_000000001	432000.0	1	1	0.18414623593640195	0.3682924718728039	0.189885255882128	0.379770511764256	1.0	0.8284952640533447	8987210.602205772	8071696.24949931	8071696.24949931	0.03230076927015444	0.008057711977342112	0.08225286101804491	432000.0	0.035	0.1065997078793862
Saltmarsh_2_000000001	518400.0	1	1	0.21185867106897688	0.42371734213795376	0.21850627518998256	0.4370125503799651	1.0	0.8284952640533447	12527010.240305683	11262485.74669769	11262485.74669769	0.043044318426100854	0.013268110307387603	0.12529717944414578	518400.0	0.035	0.16238514455961295
Saltmarsh_2_000000001	604800.0	1	1	0.2388866578058564	0.4777733156117128	0.24641162101114114	0.4928232420222823	1.0	0.8284952640533447	16581133.954672571	14915523.2809296	14915523.2809296	0.05436607874512818	0.020211537659519826	0.17966325818927398	604800.0	0.035	0.2328435826132991
Saltmarsh_2_000000001	691200.0	1	1	0.26508883460703303	0.5301776692140661	0.2734592661228094	0.5469185322456188	1.0	0.8284952640533447	21081695.1602899	18969989.714414332	18969989.714414332	0.0658686839894697	0.02898126458260196	0.24553194217874375	691200.0	0.035	0.3182093970636519
Saltmarsh_2_000000001	777600.0	1	1	0.2903789025980917	0.5807578051961834	0.2995622579092138	0.5991245158184276	1.0	0.8284952640533447	25959995.45738391	23364208.240063567	23364208.240063567	0.07721457824579529	0.03960646295452254	0.322746520424539	777600.0	0.035	0.4182794904702026
Saltmarsh_2_000000001	864000.0	1	1	0.3147079037011569	0.6294158074023138	0.3246712937697519	0.6493425875395038	1.0	0.8284952640533447	31149555.92387086	28038431.271444082	28038431.271444082	0.08813030244336252	0.05206185391385788	0.4108768228679016	864000.0	0.035	0.5324963624368005
Saltmarsh_2_000000001	950400.0	1	1	0.33805263677302494	0.6761052735460499	0.34876317400312246	0.6975263480062449	1.0	0.8284952640533447	36587862.69091023	32936441.511171103	32936441.511171103	0.09840416031122176	0.06627804724463376	0.5092809831791234	950400.0	0.035	0.6600281542001439
Saltmarsh_2_000000001	1036800.0	1	1	0.3604078775198138	0.7208157550396276	0.37183297836054857	0.7436659567210971	1.0	0.8284952640533447	42217294.285280086	38006402.79558376	38006402.79558376	0.10788050971847425	0.08215150425944458	0.6171614928975976	1036800.0	0.035	0.7998412947952864
Saltmarsh_2_000000001	1123200.0	1	1	0.3817810304406058	0.7635620608812116	0.3938886567652562	0.7877773135305124	1.0	0.8284952640533447	47985529.35960851	43201236.22412791	43201236.22412791	0.11645260129511958	0.09955357982551999	0.7336140941927172	1123200.0	0.035	0.9507638660737614
Saltmarsh_2_000000001	1209600.0	1	1	0.40218837881756153	0.8043767576351231	0.41494722103032144	0.8298944420606429	1.0	0.8284952640533447	53845626.19986709	48478697.08331251	48478697.08331251	0.12405507621924837	0.11833840919731418	0.8576691704119657	1209600.0	0.035	1.1115392448539074
Saltmarsh_2_000000001	1296000.0	1	1	0.4216524105277354	0.8433048210554708	0.43503202126877405	0.8700640425375481	1.0	0.8284952640533447	59755897.75451503	53801265.598023176	53801265.598023176	0.13065674331396618	0.1383495846761497	0.9883259137259319	1296000.0	0.035	1.2808703841888078
Saltmarsh_2_000000001	1382400.0	1	1	0.44019988393741677	0.8803997678748335	0.45417077189179667	0.9083415437835933	1.0	0.8284952640533447	65679662.932022534	59135925.0725429	59135925.0725429	0.13625395821068087	0.1594256671520336	1.1245798719366125	1382400.0	0.035	1.45745551402985
Saltmarsh_2_000000001	1468800.0	1	1	0.4578604128325005	0.915720825665001	0.472394105071867	0.944788210143734	1.0	0.8284952640533447	71584927.22810903	64453875.67371111	64453875.67371111	0.14086474872230692	0.18140462964624865	1.2654446206589196	1468800.0	0.035	1.6400162283739599
Saltmarsh_2_000000001	1555200.0	1	1	0.47466542167161124	0.9493308433432225	0.48973450149244313	0.9794690029848863	1.0	0.8284952640533447	77444027.66371183	69730215.62724666	69730215.62724666	0.1445237249112878	0.20412735322494552	1.4099683455702072	1555200.0	0.035	1.8273189758589887
Saltmarsh_2_000000001	1641600.0	1	1	0.4906473691255663	0.9812947382511326	0.5062254949589388	1.0124509899178775	1.0	0.8284952640533447	83233265.04722877	74943610.71178202	74943610.71178202	0.1472777516969947	0.22744030186191544	1.557246097267202	1641600.0	0.035	2.0181909420582937
Saltmarsh_2_000000001	1728000.0	1	1	0.5058391686278093	1.0116783372556186	0.5219010784190334	1.0438021568380669	1.0	0.8284952640533447	88932538.56015082	80075965.65580274	80075965.65580274	0.14918232902415807	0.2511974992548556	1.7064284262913594	1728000.0	0.035	2.211531240473602
Saltmarsh_2_000000001	1814400.0	1	1	0.5202737553285312	1.0405475106570623	0.5367952598346528	1.0735905196693056	1.0	0.8284952640533447	94524992.24800462	85112106.12794821	85112106.12794821	0.15029860890879337	0.27526192173094766	1.8567270352001528	1814400.0	0.035	2.406318237619398
Saltmarsh_2_000000001	1900800.0	1	1	0.5339837629814895	1.067967525962979	0.5509417306837171	1.1018834613674342	1.0	0.8284952640533447	99996679.31333558	90039476.67057775	90039476.67057775	0.15069097337719434	0.29950640997569444	2.007418008577347	1900800.0	0.035	2.601613739116242
Saltmarsh_2_000000001	1987200.0	1	1	0.5470012841214589	1.0940025682429178	0.5643736198621214	1.1287472397242428	1.0	0.8284952640533447	105336247.59285751	94847857.6484767	94847857.6484767	0.15042509818038197	0.3238141900620016	2.1578431067577295	1987200.0	0.035	2.7965646663580177
Saltmarsh_2_000000001	2073600.0	1	1	0.5593576938287116	1.1187153876574232	0.5771233128243636	1.1542466256487272	1.0	0.8284952640533447	110534647.88670789	99529102.7323257	99529102.7323257	0.14956643152226723	0.3480790821393613	2.3074095382799964	2073600.0	0.035	2.9904027616108753
Saltmarsh_2_000000001	2160000.0	1	1	0.5710835223441016	1.1421670446882033	0.5892223208693547	1.1784446417387093	1.0	0.8284952640533447	115584865.64620253	104076897.38500832	104076897.38500832	0.14817902319654125	0.37220546372850033	2.455588561476538	2160000.0	0.035	3.1824427756735933
Saltmarsh_2_000000001	2246400.0	1	1	0.5822083654006708	1.1644167308013416	0.6007011891584566	1.2014023783169132	1.0	0.8284952640533447	120481675.74942337	108486538.11541627	108486538.11541627	0.1463246464315749	0.39610804414550654	2.6019132079081126	2246400.0	0.035	3.3720795174489138
Saltmarsh_2_000000001	2332800.0	1	1	0.5927608237817624	1.1855216475635248	0.6115894347572479	1.2231788695144958	1.0	0.8284952640533447	125221419.5858523	112754731.80438372	112754731.80438372	0.1440621617501105	0.4197114972718082	2.7459753696582228	2332800.0	0.035	3.5587840790770566
Saltmarsh_2_000000001	2419200.0	1	1	0.6027684655779962	1.2055369311559925	0.6219155080016145	1.243831016003229	1.0	0.8284952640533447	129801803.35180105	116879414.11802329	116879414.11802329	0.14144707888099212	0.44294999170912436	2.8874224485392155	2419200.0	0.035	3.7420994933068235
Saltmarsh_2_000000001	2505600.0	1	1	0.6122578060869428	1.2245156121738856	0.6317067719964783	1.2634135439929566	1.0	0.8284952640533447	134221716.27126664	120859585.85407482	120859585.85407482	0.1385312790034514	0.46576665026692265	3.0259537275426673	2505600.0	0.035	3.921636030895297
Saltmarsh_2_000000001	2592000.0	1	1	0.621254301413267	1.242508602826534	0.6409894961976222	1.2819789923952445	1.0	0.8284952640533447	138481067.3622584	124695165.98088366	124695165.98088366	0.13536286525898372	0.4881129646454346	3.1613165928016516	2592000.0	0.035	4.097066304270941
Saltmarsh_2_000000001	2678400.0	1	1	0.6297823526778236	1.2595647053556471	0.6497888608998424	1.299577721799685	1.0	0.8284952640533447	142580639.33825532	128386860.100684	128386860.100684	0.13198611449849695	0.5099481860049231	3.293302707300148	2678400.0	0.035	4.268120308660992
Saltmarsh_2_000000001	2764800.0	1	1	0.6378653183991833	1.2757306367983665	0.6581289701269715	1.316257940253943	1.0	0.8284952640533447	146521958.24801064	131936043.08065245	131936043.08065245	0.1284415076519242	0.5312387077513381	3.421744214952073	2764800.0	0.035	4.434580502577886
Saltmarsh_2_000000001	2851200.0	1	1	0.6455255331191555	1.291051066238311	0.6660328709410762	1.3320657418821524	1.0	0.8284952640533447	150307177.49990314	135344654.63359556	135344654.63359556	0.12476581994711677	0.551957453220861	3.546510034899189	2851200.0	0.035	4.596277005229349
Saltmarsh_2_000000001	2937600.0	1	1	0.6527843307407442	1.3055686614814883	0.6735225775958329	1.3470451551916658	1.0	0.8284952640533447	153938974.97900918	138615106.68572262	138615106.68572262	0.12099225551106685	0.5720832779175463	3.667502290410255	2937600.0	0.035	4.75308296837169
Saltmarsh_2_000000001	3024000.0	1	1	0.6596620713589226	1.3193241427178453	0.6806190992796525	1.361238198559305	1.0	0.8284952640533447	157420462.03857887	141750201.43497968	141750201.43497968	0.11715061371156854	0.5916003934633298	3.784652904121824	3024000.0	0.035	4.904910163741884
Saltmarsh_2_000000001	3110400.0	1	1	0.6661781706112456	1.3323563412224912	0.6873424704476517	1.3746849408953035	1.0	0.8284952640533447	160755103.22730157	144753059.07506818	144753059.07506818	0.11326747699493434	0.6104978183804065	3.8979203811167578	3110400.0	0.035	5.051704813927318
Saltmarsh_2_000000001	3196800.0	1	1	0.6723511307713272	1.3447022615426545	0.6937117829431046	1.3874235658862093	1.0	0.8284952640533447	163946645.69587445	147627054.23413333	147627054.23413333	0.10936641199717978	0.6287688591734869	4.007286793113937	3196800.0	0.035	5.193443683875663
Saltmarsh_2_000000001	3283200.0	1	1	0.6781985729647384	1.3563971459294768	0.6997452192699826	1.3994904385399651	1.0	0.8284952640533447	166999057.30830172	150375760.25079733	150375760.25079733	0.10546817740092918	0.6464106238530575	4.112754970514866	3283200.0	0.035	5.330130441787266
Saltmarsh_2_000000001	3369600.0	1	1	0.6837372700123974	1.3674745400247947	0.7054600865073091	1.4109201730146181	1.0	0.8284952640533447	169916472.56323826	153002900.48209447	153002900.48209447	0.101590933422684	0.6634235689877883	4.214345903937549	3369600.0	0.035	5.4617922915030634
Saltmarsh_2_000000001	3456000.0	1	1	0.6889831795075684	1.3779663590151368	0.710872850460005	1.42174570092001	1.0	0.8284952640533447	172703145.50735503	155512305.9068574	155512305.9068574	0.0977504489852058	0.6798110805490812	4.312096352922754	3456000.0	0.035	5.588476873387889
Saltmarsh_2_000000001	3542400.0	1	1	0.693951476814178	1.387902953628356	0.7159991697248635	1.431998339449727	1.0	0.8284952640533447	175363408.8953762	157907878.35351002	157907878.35351002	0.09396030359320429	0.6955790881743459	4.406056656515958	3542400.0	0.035	5.7102494268446815
Saltmarsh_2_000000001	3628800.0	1	1	0.6986565877402418	1.3973131754804835	0.7208539294182951	1.4417078588365901	1.0	0.8284952640533447	177901638.91968384	160193558.74265385	160193558.74265385	0.09023208171866792	0.7107357119946013	4.496288738234625	3628800.0	0.035	5.827190204752074
Saltmarsh_2_000000001	3715200.0	1	1	0.7031122206938247	1.4062244413876495	0.7254512743676881	1.4509025487353762	1.0	0.8284952640533447	180322224.8959975	162373299.7920915	162373299.7920915	0.08657555814231599	0.7252909408181415	4.5828642963769415	3715200.0	0.035	5.939392128104516
Saltmarsh_2_000000001	3801600.0	1	1	0.7073313981725717	1.4146627963451435	0.7298046416131174	1.4596092832262348	1.0	0.8284952640533447	182629543.35056394	164451042.6849827	164451042.6849827	0.08299887321350474	0.7392563402114087	4.6658631695904464	3801600.0	0.035	6.046958667789219
Saltmarsh_2_000000001	3888000.0	1	1	0.7113264874733406	1.4226529749466812	0.7339267921026789	1.4678535842053577	1.0	0.8284952640533447	184827936.0086186	166430697.25073212	166430697.25073212	0.07950869740282918	0.7526447888508314	4.745371866993276	3888000.0	0.035	6.150001939623286
Saltmarsh_2_000000001	3974400.0	1	1	0.7151092305373926	1.4302184610747852	0.7378298414944987	1.4756596829889974	1.0	0.8284952640533447	186921691.23374608	168316125.25310373	168316125.25310373	0.07611038484707366	0.765470241418445	4.821482251840349	3974400.0	0.035	6.248640998385093
Saltmarsh_2_000000001	4060800.0	1	1	0.7186907728701495	1.437381545740299	0.7415252900027196	1.4830505800054392	1.0	0.8284952640533447	188915028.51338446	170111126.42112377	170111126.42112377	0.07280811583995439	0.7777475162656645	4.894290367680304	4060800.0	0.035	6.343000316513674
Saltmarsh_2_000000001	4147200.0	1	1	0.7220816914936966	1.4441633829873932	0.745024051244505	1.49004810248901	1.0	0.8284952640533447	190812085.62731698	171819426.89578938	171819426.89578938	0.06960502841687843	0.7894921060620685	4.9638953960971826	4147200.0	0.035	6.433208433341949
Saltmarsh_2_000000001	4233600.0	1	1	0.7252920219058021	1.4505840438116042	0.7483364800611497	1.4966729601222994	1.0	0.8284952640533447	192616908.17383343	173444669.79966447	173444669.79966447	0.06650333932836106	0.8007200096699613	5.0303987354255435	4233600.0	0.035	6.519396761111504
Saltmarsh_2_000000001	4320000.0	1	1	0.7283312840318513	1.4566625680637026	0.7514723992993959	1.5029447985987918	1.0	0.8284952640533447	194333441.16257834	174990407.66736186	174990407.66736186	0.0635044548037974	0.8114475835330119	5.093903190229341	4320000.0	0.035	6.601698534537225
Saltmarsh_2_000000001	4406400.0	1	1	0.7312085071663086	1.4624170143326172	0.7544411255495609	1.5088822510991218	1.0	0.8284952640533447	195965522.41419724	176460096.50290248	176460096.50290248	0.06060907158244566	0.8216914109320668	5.154512261811787	4406400.0	0.035	6.680247891308076
Saltmarsh_2_000000001	4492800.0	1	1	0.7339322539085223	1.4678645078170447	0.7572514938455401	1.5145029876910803	1.0	0.8284952640533447	197516877.53499794	177857091.25525227	177857091.25525227	0.05781726873811632	0.8314681875381451	5.212329530549902	4492800.0	0.035	6.755179071592673
Saltmarsh_2_000000001	4579200.0	1	1	0.7365106431042515	1.473021286208503	0.7599118813384927	1.5198237626769855	1.0	0.8284952640533447	198991116.26020688	179184642.52617148	179184642.52617148	0.05512859085328925	0.8407946217775681	5.267458121403191	4579200.0	0.035	6.826625725338536
Saltmarsh_2_000000001	4665600.0	1	1	0.7389513718094751	1.4779027436189502	0.7624302299613653	1.5248604599227307	1.0	0.8284952640533447	200391729.98225173	180445894.34508637	180445894.34508637	0.05254212311162876	0.8496873486138031	5.320000244514819	4665600.0	0.035	6.894720316891206
Saltmarsh_2_000000001	4752000.0	1	1	0.7412617362971168	1.4825234725942336	0.7648140681055897	1.5296281362111794	1.0	0.8284952640533447	201722090.3010631	181643882.86420906	181643882.86420906	0.050056558878653123	0.8581628554423921	5.370056803393472	4752000.0	0.035	6.95959361719794
Saltmarsh_2_000000001	4838400.0	1	1	0.7434486521304401	1.4868973042608802	0.7670705313345122	1.5341410626690244	1.0	0.8284952640533447	202985448.4518621	182781535.84376135	182781535.84376135	0.04767026033156985	0.8662374188872369	5.4177270637250405	4838400.0	0.035	7.021374274587653
Saltmarsh_2_000000001	4924800.0	1	1	0.7455186733292299	1.4910373466584599	0.7692063821605365	1.538412764321073	1.0	0.8284952640533447	204184935.48248047	183861672.81209248	183861672.81209248	0.04538131268345258	0.8739270513770099	5.463108376408492	4924800.0	0.035	7.0801884558254065
Saltmarsh_2_000000001	5011200.0	1	1	0.7474780106565965	1.494956021313193	0.771228028914732	1.542456057829464	1.0	0.8284952640533447	205323563.06711864	184887005.79885468	184887005.79885468	0.04318757252587124	0.8812474564684022	5.506295948934362	5011200.0	0.035	7.136159549818933
Saltmarsh_2_000000001	5097600.0	1	1	0.7493325490554295	1.498665098110859	0.7731415437388862	1.5462830874777724	1.0	0.8284952640533447	206404224.856755	185860140.55138627	185860140.55138627	0.04108671078946813	0.8882139919674632	5.54738265972383	5097600.0	0.035	7.189407927002084
Saltmarsh_2_000000001	5184000.0	1	1	0.7510878642642944	1.5021757285285888	0.7749526797307627	1.5499053594615253	1.0	0.8284952640533447	207429698.27831477	186783578.15516192	186783578.15516192	0.03907625079495014	0.8948416399808594	5.586458910518781	5184000.0	0.035	7.240050748032339
Saltmarsh_2_000000001	5270400.0	1	1	0.7527492386429666	1.5054984772859332	0.7766668872737393	1.5533337745474787	1.0	0.8284952640533447	208402646.70533887	187659716.98874202	187659716.98874202	0.037153601838618155	0.901144983105092	5.623612512357397	5270400.0	0.035	7.288201816015187
Saltmarsh_2_000000001	5356800.0	1	1	0.7543216762379149	1.5086433524758298	0.7782893295821196	1.5565786591642392	1.0	0.8284952640533447	209325621.93237498	188490854.95219302	188490854.95219302	0.035316088727608164	0.9071381860333569	5.658928601085005	5356800.0	0.035	7.333971467006166
Saltmarsh_2_000000001	5443200.0	1	1	0.7558099171179247	1.5116198342358493	0.7798248974932811	1.5596497949865622	1.0	0.8284952640533447	210201066.89377123	189279191.91556352	189279191.91556352	0.03356097765111676	0.9128349819267009	5.692489578736122	5443200.0	0.035	7.3774664940420145
Saltmarsh_2_000000001	5529600.0	1	1	0.7572184510097395	1.514436902019479	0.7812782235375019	1.5625564470750037	1.0	0.8284952640533447	211031318.5750755	190026832.34077874	190026832.34077874	0.031885498745464314	0.9182486629584294	5.724375077481586	5529600.0	0.035	7.418790100416135
Saltmarsh_2_000000001	5616000.0	1	1	0.7585515302631326	1.5171030605262652	0.7826536953158226	1.5653073906316453	1.0	0.8284952640533447	211818611.07194427	190735788.0363444	190735788.0363444	0.030286865683260333	0.9233920744984617	5.754661943164846	5616000.0	0.035	7.458041878341641
Saltmarsh_2_000000001	5702400.0	1	1	0.7598131821742348	1.5196263643484695	0.783955468215696	1.567910936431392	1.0	0.8284952640533447	212565078.75740758	191407981.00960723	191407981.00960723	0.028762292590446603	0.9282776124575896	5.783424235755293	5702400.0	0.035	7.49531780953886
Saltmarsh_2_000000001	5788800.0	1	1	0.7610072206952609	1.5220144413905219	0.7851874774934696	1.5703749549869392	1.0	0.8284952640533447	213272759.52361646	192045246.38607028	192045246.38607028	0.02730900856974794	0.9329172233606035	5.81073324432504	5788800.0	0.035	7.530710284645252
Saltmarsh_2_000000001	5875200.0	1	1	0.7621372575580257	1.5242745151160515	0.7863534497519687	1.5727068995039375	1.0	0.8284952640533447	213943598.06887656	192649335.3694736	192649335.3694736	0.02592427008518905	0.937322406762179	5.836657514410229	5875200.0	0.035	7.564308138675657
Saltmarsh_2_000000001	5961600.0	1	1	0.763206712837827	1.526413425675654	0.7874569138406105	1.574913827681221	1.0	0.8284952640533447	214579449.2049088	193221918.22007632	193221918.22007632	0.024605371439884838	0.9415042196604968	5.861262885850113	5961600.0	0.035	7.596196700061746
Saltmarsh_2_000000001	6048000.0	1	1	0.7642188249834299	1.5284376499668597	0.7885012112046039	1.5770024224092078	1.0	0.8284952640533447	215182081.16293874	193764587.23187333	193764587.23187333	0.023349653558347838	0.9454732826010188	5.884612539408462	6048000.0	0.035	7.626457851073366
Saltmarsh_2_000000001	6134400.0	1	1	0.7651766603380094	1.5303533206760187	0.7894895057088914	1.5789790114177829	1.0	0.8284952640533447	215753178.880444	194278859.69238347	194278859.69238347	0.022154511264985577	0.9492397871969318	5.906767050673446	6134400.0	0.035	7.655170097672787
Saltmarsh_2_000000001	6220800.0	1	1	0.7660831221750232	1.5321662443500463	0.7904247929615652	1.5808495859231304	1.0	0.8284952640533447	216294347.25323457	194766180.81121176	194766180.81121176	0.02101739923238599	0.9528135048236729	5.9277844499058325	6220800.0	0.035	7.682408647077959
Saltmarsh_2_000000001	6307200.0	1	1	0.7669409592720869	1.5338819185441739	0.7913099091605725	1.582619818321145	1.0	0.8284952640533447	216807114.3400442	195227926.6058403	195227926.6058403	0.01993583675623145	0.95620379627297	5.947720286662063	6307200.0	0.035	7.708245491514035
Saltmarsh_2_000000001	6393600.0	1	1	0.7677527740450335	1.535505548090067	0.792147539486597	1.584295078973194	1.0	0.8284952640533447	217292934.50900897	195665406.73508102	195665406.73508102	0.01890741149829156	0.9594196221771135	5.966627698160353	6393600.0	0.035	7.732749496815818
Saltmarsh_2_000000001	6480000.0	1	1	0.7685210302634488	1.5370420605268975	0.7929402260640879	1.5858804521281757	1.0	0.8284952640533447	217753191.5173359	196079867.27236062	196079867.27236062	0.017929782324794252	0.9624695540370088	5.984557480485147	6480000.0	0.035	7.755986494708751
Saltmarsh_2_000000001	6566400.0	1	1	0.769248060368099	1.538496120736198	0.7936903755115057	1.5873807510230113	1.0	0.8284952640533447	218189201.51714903	196472493.41252217	196472493.41252217	0.017000681354528258	0.9653617857080826	6.001558161839675	6566400.0	0.035	7.778019377744219
Saltmarsh_2_000000001	6652800.0	1	1	0.7699360724098063	1.5398721448196127	0.7944002661009629	1.5888005322019259	1.0	0.8284952640533447	218602215.98196983	196844412.10715425	196844412.10715425	0.016117915319207476	0.9681041452165638	6.017676077158882	6652800.0	0.035	7.798908195997911
Saltmarsh_2_000000001	6739200.0	1	1	0.7705871566284854	1.5411743132569709	0.7950720545465707	1.5901441090931414	1.0	0.8284952640533447	218993424.54956967	197196694.6246081	197196694.6246081	0.015279366327833888	0.9707041067952066	6.032955443486715	6739200.0	0.035	7.818710254758783
Saltmarsh_2_000000001	6825600.0	1	1	0.771203291690232	1.542406583380464	0.7957077824399514	1.5914155648799029	1.0	0.8284952640533447	219363957.77804005	197530359.031864	197530359.031864	0.014482992117010096	0.9731688030423099	6.047438435603725	6825600.0	0.035	7.837480212542428
Saltmarsh_2_000000001	6912000.0	1	1	0.7717863505995586	1.5435727011991172	0.7963093823505588	1.5926187647011176	1.0	0.8284952640533447	219714889.8128876	197846372.59627232	197846372.59627232	0.013726825860247427	0.9755050371211141	6.061165261463972	6912000.0	0.035	7.855270178857308
Saltmarsh_2_000000001	6998400.0	1	1	0.7723381063030931	1.5446762126061861	0.7968786836076411	1.5937573672152823	1.0	0.8284952640533447	220047240.9637881	198145654.1059395	198145654.1059395	0.01300897560125791	0.9777192949284397	6.074174237065231	6998400.0	0.035	7.872129811236539
Saltmarsh_2_000000001	7084800.0	1	1	0.7728602370003127	1.5457204740006254	0.7974174177799142	1.5948348355598283	1.0	0.8284952640533447	220361980.19034237	198429076.10816762	198429076.10816762	0.01232762336893023	0.9798177571719079	6.08650186043416	7084800.0	0.035	7.8881064111226715
Saltmarsh_2_000000001	7171200.0	1	1	0.7733543311761556	1.5467086623523112	0.7979272238682623	1.5958544477365246	1.0	0.8284952640533447	220660027.49678493	198697467.0659038	198697467.0659038	0.011681024025117281	0.9818063113044018	6.098182884459275	7171200.0	0.035	7.90324501825922
Saltmarsh_2_000000001	7257600.0	1	1	0.7738218923696591	1.5476437847393183	0.7984096532260653	1.5968193064521305	1.0	0.8284952640533447	220942256.23610967	198951613.4326183	198951613.4326183	0.011067503890426988	0.9836905632726645	6.109250388349702	7257600.0	0.035	7.917588503301214
Saltmarsh_2_000000001	7344000.0	1	1	0.7742643436921007	1.5485286873842015	0.7988661742210558	1.5977323484421115	1.0	0.8284952640533447	221209495.32451212	199192261.64641923	199192261.64641923	0.010485459187871693	0.9854758490442245	6.119735847537575	7344000.0	0.035	7.931177658408697
Saltmarsh_2_000000001	7430400.0	1	1	0.7746830321074702	1.5493660642149405	0.7992981766519471	1.5985963533038943	1.0	0.8284952640533447	221462531.36741006	199420120.0445442	199420120.0445442	0.00993335433945186	0.9871672458832691	6.129669201877027	7430400.0	0.035	7.944051285632627
Saltmarsh_2_000000001	7516800.0	1	1	0.7750792324874863	1.5501584649749727	0.7997069759324305	1.599413951864861	1.0	0.8284952640533447	221702110.69860795	199635860.69963548	199635860.69963548	0.009409720146436373	0.988769583351741	6.1390789220234625	7516800.0	0.035	7.956246282942407
Saltmarsh_2_000000001	7603200.0	1	1	0.7754541514527713	1.5509083029055426	0.8000938170545264	1.6001876341090528	1.0	0.8284952640533447	221928941.33441594	199840121.17943048	199840121.17943048	0.0089131518802541	0.9902874540168983	6.147992073903716	7603200.0	0.035	7.967797727779217
Saltmarsh_2_000000001	7689600.0	1	1	0.7758089310112315	1.551617862022463	0.8004598783426912	1.6009197566853823	1.0	0.8284952640533447	222143694.84473407	200033506.23167905	200033506.23167905	0.008442307307475416	0.9917252238509199	6.1564343812111915	7689600.0	0.035	7.978738958049704
Saltmarsh_2_000000001	7776000.0	1	1	0.7761446520041468	1.5522893040082937	0.8008062750095126	1.6016125500190252	1.0	0.8284952640533447	222347008.14327133	200216589.3962399	200216589.3962399	0.007995904669279574	0.9930870423119199	6.164430285880471	7776000.0	0.035	7.98910165050109
Saltmarsh_2_000000001	7862400.0	1	1	0.7764623373699486	1.5529246747398973	0.8011340625232957	1.6022681250465913	1.0	0.8284952640533447	222539485.1991897	200389914.54642054	200389914.54642054	0.0075727206330671315	0.9943768520990357	6.172003006513538	7862400.0	0.035	7.998915896441546
Saltmarsh_2_000000001	7948800.0	1	1	0.7767629552351699	1.5535259104703398	0.8014442397973215	1.602888479594643	1.0	0.8284952640533447	222721698.67255613	200553997.3617047	200553997.3617047	0.007171588231432491	0.9955983985770911	6.179174594744971	7948800.0	0.035	8.008210274789482
Saltmarsh_2_000000001	8035200.0	1	1	0.7770474218415765	1.554094843683153	0.8017377522100764	1.6034755044201527	1.0	0.8284952640533447	222894191.47604686	200709326.73406988	200709326.73406988	0.0067913948015516645	0.9967552388687977	6.185965989546522	8035200.0	0.035	8.017011922452292
Saltmarsh_2_000000001	8121600.0	1	1	0.7773166043180328	1.5546332086360657	0.8020154944652758	1.6040309889305515	1.0	0.8284952640533447	223057478.26539043	200856366.11013323	200856366.11013323	0.006431079936104034	0.9978507506145622	6.192397069482626	8121600.0	0.035	8.025346602049483
Saltmarsh_2_000000001	8208000.0	1	1	0.7775713233052244	1.5551426466104488	0.802278313300064	1.604556626600128	1.0	0.8284952640533447	223212046.8610553	200995554.77138332	200995554.77138332	0.0060896334551576725	0.9988881404017589	6.1984867029377835	8208000.0	0.035	8.033238767007367
Saltmarsh_2_000000001	8294400.0	1	1	0.7778123554409464	1.5556247108818928	0.8025270100493456	1.6050540200986911	1.0	0.8284952640533447	223358359.60369226	201127309.05475655	201127309.05475655	0.005766093406932349	0.9998704518668504	6.204252796344717	8294400.0	0.035	8.040711624062753
Saltmarsh_2_000000001	8380800.0	1	1	0.7780404357132752	1.5560808714265504	0.802762343073796	1.605524686147592	1.0	0.8284952640533447	223496854.64582792	201252023.51580888	201252023.51580888	0.005459544104033709	1.0008005734750107	6.20971234044875	8380800.0	0.035	8.04778719322158
Saltmarsh_2_000000001	8467200.0	1	1	0.7782562596885663	1.5565125193771325	0.8029850300587179	1.6059700601174358	1.0	0.8284952640533447	223627947.18228656	201370072.0367109	201370072.0367109	0.005169114200575198	1.0016812459829794	6.2148814546493245	8467200.0	0.035	8.054486365225525
Saltmarsh_2_000000001	8553600.0	1	1	0.7784604856208637	1.5569209712417273	0.8031957501905366	1.6063915003810731	1.0	0.8284952640533447	223752030.62177944	201481808.88126457	201481808.88126457	0.004893974814585755	1.002515069591737	6.219775429463911	8553600.0	0.035	8.06082895658523
Saltmarsh_2_000000001	8640000.0	1	1	0.7786537364489705	1.557307472897941	0.803395146217383	1.606790292434766	1.0	0.8284952640533447	223869477.70206028	201587569.69910106	201587569.69910106	0.00463333769919716	1.0033045107963081	6.2244087671631085	8640000.0	0.035	8.06683376224339
Saltmarsh_2_000000001	8726400.0	1	1	0.7788366016871053	1.5576732033742107	0.8035838263998784	1.6071676527997567	1.0	0.8284952640533447	223980641.55099782	201687672.48117626	201687672.48117626	0.00438645346532085	1.0040519089405604	6.228795220628428	8726400.0	0.035	8.072518605934443
Saltmarsh_2_000000001	8812800.0	1	1	0.7790096392147641	1.5580192784295281	0.8037623663579182	1.6075247327158364	1.0	0.8284952640533447	224085856.69585794	201782418.4686297	201782418.4686297	0.004152609857841494	1.004759482485307	6.23294783048627	8812800.0	0.035	8.077900388310207
Saltmarsh_2_000000001	8899200.0	1	1	0.7791733769711157	1.5583467539422313	0.8039313108189531	1.6078626216379062	1.0	0.8284952640533447	224185440.02303246	201872093.01701927	201872093.01701927	0.00393113008675261	1.0054293349983439	6.236878960573023	8899200.0	0.035	8.082995132902639
Saltmarsh_2_000000001	8985600.0	1	1	0.779328314558982	1.558656629117964	0.8040911752729796	1.6081823505459591	1.0	0.8284952640533447	224279691.6903848	201956966.417889	201956966.417889	0.0037213712141632715	1.0060634608752816	6.240600331787186	8985600.0	0.035	8.087818029996193
Saltmarsh_2_000000001	9072000.0	1	1	0.7794749247631927	1.5589498495263854	0.8042424475391806	1.6084848950783612	1.0	0.8284952640533447	224368895.9943214	202037294.6795661	202037294.6795661	0.0035227225976377508	1.0066637508001928	6.244123054384822	9072000.0	0.035	8.092383478482729
Saltmarsh_2_000000001	9158400.0	1	1	0.7796136549878507	1.5592273099757015	0.8043855892488995	1.608771178497799	1.0	0.8284952640533447	224453322.19362718	202113320.26902378	202113320.26902378	0.003334604389968465	1.0072319969551504	6.24745765877479	9158400.0	0.035	8.096705125772129
Saltmarsh_2_000000001	9244800.0	1	1	0.7797449286168133	1.5594898572336267	0.8045210372493853	1.6090420744987706	1.0	0.8284952640533447	224533225.292036	202185272.81658638	202185272.81658638	0.003156466095160848	1.007769897987771	6.250614124869951	9244800.0	0.035	8.100795905831458
Saltmarsh_2_000000001	9331200.0	1	1	0.7798691463014619	1.5597382926029237	0.8046492049325166	1.6092984098650331	1.0	0.8284952640533447	224608846.7814393	202253369.7851867	202253369.7851867	0.0029877851801114463	1.008279063745822	6.253601910050063	9331200.0	0.035	8.104668075424883
Saltmarsh_2_000000001	9417600.0	1	1	0.7799866871796267	1.5599733743592534	0.8047704834924895	1.609540966984979	1.0	0.8284952640533447	224680415.34756425	202317817.10583007	202317817.10583007	0.0028280657412667054	1.0087610197878836	6.256429975791329	9417600.0	0.035	8.108333248625563
Saltmarsh_2_000000001	9504000.0	1	1	0.7800979100293247	1.5601958200586494	0.804885243116245	1.60977048623249	1.0	0.8284952640533447	224748147.53988653	202378809.78084892	202378809.78084892	0.0026768372253163086	1.0092172116789284	6.259106813016643	9504000.0	0.035	8.11180242966957
Saltmarsh_2_000000001	9590400.0	1	1	0.7802031543607785	1.560406308721557	0.8049938341102156	1.6099876682204313	1.0	0.8284952640533447	224812248.4074728	202436532.45647877	202436532.45647877	0.002533653202854813	1.0096490090795391	6.261640466219498	9590400.0	0.035	8.11508604422047
Saltmarsh_2_000000001	9676800.0	1	1	0.7803027414500016	1.5606054829000031	0.8050965879667802	1.6101931759335604	1.0	0.8284952640533447	224872912.1023805	202491159.9662191	202491159.9662191	0.002398090193787672	1.0100577096373078	6.2640385564132846	9676800.0	0.035	8.118193969111617
Saltmarsh_2_000000001	9763200.0	1	1	0.7803969753170631	1.5607939506341262	0.8051938183736373	1.6103876367472747	1.0	0.8284952640533447	224930322.45217827	202542857.84638664	202542857.84638664	0.0022697465431738006	1.0104445426887594	6.266308302956457	9763200.0	0.035	8.121135560631568
Saltmarsh_2_000000001	9849600.0	1	1	0.7804861436519788	1.5609722873039575	0.8052858221691406	1.6105716443382811	1.0	0.8284952640533447	224984653.50308207	202591782.8252095	202591782.8252095	0.0021482413461049177	1.0108106727799426	6.268456544302561	9849600.0	0.035	8.123919681416119
Saltmarsh_2_000000001	9936000.0	1	1	0.7805705186910202	1.5611410373820405	0.8053728802464751	1.6107457604929503	1.0	0.8284952640533447	225036070.03514245	202638083.286752	202638083.286752	0.002033213420167046	1.011157203013593	6.270489757722726	9936000.0	0.035	8.126554726008653
Saltmarsh_2_000000001	10022400.0	1	1	0.7806503580460885	1.561300716092177	0.8054552584094057	1.6109105168188114	1.0	0.8284952640533447	225084728.05085334	202681899.71090648	202681899.71090648	0.0019243203239887041	1.0114851782305436	6.272414078046714	10022400.0	0.035	8.129048645148542
Saltmarsh_2_000000001	10108800.0	1	1	0.7807259054896548	1.5614518109793096	0.805533208182179	1.611066416364358	1.0	0.8284952640533447	225130775.2384947	202723365.0906324	202723365.0906324	0.0018212374203403492	1.0117955880328218	6.274235315467054	10108800.0	0.035	8.131408968845303
Saltmarsh_2_000000001	10195200.0	1	1	0.7807973916976425	1.561594783395285	0.8056069675760291	1.6112139351520582	1.0	0.8284952640533447	225174351.41146213	202762605.3275726	202762605.3275726	0.0017236569822511871	1.012089369655612	6.275958972449304	10195200.0	0.035	8.133642828294299
Saltmarsh_2_000000001	10281600.0	1	1	0.7808650349524946	1.5617300699049892	0.8056767618146027	1.6113535236292054	1.0	0.8284952640533447	225215588.9247813	202799739.60712272	202799739.60712272	0.001631287340583265	1.0123674106950304	6.277590259789887	10281600.0	0.035	8.135756976687695
Saltmarsh_2_000000001	10368000.0	1	1	0.7809290418085548	1.5618580836171096	0.8057428040204998	1.6114856080409996	1.0	0.8284952640533447	225254613.0699482	202834880.75398523	202834880.75398523	0.00154385207153096	1.012630551698395	6.279134111861419	10368000.0	0.035	8.137757808972399
Saltmarsh_2_000000001	10454400.0	1	1	0.7809896077217764	1.5619792154435528	0.8058052958650073	1.6116105917300145	1.0	0.8284952640533447	225291542.44918644	202868135.56918684	202868135.56918684	0.001461089222503098	1.0128795886234312	6.280595201083921	10454400.0	0.035	8.13965138060476
Saltmarsh_2_000000001	10540800.0	1	1	0.7810469176456657	1.5620938352913314	0.8058644281829931	1.6117288563659862	1.0	0.8284952640533447	225326489.33016	202899605.14949736	202899605.14949736	0.0013827505748809088	1.013115275172606	6.281977951658802	10540800.0	0.035	8.141443425349808
Saltmarsh_2_000000001	10627200.0	1	1	0.781101146595266	1.562202293190532	0.8059203815548249	1.6118407631096499	1.0	0.8284952640533447	225359559.98213238	202929385.1901395	202929385.1901395	0.0013086009421581224	1.0133383250085395	6.283286552600958	10627200.0	0.035	8.143139372170841
Saltmarsh_2_000000001	10713600.0	1	1	0.7811524601808919	1.5623049203617838	0.8059733268570775	1.611946653714155	1.0	0.8284952640533447	225390854.99451458	202957566.27164143	202957566.27164143	0.0012384175020097032	1.0135494138561976	6.284524970102967	10713600.0	0.035	8.144744361253444
Saltmarsh_2_000000001	10800000.0	1	1	0.7812010151132318	1.5624020302264636	0.8060234257836972	1.6120468515673945	1.0	0.8284952640533447	225420469.57870162	202984234.13163984	202984234.13163984	0.0011719891608537036	1.0137491814973456	6.28569695926382	10800000.0	0.035	8.146263259205911
Saltmarsh_2_000000001	10886400.0	1	1	0.7812469596813524	1.5624939193627048	0.8060708313392071	1.6121416626784142	1.0	0.8284952640533447	225448493.85405114	203009469.9224032	203009469.9224032	0.001109115949520234	1.0139382336624958	6.286806075213342	10886400.0	0.035	8.147700673476491
Saltmarsh_2_000000001	10972800.0	1	1	0.781290434205055	1.56258086841011	0.8061156883054472	1.6122313766108944	1.0	0.8284952640533447	225475013.11881977	203033350.4548091	203033350.4548091	0.001049608448671524	1.014117143825374	6.287855683662013	10972800.0	0.035	8.149060966025969
Saltmarsh_2_000000001	11059200.0	1	1	0.7813315714629568	1.5626631429259137	0.80615813368327	1.61231626736654	1.0	0.8284952640533447	225500108.10682905	203055948.42947158	203055948.42947158	0.0009932872426587913	1.014286454904699	6.28884897090467	11059200.0	0.035	8.150348266292452
Saltmarsh_2_000000001	11145600.0	1	1	0.7813704970975992	1.5627409941951984	0.8061982971105299	1.6123965942210599	1.0	0.8284952640533447	225523855.2305987	203077332.65568233	203077332.65568233	0.0009399824005442703	1.0144466808778674	6.289788953305215	11145600.0	0.035	8.15156648348356
Saltmarsh_2_000000001	11232000.0	1	1	0.7814073299988106	1.5628146599976211	0.8062363012576376	1.6124726025152751	1.0	0.8284952640533447	225546326.8116462	203097568.25879467	203097568.25879467	0.000889532983052943	1.0145983083109205	6.290678486288267	11232000.0	0.035	8.152719318229595
Saltmarsh_2_000000001	11318400.0	1	1	0.7814421826664928	1.5628843653329856	0.8062722622018823	1.6125445244037646	1.0	0.8284952640533447	225567591.2986174	203116716.87665015	203116716.87665015	0.0008417865742740283	1.0147417978089768	6.29152027286254	11318400.0	0.035	8.153810273629853
Saltmarsh_2_000000001	11404800.0	1	1	0.7814751615539305	1.562950323107861	0.806306289781659	1.612612579563318	1.0	0.8284952640533447	225587713.47388127	203134836.8456161	203134836.8456161	0.0007965988369516008	1.014877585391129	6.292316871699491	11404800.0	0.035	8.15484266572254
Saltmarsh_2_000000001	11491200.0	1	1	0.78150636739267	1.56301273478534	0.8063384879316774	1.6126769758633548	1.0	0.8284952640533447	225606754.64918736	203151983.37677553	203151983.37677553	0.000753833090278988	1.0150060837935988	6.293070704789769	11491200.0	0.035	8.15581963340754
Saltmarsh_2_000000001	11577600.0	1	1	0.7815358954999538	1.5630717909999077	0.8063689550001734	1.6127379100003467	1.0	0.8284952640533447	225624772.85095748	203168208.72278088	203168208.72278088	0.0007133599091124765	1.015127683704792	6.293784064698881	11577600.0	0.035	8.15674414784975
Saltmarsh_2_000000001	11664000.0	1	1	0.7815638360696475	1.563127672139295	0.8063977840490868	1.6127955680981736	1.0	0.8284952640533447	225641822.99575183	203183562.33586192	203183562.33586192	0.0006750567436109023	1.0152427549356988	6.294459121442491	11664000.0	0.035	8.15761902138947
Saltmarsh_2_000000001	11750400.0	1	1	0.7815902744475439	1.5631805488950878	0.8064250631381205	1.612850126276241	1.0	0.8284952640533447	225657957.05642447	203198091.0174479	203198091.0174479	0.0006388075582968167	1.0153516475289426	6.2950979290007885	11750400.0	0.035	8.158446915985023
Saltmarsh_2_000000001	11836800.0	1	1	0.781615291391882	1.563230582783764	0.8064508755935429	1.6129017511870858	1.0	0.8284952640533447	225673224.21945506	203211839.05984414	203211839.05984414	0.0006045024896181861	1.0154546928096024	6.2957024314904055	11836800.0	0.035	8.159230351211566
Saltmarsh_2_000000001	11923200.0	1	1	0.7816389633198744	1.5632779266397487	0.8064753002625559	1.6129506005251117	1.0	0.8284952640533447	225687671.0339199	203224848.38038066	203224848.38038066	0.0005720375211037965	1.0155522043807996	6.29627446901151	11923200.0	0.035	8.159971711838917
Saltmarsh_2_000000001	12009600.0	1	1	0.7816613625409933	1.5633227250819866	0.8064984117539984	1.6129968235079968	1.0	0.8284952640533447	225701341.552542	203237158.64842734	203237158.64842734	0.0005413141752528272	1.015644479066884	6.296815783186762	12009600.0	0.035	8.160673255010044
Saltmarsh_2_000000001	12096000.0	1	1	0.7816825574777266	1.5633651149554533	0.8065202806661224	1.6130405613322447	1.0	0.8284952640533447	225714277.46523586	203248807.40565056	203248807.40565056	0.0005122392213359195	1.015731797806917	6.297328022408099	12096000.0	0.035	8.161337117040896
Saltmarsh_2_000000001	12182400.0	1	1	0.781702612874475	1.56340522574895	0.806540973802133	1.613081947604266	1.0	0.8284952640533447	225726518.22554362	203259830.1798686	203259830.1798686	0.00048472439831948044	1.0158144265010236	6.297812746806418	12182400.0	0.035	8.161965319861118
Saltmarsh_2_000000001	12268800.0	1	1	0.7817215899952271	1.5634431799904542	0.8065605543741496	1.6131211087482993	1.0	0.8284952640533447	225738101.17033547	203270260.5928418	203270260.5928418	0.00045868615216204667	1.015892616812047	6.298271432958579	12268800.0	0.035	8.162559777114318
Saltmarsh_2_000000001	12355200.0	1	1	0.7817395468106165	1.563479093621233	0.806579082196211	1.613158164392422	1.0	0.8284952640533447	225749061.63313192	203280130.46231875	203280130.46231875	0.00043404538676505844	1.0159666069248288	6.298705478345344	12355200.0	0.035	8.163122299935566
Saltmarsh_2_000000001	12441600.0	1	1	0.7817565381749274	1.5635130763498548	0.8065966138669096	1.6131932277338192	1.0	0.8284952640533447	225759433.0513832	203289469.8986416	203289469.8986416	0.0004107272278945917	1.0160366222653134	6.299116205573238	12441600.0	0.035	8.163654602422916
Saltmarsh_2_000000001	12528000.0	1	1	0.7817726159935918	1.5635452319871836	0.8066132029422151	1.6132264058844301	1.0	0.8284952640533447	225769247.06802648	203298307.39619744	203298307.39619744	0.00038866079941479725	1.0161028761815725	6.2995048663726525	12528000.0	0.035	8.164158306818958
Saltmarsh_2_000000001	12614400.0	1	1	0.7817878293816867	1.5635756587633733	0.8066289000990114	1.613257800198023	1.0	0.8284952640533447	225778533.62762302	203306669.9199904	203306669.9199904	0.00036777901121909373	1.016165570588733	6.299872645383872	12614400.0	0.035	8.164634948417499
Saltmarsh_2_000000001	12700800.0	1	1	0.7818022248139145	1.563604449627829	0.8066437532898473	1.6132875065796946	1.0	0.8284952640533447	225787321.06736356	203314582.9875908	203314582.9875908	0.0003480183582558194	1.016224896579698	6.300220663742127	12700800.0	0.035	8.165085980209797
Saltmarsh_2_000000001	12787200.0	1	1	0.781815846266526	1.563631692533052	0.8066578078893708	1.6133156157787416	1.0	0.8284952640533447	225795636.20321214	203322070.74670845	203322070.74670845	0.00032931873009611756	1.0162810350034461	6.300549982472224	12787200.0	0.035	8.165512777284002
Saltmarsh_2_000000001	12873600.0	1	1	0.7818287353516158	1.5636574707032316	0.8066711068328964	1.613342213665793	1.0	0.8284952640533447	225803504.41144866	203329156.0486208	203329156.0486208	0.00031162323048850027	1.0163341570126154	6.300861605702711	12873600.0	0.035	8.165916640990714
Saltmarsh_2_000000001	12960000.0	1	1	0.7818409314442016	1.5636818628884033	0.806683690747525	1.61336738149505	1.0	0.8284952640533447	225810949.7058524	203335860.51767698	203335860.51767698	0.00029487800640737305	1.0163844245819775	6.301156483709119	12960000.0	0.035	8.166298802887018
Saltmarsh_2_000000001	13046400.0	1	1	0.7818524718024749	1.5637049436049497	0.8066955980762179	1.6133911961524359	1.0	0.8284952640533447	225817994.81075966	203342204.61708564	203342204.61708564	0.0002790320860905915	1.0164319909993376	6.301435515795209	13046400.0	0.035	8.16666042847059
Saltmarsh_2_000000001	13132800.0	1	1	0.7818633916815885	1.563726783363177	0.806706865195204	1.613413730390408	1.0	0.8284952640533447	225824661.23021388	203348207.71118492	203348207.71118492	0.0002640372256184076	1.0164770013303062	6.301699553020828	13132800.0	0.035	8.167002620714994
Saltmarsh_2_000000001	13219200.0	1	1	0.7818737244413299	1.5637474488826597	0.8067175265250754	1.613435053050151	1.0	0.8284952640533447	225830969.31341678	203353888.12438065	203353888.12438065	0.0002498477635770602	1.0165195928583262	6.301949400784405	13219200.0	0.035	8.167326423416588
Saltmarsh_2_000000001	13305600.0	1	1	0.7818835016480076	1.5637670032960151	0.8067276146359149	1.6134552292718298	1.0	0.8284952640533447	225836938.31667712	203359263.19693127	203359263.19693127	0.00023642048340488664	1.0165598955012516	6.30218582126781	13305600.0	0.035	8.167632824363082
Saltmarsh_2_000000001	13392000.0	1	1	0.7818927531708615	1.563785506341723	0.8067371603467716	1.6134743206935431	1.0	0.8284952640533447	225842586.46204394	203364349.33774692	203364349.33774692	0.0002237144830097293	1.0165980322057249	6.302409535750819	13392000.0	0.035	8.167922758333061
Saltmarsh_2_000000001	13478400.0	1	1	0.7819015072732918	1.5638030145465835	0.8067461928197908	1.6134923856395815	1.0	0.8284952640533447	225847930.99280033	203369162.07436123	203369162.07436123	0.00021169105128437948	1.0166341193205217	6.302621226802103	13478400.0	0.035	8.168197109935525
Saltmarsh_2_000000001	13564800.0	1	1	0.7819097906991849	1.5638195813983697	0.806754739649285	1.61350947929857	1.0	0.8284952640533447	225852988.22598577	203373716.10022798	203373716.10022798	0.000200313551164788	1.0166682669499751	6.302821540353268	13564800.0	0.035	8.168456716297834
Saltmarsh_2_000000001	13651200.0	1	1	0.7819176287545989	1.5638352575091978	0.8067628269460175	1.613525653892035	1.0	0.8284952640533447	225857773.6021056	203378025.31948397	203378025.31948397	0.0001895473088826538	1.0167005792885373	6.30301108766215	13651200.0	0.035	8.168702369610147
Saltmarsh_2_000000001	13737600.0	1	1	0.7819250453850595	1.563850090770119	0.8067704794169549	1.6135409588339098	1.0	0.8284952640533447	225862301.73217666	203382102.88931355	203382102.88931355	0.0001793595090913147	1.0167311549374765	6.303190447171242	13737600.0	0.035	8.168934819533929
Saltmarsh_2_000000001	13824000.0	1	1	0.7819320632487	1.5638641264974	0.8067777204407345	1.613555440881469	1.0	0.8284952640533447	225866586.44225305	203385961.2600442	203385961.2600442	0.00016971909556451337	1.0167600872046565	6.303360166266806	13824000.0	0.035	8.16915477548178
Saltmarsh_2_000000001	13910400.0	1	1	0.7819387037854716	1.5638774075709432	0.8067845721390738	1.6135691442781477	1.0	0.8284952640533447	225870640.81556463	203389612.21309188	203389612.21309188	0.00016059667716028514	1.016787464388299	6.303520762943965	13910400.0	0.035	8.169362908775378
Saltmarsh_2_000000001	13996800.0	1	1	0.7819449872826318	1.5638899745652637	0.8067910554443432	1.6135821108886863	1.0	0.8284952640533447	225874477.2323977	203393066.89687368	203393066.89687368	0.00015196443879306187	1.0168133700455755	6.3036727273827555	13996800.0	0.035	8.169559854688051
Saltmarsh_2_000000001	14083200.0	1	1	0.7819509329367145	1.563901865873429	0.8067971901635044	1.6135943803270087	1.0	0.8284952640533447	225878107.40783712	203396335.86079457	203396335.86079457	0.00014379605713354948	1.0168378832468394	6.303816523439889	14083200.0	0.035	8.169746214378097
Saltmarsh_2_000000001	14169600.0	1	1	0.7819565589121665	1.563913117824333	0.8068029950386141	1.6136059900772282	1.0	0.8284952640533447	225881542.42748472	203399429.08741122	203399429.08741122	0.00013606662079568288	1.0168610788162604	6.3039525900606845	14169600.0	0.035	8.169922556718648
Saltmarsh_2_000000001	14256000.0	1	1	0.7819618823968352	1.5639237647936703	0.8068084878040737	1.6136169756081473	1.0	0.8284952640533447	225884792.78126225	203402356.0228724	203402356.0228724	0.00012875255478084213	1.016883027559581	6.304081342615465	14256000.0	0.035	8.170089420029642
Saltmarsh_2_000000001	14342400.0	1	1	0.7819669196544706	1.5639338393089413	0.8068136852408025	1.613627370481605	1.0	0.8284952640533447	225887868.3954016	203405125.60572508	203405125.60572508	0.00012183154893574688	1.0169037964796896	6.304203174164401	14342400.0	0.035	8.170247313717065
Saltmarsh_2_000000001	14428800.0	1	1	0.7819716860744071	1.5639433721488143	0.8068186032274988	1.6136372064549975	1.0	0.8284952640533447	225890778.66271865	203407746.29417658	203407746.29417658	0.00011528249023218251	1.0169234489806507	6.304318456654633	14428800.0	0.035	8.170396719824405
Saltmarsh_2_000000001	14515200.0	1	1	0.7819761962185737	1.5639523924371475	0.8068232567891442	1.6136465135782885	1.0	0.8284952640533447	225893532.47126293	203410226.0918935	203410226.0918935	0.0001090853986567275	1.0169420450608109	6.30442754205329	14515200.0	0.035	8.170538094501063
Saltmarsh_2_000000001	14601600.0	1	1	0.7819804638659769	1.5639609277319537	0.8068276601429025	1.613655320285805	1.0	0.8284952640533447	225896138.23143038	203412572.57241628	203412572.57241628	0.00010322136651574887	1.0169596414955657	6.304530763419805	14601600.0	0.035	8.170671869392068
Saltmarsh_2_000000001	14688000.0	1	1	0.7819845020547928	1.5639690041095855	0.8068318267415493	1.6136636534830986	1.0	0.8284952640533447	225898603.90162086	203414792.9022643	203414792.9022643	9.767250098891012e-05	1.0169762920103327	6.304628435920792	14688000.0	0.035	8.170798452953347
Saltmarsh_2_000000001	14774400.0	1	1	0.7819883231221966	1.5639766462443931	0.806835769314568	1.613671538629136	1.0	0.8284952640533447	225900937.012519	203416893.86280033	203416893.86280033	9.242186974200983e-05	1.0169920474442598	6.3047208577905325	14774400.0	0.035	8.17091823169653
Saltmarsh_2_000000001	14860800.0	1	1	0.7819919387420502	1.5639838774841004	0.8068394999070363	1.6136789998140726	1.0	0.8284952640533447	225903144.69007158	203418881.87092158	203418881.87092158	8.745344944660616e-05	1.0170069559051613	6.304808311239979	14860800.0	0.035	8.171031571367013
Saltmarsh_2_000000001	14947200.0	1	1	0.7819953599605641	1.5639907199211283	0.806843029916422	1.613686059832844	1.0	0.8284952640533447	225905233.67723167	203420762.99864075	203420762.99864075	8.275207705610299e-05	1.0170210629161476	6.304891063317035	14947200.0	0.035	8.171138818058878
Saltmarsh_2_000000001	15033600.0	1	1	0.7819985972300426	1.5639971944600852	0.8068463701274007	1.6136927402548014	1.0	0.8284952640533447	225907210.3545354	203422542.9916146	203422542.9916146	7.830340367798172e-05	1.017034411554395	6.304969366720712	15033600.0	0.035	8.171240299270043
Saltmarsh_2_000000001	15120000.0	1	1	0.7820016604408141	1.5640033208816282	0.8068495307448021	1.6136990614896043	1.0	0.8284952640533447	225909080.7595742	203424227.28667918	203424227.28667918	7.409385091783349e-05	1.017047042582478	6.30504346057163	15120000.0	0.035	8.171336324900834
Saltmarsh_2_000000001	15206400.0	1	1	0.7820045589514452	1.5640091179028903	0.8068525214247848	1.6137050428495696	1.0	0.8284952640533447	225910850.60542142	203425821.02844268	203425821.02844268	7.011056955641415e-05	1.017058994572657	6.3051135711411845	15206400.0	0.035	8.171427188198976
Saltmarsh_2_000000001	15292800.0	1	1	0.7820073016173305	1.564014603234661	0.806855351304335	1.61371070260867	1.0	0.8284952640533447	225912525.29806927	203427329.08498767	203427329.08498767	6.634140043937364e-05	1.017070304024499	6.305179912541624	15292800.0	0.035	8.171513166653945
Saltmarsh_2_000000001	15379200.0	1	1	0.7820098968177452	1.5640197936354905	0.8068580290291796	1.6137160580583592	1.0	0.8284952640533447	225914109.95293003	203428756.0627302	203428756.0627302	6.27748374564252e-05	1.0170810054761945	6.30524268737908	15379200.0	0.035	8.171594522843288
Saltmarsh_2_000000001	15465600.0	1	1	0.7820123524814441	1.5640247049628881	0.8068605627801985	1.613721125560397	1.0	0.8284952640533447	225915609.41045043	203430106.3204805	203430106.3204805	5.939999250803574e-05	1.0170911316098945	6.305302087371588	15465600.0	0.035	8.17167150523358
Saltmarsh_2_000000001	15552000.0	1	1	0.7820146761108824	1.5640293522217648	0.8068629602984169	1.6137259205968337	1.0	0.8284952640533447	225917028.25088793	203431383.982749	203431383.982749	5.6206562338845245e-05	1.017100713351406	6.305358293933926	15552000.0	0.035	8.171744348938368
Saltmarsh_2_000000001	15638400.0	1	1	0.7820168748051372	1.5640337496102743	0.8068652289086542	1.6137304578173084	1.0	0.8284952640533447	225918370.80829307	203432592.95233732	203432592.95233732	5.3184797157657115e-05	1.017109779964529	6.305411478731083	15638400.0	0.035	8.171813276435483
Saltmarsh_2_000000001	15724800.0	1	1	0.7820189552815935	1.564037910563187	0.806867375541901	1.613734751083802	1.0	0.8284952640533447	225919641.183741	203433736.9222534	203433736.9222534	5.032547093053452e-05	1.0171183591403365	6.305461804202011	15724800.0	0.035	8.171878498245807
Saltmarsh_2_000000001	15811200.0	1	1	0.7820209238964675	1.564041847792935	0.8068694067564939	1.6137388135129878	1.0	0.8284952640533447	225920843.25785187	203434819.3869861	203434819.3869861	4.761985326906526e-05	1.0171264770816615	6.30550942405528	15811200.0	0.035	8.171940213575644
Saltmarsh_2_000000001	15897600.0	1	1	0.7820227866642239	1.5640455733284477	0.8068713287581507	1.6137426575163014	1.0	0.8284952640533447	225921980.7026393	203435843.65317455	203435843.65317455	4.50596828245331e-05	1.0171341585830482	6.305554483738104	15897600.0	0.035	8.171998610924582
Saltmarsh_2_000000001	15984000.0	1	1	0.7820245492759504	1.5640490985519009	0.8068731474189295	1.613746294837859	1.0	0.8284952640533447	225923056.99272177	203436812.84970385	203436812.84970385	4.263714210628322e-05	1.017141427106413	6.30559712088021	15984000.0	0.035	8.172053868660752
Saltmarsh_2_000000001	16070400.0	1	1	0.7820262171167448	1.5640524342334896	0.8068748682951679	1.6137497365903357	1.0	0.8284952640533447	225924075.4159317	203437729.93725908	203437729.93725908	4.0344833653671586e-05	1.0171483048526417	6.305637465713864	16070400.0	0.035	8.172106155565167
Saltmarsh_2_000000001	16156800.0	1	1	0.7820277952821661	1.5640555905643323	0.8068764966444579	1.6137529932889159	1.0	0.8284952640533447	225925039.08335513	203438597.71736538	203438597.71736538	3.8175757482328265e-05	1.0171548128293446	6.305675641471346	16156800.0	0.035	8.172155631346865
Saltmarsh_2_000000001	16243200.0	1	1	0.7820292885938023	1.5640585771876045	0.8068780374417086	1.6137560748834172	1.0	0.8284952640533447	225925950.9388312	203439418.84094247	203439418.84094247	3.612328973923162e-05	1.0171609709149732	6.305711764761083	16243200.0	0.035	8.172202447130365
Saltmarsh_2_000000001	16329600.0	1	1	0.7820307016140001	1.5640614032280002	0.8068794953943442	1.6137589907886885	1.0	0.8284952640533447	225926813.76794186	203440195.81640002	203440195.81640002	3.4181162507307405e-05	1.0171667979194927	6.305745945923592	16329600.0	0.035	8.172246745916976
Saltmarsh_2_000000001	16416000.0	1	1	0.7820320386598039	1.5640640773196077	0.8068808749566861	1.6137617499133723	1.0	0.8284952640533447	225927630.2065182	203440931.0172972	203440931.0172972	3.234344468672212e-05	1.0171723116417994	6.305778289368277	16416000.0	0.035	8.172288663021288
Saltmarsh_2_000000001	16502400.0	1	1	0.7820333038161439	1.5640666076322878	0.806882180343561	1.613764360687122	1.0	0.8284952640533447	225928402.74868953	203441626.68959147	203441626.68959147	3.0604523907795667e-05	1.0171775289240497	6.305808893892184	16502400.0	0.035	8.172328326484271
Saltmarsh_2_000000001	16588800.0	1	1	0.7820345009483171	1.5640690018966341	0.8068834155431777	1.6137668310863553	1.0	0.8284952640533447	225929133.7545006	203442284.95849705	203442284.95849705	2.895908940980796e-05	1.0171824657030755	6.305837852981595	16588800.0	0.035	8.172365857464147
Saltmarsh_2_000000001	16675200.0	1	1	0.7820356337137949	1.5640712674275898	0.8068845843293111	1.6137691686586222	1.0	0.8284952640533447	225929825.45711878	203442907.83497575	203442907.83497575	2.740211584129071e-05	1.0171871370590375	6.3058652550974355	16675200.0	0.035	8.172401370606275
Saltmarsh_2_000000001	16761600.0	1	1	0.7820367055733981	1.5640734111467962	0.8068856902728323	1.6137713805456646	1.0	0.8284952640533447	225930479.96965432	203443497.22187787	203443497.22187787	2.5928847928291532e-05	1.0171915572614612	6.305891183945363	16761600.0	0.035	8.172434974393191
Saltmarsh_2_000000001	16848000.0	1	1	0.7820377198018696	1.5640754396037393	0.8068867367526171	1.6137734735052343	1.0	0.8284952640533447	225931099.29161388	203444054.91975442	203444054.91975442	2.4534785966423556e-05	1.0171957398128058	6.305915718731331	16848000.0	0.035	8.172466771475806
Saltmarsh_2_000000001	16934400.0	1	1	0.7820386794978792	1.5640773589957584	0.8068877269658695	1.613775453931739	1.0	0.8284952640533447	225931685.3150076	203444582.63235542	203444582.63235542	2.3215672088516826e-05	1.0171996974896886	6.30593893440342	16934400.0	0.035	8.172496858986833
Saltmarsh_2_000000001	17020800.0	1	1	0.7820395875934901	1.5640791751869803	0.8068886639378893	1.6137773278757785	1.0	0.8284952640533447	225932239.83012718	203445081.9718344	203445081.9718344	2.1967477277673453e-05	1.0172034423818943	6.305960901880697	17020800.0	0.035	8.172525328837382
Saltmarsh_2_000000001	17107200.0	1	1	0.7820404468631178	1.5640808937262356	0.8068895505313148	1.6137791010626297	1.0	0.8284952640533447	225932764.5310144	203445554.46367168	203445554.46367168	2.078638906533037e-05	1.0172069859292932	6.305981688269762	17107200.0	0.035	8.172552267997611
Saltmarsh_2_000000001	17193600.0	1	1	0.7820412599320049	1.5640825198640098	0.8068903894548687	1.6137807789097374	1.0	0.8284952640533447	225933261.02063513	203446001.55133387	203446001.55133387	1.9668799899896783e-05	1.0172103389567695	6.306001357069661	17193600.0	0.035	8.172577758762282
Saltmarsh_2_000000001	17280000.0	1	1	0.7820420292842427	1.5640840585684854	0.8068911832716334	1.613782366543267	1.0	0.8284952640533447	225933730.81577507	203446424.6006829	203446424.6006829	1.8611296136006317e-05	1.0172135117072787	6.306019968365797	17280000.0	0.035	8.172601879002073
Saltmarsh_2_000000001	17366400.0	1	1	0.7820427572703599	1.5640855145407198	0.806891934406882	1.613783868813764	1.0	0.8284952640533447	225934175.35167313	203446824.90414783	203446824.90414783	1.7610647614407782e-05	1.0172165138731248	6.30603757901341	17366400.0	0.035	8.17262470240138
Saltmarsh_2_000000001	17452800.0	1	1	0.7820434461145039	1.5640868922290079	0.8068926451554871	1.6137852903109742	1.0	0.8284952640533447	225934595.9864049	203447203.68467218	203447203.68467218	1.6663797802518587e-05	1.0172193546255583	6.3060542428112125	17452800.0	0.035	8.172646298683333
Saltmarsh_2_000000001	17539200.0	1	1	0.7820440979212362	1.5640881958424724	0.8068933176889328	1.6137866353778656	1.0	0.8284952640533447	225934994.00503105	203447562.09945	203447562.09945	1.576785446455453e-05	1.0172220426427854	6.306070010665678	17539200.0	0.035	8.17266673382272
Saltmarsh_2_000000001	17625600.0	1	1	0.7820447146819616	1.5640894293639231	0.8068939540619483	1.6137879081238966	1.0	0.8284952640533447	225935370.62352264	203447901.2434601	203447901.2434601	1.4920080832814264e-05	1.0172245861364677	6.306084930746509	17625600.0	0.035	8.172686070247476
Saltmarsh_2_000000001	17712000.0	1	1	0.7820452982810127	1.5640905965620253	0.806894556218786	1.613789112437572	1.0	0.8284952640533447	225935726.9924752	203448222.1528109	203448222.1528109	1.4117887251696715e-05	1.0172269928768027	6.30609904863376	17712000.0	0.035	8.172704367029352
Saltmarsh_2_000000001	17798400.0	1	1	0.7820458505014068	1.5640917010028137	0.8068951259991612	1.6137902519983225	1.0	0.8284952640533447	225936064.20062354	203448525.8079055	203448525.8079055	1.335882327402338e-05	1.0172292702162535	6.306112407457033	17798400.0	0.035	8.172721680064315
Saltmarsh_2_000000001	17884800.0	1	1	0.7820463730302936	1.5640927460605871	0.8068956651438727	1.6137913302877454	1.0	0.8284952640533447	225936383.2781674	203448813.13643605	203448813.13643605	1.2640570175026511e-05	1.0172314251120051	6.306125048027209	17884800.0	0.035	8.172738062243264
Saltmarsh_2_000000001	17971200.0	1	1	0.7820468674641086	1.5640937349282171	0.806896175300121	1.613792350600242	1.0	0.8284952640533447	225936685.19991842	203449085.0162179	203449085.0162179	1.1960933878008007e-05	1.0172334641472114	6.306137008961086	17971200.0	0.035	8.172753563613567
Saltmarsh_2_000000001	18057600.0	1	1	0.7820473353134518	1.5640946706269037	0.8068966580265416	1.6137933160530833	1.0	0.8284952640533447	225936970.8882775	203449342.27787098	203449342.27787098	1.1317838252811185e-05	1.017235393551102	6.306148326799338	18057600.0	0.035	8.172768231531942
Saltmarsh_2_000000001	18144000.0	1	1	0.7820477780077023	1.5640955560154046	0.8068971147979661	1.6137942295959322	1.0	0.8284952640533447	225937241.2160532	203449585.70735705	203449585.70735705	1.0709318776225274e-05	1.017237219218009	6.306159036118112	18144000.0	0.035	8.172782110809074
Saltmarsh_2_000000001	18230400.0	1	1	0.7820481968993852	1.5640963937987704	0.8068975470099283	1.6137950940198567	1.0	0.8284952640533447	225937497.00912717	203449816.04838064	203449816.04838064	1.0133516533894493e-05	1.0172389467253693	6.3061691696346465	18230400.0	0.035	8.172795243846501
Saltmarsh_2_000000001	18316800.0	1	1	0.7820485932683039	1.5640971865366078	0.8068979559829281	1.6137959119658563	1.0	0.8284952640533447	225937739.04897782	203450034.00466102	203450034.00466102	9.588672543747734e-06	1.0172405813507615	6.3061787583071895	18316800.0	0.035	8.172807670766119
Saltmarsh_2_000000001	18403200.0	1	1	0.7820489683254502	1.5640979366509005	0.8068983429664655	1.613796685932931	1.0	0.8284952640533447	225937968.0750669	203450240.2420817	203450240.2420817	9.073122385627741e-06	1.0172421280880228	6.306187831429576	18403200.0	0.035	8.172819429532732
Saltmarsh_2_000000001	18489600.0	1	1	0.7820493232167043	1.5640986464334086	0.806898709142858	1.613797418285716	1.0	0.8284952640533447	225938184.78709894	203450435.3907247	203450435.3907247	8.585291116025573e-06	1.0172435916625073	6.3061964167206925	18489600.0	0.035	8.172830556070018
Saltmarsh_2_000000001	18576000.0	1	1	0.7820496590263349	1.5640993180526699	0.8068990556308533	1.6137981112617066	1.0	0.8284952640533447	225938389.84715828	203450620.04679543	203450620.04679543	8.123688462147172e-06	1.017244976545515	6.306204540409155	18576000.0	0.035	8.172841084370265
Saltmarsh_2_000000001	18662400.0	1	1	0.7820499767803132	1.5640999535606264	0.8068993834890468	1.6137987669780935	1.0	0.8284952640533447	225938583.88173202	203450794.774444	203450794.774444	7.68690426800056e-06	1.0172462869679522	6.306212227313422	18662400.0	0.035	8.172851046598195
Saltmarsh_2_000000001	18748800.0	1	1	0.7820502774494458	1.5641005548988915	0.8068996937191161	1.6137993874382321	1.0	0.8284952640533447	225938767.48362383	203450960.1074885	203450960.1074885	7.273604187396643e-06	1.0172475269332553	6.30621950091761	18748800.0	0.035	8.172860473189223
Saltmarsh_2_000000001	18835200.0	1	1	0.782050561952342	1.564101123904684	0.8068999872688809	1.6137999745377618	1.0	0.8284952640533447	225938941.21376467	203451116.55104598	203451116.55104598	6.882525611207058e-06	1.0172487002296187	6.306226383443221	18835200.0	0.035	8.172869392942413
Saltmarsh_2_000000001	18921600.0	1	1	0.7820508311582197	1.5641016623164394	0.8069002650351996	1.6138005300703993	1.0	0.8284952640533447	225939105.60292652	203451264.5830752	203451264.5830752	6.512473810005304e-06	1.017249810441566	6.306232895917031	18921600.0	0.035	8.172877833108473
Saltmarsh_2_000000001	19008000.0	1	1	0.7820510858895615	1.564102171779123	0.8069005278667084	1.6138010557334168	1.0	0.8284952640533447	225939261.15334404	203451404.6558373	203451404.6558373	6.162318285207746e-06	1.0172508609609012	6.306239058235315	19008000.0	0.035	8.172885819472969
Saltmarsh_2_000000001	19094400.0	1	1	0.7820513269246269	1.5641026538492537	0.8069007765664148	1.6138015531328296	1.0	0.8284952640533447	225939408.3402486	203451537.1972768	203451537.1972768	5.830989315169788e-06	1.0172518549970688	6.306244889224631	19094400.0	0.035	8.172893376435121
Saltmarsh_2_000000001	19180800.0	1	1	0.7820515549998304	1.5641031099996607	0.8069010118941504	1.6138020237883008	1.0	0.8284952640533447	225939547.61332026	203451662.6123296	203451662.6123296	5.517474689575863e-06	1.0172527955869584	6.306250406699319	19180800.0	0.035	8.172900527082318
Saltmarsh_2_000000001	19267200.0	1	1	0.7820517708119914	1.5641035416239828	0.8069012345688928	1.6138024691377857	1.0	0.8284952640533447	225939679.39806128	203451781.2841593	203451781.2841593	5.220816617468316e-06	1.0172536856041792	6.306255627515935	19267200.0	0.035	8.172907293260653
Saltmarsh_2_000000001	19353600.0	1	1	0.7820519750204633	1.5641039500409266	0.8069014452709621	1.6138028905419242	1.0	0.8284952640533447	225939804.09709653	203451893.5753288	203451893.5753288	4.940108801587684e-06	1.0172545277678424	6.3062605676247365	19353600.0	0.035	8.17291369564166
Saltmarsh_2_000000001	19440000.0	1	1	0.7820521682491477	1.5641043364982954	0.8069016446440989	1.6138032892881977	1.0	0.8284952640533447	225939922.091403	203451999.82890677	203451999.82890677	4.674493668810342e-06	1.017255324650865	6.306265242118405	19440000.0	0.035	8.172919753785452
Saltmarsh_2_000000001	19526400.0	1	1	0.7820523510884002	1.5641047021768004	0.8069018332974318	1.6138036665948636	1.0	0.8284952640533447	225940033.74147403	203452100.3695165	203452100.3695165	4.423159752908745e-06	1.0172560786878295	6.306269665278157	19526400.0	0.035	8.172925486200493
Saltmarsh_2_000000001	19612800.0	1	1	0.7820525240968351	1.5641050481936702	0.8069020118073382	1.6138040236146765	1.0	0.8284952640533447	225940139.38842037	203452195.5043276	203452195.5043276	4.185339216755679e-06	1.0172567921824212	6.306273850617375	19612800.0	0.035	8.172930910400119
Saltmarsh_2_000000001	19699200.0	1	1	0.7820526878030309	1.5641053756060619	0.8069021807192049	1.6138043614384099	1.0	0.8284952640533447	225940239.35501257	203452285.52399388	203452285.52399388	3.960305501315986e-06	1.017257467314468	6.306277810922875	19699200.0	0.035	8.172936042956048
Saltmarsh_2_000000001	19785600.0	1	1	0.7820528427071461	1.5641056854142923	0.8069023405490948	1.6138046810981896	1.0	0.8284952640533447	225940333.94666672	203452370.7035419	203452370.7035419	3.7473711136382093e-06	1.017258106146596	6.306281558293989	19785600.0	0.035	8.17294089954901
Saltmarsh_2_000000001	19872000.0	1	1	0.7820529892824467	1.5641059785648934	0.8069024917853233	1.6138049835706465	1.0	0.8284952640533447	225940423.45237786	203452451.30321088	203452451.30321088	3.5458855209835605e-06	1.0172587106305335	6.3062851041795085	19872000.0	0.035	8.172945495016643
Saltmarsh_2_000000001	19958400.0	1	1	0.7820531279767525	1.564106255953505	0.8069026348899503	1.6138052697799006	1.0	0.8284952640533447	225940508.14560258	203452527.569248	203452527.569248	3.3552331684116865e-06	1.0172592826130715	6.306288459412677	19958400.0	0.035	8.17294984339883
Saltmarsh_2_000000001	20044800.0	1	1	0.7820532592138052	1.5641065184276104	0.806902770300192	1.613805540600384	1.0	0.8284952640533447	225940588.28509474	203452599.73466033	203452599.73466033	3.174831594066063e-06	1.0172598238417077	6.306291634244272	20044800.0	0.035	8.172953957980576
Saltmarsh_2_000000001	20131200.0	1	1	0.7820533833945628	1.5641067667891255	0.8069028984297565	1.613805796859513	1.0	0.8284952640533447	225940664.1156958	203452668.0199269	203452668.0199269	3.0041296519289773e-06	1.0172603359699826	6.306294638373924	20131200.0	0.035	8.172957851332605
Saltmarsh_2_000000001	20217600.0	1	1	0.7820535008984248	1.5641070017968497	0.8069030196701078	1.6138060393402156	1.0	0.8284952640533447	225940735.86908272	203452732.63367248	203452732.63367248	2.8426058307218227e-06	1.0172608205625318	6.306297480979754	20217600.0	0.035	8.172961535349762
Saltmarsh_2_000000001	20304000.0	1	1	0.7820536120843917	1.5641072241687834	0.8069031343916621	1.6138062687833241	1.0	0.8284952640533447	225940803.76447612	203452793.7733045	203452793.7733045	2.6897666554059896e-06	1.017261279099867	6.306300170746409	20304000.0	0.035	8.172965021287347
Saltmarsh_2_000000001	20390400.0	1	1	0.7820537172921611	1.5641074345843222	0.8069032429449189	1.6138064858898378	1.0	0.8284952640533447	225940868.00930977	203452851.62561655	203452851.62561655	2.545145184384978e-06	1.0172617129828985	6.306302715891594	20390400.0	0.035	8.172968319795505
Saltmarsh_2_000000001	20476800.0	1	1	0.7820538168431659	1.5641076336863318	0.8069033456615325	1.613806691323065	1.0	0.8284952640533447	225940928.79986417	203452906.3673588	203452906.3673588	2.408299580203277e-06	1.017262123537214	6.306305124191175	20476800.0	0.035	8.172971440951763
Saltmarsh_2_000000001	20563200.0	1	1	0.7820539110415564	1.5641078220831128	0.8069034428553248	1.6138068857106496	1.0	0.8284952640533447	225940986.32186657	203452958.16577825	203452958.16577825	2.2788117617356107e-06	1.0172625120171295	6.306307403002935	20563200.0	0.035	8.172974394291805
Saltmarsh_2_000000001	20649600.0	1	1	0.7820540001751296	1.5641080003502592	0.8069035348232443	1.6138070696464886	1.0	0.8284952640533447	225941040.75105825	203453007.1791292	203453007.1791292	2.1562861260981947e-06	1.01726287960952	6.30630955928906	20649600.0	0.035	8.172977188838622
Saltmarsh_2_000000001	20736000.0	1	1	0.7820540845162083	1.5641081690324166	0.8069036218462734	1.6138072436925468	1.0	0.8284952640533447	225941092.25373128	203453053.55715752	203453053.55715752	2.040348340504039e-06	1.0172632274374471	6.306311599637401	20736000.0	0.035	8.172979833130071
Saltmarsh_2_000000001	20822400.0	1	1	0.7820541643224731	1.5641083286449462	0.8069037041902867	1.6138074083805733	1.0	0.8284952640533447	225941140.98723683	203453097.44155744	203453097.44155744	1.9306441976230104e-06	1.0172635565635897	6.306313530281598	20822400.0	0.035	8.17298233524495
Saltmarsh_2_000000001	20908800.0	1	1	0.7820542398377499	1.5641084796754998	0.8069037821068633	1.6138075642137266	1.0	0.8284952640533447	225941187.1004656	203453138.96640462	203453138.96640462	1.8268385348907401e-06	1.0172638679934882	6.3063153571201305	20908800.0	0.035	8.172984702827689
Saltmarsh_2_000000001	20995200.0	1	1	0.7820543112927546	1.5641086225855092	0.8069038558340558	1.6138077116681115	1.0	0.8284952640533447	225941230.73430294	203453178.25856593	203453178.25856593	1.7286142099948165e-06	1.0172641626786196	6.306317085734339	20995200.0	0.035	8.172986943111702
Saltmarsh_2_000000001	21081600.0	1	1	0.782054378905798	1.564108757811596	0.8069039255971171	1.6138078511942342	1.0	0.8284952640533447	225941272.0220593	203453215.4380872	203453215.4380872	1.635671132760308e-06	1.0172644415193033	6.3063187214054715	21081600.0	0.035	8.172989062941491
Saltmarsh_2_000000001	21168000.0	1	1	0.782054442883453	1.564108885766906	0.8069039916091888	1.6138079832183776	1.0	0.8284952640533447	225941311.08987707	203453250.6185595	203453250.6185595	1.5477253467732766e-06	1.0172647053674508	6.3063202691308184	21168000.0	0.035	8.172991068793541
Saltmarsh_2_000000001	21254400.0	1	1	0.7820545034211857	1.5641090068423713	0.8069040540719524	1.6138081081439049	1.0	0.8284952640533447	225941348.05711687	203453283.90746644	203453283.90746644	1.46450816296273e-06	1.0172649550291692	6.306321733638982	21254400.0	0.035	8.172992966796121
Saltmarsh_2_000000001	21340800.0	1	1	0.782054560703952	1.564109121407904	0.8069041131762456	1.613808226352491	1.0	0.8284952640533447	225941383.03672105	203453315.40651253	203453315.40651253	1.3857653389237612e-06	1.0172651912672237	6.306323119404321	21340800.0	0.035	8.172994762748
Saltmarsh_2_000000001	21427200.0	1	1	0.7820546149067635	1.564109229813527	0.806904169102645	1.61380833820529	1.0	0.8284952640533447	225941416.1355597	203453345.211934	203453345.211934	1.3112563022055213e-06	1.0172654148033677	6.306324430660624	21427200.0	0.035	8.172996462136167
Saltmarsh_2_000000001	21513600.0	1	1	0.7820546661952221	1.5641093323904443	0.8069042220220182	1.6138084440440363	1.0	0.8284952640533447	225941447.45475674	203453373.4147926	203453373.4147926	1.2407534146774424e-06	1.0172656263205484	6.3063256714140365	21513600.0	0.035	8.172998070152591
Saltmarsh_2_000000001	21600000.0	1	1	0.7820547147260253	1.5641094294520506	0.8069042720960456	1.6138085441920913	1.0	0.8284952640533447	225941477.0899989	203453400.101254	203453400.101254	1.1740412773075803e-06	1.0172658264649928	6.306326845455315	21600000.0	0.035	8.172999591710088
Saltmarsh_2_000000001	21686400.0	1	1	0.7820547606474454	1.5641095212948908	0.8069043194777147	1.6138086389554294	1.0	0.8284952640533447	225941505.1318281	203453425.3528511	203453425.3528511	1.1109160731326284e-06	1.0172660158481823	6.306327956371387	21686400.0	0.035	8.173001031457318
Saltmarsh_2_000000001	21772800.0	1	1	0.7820548040997827	1.5641096081995653	0.8069043643117868	1.6138087286235736	1.0	0.8284952640533447	225941531.66591805	203453449.24673277	203453449.24673277	1.051184943090533e-06	1.0172661950487207	6.306329007556329	21772800.0	0.035	8.173002393793002
Saltmarsh_2_000000001	21859200.0	1	1	0.7820548452157936	1.5641096904315872	0.8069044067352401	1.6138088134704802	1.0	0.8284952640533447	225941556.7733361	203453471.8558999	203453471.8558999	9.946653973802455e-07	1.0172663646141022	6.306330002221726	21859200.0	0.035	8.173003682879356
Saltmarsh_2_000000001	21945600.0	1	1	0.7820548841210968	1.5641097682421936	0.8069044468776877	1.6138088937553754	1.0	0.8284952640533447	225941580.53079075	203453493.24942836	203453493.24942836	9.411847579077204e-07	1.017266525062384	6.3063309434064845	21945600.0	0.035	8.173004902654803
Saltmarsh_2_000000001	22032000.0	1	1	0.7820549209345566	1.5641098418691133	0.8069044848617736	1.6138089697235471	1.0	0.8284952640533447	225941603.0108661	203453513.49267998	203453513.49267998	8.905796320402004e-07	1.017266676883768	6.306331833986116	22032000.0	0.035	8.173006056846006
Saltmarsh_2_000000001	22118400.0	1	1	0.7820549557686464	1.5641099115372927	0.8069045208035477	1.6138090416070954	1.0	0.8284952640533447	225941624.28224358	203453532.64750215	203453532.64750215	8.426954112294993e-07	1.0172668205420996	6.306332676681526	22118400.0	0.035	8.173007148979258
Saltmarsh_2_000000001	22204800.0	1	1	0.782054988729792	1.564109977459584	0.8069045548128202	1.6138091096256404	1.0	0.8284952640533447	225941644.40991178	203453550.772417	203453550.772417	7.973858000553946e-07	1.017266956476285	6.306333474067326	22204800.0	0.035	8.173008182391255
Saltmarsh_2_000000001	22291200.0	1	1	0.7820550199186969	1.5641100398373937	0.8069045869934969	1.6138091739869938	1.0	0.8284952640533447	225941663.45536515	203453567.92280006	203453567.92280006	7.545123685837041e-07	1.0172670851016317	6.306334228579694	22291200.0	0.035	8.173009160239285
Saltmarsh_2_000000001	22377600.0	1	1	0.7820550494306503	1.5641100988613006	0.806904617443897	1.613809234887794	1.0	0.8284952640533447	225941681.47679153	203453584.15104952	203453584.15104952	7.139441315917594e-07	1.0172672068111162	6.306334942523825	22377600.0	0.035	8.173010085510876
Saltmarsh_2_000000001	22464000.0	1	1	0.7820550773558178	1.5641101547116356	0.8069046462570532	1.6138092925141063	1.0	0.8284952640533447	225941698.52925032	203453599.50674608	203453599.50674608	6.755571433370022e-07	1.017267321976587	6.306335618080967	22464000.0	0.035	8.173010961032933
Saltmarsh_2_000000001	22550400.0	1	1	0.7820551037795171	1.5641102075590343	0.8069046735209962	1.6138093470419923	1.0	0.8284952640533447	225941714.66484052	203453614.0368048	203453614.0368048	6.392341249661371e-07	1.017267430949899	6.306336257315092	22550400.0	0.035	8.17301178948036
Saltmarsh_2_000000001	22636800.0	1	1	0.7820551287824785	1.564110257564957	0.8069046993190232	1.6138093986380464	1.0	0.8284952640533447	225941729.9328599	203453627.78561807	203453627.78561807	6.048641016942469e-07	1.0172675340639887	6.306336862179194	22636800.0	0.035	8.173012573384236
Saltmarsh_2_000000001	22723200.0	1	1	0.7820551524410915	1.564110304882183	0.8069047237299531	1.6138094474599063	1.0	0.8284952640533447	225941744.3799555	203453640.79519153	203453640.79519153	5.723420666292611e-07	1.0172676316338911	6.306337434521259	22723200.0	0.035	8.173013315139551
Saltmarsh_2_000000001	22809600.0	1	1	0.7820551748276383	1.5641103496552766	0.8069047468283668	1.6138094936567335	1.0	0.8284952640533447	225941758.05026636	203453653.1052723	203453653.1052723	5.415686585852342e-07	1.0172677239577028	6.306337976089917	22809600.0	0.035	8.173014017012534
Saltmarsh_2_000000001	22896000.0	1	1	0.7820551960105151	1.5641103920210302	0.8069047686848348	1.6138095373696697	1.0	0.8284952640533447	225941770.98555824	203453664.75347027	203453664.75347027	5.12449858103281e-07	1.0172678113174933	6.306338488539774	22896000.0	0.035	8.173014681147547
Saltmarsh_2_000000001	22982400.0	1	1	0.7820552160544402	1.5641104321088803	0.8069047893661339	1.6138095787322677	1.0	0.8284952640533447	225941783.22535133	203453675.7753733	203453675.7753733	4.848967019022155e-07	1.0172678939801647	6.3063389734364765	22982400.0	0.035	8.173015309573673
Saltmarsh_2_000000001	23068800.0	1	1	0.7820552350206521	1.5641104700413042	0.8069048089354498	1.6138096178708996	1.0	0.8284952640533447	225941794.80704084	203453686.20465568	203453686.20465568	4.588250086534629e-07	1.0172679721982698	6.306339432261485	23068800.0	0.035	8.173015904210883
Saltmarsh_2_000000001	23155200.0	1	1	0.782055252967097	1.564110505934194	0.8069048274525711	1.6138096549051422	1.0	0.8284952640533447	225941805.76601133	203453696.0731812	203453696.0731812	4.3415512451794314e-07	1.0172680462107815	6.306339866416607	23155200.0	0.035	8.173016466875923
Saltmarsh_2_000000001	23241600.0	1	1	0.7820552699486052	1.5641105398972104	0.8069048449740719	1.6138096899481438	1.0	0.8284952640533447	225941816.13574487	203453705.41110027	203453705.41110027	4.108116780088267e-07	1.0172681162438233	6.306340277228285	23241600.0	0.035	8.173016999287858
Saltmarsh_2_000000001	23328000.0	1	1	0.782055286017059	1.564110572034118	0.8069048615534842	1.6138097231069684	1.0	0.8284952640533447	225941825.94792336	203453714.24694243	203453714.24694243	3.887233501753684e-07	1.017268182511362	6.306340665951635	23328000.0	0.035	8.173017503073318
Saltmarsh_2_000000001	23414400.0	1	1	0.7820553012215511	1.5641106024431022	0.8069048772414619	1.6138097544829237	1.0	0.8284952640533447	225941835.23252502	203453722.60770294	203453722.60770294	3.678226556669273e-07	1.017268245215859	6.30634103377429	23414400.0	0.035	8.17301797977148
Saltmarsh_2_000000001	23500800.0	1	1	0.7820553156085347	1.5641106312170694	0.8069048920859352	1.6138097841718704	1.0	0.8284952640533447	225941844.01791638	203453730.51892594	203453730.51892594	3.480457395621528e-07	1.0172683045488902	6.30634138182003	23500800.0	0.035	8.173018430838757
Saltmarsh_2_000000001	23587200.0	1	1	0.7820553292219651	1.5641106584439302	0.8069049061322572	1.6138098122645144	1.0	0.8284952640533447	225941852.33093882	203453738.00478184	203453738.00478184	3.293321781949743e-07	1.017268360691731	6.306341711152206	23587200.0	0.035	8.17301885765326
Saltmarsh_2_000000001	23673600.0	1	1	0.7820553421034344	1.5641106842068688	0.8069049194233426	1.6138098388466853	1.0	0.8284952640533447	225941860.19699034	203453745.08814156	203453745.08814156	3.116247988543819e-07	1.017268413815909	6.306342022777004	23673600.0	0.035	8.173019261518998
Saltmarsh_2_000000001	23760000.0	1	1	0.7820553542922986	1.564110708584597	0.8069049319997987	1.6138098639995975	1.0	0.8284952640533447	225941867.64010355	203453751.79064646	203453751.79064646	2.948695010385194e-07	1.0172684640837313	6.306342317646504	23760000.0	0.035	8.17301964366987
Saltmarsh_2_000000001	23846400.0	1	1	0.782055365825797	1.564110731651594	0.8069049439000494	1.6138098878000988	1.0	0.8284952640533447	225941874.6830188	203453758.13277394	203453758.13277394	2.790150934739444e-07	1.0172685116487763	6.306342596661596	23846400.0	0.035	8.173020005273429
Saltmarsh_2_000000001	23932800.0	1	1	0.7820553767391675	1.564110753478335	0.8069049551604526	1.6138099103209051	1.0	0.8284952640533447	225941881.34725368	203453764.13390085	203453764.13390085	2.6401313824031547e-07	1.017268556656366	6.306342860674734	23932800.0	0.035	8.173020347434456
Saltmarsh_2_000000001	24019200.0	1	1	0.7820553870657525	1.564110774131505	0.8069049658154113	1.6138099316308225	1.0	0.8284952640533447	225941887.653169	203453769.81236187	203453769.81236187	2.4981780089028405e-07	1.0172685992440085	6.306343110492535	24019200.0	0.035	8.173020671198326
Saltmarsh_2_000000001	24105600.0	1	1	0.7820553968371021	1.5641107936742042	0.8069049758974787	1.6138099517949573	1.0	0.8284952640533447	225941893.6200307	203453775.18550584	203453775.18550584	2.3638571100548234e-07	1.0172686395418182	6.306343346878245	24105600.0	0.035	8.173020977554206
Saltmarsh_2_000000001	24192000.0	1	1	0.7820554060830701	1.5641108121661402	0.8069049854374578	1.6138099708749156	1.0	0.8284952640533447	225941899.2660688	203453780.26974902	203453780.26974902	2.2367583163429572e-07	1.0172686776729134	6.306343570554076	24192000.0	0.035	8.173021267438083
Saltmarsh_2_000000001	24278400.0	1	1	0.7820554148319048	1.5641108296638095	0.8069049944644955	1.613809988928991	1.0	0.8284952640533447	225941904.60853323	203453785.0806248	203453785.0806248	2.116493307280365e-07	1.0172687137537932	6.306343782203406	24278400.0	0.035	8.173021541735615
Saltmarsh_2_000000001	24364800.0	1	1	0.7820554231103359	1.5641108462206719	0.8069050030061714	1.6138100060123428	1.0	0.8284952640533447	225941909.66374636	203453789.63283163	203453789.63283163	2.0026946523366007e-07	1.017268747894693	6.306343982472871	24364800.0	0.035	8.173021801284841
Saltmarsh_2_000000001	24451200.0	1	1	0.7820554309436559	1.5641108618873119	0.8069050110885821	1.6138100221771643	1.0	0.8284952640533447	225941914.44715303	203453793.94027737	203453793.94027737	1.895014669628381e-07	1.0172687801999198	6.30634417197434	24451200.0	0.035	8.173022046878746
Saltmarsh_2_000000001	24537600.0	1	1	0.7820554383557974	1.5641108767115948	0.8069050187364214	1.6138100374728428	1.0	0.8284952640533447	225941918.97336763	203453798.01612243	203453798.01612243	1.7931243778690487e-07	1.0172688107681744	6.306344351286777	24537600.0	0.035	8.173022279267663
Saltmarsh_2_000000001	24624000.0	1	1	0.782055445369406	1.564110890738812	0.8069050259730548	1.6138100519461096	1.0	0.8284952640533447	225941923.2562187	203453801.87281916	203453801.87281916	1.696712472742945e-07	1.0172688396928484	6.306344520958023	24624000.0	0.035	8.173022499161599
Saltmarsh_2_000000001	24710400.0	1	1	0.78205545200591	1.56411090401182	0.806905032820592	1.613810065641184	1.0	0.8284952640533447	225941927.3087913	203453805.52215064	203453805.52215064	1.6054843965385146e-07	1.0172688670623136	6.306344681506462	24710400.0	0.035	8.173022707232375
Saltmarsh_2_000000001	24796800.0	1	1	0.7820554582855852	1.5641109165711704	0.8069050392999538	1.6138100785999077	1.0	0.8284952640533447	225941931.143467	203453808.9752665	203453808.9752665	1.5191614277654253e-07	1.0172688929601896	6.306344833422604	24796800.0	0.035	8.173022904115694
Saltmarsh_2_000000001	24883200.0	1	1	0.7820554642276176	1.5641109284552352	0.806905045430936	1.613810090861872	1.0	0.8284952640533447	225941934.77196154	203453812.2427167	203453812.2427167	1.4374798329441774e-07	1.0172689174656002	6.306344977170586	24883200.0	0.035	8.17302309041308
Saltmarsh_2_000000001	24969600.0	1	1	0.7820554698501614	1.5641109397003228	0.8069050512322703	1.6138101024645406	1.0	0.8284952640533447	225941938.20536077	203453815.3344841	203453815.3344841	1.3601900583637416e-07	1.0172689406534148	6.306345113189591	24969600.0	0.035	8.17302326669371
Saltmarsh_2_000000001	25056000.0	1	1	0.7820554751703946	1.5641109503407893	0.8069050567216809	1.6138101134433618	1.0	0.8284952640533447	225941941.4541545	203453818.2600147	203453818.2600147	1.2870559640276724e-07	1.017268962594477	6.306345241895188	25056000.0	0.035	8.173023433496164
Saltmarsh_2_000000001	25142400.0	1	1	0.7820554802045718	1.5641109604091437	0.8069050619159392	1.6138101238318785	1.0	0.8284952640533447	225941944.5282685	203453821.0282467	203453821.0282467	1.2178541086704797e-07	1.0172689833558226	6.306345363680599	25142400.0	0.035	8.173023591330056
Saltmarsh_2_000000001	25228800.0	1	1	0.7820554849680736	1.5641109699361473	0.8069050668309151	1.6138101336618302	1.0	0.8284952640533447	225941947.43709484	203453823.64763767	203453823.64763767	1.1523730725215842e-07	1.017269003000881	6.3063454789179065	25228800.0	0.035	8.173023740677607
Saltmarsh_2_000000001	25315200.0	1	1	0.7820554894754536	1.5641109789509071	0.8069050714816245	1.613810142963249	1.0	0.8284952640533447	225941950.18952075	203453826.1261903	203453826.1261903	1.0904127867306102e-07	1.017269021589673	6.306345587959184	25315200.0	0.035	8.173023881995102
Saltmarsh_2_000000001	25401600.0	1	1	0.7820554937404826	1.564110987480965	0.8069050758822767	1.6138101517645533	1.0	0.8284952640533447	225941952.7939554	203453828.47147718	203453828.47147718	1.031783953830967e-07	1.0172690391789905	6.306345691137581	25401600.0	0.035	8.173024015714306
Saltmarsh_2_000000001	25488000.0	1	1	0.7820554977761913	1.5641109955523826	0.8069050800463164	1.613810160092633	1.0	0.8284952640533447	225941955.25835595	203453830.69066378	203453830.69066378	9.763074504398617e-08	1.0172690558225739	6.306345788768326	25488000.0	0.035	8.17302414224375
Saltmarsh_2_000000001	25574400.0	1	1	0.7820555015949099	1.5641110031898198	0.8069050839864659	1.6138101679729318	1.0	0.8284952640533447	225941957.59025165	203453832.7905301	203453832.7905301	9.238137832490168e-08	1.0172690715712722	6.306345881149703	25574400.0	0.035	8.173024261970015
Saltmarsh_2_000000001	25660800.0	1	1	0.7820555052083051	1.5641110104166103	0.806905087714763	1.613810175429526	1.0	0.8284952640533447	225941959.79676706	203453834.7774916	203453834.7774916	8.741425672198488e-08	1.0172690864732012	6.306345968563958	25660800.0	0.035	8.17302437525889
Saltmarsh_2_000000001	25747200.0	1	1	0.782055508627417	1.564111017254834	0.8069050912425987	1.6138101824851974	1.0	0.8284952640533447	225941961.8846434	203453836.6576191	203453836.6576191	8.271420570693522e-08	1.0172691005738899	6.3063460512781635	25747200.0	0.035	8.1730244824565
Saltmarsh_2_000000001	25833600.0	1	1	0.7820555118626915	1.564111023725383	0.8069050945807512	1.6138101891615024	1.0	0.8284952640533447	225941963.86025986	203453838.43665665	203453838.43665665	7.826686410083994e-08	1.0172691139164192	6.306346129545028	25833600.0	0.035	8.173024583890356
Saltmarsh_2_000000001	25920000.0	1	1	0.7820555149240132	1.5641110298480263	0.8069050977394194	1.6138101954788389	1.0	0.8284952640533447	225941965.72965217	203453840.1200398	203453840.1200398	7.40586458825021e-08	1.017269126541553	6.306346203603672	25920000.0	0.035	8.173024679870359
Saltmarsh_2_000000001	26006400.0	1	1	0.782055517820735	1.56411103564147	0.8069051007282537	1.6138102014565074	1.0	0.8284952640533447	225941967.4985318	203453841.7129115	203453841.7129115	7.007669333702893e-08	1.017269138487864	6.306346273680366	26006400.0	0.035	8.173024770689754
Saltmarsh_2_000000001	26092800.0	1	1	0.7820555205617071	1.5641110411234143	0.8069051035563857	1.6138102071127713	1.0	0.8284952640533447	225941969.17230308	203453843.22013837	203453843.22013837	6.630884041847196e-08	1.0172691497918516	6.306346339989205	26092800.0	0.035	8.17302485662601
Saltmarsh_2_000000001	26179200.0	1	1	0.7820555231553039	1.5641110463106078	0.8069051062324558	1.6138102124649116	1.0	0.8284952640533447	225941970.75607976	203453844.64632526	203453844.64632526	6.274357544633347e-08	1.0172691604880508	6.306346402732782	26179200.0	0.035	8.173024937941685
Saltmarsh_2_000000001	26265600.0	1	1	0.7820555256094492	1.5641110512188985	0.8069051087646402	1.6138102175292803	1.0	0.8284952640533447	225941972.25470066	203453845.9958296	203453845.9958296	5.9370006244563456e-08	1.017269170609142	6.306346462102788	26265600.0	0.035	8.173025014885214
Saltmarsh_2_000000001	26352000.0	1	1	0.7820555279316411	1.5641110558632823	0.8069051111606752	1.6138102223213504	1.0	0.8284952640533447	225941973.6727443	203453847.2727744	203453847.2727744	5.617782594669052e-08	1.017269180186046	6.306346518280613	26352000.0	0.035	8.173025087691675
Saltmarsh_2_000000001	26438400.0	1	1	0.7820555301289744	1.5641110602579489	0.8069051134278812	1.6138102268557624	1.0	0.8284952640533447	225941975.0145432	203453848.48106098	203453848.48106098	5.315728102139872e-08	1.017269189248024	6.306346571437894	26438400.0	0.035	8.17302515658351
Saltmarsh_2_000000001	26524800.0	1	1	0.7820555322081625	1.564111064416325	0.806905115573185	1.61381023114637	1.0	0.8284952640533447	225941976.2841968	203453849.62438092	203453849.62438092	5.029914351695197e-08	1.017269197822761	6.3063466217370365	26524800.0	0.035	8.1730252217712
Saltmarsh_2_000000001	26611200.0	1	1	0.7820555341755576	1.5641110683511152	0.8069051176031411	1.6138102352062822	1.0	0.8284952640533447	225941977.48558432	203453850.70622727	203453850.70622727	4.759468086312779e-08	1.0172692059364554	6.306346669331717	26611200.0	0.035	8.173025283453905
Saltmarsh_2_000000001	26697600.0	1	1	0.7820555360371707	1.5641110720743414	0.8069051195239513	1.6138102390479026	1.0	0.8284952640533447	225941978.62237605	203453851.72990537	203453851.72990537	4.5035630780176916e-08	1.017269213613896	6.306346714367347	26697600.0	0.035	8.173025341820082
Saltmarsh_2_000000001	26784000.0	1	1	0.7820555377986894	1.5641110755973788	0.8069051213414843	1.6138102426829686	1.0	0.8284952640533447	225941979.69804537	203453852.69854283	203453852.69854283	4.2614174633470725e-08	1.0172692208785397	6.306346756981523	26784000.0	0.035	8.173025397048054
Saltmarsh_2_000000001	26870400.0	1	1	0.7820555394654956	1.564111078930991	0.8069051230612929	1.6138102461225858	1.0	0.8284952640533447	225941980.7158785	203453853.61509913	203453853.61509913	4.032291456290693e-08	1.0172692277525812	6.306346797304437	26870400.0	0.035	8.17302544930655
Saltmarsh_2_000000001	26956800.0	1	1	0.7820555410426815	1.564111082085363	0.8069051246886316	1.6138102493772633	1.0	0.8284952640533447	225941981.67898524	203453854.4823742	203453854.4823742	3.815484905800304e-08	1.017269234257022	6.306346835459286	26956800.0	0.035	8.173025498755235
Saltmarsh_2_000000001	27043200.0	1	1	0.782055542535066	1.564111085070132	0.8069051262284723	1.6138102524569446	1.0	0.8284952640533447	225941982.590308	203453855.3030182	203453855.3030182	3.6103356082506366e-08	1.017269240411735	6.306346871562642	27043200.0	0.035	8.173025545545183
Saltmarsh_2_000000001	27129600.0	1	1	0.7820555439472087	1.5641110878944173	0.8069051276855195	1.613810255371039	1.0	0.8284952640533447	225941983.45263124	203453856.07953808	203453856.07953808	3.416216642904146e-08	1.017269246235524	6.3063469057248085	27129600.0	0.035	8.173025589819352
Saltmarsh_2_000000001	27216000.0	1	1	0.7820555452834238	1.5641110905668476	0.8069051290642247	1.6138102581284495	1.0	0.8284952640533447	225941984.2685894	203453856.81430635	203453856.81430635	3.232534973029999e-08	1.017269251746182	6.306346938050158	27216000.0	0.035	8.173025631713005
Saltmarsh_2_000000001	27302400.0	1	1	0.782055546547794	1.564111093095588	0.8069051303688004	1.6138102607376008	1.0	0.8284952640533447	225941985.0406755	203453857.50956798	203453857.50956798	3.058729469707089e-08	1.0172692569605453	6.3063469686374525	27302400.0	0.035	8.173025671354138
Saltmarsh_2_000000001	27388800.0	1	1	0.782055547744182	1.564111095488364	0.8069051316032322	1.6138102632064644	1.0	0.8284952640533447	225941985.7712484	203453858.16744703	203453858.16744703	2.894269002240435e-08	1.0172692618945451	6.306346997580142	27388800.0	0.035	8.173025708863863
Saltmarsh_2_000000001	27475200.0	1	1	0.7820555488762431	1.5641110977524861	0.8069051327712916	1.6138102655425832	1.0	0.8284952640533447	225941986.46254018	203453858.78995356	203453858.78995356	2.7386512391203155e-08	1.0172692665632554	6.306347024966653	27475200.0	0.035	8.173025744356783
Saltmarsh_2_000000001	27561600.0	1	1	0.782055549947436	1.564111099894872	0.8069051338765473	1.6138102677530946	1.0	0.8284952640533447	225941987.11666286	203453859.3789894	203453859.3789894	2.591400605211902e-08	1.017269270980941	6.306347050880659	27561600.0	0.035	8.173025777941335
Saltmarsh_2_000000001	27648000.0	1	1	0.7820555509610335	1.564111101922067	0.806905134922376	1.613810269844752	1.0	0.8284952640533447	225941987.73561496	203453859.9363543	203453859.9363543	2.452067349167919e-08	1.017269275161098	6.306347075401332	27648000.0	0.035	8.173025809720126
Saltmarsh_2_000000001	27734400.0	1	1	0.7820555519201324	1.5641111038402649	0.8069051359119731	1.6138102718239462	1.0	0.8284952640533447	225941988.32128754	203453860.46375093	203453860.46375093	2.320225633845041e-08	1.0172692791164983	6.306347098603588	27734400.0	0.035	8.17302583979025
Saltmarsh_2_000000001	27820800.0	1	1	0.7820555528276629	1.5641111056553259	0.806905136848362	1.613810273696724	1.0	0.8284952640533447	225941988.87546992	203453860.9627908	203453860.9627908	2.1954727591477763e-08	1.0172692828592265	6.306347120558316	27820800.0	0.035	8.173025868243577
Saltmarsh_2_000000001	27907200.0	1	1	0.7820555536863977	1.5641111073727954	0.8069051377344034	1.6138102754688068	1.0	0.8284952640533447	225941989.3998553	203453861.4349984	203453861.4349984	2.0774274744894683e-08	1.0172692864007173	6.306347141332589	27907200.0	0.035	8.173025895167036
Saltmarsh_2_000000001	27993600.0	1	1	0.7820555544989604	1.5641111089979207	0.8069051385728045	1.613810277145609	1.0	0.8284952640533447	225941989.89604568	203453861.8818166	203453861.8818166	1.965729268249561e-08	1.0172692897517903	6.306347160989882	27993600.0	0.035	8.173025920642885
Saltmarsh_2_000000001	28080000.0	1	1	0.7820555552678334	1.5641111105356669	0.8069051393661268	1.6138102787322537	1.0	0.8284952640533447	225941990.36555716	203453862.3046104	203453862.3046104	1.8600367246435212e-08	1.0172692929226848	6.306347179590247	28080000.0	0.035	8.17302594474896
Saltmarsh_2_000000001	28166400.0	1	1	0.782055555995366	1.564111111990732	0.8069051401167942	1.6138102802335883	1.0	0.8284952640533447	225941990.8098241	203453862.70467165	203453862.70467165	1.760027101838091e-08	1.0172692959230873	6.306347197190517	28166400.0	0.035	8.17302596755891
Saltmarsh_2_000000001	28252800.0	1	1	0.782055556683781	1.564111113367562	0.8069051408271	1.6138102816542	1.0	0.8284952640533447	225941991.2302039	203453863.08322257	203453863.08322257	1.6653947110256695e-08	1.0172692987621657	6.306347213844463	28252800.0	0.035	8.173025989142424
Saltmarsh_2_000000001	28339200.0	1	1	0.7820555573351816	1.5641111146703632	0.8069051414992143	1.6138102829984287	1.0	0.8284952640533447	225941991.62798092	203453863.44141975	203453863.44141975	1.5758505167440262e-08	1.0172693014485936	6.306347229602968	28339200.0	0.035	8.173026009565447
Saltmarsh_2_000000001	28425600.0	1	1	0.782055557951558	1.564111115903116	0.8069051421351908	1.6138102842703816	1.0	0.8284952640533447	225941992.00437036	203453863.78035754	203453863.78035754	1.4911208268131304e-08	1.0172693039905794	6.306347244514177	28425600.0	0.035	8.173026028890373
Saltmarsh_2_000000001	28512000.0	1	1	0.7820555585347934	1.5641111170695867	0.8069051427369723	1.6138102854739447	1.0	0.8284952640533447	225941992.36052233	203453864.1010715	203453864.1010715	1.4109469148593234e-08	1.0172693063958884	6.306347258623646	28512000.0	0.035	8.173026047176245
Saltmarsh_2_000000001	28598400.0	1	1	0.7820555590866696	1.5641111181733391	0.8069051433063975	1.613810286612795	1.0	0.8284952640533447	225941992.6975249	203453864.4045414	203453864.4045414	1.3350837102521496e-08	1.01726930867187	6.306347271974483	28598400.0	0.035	8.173026064478929
Saltmarsh_2_000000001	28684800.0	1	1	0.7820555596088726	1.5641111192177453	0.8069051438452061	1.6138102876904121	1.0	0.8284952640533447	225941993.0164076	203453864.6916945	203453864.6916945	1.263299487241909e-08	1.0172693108254776	6.306347284607476	28684800.0	0.035	8.173026080851288
Saltmarsh_2_000000001	28771200.0	1	1	0.7820555601029981	1.5641111202059963	0.8069051443550442	1.6138102887100885	1.0	0.8284952640533447	225941993.31814477	203453864.963408	203453864.963408	1.1953749323723173e-08	1.0172693128632906	6.306347296561226	28771200.0	0.035	8.17302609634335
Saltmarsh_2_000000001	28857600.0	1	1	0.7820555605705557	1.5641111211411114	0.8069051448374697	1.6138102896749393	1.0	0.8284952640533447	225941993.60365823	203453865.2205122	203453865.2205122	1.1311025671645325e-08	1.0172693147915355	6.306347307872251	28857600.0	0.035	8.173026111002438
Saltmarsh_2_000000001	28944000.0	1	1	0.7820555610129739	1.5641111220259478	0.8069051452939562	1.6138102905879124	1.0	0.8284952640533447	225941993.87382033	203453865.4637926	203453865.4637926	1.070285970961038e-08	1.0172693166161033	6.30634731857511	28944000.0	0.035	8.173026124873342
Saltmarsh_2_000000001	29030400.0	1	1	0.7820555614316044	1.5641111228632087	0.8069051457258986	1.613810291451797	1.0	0.8284952640533447	225941994.12945655	203453865.6939923	203453865.6939923	1.0127392702230509e-08	1.0172693183425687	6.306347328702502	29030400.0	0.035	8.173026137998443
Saltmarsh_2_000000001	29116800.0	1	1	0.7820555618277261	1.5641111236554521	0.8069051461346164	1.6138102922692328	1.0	0.8284952640533447	225941994.37134778	203453865.9118147	203453865.9118147	9.582867388502336e-09	1.0172693199762062	6.306347338285368	29116800.0	0.035	8.173026150417838
Saltmarsh_2_000000001	29203200.0	1	1	0.7820555622025492	1.5641111244050985	0.8069051465213585	1.613810293042717	1.0	0.8284952640533447	225941994.6002331	203453866.1179253	203453866.1179253	9.067619544111949e-09	1.017269321522007	6.306347347352988	29203200.0	0.035	8.173026162169473
Saltmarsh_2_000000001	29289600.0	1	1	0.7820555625572191	1.5641111251144382	0.8069051468873064	1.6138102937746128	1.0	0.8284952640533447	225941994.81681186	203453866.3129539	203453866.3129539	8.580075760988848e-09	1.0172693229846936	6.306347355933063	29289600.0	0.035	8.17302617328925
Saltmarsh_2_000000001	29376000.0	1	1	0.7820555628928192	1.5641111257856384	0.8069051472335782	1.6138102944671564	1.0	0.8284952640533447	225941995.02174565	203453866.49749625	203453866.49749625	8.118746119833986e-09	1.0172693243687352	6.30634736405181	29376000.0	0.035	8.173026183811146
Saltmarsh_2_000000001	29462400.0	1	1	0.7820555632103748	1.5641111264207497	0.8069051475612318	1.6138102951224635	1.0	0.8284952640533447	225941995.2156607	203453866.67211622	203453866.67211622	7.682220415361485e-09	1.0172693256783607	6.306347371734029	29462400.0	0.035	8.173026193767303
Saltmarsh_2_000000001	29548800.0	1	1	0.7820555635108564	1.5641111270217127	0.8069051478712682	1.6138102957425364	1.0	0.8284952640533447	225941995.39914933	203453866.83734736	203453866.83734736	7.269166601986399e-09	1.01726932691757	6.306347379003196	29548800.0	0.035	8.173026203188142
Saltmarsh_2_000000001	29635200.0	1	1	0.7820555637951817	1.5641111275903634	0.8069051481646348	1.6138102963292695	1.0	0.8284952640533447	225941995.57277226	203453866.9936943	203453866.9936943	6.878320801817495e-09	1.0172693280901508	6.306347385881516	29635200.0	0.035	8.173026212102446
Saltmarsh_2_000000001	29721600.0	1	1	0.7820555640642196	1.5641111281284392	0.8069051484422277	1.6138102968844554	1.0	0.8284952640533447	225941995.73705992	203453867.1416349	203453867.1416349	6.50849041328172e-09	1.0172693291996842	6.3063473923900055	29721600.0	0.035	8.173026220537446
Saltmarsh_2_000000001	29808000.0	1	1	0.782055564318792	1.564111128637584	0.8069051487048952	1.6138102974097903	1.0	0.8284952640533447	225941995.89251423	203453867.28162116	203453867.28162116	6.158545007295402e-09	1.0172693302495608	6.306347398548551	29808000.0	0.035	8.173026228518923
Saltmarsh_2_000000001	29894400.0	1	1	0.7820555645596766	1.5641111291193532	0.8069051489534397	1.6138102979068794	1.0	0.8284952640533447	225941996.03961015	203453867.4140806	203453867.4140806	5.827414328862801e-09	1.0172693312429886	6.306347404375966	29894400.0	0.035	8.173026236071252
Saltmarsh_2_000000001	29980800.0	1	1	0.7820555647876094	1.5641111295752188	0.8069051491886206	1.613810298377241	1.0	0.8284952640533447	225941996.17879713	203453867.53941807	203453867.53941807	5.514088519120719e-09	1.0172693321830018	6.306347409890055	29980800.0	0.035	8.17302624321751
Saltmarsh_2_000000001	30067200.0	1	1	0.7820555650032868	1.5641111300065735	0.8069051494111563	1.6138102988223126	1.0	0.8284952640533447	225941996.3105002	203453867.6580165	203453867.6580165	5.217609677643509e-09	1.017269333072473	6.3063474151076635	30067200.0	0.035	8.173026249979532
Saltmarsh_2_000000001	30153600.0	1	1	0.7820555652073677	1.5641111304147355	0.8069051496217268	1.6138102992434535	1.0	0.8284952640533447	225941996.435122	203453867.77023813	203453867.77023813	4.937071418353867e-09	1.0172693339141192	6.306347420044734	30153600.0	0.035	8.173026256377975
Saltmarsh_2_000000001	30240000.0	1	1	0.7820555654004758	1.5641111308009517	0.8069051498209755	1.613810299641951	1.0	0.8284952640533447	225941996.5530432	203453867.87642583	203453867.87642583	4.671617315210597e-09	1.017269334710512	6.3063474247163525	30240000.0	0.035	8.173026262432392
Saltmarsh_2_000000001	30326400.0	1	1	0.7820555655832009	1.5641111311664018	0.806905150009511	1.613810300019022	1.0	0.8284952640533447	225941996.66462404	203453867.9769042	203453867.9769042	4.420436017227303e-09	1.0172693354640852	6.306347429136787	30326400.0	0.035	8.173026268161276
Saltmarsh_2_000000001	30412800.0	1	1	0.7820555657561012	1.5641111315122025	0.8069051501879095	1.613810300375819	1.0	0.8284952640533447	225941996.7702055	203453868.07198	203453868.07198	4.182759916204759e-09	1.01726933617714	6.306347433319547	30412800.0	0.035	8.173026273582133
Saltmarsh_2_000000001	30499200.0	1	1	0.7820555659197053	1.5641111318394105	0.806905150356716	1.613810300713432	1.0	0.8284952640533447	225941996.87011003	203453868.16194385	203453868.16194385	3.957863148329466e-09	1.0172693368518562	6.3063474372774095	30499200.0	0.035	8.173026278711523
Saltmarsh_2_000000001	30585600.0	1	1	0.7820555660745127	1.5641111321490253	0.806905150516446	1.613810301032892	1.0	0.8284952640533447	225941996.964643	203453868.2470705	203453868.2470705	3.74505804145997e-09	1.0172693374902944	6.306347441022467	30585600.0	0.035	8.173026283565118
Saltmarsh_2_000000001	30672000.0	1	1	0.7820555662209964	1.5641111324419927	0.8069051506675877	1.6138103013351754	1.0	0.8284952640533447	225941997.05409312	203453868.3276201	203453868.3276201	3.5436953371714708e-09	1.0172693380944051	6.306347444566161	30672000.0	0.035	8.173026288157745
Saltmarsh_2_000000001	30758400.0	1	1	0.782055566359604	1.564111132719208	0.806905150810603	1.613810301621206	1.0	0.8284952640533447	225941997.13873374	203453868.40383878	203453868.40383878	3.353159749863721e-09	1.017269338666034	6.306347447919321	30758400.0	0.035	8.17302629250344
Saltmarsh_2_000000001	30844800.0	1	1	0.7820555664907591	1.5641111329815183	0.8069051509459287	1.6138103018918575	1.0	0.8284952640533447	225941997.21882343	203453868.4759594	203453868.4759594	3.1728686344933976e-09	1.0172693392069283	6.306347451092189	30844800.0	0.035	8.173026296615477
Saltmarsh_2_000000001	30931200.0	1	1	0.7820555666148623	1.5641111332297246	0.8069051510739783	1.6138103021479566	1.0	0.8284952640533447	225941997.2946069	203453868.54420224	203453868.54420224	3.0022713204402862e-09	1.0172693397187398	6.30634745409446	30931200.0	0.035	8.173026300506422
Saltmarsh_2_000000001	31017600.0	1	1	0.7820555667322928	1.5641111334645856	0.806905151195143	1.613810302390286	1.0	0.8284952640533447	225941997.36631566	203453868.60877582	203453868.60877582	2.840846446972023e-09	1.0172693402030326	6.306347456935307	31017600.0	0.035	8.17302630418816
Saltmarsh_2_000000001	31104000.0	1	1	0.7820555668434094	1.5641111336868188	0.8069051513097928	1.6138103026195856	1.0	0.8284952640533447	225941997.43416885	203453868.66987744	203453868.66987744	2.688101075065674e-09	1.017269340661286	6.306347459623407	31104000.0	0.035	8.173026307671936
Saltmarsh_2_000000001	31190400.0	1	1	0.7820555669485515	1.564111133897103	0.8069051514182782	1.6138103028365565	1.0	0.8284952640533447	225941997.49837375	203453868.72769374	203453868.72769374	2.5435686890062925e-09	1.0172693410949	6.3063474621669755	31190400.0	0.035	8.173026310968401
Saltmarsh_2_000000001	31276800.0	1	1	0.7820555670480402	1.5641111340960805	0.8069051515209308	1.6138103030418616	1.0	0.8284952640533447	225941997.55912653	203453868.78240144	203453868.78240144	2.406807197985472e-09	1.0172693415052	6.306347464573783	31276800.0	0.035	8.173026314087622
Saltmarsh_2_000000001	31363200.0	1	1	0.7820555671421798	1.5641111342843597	0.8069051516180639	1.6138103032361277	1.0	0.8284952640533447	225941997.61661267	203453868.83416766	203453868.83416766	2.2773987140567442e-09	1.0172693418934395	6.3063474668511805	31363200.0	0.035	8.173026317039131
Saltmarsh_2_000000001	31449600.0	1	1	0.7820555672312578	1.5641111344625156	0.8069051517099743	1.6138103034199487	1.0	0.8284952640533447	225941997.67100802	203453868.88315052	203453868.88315052	2.154948886001762e-09	1.0172693422608037	6.3063474690061305	31449600.0	0.035	8.173026319831944
Saltmarsh_2_000000001	31536000.0	1	1	0.7820555673155463	1.5641111346310925	0.806905151796943	1.613810303593886	1.0	0.8284952640533447	225941997.72247866	203453868.92949963	203453868.92949963	2.039082014348992e-09	1.017269342608416	6.306347471045212	31536000.0	0.035	8.173026322474595
Saltmarsh_2_000000001	31622400.0	1	1	0.7820555673953027	1.5641111347906054	0.8069051518792355	1.613810303758471	1.0	0.8284952640533447	225941997.77118182	203453868.97335672	203453868.97335672	1.9294454922658133e-09	1.017269342937338	6.3063474729746565	31622400.0	0.035	8.173026324975154
Saltmarsh_2_000000001	31708800.0	1	1	0.7820555674707708	1.5641111349415415	0.8069051519571033	1.6138103039142067	1.0	0.8284952640533447	225941997.8172664	203453869.01485562	203453869.01485562	1.8257040323987894e-09	1.0172693432485742	6.30634747480036	31708800.0	0.035	8.173026327341267
Saltmarsh_2_000000001	31795200.0	1	1	0.7820555675421812	1.5641111350843624	0.8069051520307845	1.613810304061569	1.0	0.8284952640533447	225941997.860873	203453869.05412328	203453869.05412328	1.7275403330074823e-09	1.0172693435430762	6.3063474765279	31795200.0	0.035	8.173026329580159
Saltmarsh_2_000000001	31881600.0	1	1	0.7820555676097519	1.5641111352195038	0.806905152100504	1.613810304201008	1.0	0.8284952640533447	225941997.90213504	203453869.09127966	203453869.09127966	1.6346546338752432e-09	1.0172693438217437	6.306347478162554	31881600.0	0.035	8.17302633169867
Saltmarsh_2_000000001	31968000.0	1	1	0.7820555676736896	1.5641111353473791	0.8069051521664748	1.6138103043329497	1.0	0.8284952640533447	225941997.94117847	203453869.12643823	203453869.12643823	1.546763161996978e-09	1.017269344085428	6.306347479709316	31968000.0	0.035	8.173026333703275
Saltmarsh_2_000000001	32054400.0	1	1	0.7820555677341895	1.564111135468379	0.8069051522288986	1.6138103044577972	1.0	0.8284952640533447	225941997.97812268	203453869.15970635	203453869.15970635	1.463597465445332e-09	1.0172693443349343	6.306347481172914	32054400.0	0.035	8.173026335600095
Saltmarsh_2_000000001	32140800.0	1	1	0.7820555677914365	1.564111135582873	0.806905152287966	1.613810304575932	1.0	0.8284952640533447	225941998.01308048	203453869.19118583	203453869.19118583	1.3849039692814813e-09	1.0172693445710252	6.306347482557818	32140800.0	0.035	8.173026337394932
Saltmarsh_2_000000001	32227200.0	1	1	0.7820555678456054	1.5641111356912107	0.8069051523438574	1.6138103046877148	1.0	0.8284952640533447	225941998.04615873	203453869.22097266	203453869.22097266	1.3104408669306622e-09	1.0172693447944225	6.306347483868257	32227200.0	0.035	8.173026339093262
Saltmarsh_2_000000001	32313600.0	1	1	0.7820555678968618	1.5641111357937236	0.8069051523967438	1.6138103047934875	1.0	0.8284952640533447	225941998.07745832	203453869.24915794	203453869.24915794	1.2399818949404562e-09	1.017269345005808	6.306347485108239	32313600.0	0.035	8.173026340700277
Saltmarsh_2_000000001	32400000.0	1	1	0.7820555679453622	1.5641111358907245	0.8069051524467865	1.613810304893573	1.0	0.8284952640533447	225941998.1070751	203453869.27582774	203453869.27582774	1.1733107818656663e-09	1.017269345205828	6.306347486281549	32400000.0	0.035	8.173026342220888
Saltmarsh_2_000000001	32486400.0	1	1	0.782055567991255	1.56411113598251	0.8069051524941386	1.6138103049882773	1.0	0.8284952640533447	225941998.1350994	203453869.30106363	203453869.30106363	1.1102250230266009e-09	1.0172693453950932	6.306347487391775	32486400.0	0.035	8.17302634365974
Saltmarsh_2_000000001	32572800.0	1	1	0.7820555680346802	1.5641111360693605	0.8069051525389447	1.6138103050778894	1.0	0.8284952640533447	225941998.16161698	203453869.32494265	203453869.32494265	1.0505309955277653e-09	1.0172693455741824	6.306347488442305	32572800.0	0.035	8.173026345021228
Saltmarsh_2_000000001	32659200.0	1	1	0.7820555680757706	1.5641111361515412	0.8069051525813417	1.6138103051626833	1.0	0.8284952640533447	225941998.18670878	203453869.34753764	203453869.34753764	9.940459566593063e-10	1.0172693457436421	6.3063474894363525	32659200.0	0.035	8.173026346309513
Saltmarsh_2_000000001	32745600.0	1	1	0.7820555681146516	1.5641111362293032	0.806905152621459	1.613810305242918	1.0	0.8284952640533447	225941998.21045142	203453869.3689179	203453869.3689179	9.405987100308266e-10	1.0172693459039908	6.30634749037695	32745600.0	0.035	8.173026347528529
Saltmarsh_2_000000001	32832000.0	1	1	0.7820555681514421	1.5641111363028841	0.8069051526594194	1.6138103053188388	1.0	0.8284952640533447	225941998.2329175	203453869.3891485	203453869.3891485	8.900251646792867e-10	1.0172693460557174	6.306347491266974	32832000.0	0.035	8.173026348681999
Saltmarsh_2_000000001	32918400.0	1	1	0.7820555681862543	1.5641111363725086	0.8069051526953387	1.6138103053906774	1.0	0.8284952640533447	225941998.25417557	203453869.4082914	203453869.4082914	8.421707775596587e-10	1.0172693461992863	6.306347492109145	32918400.0	0.035	8.173026349773453
Saltmarsh_2_000000001	33004800.0	1	1	0.7820555682191949	1.5641111364383897	0.8069051527293267	1.6138103054586534	1.0	0.8284952640533447	225941998.27429068	203453869.42640495	203453869.42640495	7.968892212772971e-10	1.0172693463351357	6.306347492906033	33004800.0	0.035	8.173026350806218
Saltmarsh_2_000000001	33091200.0	1	1	0.7820555682503643	1.5641111365007285	0.8069051527614872	1.6138103055229744	1.0	0.8284952640533447	225941998.29332417	203453869.44354463	203453869.44354463	7.540423840879384e-10	1.0172693464636808	6.306347493660075	33091200.0	0.035	8.173026351783458
Saltmarsh_2_000000001	33177600.0	1	1	0.7820555682798578	1.5641111365597156	0.8069051527919185	1.613810305583837	1.0	0.8284952640533447	225941998.31133437	203453869.45976275	203453869.45976275	7.13499259674677e-10	1.0172693465853144	6.306347494373573	33177600.0	0.035	8.17302635270815
Saltmarsh_2_000000001	33264000.0	1	1	0.7820555683077655	1.564111136615531	0.8069051528207137	1.6138103056414275	1.0	0.8284952640533447	225941998.3283762	203453869.47510883	203453869.47510883	6.751361691925695e-10	1.017269346700408	6.306347495048709	33264000.0	0.035	8.173026353583127
Saltmarsh_2_000000001	33350400.0	1	1	0.7820555683341727	1.5641111366683453	0.8069051528479607	1.6138103056959214	1.0	0.8284952640533447	225941998.3445017	203453869.48962986	203453869.48962986	6.388360951348204e-10	1.0172693468093132	6.306347495687545	33350400.0	0.035	8.173026354411059
Saltmarsh_2_000000001	33436800.0	1	1	0.78205556835916	1.56411113671832	0.8069051528737426	1.6138103057474853	1.0	0.8284952640533447	225941998.35976022	203453869.50337014	203453869.50337014	6.044875711097575e-10	1.017269346912363	6.306347496292032	33436800.0	0.035	8.173026355194473
Saltmarsh_2_000000001	33523200.0	1	1	0.7820555683828039	1.5641111367656078	0.8069051528981384	1.6138103057962767	1.0	0.8284952640533447	225941998.3741983	203453869.51637155	203453869.51637155	5.719855700192511e-10	1.0172693470098721	6.306347496864019	33523200.0	0.035	8.17302635593577
Saltmarsh_2_000000001	33609600.0	1	1	0.7820555684051764	1.5641111368103529	0.8069051529212223	1.6138103058424447	1.0	0.8284952640533447	225941998.38786006	203453869.52867398	203453869.52867398	5.412310599695047e-10	1.0172693471021388	6.306347497405248	33609600.0	0.035	8.173026356637202
Saltmarsh_2_000000001	33696000.0	1	1	0.782055568426346	1.564111136852692	0.8069051529430651	1.6138103058861302	1.0	0.8284952640533447	225941998.4007873	203453869.54031494	203453869.54031494	5.121312263156597e-10	1.0172693471894436	6.306347497917377	33696000.0	0.035	8.173026357300921
Saltmarsh_2_000000001	33782400.0	1	1	0.7820555684463775	1.564111136892755	0.8069051529637334	1.6138103059274669	1.0	0.8284952640533447	225941998.41301942	203453869.5513299	203453869.5513299	4.845950307696967e-10	1.0172693472720546	6.306347498401973	33782400.0	0.035	8.173026357928958
Saltmarsh_2_000000001	33868800.0	1	1	0.7820555684653319	1.5641111369306637	0.8069051529832906	1.6138103059665811	1.0	0.8284952640533447	225941998.4245939	203453869.56175268	203453869.56175268	4.585392066047689e-10	1.0172693473502241	6.306347498860512	33868800.0	0.035	8.173026358523224
Saltmarsh_2_000000001	33955200.0	1	1	0.7820555684832671	1.5641111369665341	0.8069051530017961	1.6138103060035922	1.0	0.8284952640533447	225941998.43554604	203453869.57161504	203453869.57161504	4.3388470594152295e-10	1.0172693474241905	6.306347499294396	33955200.0	0.035	8.173026359085537
Saltmarsh_2_000000001	34041600.0	1	1	0.7820555685002379	1.5641111370004759	0.8069051530193067	1.6138103060386133	1.0	0.8284952640533447	225941998.44590932	203453869.58094716	203453869.58094716	4.105560336142844e-10	1.0172693474941799	6.306347499704951	34041600.0	0.035	8.173026359617616
Saltmarsh_2_000000001	34128000.0	1	1	0.7820555685162964	1.5641111370325929	0.8069051530358757	1.6138103060717515	1.0	0.8284952640533447	225941998.4557154	203453869.58977747	203453869.58977747	3.884814692156624e-10	1.017269347560406	6.306347500093433	34128000.0	0.035	8.173026360121089
Saltmarsh_2_000000001	34214400.0	1	1	0.7820555685314915	1.564111137062983	0.806905153051554	1.613810306103108	1.0	0.8284952640533447	225941998.4649942	203453869.598133	203453869.598133	3.6759328914115486e-10	1.0172693476230716	6.306347500461028	34214400.0	0.035	8.173026360597493
Saltmarsh_2_000000001	34300800.0	1	1	0.7820555685458694	1.5641111370917389	0.8069051530663892	1.6138103061327784	1.0	0.8284952640533447	225941998.47377416	203453869.60603935	203453869.60603935	3.4782865476756797e-10	1.017269347682368	6.306347500808855	34300800.0	0.035	8.173026361048278
Saltmarsh_2_000000001	34387200.0	1	1	0.7820555685594743	1.5641111371189487	0.8069051530804268	1.6138103061608535	1.0	0.8284952640533447	225941998.48208192	203453869.6135205	203453869.6135205	3.291269479177572e-10	1.0172693477384755	6.3063475011379815	34387200.0	0.035	8.173026361474824
Saltmarsh_2_000000001	34473600.0	1	1	0.7820555685723477	1.5641111371446954	0.8069051530937096	1.6138103061874192	1.0	0.8284952640533447	225941998.48994306	203453869.62059945	203453869.62059945	3.11430659039047e-10	1.0172693477915666	6.306347501449412	34473600.0	0.035	8.173026361878438
Saltmarsh_2_000000001	34560000.0	1	1	0.782055568584529	1.564111137169058	0.8069051531062782	1.6138103062125564	1.0	0.8284952640533447	225941998.4973815	203453869.62729776	203453869.62729776	2.946856092478356e-10	1.0172693478418031	6.3063475017440975	34560000.0	0.035	8.17302636226035
Saltmarsh_2_000000001	34646400.0	1	1	0.7820555685960553	1.5641111371921106	0.806905153118171	1.613810306236342	1.0	0.8284952640533447	225941998.50441998	203453869.63363597	203453869.63363597	2.7884161646341e-10	1.0172693478893382	6.306347502022939	34646400.0	0.035	8.17302636262173
Saltmarsh_2_000000001	34732800.0	1	1	0.7820555686069618	1.5641111372139236	0.8069051531294243	1.6138103062588487	1.0	0.8284952640533447	225941998.5110801	203453869.6396334	203453869.6396334	2.6384894269426695e-10	1.017269347934318	6.306347502286786	34732800.0	0.035	8.173026362963675
Saltmarsh_2_000000001	34819200.0	1	1	0.7820555686172819	1.5641111372345637	0.8069051531400726	1.6138103062801452	1.0	0.8284952640533447	225941998.51738206	203453869.64530826	203453869.64530826	2.496625128856067e-10	1.0172693479768788	6.306347502536447	34819200.0	0.035	8.173026363287235
Saltmarsh_2_000000001	34905600.0	1	1	0.7820555686270472	1.5641111372540943	0.8069051531501484	1.6138103063002969	1.0	0.8284952640533447	225941998.52334514	203453869.65067804	203453869.65067804	2.3623902833946886e-10	1.017269348017151	6.306347502772686	34905600.0	0.035	8.1730263635934
Saltmarsh_2_000000001	34992000.0	1	1	0.7820555686362873	1.5641111372725747	0.8069051531596824	1.6138103063193647	1.0	0.8284952640533447	225941998.5289877	203453869.6557591	203453869.6557591	2.2353674467012752e-10	1.0172693480552588	6.306347502996222	34992000.0	0.035	8.173026363883105
Saltmarsh_2_000000001	35078400.0	1	1	0.7820555686450307	1.5641111372900613	0.8069051531687038	1.6138103063374076	1.0	0.8284952640533447	225941998.5343268	203453869.660567	203453869.660567	2.1151791429474542e-10	1.017269348091317	6.306347503207739	35078400.0	0.035	8.17302636415723
Saltmarsh_2_000000001	35164800.0	1	1	0.782055568653304	1.564111137306608	0.8069051531772402	1.6138103063544804	1.0	0.8284952640533447	225941998.53937885	203453869.6651164	203453869.6651164	2.0014523371969517e-10	1.0172693481254367	6.306347503407885	35164800.0	0.035	8.17302636441662
Saltmarsh_2_000000001	35251200.0	1	1	0.7820555686611323	1.5641111373222647	0.8069051531853175	1.613810306370635	1.0	0.8284952640533447	225941998.5441593	203453869.66942117	203453869.66942117	1.8938384194200353e-10	1.017269348157722	6.306347503597268	35251200.0	0.035	8.173026364662059
Saltmarsh_2_000000001	35337600.0	1	1	0.7820555686685399	1.5641111373370797	0.8069051531929606	1.6138103063859213	1.0	0.8284952640533447	225941998.54868263	203453869.67349443	203453869.67349443	1.7920132044935144e-10	1.0172693481882709	6.306347503776468	35337600.0	0.035	8.173026364894303
Saltmarsh_2_000000001	35424000.0	1	1	0.7820555686755492	1.5641111373510983	0.8069051532001927	1.6138103064003855	1.0	0.8284952640533447	225941998.55296284	203453869.67734876	203453869.67734876	1.6956636095244448e-10	1.0172693482171775	6.306347503946034	35424000.0	0.035	8.17302636511406
Saltmarsh_2_000000001	35510400.0	1	1	0.7820555686821815	1.564111137364363	0.806905153207036	1.613810306414072	1.0	0.8284952640533447	225941998.55701292	203453869.6809958	203453869.6809958	1.6044898742961777e-10	1.01726934824453	6.306347504106483	35510400.0	0.035	8.173026365322002
Saltmarsh_2_000000001	35596800.0	1	1	0.7820555686884573	1.5641111373769145	0.8069051532135114	1.6138103064270228	1.0	0.8284952640533447	225941998.5608452	203453869.6844468	203453869.6844468	1.5182211043907046e-10	1.017269348270412	6.306347504258305	35596800.0	0.035	8.173026365518764
Saltmarsh_2_000000001	35683200.0	1	1	0.7820555686943956	1.5641111373887913	0.8069051532196386	1.6138103064392773	1.0	0.8284952640533447	225941998.56447142	203453869.68771225	203453869.68771225	1.4365908462821153e-10	1.0172693482949022	6.306347504401964	35683200.0	0.035	8.173026365704947
Saltmarsh_2_000000001	35769600.0	1	1	0.7820555687000147	1.5641111374000294	0.8069051532254363	1.6138103064508726	1.0	0.8284952640533447	225941998.5679027	203453869.69080213	203453869.69080213	1.359350410012894e-10	1.0172693483180757	6.306347504537898	35769600.0	0.035	8.173026365881116
Saltmarsh_2_000000001	35856000.0	1	1	0.7820555687053315	1.564111137410663	0.8069051532309223	1.6138103064618445	1.0	0.8284952640533447	225941998.57114947	203453869.69372573	203453869.69372573	1.2862555465176229e-10	1.017269348340003	6.3063475046665225	35856000.0	0.035	8.173026366047814
Saltmarsh_2_000000001	35942400.0	1	1	0.7820555687103626	1.5641111374207253	0.8069051532361132	1.6138103064722265	1.0	0.8284952640533447	225941998.57422164	203453869.69649222	203453869.69649222	1.2170997543137219e-10	1.0172693483607511	6.306347504788231	35942400.0	0.035	8.173026366205548
Saltmarsh_2_000000001	36028800.0	1	1	0.7820555687151232	1.5641111374302463	0.8069051532410252	1.6138103064820504	1.0	0.8284952640533447	225941998.57712868	203453869.69911003	203453869.69911003	1.1516632092423151e-10	1.0172693483803839	6.306347504903398	36028800.0	0.035	8.173026366354804
Saltmarsh_2_000000001	36115200.0	1	1	0.7820555687196277	1.5641111374392553	0.806905153245673	1.613810306491346	1.0	0.8284952640533447	225941998.57987937	203453869.701587	203453869.701587	1.0897371893747732e-10	1.0172693483989612	6.30634750501237	36115200.0	0.035	8.173026366496032
Saltmarsh_2_000000001	36201600.0	1	1	0.78205556872389	1.56411113744778	0.806905153250071	1.613810306500142	1.0	0.8284952640533447	225941998.58248216	203453869.70393088	203453869.70393088	1.0311484999192544e-10	1.0172693484165396	6.306347505115485	36201600.0	0.035	8.173026366629669
Saltmarsh_2_000000001	36288000.0	1	1	0.7820555687279233	1.5641111374558465	0.8069051532542324	1.6138103065084648	1.0	0.8284952640533447	225941998.58494502	203453869.7061487	203453869.7061487	9.757084029615726e-11	1.0172693484331727	6.306347505213056	36288000.0	0.035	8.17302636675612
Saltmarsh_2_000000001	36374400.0	1	1	0.7820555687317396	1.5641111374634793	0.8069051532581701	1.6138103065163403	1.0	0.8284952640533447	225941998.58727548	203453869.7082472	203453869.7082472	9.232414832638369e-11	1.017269348448912	6.30634750530538	36374400.0	0.035	8.173026366875774
Saltmarsh_2_000000001	36460800.0	1	1	0.7820555687353509	1.5641111374707017	0.8069051532618962	1.6138103065237923	1.0	0.8284952640533447	225941998.58948064	203453869.710233	203453869.710233	8.736034118328462e-11	1.0172693484638047	6.306347505392742	36460800.0	0.035	8.173026366988992
Saltmarsh_2_000000001	36547200.0	1	1	0.7820555687387678	1.5641111374775356	0.8069051532654218	1.6138103065308436	1.0	0.8284952640533447	225941998.59156728	203453869.71211192	203453869.71211192	8.266298756609558e-11	1.0172693484778967	6.306347505475403	36547200.0	0.035	8.173026367096123
Saltmarsh_2_000000001	36633600.0	1	1	0.7820555687420011	1.5641111374840022	0.8069051532687579	1.6138103065375158	1.0	0.8284952640533447	225941998.5935416	203453869.71388993	203453869.71388993	7.821920888773093e-11	1.0172693484912305	6.306347505553623	36633600.0	0.035	8.173026367197496
Saltmarsh_2_000000001	36720000.0	1	1	0.7820555687450605	1.564111137490121	0.8069051532719146	1.6138103065438292	1.0	0.8284952640533447	225941998.5954099	203453869.7155722	203453869.7155722	7.401279589203114e-11	1.0172693485038482	6.306347505627635	36720000.0	0.035	8.173026367293415
Saltmarsh_2_000000001	36806400.0	1	1	0.7820555687479555	1.564111137495911	0.8069051532749015	1.613810306549803	1.0	0.8284952640533447	225941998.59717768	203453869.7171641	203453869.7171641	7.003331248256472e-11	1.017269348515787	6.306347505697667	36806400.0	0.035	8.173026367384178
Saltmarsh_2_000000001	36892800.0	1	1	0.7820555687506947	1.5641111375013894	0.8069051532777279	1.6138103065554559	1.0	0.8284952640533447	225941998.59885037	203453869.7186704	203453869.7186704	6.626788007224604e-11	1.017269348527084	6.306347505763936	36892800.0	0.035	8.173026367470062
Saltmarsh_2_000000001	36979200.0	1	1	0.7820555687532867	1.5641111375065735	0.8069051532804024	1.6138103065608047	1.0	0.8284952640533447	225941998.60043317	203453869.72009572	203453869.72009572	6.270495234161899e-11	1.0172693485377737	6.306347505826642	36979200.0	0.035	8.173026367551328
Saltmarsh_2_000000001	37065600.0	1	1	0.7820555687557393	1.5641111375114787	0.806905153282933	1.613810306565866	1.0	0.8284952640533447	225941998.6019309	203453869.7214444	203453869.7214444	5.933320501583239e-11	1.0172693485478888	6.3063475058859755	37065600.0	0.035	8.173026367628225
Saltmarsh_2_000000001	37152000.0	1	1	0.78205556875806	1.56411113751612	0.8069051532853275	1.613810306570655	1.0	0.8284952640533447	225941998.60334808	203453869.7227206	203453869.7227206	5.614331222147939e-11	1.0172693485574598	6.306347505942116	37152000.0	0.035	8.173026367700983
Saltmarsh_2_000000001	37238400.0	1	1	0.782055568760256	1.564111137520512	0.8069051532875933	1.6138103065751865	1.0	0.8284952640533447	225941998.60468897	203453869.7239281	203453869.7239281	5.3124837862128516e-11	1.0172693485665156	6.306347505995239	37238400.0	0.035	8.17302636776983
Saltmarsh_2_000000001	37324800.0	1	1	0.7820555687623338	1.5641111375246677	0.8069051532897373	1.6138103065794747	1.0	0.8284952640533447	225941998.6059578	203453869.7250707	203453869.7250707	5.026867810897784e-11	1.0172693485750848	6.306347506045508	37324800.0	0.035	8.173026367834979
Saltmarsh_2_000000001	37411200.0	1	1	0.7820555687643	1.5641111375286	0.806905153291766	1.613810306583532	1.0	0.8284952640533447	225941998.60715848	203453869.72615194	203453869.72615194	4.7565951177830357e-11	1.0172693485831938	6.306347506093074	37411200.0	0.035	8.173026367896624
Saltmarsh_2_000000001	37497600.0	1	1	0.7820555687661604	1.564111137532321	0.8069051532936856	1.6138103065873712	1.0	0.8284952640533447	225941998.60829455	203453869.72717497	203453869.72717497	4.5008441418303846e-11	1.0172693485908664	6.30634750613808	37497600.0	0.035	8.173026367954952
Saltmarsh_2_000000001	37584000.0	1	1	0.7820555687679209	1.5641111375358419	0.806905153295502	1.613810306591004	1.0	0.8284952640533447	225941998.60936952	203453869.72814298	203453869.72814298	4.2588599313830855e-11	1.0172693485981263	6.3063475061806695	37584000.0	0.035	8.173026368010149
Saltmarsh_2_000000001	37670400.0	1	1	0.7820555687695867	1.5641111375391734	0.8069051532972208	1.6138103065944416	1.0	0.8284952640533447	225941998.61038676	203453869.72905895	203453869.72905895	4.029843125863408e-11	1.0172693486049964	6.306347506220967	37670400.0	0.035	8.173026368062374
Saltmarsh_2_000000001	37756800.0	1	1	0.7820555687711629	1.5641111375423258	0.8069051532988472	1.6138103065976943	1.0	0.8284952640533447	225941998.61134928	203453869.7299257	203453869.7299257	3.8131720003775627e-11	1.0172693486114968	6.306347506259098	37756800.0	0.035	8.173026368111792
Saltmarsh_2_000000001	37843200.0	1	1	0.7820555687726544	1.5641111375453087	0.806905153300386	1.613810306600772	1.0	0.8284952640533447	225941998.61226	203453869.73074585	203453869.73074585	3.608136012189789e-11	1.0172693486176478	6.306347506295179	37843200.0	0.035	8.173026368158553
Saltmarsh_2_000000001	37929600.0	1	1	0.7820555687740657	1.5641111375481314	0.8069051533018422	1.6138103066036844	1.0	0.8284952640533447	225941998.6131218	203453869.73152193	203453869.73152193	3.4142022542482664e-11	1.0172693486234676	6.306347506329321	37929600.0	0.035	8.1730263682028
Saltmarsh_2_000000001	38016000.0	1	1	0.782055568775401	1.564111137550802	0.80690515330322	1.61381030660644	1.0	0.8284952640533447	225941998.61393732	203453869.7322562	203453869.7322562	3.2305713659752655e-11	1.0172693486289752	6.306347506361626	38016000.0	0.035	8.173026368244667
