plant	time	x	y	r_ag	h_ag	r_bg	h_bg	aboveground_resources	belowground_resources	res_ag	res_bg	res_eff	grow	maint	volume	age	salinity	transpiration
Saltmarsh_2_000000001	38016000.0	1	1	0.7818160346656216	1.563632069331243	0.8066580022793491	1.6133160045586983	1.0	0.8284952640533447	225803613.23732674	203329254.0460548	203329254.0460548	3.0317082178044075e-11	1.016646270199957	6.300554537379039	38102400.0	0.035	8.165518680443235
