plant	time	x	y	r_ag	h_ag	r_bg	h_bg	aboveground_resources	belowground_resources	res_ag	res_bg	res_eff	grow	maint	volume	age	salinity	transpiration
Saltmarsh_4_000000001	0.0	1	1	0.04898862393507049	0.09797724787014098	0.04898862393507049	0.09797724787014098	1.0	0.05375213548541069	923552.841931713	49642.937487449526	49642.937487449526	-9.340486231564169e-05	0.00034161954975288935	0.0014773914644792556	86400.0	0.1537360255083683	0.0019146993379651153
