plant	time	x	y	r_ag	h_ag	r_bg	h_bg	aboveground_resources	belowground_resources	res_ag	res_bg	res_eff	grow	maint	volume	age	salinity	transpiration
Saltmarsh_2_000000001	0.0	1	1	0.05	0.1	0.05	0.1	NaN	NaN	NaN	NaN	NaN	NaN	NaN	NaN	NaN	NaN	NaN
Saltmarsh_2_000000001	86400.0	1	1	0.07362851650510542	0.14725703301021084	0.07517373791061552	0.15034747582123104	1.0	0.8358405828475952	923552.841931713	771942.9456907561	771942.9456907561	0.0036063314579340877	0.0002533832705196927	0.005177127784728986	86400.0	0.033831116	0.006709557609008765
Saltmarsh_2_000000001	172800.0	1	1	0.1001998836307673	0.2003997672615346	0.10289274819447619	0.20578549638895238	1.0	0.8337096571922302	2002690.514542804	1764661.4426976158	1764661.4426976158	0.007988190943086788	0.0008351162704012911	0.013165318727815775	172800.0	0.034174449	0.017062253071249246
Saltmarsh_2_000000001	259200.0	1	1	0.12795231939193166	0.2559046387838633	0.13172373144673588	0.26344746289347176	1.0	0.8280916213989258	3708994.375001685	3296203.3297247277	3296203.3297247277	0.01435733488302215	0.0021236817656014894	0.027522653610837937	259200.0	0.035063059	0.03566935907964597
Saltmarsh_2_000000001	345600.0	1	1	0.15562308050847087	0.31124616101694175	0.16057239977001186	0.32114479954002373	1.0	0.8144703507423401	6048087.503285344	5322244.154153889	5322244.154153889	0.022171574543989513	0.0044396462267799345	0.04969422815482745	345600.0	0.037126151	0.06440371968865638
Saltmarsh_2_000000001	432000.0	1	1	0.18185532000125276	0.3637106400025055	0.18830153023492688	0.37660306046985376	1.0	0.7827646732330322	8946841.755099963	7612229.704186897	7612229.704186897	0.030045032210353054	0.00801611631058143	0.07973926036518052	432000.0	0.041514425	0.10334208143327395
Saltmarsh_2_000000001	518400.0	1	1	0.20438600517840363	0.40877201035680727	0.21304655756610846	0.4260931151322169	1.0	0.7091097235679626	12217258.450036846	9505376.661503538	9505376.661503538	0.03466423890512286	0.012862644402394832	0.11440349927030338	518400.0	0.050198571	0.14826693505431318
Saltmarsh_2_000000001	604800.0	1	1	0.21858235555177952	0.43716471110355903	0.2304780541416773	0.4609561082833546	1.0	0.540704607963562	15432065.24817747	9318863.346355982	9318863.346355982	0.028140025548686397	0.018454291183093514	0.1425435248189898	604800.0	0.066373789	0.18473640816541076
Saltmarsh_2_000000001	691200.0	1	1	0.2475004095471179	0.4950008190942358	0.2591251325419973	0.5182502650839946	1.0	0.8368019461631775	17650294.0089021	17006316.81644185	17006316.81644185	0.06203805914588778	0.022993524936321463	0.20458158396487763	691200.0	0.033675054	0.2651377328184814
Saltmarsh_2_000000001	777600.0	1	1	0.27495592549461445	0.5499118509892289	0.2866281908015831	0.5732563816031662	1.0	0.8368019461631775	22629428.400697887	21396877.585733548	21396877.585733548	0.07398357811719408	0.03300080981147366	0.2785651620820717	777600.0	0.033675054	0.3610204500583649
Saltmarsh_2_000000001	864000.0	1	1	0.30109086803740615	0.6021817360748123	0.31299236918691303	0.6259847383738261	1.0	0.8368018269538879	27928519.05642257	26105714.752669908	26105714.752669908	0.08559356174608504	0.04493501201726449	0.3641587238281568	864000.0	0.033675056	0.47194970608129116
Saltmarsh_2_000000001	950400.0	1	1	0.32598906288389723	0.6519781257677945	0.33822619696075157	0.6764523939215031	1.0	0.8368015289306641	33490135.74440474	31071554.77755058	31071554.77755058	0.09661576713750153	0.05874200675025138	0.4607744909656583	950400.0	0.033675117	0.5971637402914932
Saltmarsh_2_000000001	1036800.0	1	1	0.34970983665458605	0.6994196733091721	0.36234474511497766	0.7246894902299553	1.0	0.8367971181869507	39257966.43382911	36237654.521517776	36237654.521517776	0.1068612923993077	0.07432698020828118	0.567635783364966	1036800.0	0.033675834	0.735655975240996
Saltmarsh_2_000000001	1123200.0	1	1	0.37230098853383314	0.7446019770676663	0.3853687329685957	0.7707374659371914	1.0	0.836768388748169	45179085.62694167	41551431.948571004	41551431.948571004	0.11619251269119239	0.09156464705166263	0.6838282960561584	1123200.0	0.033680511	0.8862414716887812
Saltmarsh_2_000000001	1209600.0	1	1	0.3938018267607937	0.7876036535215875	0.40732103928843444	0.8146420785768689	1.0	0.8366387486457825	51204734.554110944	46961635.03296115	46961635.03296115	0.12450065332194211	0.11030752184286365	0.8083289493781007	1209600.0	0.033701593	1.0475943183940186
Saltmarsh_2_000000001	1296000.0	1	1	0.41423831404371975	0.8284766280874395	0.42821932321220546	0.8564386464244109	1.0	0.8361846804618835	57289785.10214046	52410125.01066545	52410125.01066545	0.13166005222388505	0.13039057282944216	0.9399890016019858	1296000.0	0.033775338	1.2182257460761736
Saltmarsh_2_000000001	1382400.0	1	1	0.4336079316030886	0.8672158632061772	0.4480612698358103	0.8961225396716206	1.0	0.8348578810691833	63390221.805851504	57812814.50855475	57812814.50855475	0.13743557468115936	0.15162849786161442	1.0774245762831451	1382400.0	0.03398988	1.3963422508629562
Saltmarsh_2_000000001	1468800.0	1	1	0.4518482585460369	0.9036965170920738	0.4667962583118778	0.9335925166237556	1.0	0.8314650058746338	69457024.73419717	63020510.541727155	63020510.541727155	0.14130448721789318	0.17379806549074261	1.2187290635010384	1468800.0	0.034532311	1.5794728662973456
Saltmarsh_2_000000001	1555200.0	1	1	0.468776942431798	0.937553884863596	0.48427114239860397	0.9685422847972079	1.0	0.8235807418823242	75423549.35692315	67741455.86780871	67741455.86780871	0.1421155565805673	0.1965917227584763	1.3608446200816053	1555200.0	0.035760044	1.7636546276257605
Saltmarsh_2_000000001	1641600.0	1	1	0.4839745751037924	0.9679491502075848	0.5001201020803419	1.0002402041606837	1.0	0.806355893611908	81180967.80086114	71382109.15314007	71382109.15314007	0.1373943331138807	0.21951621265181967	1.4982389531954863	1641600.0	0.038299933	1.94171768334135
Saltmarsh_2_000000001	1728000.0	1	1	0.4965400666678286	0.9930801333356571	0.5135136800726359	1.0270273601452717	1.0	0.7697871923446655	86530026.12037589	72692577.28386018	72692577.28386018	0.12178375876608086	0.24167912765322005	1.6200227119615673	1728000.0	0.043175338	2.0995494347021912
Saltmarsh_2_000000001	1814400.0	1	1	0.5045854541644533	1.0091709083289067	0.5225269385747007	1.0450538771494013	1.0	0.6925309896469116	91081534.08009622	68983000.5232843	68983000.5232843	0.0835910829771554	0.2613239196392661	1.703613794938723	1814400.0	0.051956028	2.2078834782405847
Saltmarsh_2_000000001	1900800.0	1	1	0.5197641672232589	1.0395283344465178	0.5380043181863746	1.0760086363727492	1.0	0.8368019461631775	94057015.47607969	86381080.13163657	86381080.13163657	0.15709750373317138	0.2748078969250115	1.8607112986718943	1900800.0	0.033675054	2.411481843078775
Saltmarsh_2_000000001	1987200.0	1	1	0.5341480709006026	1.0682961418012051	0.5526833579439214	1.1053667158878429	1.0	0.8368019461631775	99800889.45249502	91547102.60530889	91547102.60530889	0.15758640629133958	0.3001491067352049	2.018297704963234	1987200.0	0.033675054	2.6157138256323513
Saltmarsh_2_000000001	2073600.0	1	1	0.5477776438309073	1.0955552876618146	0.5666023522042941	1.1332047044085882	1.0	0.8368019461631775	105401081.9329195	96586697.51448712	96586697.51448712	0.15736430674206225	0.32556918083037334	2.1756620117052963	2073600.0	0.033675055	2.819657967170064
Saltmarsh_2_000000001	2160000.0	1	1	0.5606912925875261	1.1213825851750523	0.5797981560344405	1.159596312068881	1.0	0.8368017673492432	110848634.51904747	101491224.68623686	101491224.68623686	0.15650269511741693	0.35095342831376736	2.332164706822712	2160000.0	0.033675084	3.022485460042235
Saltmarsh_2_000000001	2246400.0	1	1	0.5729254226807562	1.1458508453615124	0.5923061049760151	1.1846122099520302	1.0	0.836799681186676	116136668.49764675	106253815.22590351	106253815.22590351	0.15507038586959404	0.37619869025992353	2.4872350926923055	2246400.0	0.033675415	3.223456680129228
Saltmarsh_2_000000001	2332800.0	1	1	0.5845142070850777	1.1690284141701555	0.6041597022041468	1.2083194044082937	1.0	0.8367871642112732	121260101.66806859	110868364.88257146	110868364.88257146	0.1531289162927727	0.4012129081200846	2.640364008985078	2332800.0	0.033677451	3.421911755644661
Saltmarsh_2_000000001	2419200.0	1	1	0.5954885974073539	1.1909771948147079	0.6153896425240689	1.2307792850481378	1.0	0.836734414100647	126215264.97356926	115327021.84800014	115327021.84800014	0.15072115938742858	0.42591394985257214	2.791085168372506	2419200.0	0.033686032	3.6172463782107678
Saltmarsh_2_000000001	2505600.0	1	1	0.6058740049587993	1.2117480099175986	0.6260216209020767	1.2520432418041534	1.0	0.8365638256072998	130999199.0063893	119615282.96698862	119615282.96698862	0.1478498156269762	0.4502265992079669	2.9389349839994825	2505600.0	0.033713765	3.8088597392633297
Saltmarsh_2_000000001	2592000.0	1	1	0.6156861515389576	1.2313723030779151	0.6360724190354249	1.2721448380708498	1.0	0.8361120820045471	135608333.6279283	123704193.37839441	123704193.37839441	0.14444489134499638	0.47407607554697573	3.0833798753444785	2592000.0	0.033787113	3.9960603184464443
Saltmarsh_2_000000001	2678400.0	1	1	0.624925246390948	1.249850492781896	0.6455443408659678	1.2910886817319356	1.0	0.8350927233695984	140036262.40504315	127540945.58101806	127540945.58101806	0.1403284202691229	0.49737630763596746	3.2237082956136023	2678400.0	0.033952013	4.1779259511152285
Saltmarsh_2_000000001	2764800.0	1	1	0.6335703143565574	1.2671406287131148	0.6544195893125	1.308839178625	1.0	0.8330911993980408	144270614.1621509	131043077.57722682	131043077.57722682	0.13520287117065866	0.5200125167154754	3.358911166784261	2764800.0	0.034273424	4.353148872152403
Saltmarsh_2_000000001	2851200.0	1	1	0.6415786476212754	1.2831572952425507	0.6626591409252907	1.3253182818505813	1.0	0.8296550512313843	148289834.73090568	134108230.03433253	134108230.03433253	0.12871922055109353	0.5418219296205691	3.4876303873353542	2851200.0	0.034818124	4.519968981986619
Saltmarsh_2_000000001	2937600.0	1	1	0.6489015194098162	1.2978030388196324	0.6702167520005273	1.3404335040010547	1.0	0.8246051669120789	152062296.08944917	136665142.55837914	136665142.55837914	0.12074024016729445	0.5625854726246012	3.608370627502649	2937600.0	0.03560299	4.6764483332434335
Saltmarsh_2_000000001	3024000.0	1	1	0.6555390127307275	1.311078025461455	0.6770908951236204	1.3541817902472408	1.0	0.8188130855560303	155553333.51917025	138817476.2551157	138817476.2551157	0.11202544539787918	0.5820619358776993	3.720396072900528	3024000.0	0.036481629	4.821633310479084
Saltmarsh_2_000000001	3110400.0	1	1	0.6627638316965659	1.3255276633931319	0.6844934286813309	1.3689868573626618	1.0	0.8368019461631775	158751861.2649628	144794917.46412146	144794917.46412146	0.12384196127631053	0.6001326260442967	3.844238034176837	3110400.0	0.033675054	4.982132492293181
Saltmarsh_2_000000001	3196800.0	1	1	0.6696026223992186	1.3392052447984373	0.6915016058223799	1.3830032116447597	1.0	0.8368019461631775	162270412.6579663	147969740.24251544	147969740.24251544	0.11973927700515263	0.6201094242074247	3.9639773111819894	3196800.0	0.033675054	5.137314595291858
Saltmarsh_2_000000001	3283200.0	1	1	0.6760757135508407	1.3521514271016815	0.698136029656329	1.396272059312658	1.0	0.8368019461631775	165636495.05425343	151007327.53709278	151007327.53709278	0.11561221439147051	0.6394244232939934	4.079589525573461	3283200.0	0.033675054	5.287148025143205
Saltmarsh_2_000000001	3369600.0	1	1	0.6822023959875264	1.3644047919750528	0.7044162768208515	1.408832553641703	1.0	0.8368019461631775	168854411.20705667	153911502.32039496	153911502.32039496	0.11148382073915053	0.6580736908628243	4.191073346312611	3369600.0	0.033675052	5.431631056821144
Saltmarsh_2_000000001	3456000.0	1	1	0.6880009845550428	1.3760019691100855	0.710360953917677	1.420721907835354	1.0	0.8368021845817566	171928637.3545739	156686297.29885072	156686297.29885072	0.10737447428858182	0.6760570122056717	4.298447820601192	3456000.0	0.033675014	5.570788375499144
Saltmarsh_2_000000001	3542400.0	1	1	0.693488945181746	1.386977890363492	0.715987817785338	1.431975635570676	1.0	0.8368044495582581	174863779.03733772	159336166.78938723	159336166.78938723	0.10330337414314261	0.6933774598037935	4.401751194744335	3542400.0	0.033674639	5.704669548388658
Saltmarsh_2_000000001	3628800.0	1	1	0.6986833454597381	1.3973666909194762	0.7213142098319398	1.4426284196638797	1.0	0.8368184566497803	177664568.41570872	161867237.00552434	161867237.00552434	0.09929498190484676	0.710041203122775	4.501046176649183	3628800.0	0.033672353	5.833355844937341
Saltmarsh_2_000000001	3715200.0	1	1	0.7036023087710072	1.4072046175420143	0.7263584679319601	1.4527169358639203	1.0	0.8368817567825317	180336037.41560584	164291467.09289953	164291467.09289953	0.09539897796462982	0.7260583574998678	4.5964451546138125	3715200.0	0.033662063	5.956992920379501
Saltmarsh_2_000000001	3801600.0	1	1	0.7082690192504885	1.416538038500977	0.7311438324612217	1.4622876649224434	1.0	0.8371107578277588	182884227.46112928	166637768.5613597	166637768.5613597	0.09174179065022992	0.7414470521565686	4.688186945264043	3801600.0	0.033624752	6.0758902810621995
Saltmarsh_2_000000001	3888000.0	1	1	0.7127214001214688	1.4254428002429376	0.7357079102157618	1.4714158204315235	1.0	0.8378151059150696	185318267.49735042	168977816.13688225	168977816.13688225	0.08864327036820274	0.7562458103162085	4.776830215632245	3888000.0	0.033509763	6.190771959459389
Saltmarsh_2_000000001	3974400.0	1	1	0.7170325266889278	1.4340650533778556	0.7401226180036967	1.4802452360073934	1.0	0.8397160768508911	187655517.65853918	171477319.3840634	171477319.3840634	0.08684184703293829	0.7705447498873786	4.8636720626651835	3974400.0	0.033197402	6.303318993214078
Saltmarsh_2_000000001	4060800.0	1	1	0.7213486750413515	1.442697350082703	0.7445309885801729	1.4890619771603457	1.0	0.8443076014518738	189932574.18371156	174484838.07345816	174484838.07345816	0.08787108634524521	0.7845531040220456	4.951543149010428	4060800.0	0.032430343	6.417199921117515
Saltmarsh_2_000000001	4147200.0	1	1	0.7259486470602478	1.4518972941204955	0.7492026119471903	1.4984052238943806	1.0	0.8542941212654114	192226039.1084222	178650659.70134267	178650659.70134267	0.09452581499162005	0.7987274835150934	5.04606896400205	4147200.0	0.030695872	6.539705377346657
Saltmarsh_2_000000001	4233600.0	1	1	0.7313044522333536	1.4626089044667072	0.7545831457741926	1.5091662915483852	1.0	0.8736314177513123	194685470.36908573	184981940.9563235	184981940.9563235	0.11093437548120355	0.8139753293004139	5.157003339483253	4233600.0	0.02703432	6.683476327970296
Saltmarsh_2_000000001	4320000.0	1	1	0.734452336271437	1.468904672542874	0.7578147819930395	1.515629563986079	1.0	0.8368019461631775	197568715.04284585	179714726.3272665	179714726.3272665	0.0667036113482965	0.8318700202880361	5.223706950831549	4320000.0	0.033675054	6.769924208277687
Saltmarsh_2_000000001	4406400.0	1	1	0.737430872833753	1.474861745667506	0.7608726932266388	1.5217453864532775	1.0	0.8368019461631775	199273236.1365121	181254747.396501	181254747.396501	0.0636438371922089	0.8426298997902961	5.2873507880237565	4406400.0	0.033675054	6.852406621278789
Saltmarsh_2_000000001	4492800.0	1	1	0.7402491171658586	1.4804982343317172	0.7637661534967046	1.5275323069934093	1.0	0.8368019461631775	200892799.80947438	182718051.07373622	182718051.07373622	0.06069404457351457	0.8528962107951665	5.348044832597271	4492800.0	0.033675053	6.931066103046064
Saltmarsh_2_000000001	4579200.0	1	1	0.7429156494860714	1.4858312989721427	0.7665039521545715	1.533007904309143	1.0	0.8368020057678223	202431240.5597322	184108108.12461612	184108108.12461612	0.057853846330613745	0.8626866942924668	5.405898678927885	4579200.0	0.033675035	7.006044687890539
Saltmarsh_2_000000001	4665600.0	1	1	0.7454386666542705	1.490877333308541	0.7690944855942629	1.5381889711885257	1.0	0.8368034958839417	203892266.720623	185428567.10493132	185428567.10493132	0.05512380670521422	0.8720190288194424	5.461022485633098	4665600.0	0.033674789	7.077485141380494
Saltmarsh_2_000000001	4752000.0	1	1	0.7478263439260282	1.4956526878520564	0.7715461191224122	1.5430922382448244	1.0	0.8368144631385803	205279496.09817678	186684491.68532163	186684491.68532163	0.05251147449611593	0.8809109839304923	5.513533960129212	4752000.0	0.033673008	7.145540012327459
Saltmarsh_2_000000001	4838400.0	1	1	0.7500881722953304	1.5001763445906608	0.7738685265041747	1.5477370530083494	1.0	0.8368690609931946	206596643.12180367	187886932.6230432	187886932.6230432	0.05005311624752484	0.8893815468676912	5.563587076376738	4838400.0	0.033664127	7.210408850984253
Saltmarsh_2_000000001	4924800.0	1	1	0.7522389046761311	1.5044778093522622	0.7760766484128546	1.5521532968257092	1.0	0.8370799422264099	207848251.37100524	189065572.1248838	189065572.1248838	0.04787230563857903	0.89745555498584	5.611459382015315	4924800.0	0.033629786	7.272451359091849
Saltmarsh_2_000000001	5011200.0	1	1	0.754308337165507	1.508616674331014	0.7782005080386791	1.5564010160773583	1.0	0.8377564549446106	209041889.29567918	190297980.150915	190297980.150915	0.046312121592942734	0.9051777791616322	5.657771503608258	5011200.0	0.033519357	7.332471868676302
Saltmarsh_2_000000001	5097600.0	1	1	0.756362408888015	1.51272481777603	0.7803063222534238	1.5606126445068476	1.0	0.8396356701850891	210193632.76441103	191768362.02883512	191768362.02883512	0.04619347822293185	0.9126483319212437	5.70396498183119	5097600.0	0.033210674	7.392338616453222
Saltmarsh_2_000000001	5184000.0	1	1	0.758542920877779	1.517085841755558	0.7825357546236982	1.5650715092473964	1.0	0.8442644476890564	211339956.17948136	193868353.06270933	193868353.06270933	0.04924201885233559	0.9200997464612111	5.753207000683526	5184000.0	0.032437646	7.456156272885849
Saltmarsh_2_000000001	5270400.0	1	1	0.761129770713765	1.52225954142753	0.7851650896869345	1.570330179373869	1.0	0.8544617295265198	212560253.65530866	197329403.06092432	197329403.06092432	0.058604097872762884	0.9280429174318587	5.811811098556289	5270400.0	0.030665932	7.532107183728951
Saltmarsh_2_000000001	5356800.0	1	1	0.7646040649908983	1.5292081299817966	0.7886568113021469	1.5773136226042939	1.0	0.8743416666984558	214012509.1180275	203272950.38063848	203272950.38063848	0.07886847776839556	0.9374962741347969	5.890679576324684	5356800.0	0.026891	7.634320730916791
Saltmarsh_2_000000001	5443200.0	1	1	0.7696050104528996	1.5392100209057993	0.793593067570498	1.587186135140996	1.0	0.907239556312561	215970754.5353659	212785005.76841134	212785005.76841134	0.11370657520061345	0.9502184536414433	6.004386151525298	5443200.0	0.019324757	7.781684452376787
Saltmarsh_2_000000001	5529600.0	1	1	0.7706692115544879	1.5413384231089757	0.7946869677626924	1.5893739355253849	1.0	0.8368019461631775	218805136.69765252	198692370.5253694	198692370.5253694	0.024901527787683064	0.968560324839164	6.029287679312981	5529600.0	0.033675054	7.813956832389623
Saltmarsh_2_000000001	5616000.0	1	1	0.7716760428522499	1.5433520857044998	0.7957219058831991	1.5914438117663983	1.0	0.8368019461631775	219410677.61113182	199239934.69337508	199239934.69337508	0.023622513062113604	0.9725771604047618	6.052910192375093	5616000.0	0.033675054	7.8445716093181215
Saltmarsh_2_000000001	5702400.0	1	1	0.7726285906220957	1.5452571812441913	0.796701052903388	1.593402105806776	1.0	0.8368019461631775	219984344.85056388	199758679.82461226	199758679.82461226	0.02240571948326575	0.9763876796397956	6.0753159118583575	5702400.0	0.033675053	7.873609421768432
Saltmarsh_2_000000001	5788800.0	1	1	0.7735297849180336	1.5470595698360672	0.7976274192994545	1.595254838598909	1.0	0.8368021249771118	220527772.1846957	200250125.5829436	200250125.5829436	0.0212487085519405	0.9800019193627775	6.0965646204103	5788800.0	0.033675019	7.9011477480517485
Saltmarsh_2_000000001	5875200.0	1	1	0.7743825202305828	1.5487650404611657	0.7985039779345688	1.5970079558691377	1.0	0.8368048667907715	221042519.57318115	200716254.26268804	200716254.26268804	0.020151748272599246	0.983429523040841	6.116716368682899	5875200.0	0.033674579	7.927264413813036
Saltmarsh_2_000000001	5961600.0	1	1	0.7751902310906924	1.5503804621813848	0.7993342504469002	1.5986685008938004	1.0	0.8368238210678101	221530140.50600672	201161754.56432974	201161754.56432974	0.019128595449052765	0.986680177372596	6.135844964131952	5961600.0	0.033671494	7.95205507351501
Saltmarsh_2_000000001	6048000.0	1	1	0.7759590573974431	1.5519181147948862	0.8001245141563625	1.600249028312725	1.0	0.8369157314300537	221992510.49060565	201602009.738705	201602009.738705	0.018244260543356816	0.9897657881501682	6.1540892246753085	6048000.0	0.033656532	7.9756996351792
Saltmarsh_2_000000001	6134400.0	1	1	0.7767040390246704	1.553408078049341	0.8008901158230266	1.6017802316460532	1.0	0.8372618556022644	222433068.97905487	202083959.0973474	202083959.0973474	0.017711047561432602	0.9927087479253045	6.17180027223674	6134400.0	0.033600125	7.998653152818815
Saltmarsh_2_000000001	6220800.0	1	1	0.7774640134364066	1.5549280268728132	0.8016706289630574	1.6033412579261148	1.0	0.8383452296257019	222860380.43242773	202732429.3896097	202732429.3896097	0.018096451193866492	0.995565695754182	6.189896723430605	6220800.0	0.033422961	8.022106153566066
Saltmarsh_2_000000001	6307200.0	1	1	0.778332497348671	1.556664994697342	0.8025610458586323	1.6051220917172646	1.0	0.8412783741950989	223296714.06291094	203837935.53357154	203837935.53357154	0.020704865087334934	0.9984848125805228	6.210601588517939	6307200.0	0.032938425	8.048939658719249
Saltmarsh_2_000000001	6393600.0	1	1	0.7795124162777455	1.559024832555491	0.8037658028569261	1.6075316057138522	1.0	0.848293125629425	223795870.0809793	205993548.4229167	205993548.4229167	0.028143052592661144	1.0018246895219225	6.2387446411106	6393600.0	0.031749412	8.085413054879337
Saltmarsh_2_000000001	6480000.0	1	1	0.7813903383089693	1.5627806766179386	0.8056668820134444	1.6113337640268888	1.0	0.8631383776664734	224474914.41450432	210226158.91060892	210226158.91060892	0.04476638298906299	1.0063644115639816	6.2835110240996634	6480000.0	0.029075448	8.143430287233164
Saltmarsh_2_000000001	6566400.0	1	1	0.7845700882793508	1.5691401765587016	0.8088371407179596	1.6176742814359193	1.0	0.8902677297592163	225557781.47797546	217854426.530642	217854426.530642	0.07568650956892209	1.013585623084288	6.359197533668587	6566400.0	0.023478246	8.241520003634488
Saltmarsh_2_000000001	6652800.0	1	1	0.7892471074062358	1.5784942148124717	0.8134012055294493	1.6268024110588986	1.0	0.9302146434783936	227397263.2774825	229404385.00930226	227397263.2774825	0.11119179326837325	1.0257945231190393	6.47038932693696	6652800.0	0.01244464	8.3856245677103
Saltmarsh_2_000000001	6739200.0	1	1	0.7892286337977181	1.5784572675954363	0.8133838128204256	1.6267676256408512	1.0	0.8368019461631775	230116488.45337853	208659385.7463699	208659385.7463699	-0.0004338091291593571	1.0437307378610088	6.469955517807799	6739200.0	0.033675054	8.385062351078908
Saltmarsh_2_000000001	6825600.0	1	1	0.7892112987196163	1.5784225974392325	0.8133674920899019	1.6267349841798038	1.0	0.8368019461631775	230105716.08024082	208650741.1345585	208650741.1345585	-0.00040705495816228954	1.0436607606309547	6.4695484628496365	6825600.0	0.033675054	8.384534807853129
Saltmarsh_2_000000001	6912000.0	1	1	0.7891950320153733	1.5783900640307467	0.8133521772746228	1.6267043545492457	1.0	0.8368019461631775	230095607.83889768	208642629.4981305	208642629.4981305	-0.0003819515934671003	1.0435950990841196	6.4691665112561685	6912000.0	0.033675053	8.384039798587994
Saltmarsh_2_000000001	6998400.0	1	1	0.7891797805089358	1.5783595610178716	0.8133378182997743	1.6266756365995485	1.0	0.8368021845817566	230086122.77796832	208635077.41379297	208635077.41379297	-0.00035809986195434185	1.0435334869309192	6.468808411394214	6998400.0	0.033675004	8.383575701166901
Saltmarsh_2_000000001	7084800.0	1	1	0.7891656683582403	1.5783313367164806	0.813324532047321	1.626649064094642	1.0	0.8368059396743774	230077229.85307035	208628877.27994508	208628877.27994508	-0.0003313358721817039	1.043475722271907	6.468477075522031	7084800.0	0.033674397	8.383146289876553
Saltmarsh_2_000000001	7171200.0	1	1	0.7891537994536386	1.5783075989072772	0.8133133577892466	1.6266267155784933	1.0	0.83683180809021	230069001.4225175	208628723.36604276	208628723.36604276	-0.00027865804975468755	1.0434222748799684	6.468198417472275	7171200.0	0.033670187	8.382785149044068
Saltmarsh_2_000000001	7257600.0	1	1	0.7891492414196338	1.5782984828392677	0.8133090665291608	1.6266181330583216	1.0	0.836955726146698	230062081.08473596	208654062.72501186	208654062.72501186	-0.00010701125929224453	1.0433773248843516	6.468091406212983	7257600.0	0.033650008	8.382646462452026
Saltmarsh_2_000000001	7344000.0	1	1	0.7891685635258185	1.578337127051637	0.8133289418879626	1.6266578837759251	1.0	0.8374170660972595	230059423.48425004	208766941.11685094	208766941.11685094	0.0004746425577260016	1.0433600630265287	6.4685660487707075	7344000.0	0.033574795	8.383261599206838
Saltmarsh_2_000000001	7430400.0	1	1	0.789259261386784	1.578518522773568	0.8134221578487443	1.6268443156974886	1.0	0.838843584060669	230070689.50795305	209132784.66761994	209132784.66761994	0.0022272962901552784	1.0434366270479445	6.470793345060861	7430400.0	0.033341135	8.386148175198876
Saltmarsh_2_000000001	7516800.0	1	1	0.7895387212953398	1.5790774425906795	0.8137087307704548	1.6274174615409096	1.0	0.8426535725593567	230123575.84801853	210130770.02597857	210130770.02597857	0.006857940590139222	1.0437959095397535	6.477651285651	7516800.0	0.032708754	8.395036066203696
Saltmarsh_2_000000001	7603200.0	1	1	0.7902593658588571	1.5805187317177143	0.8144438521315966	1.6288877042631933	1.0	0.8516041040420532	230286568.421097	212512156.22487545	212512156.22487545	0.01765862541755725	1.04490215570682	6.495309911068558	7603200.0	0.031172479	8.417921644744853
Saltmarsh_2_000000001	7689600.0	1	1	0.7918858960844695	1.583771792168939	0.8160855535973235	1.632171107194647	1.0	0.8700287938117981	230707144.37509444	217501039.15172693	217501039.15172693	0.03975454837605863	1.047750647382576	6.535064459444617	7689600.0	0.027750821	8.469443539440224
Saltmarsh_2_000000001	7776000.0	1	1	0.7950841976637341	1.5901683953274681	0.8192566012332676	1.6385132024665352	1.0	0.9020780920982361	231657815.34760946	226416865.6227861	226416865.6227861	0.07792092223827085	1.0541634058756597	6.612985381682887	7776000.0	0.020654866	8.570429054661021
Saltmarsh_2_000000001	7862400.0	1	1	0.7992377683951657	1.5984755367903314	0.8232820838428698	1.6465641676857397	1.0	0.945027232170105	233532852.57834777	239019732.06469482	233532852.57834777	0.1009315265549302	1.0667327363368087	6.713916908237817	7862400.0	0.006791639	8.70123631307621
Saltmarsh_2_000000001	7948800.0	1	1	0.7986322071701674	1.5972644143403347	0.822711414287337	1.645422828574674	1.0	0.8368019461631775	235979207.02159077	213688423.4839833	213688423.4839833	-0.014571762347635797	1.0830138797675524	6.699345145890179	7948800.0	0.033675054	8.682351309073672
Saltmarsh_2_000000001	8035200.0	1	1	0.7980638492132599	1.5961276984265198	0.8221758715115614	1.6443517430231227	1.0	0.8368019461631775	235621752.13741538	213401376.65957785	213401376.65957785	-0.01365644297148072	1.08066332626937	6.685688702918698	8035200.0	0.033675054	8.664652558982633
Saltmarsh_2_000000001	8121600.0	1	1	0.7975304204246922	1.5950608408493845	0.8216733004772266	1.6433466009544533	1.0	0.8368019461631775	235286504.33673576	213132187.16722217	213132187.16722217	-0.01279948600526093	1.0784604218413718	6.672889216913438	8121600.0	0.033675052	8.648064425119816
Saltmarsh_2_000000001	8208000.0	1	1	0.7970298002053232	1.5940596004106464	0.821201692435853	1.642403384871706	1.0	0.8368022441864014	234972076.73824984	212879812.74083188	212879812.74083188	-0.011996688409086964	1.0763957521132463	6.66089252850435	8208000.0	0.033674992	8.632516716941637
Saltmarsh_2_000000001	8294400.0	1	1	0.7965602085974129	1.5931204171948259	0.8207593609825602	1.6415187219651204	1.0	0.8368068337440491	234677179.26451403	212644228.1910712	212644228.1910712	-0.011239439746646651	1.0744605807020027	6.649653088757702	8294400.0	0.033674253	8.617950403029983
Saltmarsh_2_000000001	8380800.0	1	1	0.7961211671501338	1.5922423343002676	0.8203458467336672	1.6406916934673343	1.0	0.8368381857872009	234400727.9459965	212430260.59834176	212430260.59834176	-0.010496257172089685	1.0726475601637986	6.639156831585611	8380800.0	0.03366916	8.604347253734952
Saltmarsh_2_000000001	8467200.0	1	1	0.7957170415551607	1.5914340831103213	0.8199652528884462	1.6399305057768925	1.0	0.8369869589805603	234142409.05750644	212260626.40091485	212260626.40091485	-0.009651289510302696	1.070954421514877	6.629505542075307	8467200.0	0.033644931	8.591839182529599
Saltmarsh_2_000000001	8553600.0	1	1	0.7953669932954155	1.590733986590831	0.8196356144248372	1.6392712288496745	1.0	0.8375367522239685	233904759.49332255	212209136.68796757	212209136.68796757	-0.008351900145679547	1.0693975835855174	6.621153641929627	8553600.0	0.033555261	8.581015119940798
Saltmarsh_2_000000001	8640000.0	1	1	0.7951280957877044	1.5902561915754088	0.8194106603551948	1.6388213207103897	1.0	0.8392236232757568	233699008.10170662	212470928.9103949	212470928.9103949	-0.005695704043323424	1.068050348595298	6.615457937886305	8640000.0	0.033278611	8.57363348750065
Saltmarsh_2_000000001	8726400.0	1	1	0.795140404985274	1.590280809970548	0.8194232769839638	1.6388465539679276	1.0	0.843687891960144	233558640.88391468	213487591.3257803	213487591.3257803	0.00030637521798726475	1.0671315814109144	6.615764313104291	8726400.0	0.032534934	8.574030549783162
Saltmarsh_2_000000001	8812800.0	1	1	0.7956799017706725	1.591359803541345	0.8199729057974608	1.6399458115949217	1.0	0.8540457487106323	233565872.27649897	216115196.37145758	216115196.37145758	0.013394979427610476	1.0671810024296775	6.6291592925319005	8812800.0	0.030740196	8.591390443121345
Saltmarsh_2_000000001	8899200.0	1	1	0.7972626566891353	1.5945253133782706	0.8215661729892438	1.6431323459784877	1.0	0.8749455809593201	233882925.17491668	221699853.81110638	221699853.81110638	0.039157538568362016	1.06934173048717	6.6683168311002605	8899200.0	0.026768613	8.642138613105937
Saltmarsh_2_000000001	8985600.0	1	1	0.800578450781739	1.601156901563478	0.8248399354306172	1.6496798708612344	1.0	0.9100067615509033	234814323.6607581	231473824.62268677	231473824.62268677	0.08171093706884824	1.0756581860445857	6.750027768169108	8985600.0	0.018584053	8.748035987547166
Saltmarsh_2_000000001	9072000.0	1	1	0.8044458275508318	1.6088916551016637	0.8285713562339896	1.6571427124679792	1.0	0.9538601040840149	236771558.25736263	244538074.3658175	236771558.25736263	0.09501891203677615	1.088838879250037	6.845046680205884	9072000.0	0.002692497	8.871180497546826
Saltmarsh_2_000000001	9158400.0	1	1	0.8035423648826917	1.6070847297653834	0.8277198211361674	1.6554396422723348	1.0	0.8368019461631775	239064641.55298948	216429965.1891253	216429965.1891253	-0.022016439982368352	1.104166265927995	6.823030240223515	9158400.0	0.033675054	8.842647191329675
Saltmarsh_2_000000001	9244800.0	1	1	0.8026943567763233	1.6053887135526466	0.8269207015059648	1.6538414030119295	1.0	0.8368019461631775	238527962.2987809	215998948.7790101	215998948.7790101	-0.02062007651911646	1.100614820414167	6.8024101637043985	9244800.0	0.033675054	8.8159235721609
Saltmarsh_2_000000001	9331200.0	1	1	0.801898424677644	1.603796849355288	0.8261707867243064	1.6523415734486129	1.0	0.8368019461631775	238024773.11793804	215594882.99791533	215594882.99791533	-0.01931420562538344	1.0972886206149601	6.783095958079015	9331200.0	0.033675052	8.790892361670403
Saltmarsh_2_000000001	9417600.0	1	1	0.8011514151580756	1.6023028303161513	0.8254670819006068	1.6509341638012136	1.0	0.8368023633956909	237552968.05828917	215216174.1458897	215216174.1458897	-0.018092198553127714	1.0941730692825762	6.765003759525888	9417600.0	0.033674985	8.76744487234555
Saltmarsh_2_000000001	9504000.0	1	1	0.8004505894438875	1.600901178887775	0.8248069859178848	1.6496139718357696	1.0	0.8368074297904968	237110588.65167692	214862327.06488234	214862327.06488234	-0.016943003120197808	1.0912546384446096	6.748060756405687	9504000.0	0.033674154	8.74548674030177
Saltmarsh_2_000000001	9590400.0	1	1	0.7997947137730415	1.599589427546083	0.824189317659779	1.648378635319558	1.0	0.8368423581123352	236695934.16173074	214538426.80626646	214538426.80626646	-0.015829448911561572	1.0885215829428938	6.732231307494125	9590400.0	0.033668475	8.724971774512385
Saltmarsh_2_000000001	9676800.0	1	1	0.7991879568339685	1.598375913667937	0.8236179845104009	1.6472359690208018	1.0	0.8370074033737183	236308203.78870186	214269455.37122014	214269455.37122014	-0.014620876678207662	1.0859681535343084	6.717610430815917	9676800.0	0.033641596	8.706023118337429
Saltmarsh_2_000000001	9763200.0	1	1	0.7986507814894455	1.597301562978891	0.8231122331541751	1.6462244663083503	1.0	0.8376139402389526	235949793.6808201	214136801.2363444	214136801.2363444	-0.012925671280676676	1.0836096774623987	6.704684759535239	9763200.0	0.03354265	8.689271448357669
Saltmarsh_2_000000001	9849600.0	1	1	0.7982450138422962	1.5964900276845924	0.8227302413535611	1.6454604827071222	1.0	0.8394639492034912	235632712.28780127	214354494.58954754	214354494.58954754	-0.009752179991180165	1.081524652938918	6.694932579544059	9849600.0	0.033239001	8.6766326230891
Saltmarsh_2_000000001	9936000.0	1	1	0.7981226532625179	1.5962453065250357	0.8226150570599794	1.6452301141199588	1.0	0.8443273305892944	235393338.9726677	215402536.63540336	215402536.63540336	-0.002938857310139875	1.0799515404871567	6.691993722233917	9936000.0	0.032427014	8.672823864015157
Saltmarsh_2_000000001	10022400.0	1	1	0.7985829172695993	1.5971658345391986	0.8230834295580981	1.6461668591161962	1.0	0.8555128574371338	235321179.02833766	218196963.0055393	218196963.0055393	0.011507338086609975	1.0794774769410866	6.703501060320527	10022400.0	0.030477548	8.687737374175404
Saltmarsh_2_000000001	10108800.0	1	1	0.8001623222268794	1.6003246444537589	0.8246703039829032	1.6493406079658064	1.0	0.8777880668640137	235592668.87670678	224132144.42614678	224132144.42614678	0.039327010291701825	1.081333711839032	6.742828070612228	10108800.0	0.026185597	8.738705179513447
Saltmarsh_2_000000001	10195200.0	1	1	0.8035541686631739	1.6071083373263477	0.8280103541181226	1.6560207082362453	1.0	0.9143271446228027	236525481.68673697	234355331.7347013	234355331.7347013	0.08409915399673262	1.087677504676774	6.82692722460896	10195200.0	0.017385497	8.847697683093212
Saltmarsh_2_000000001	10281600.0	1	1	0.8072531209855868	1.6145062419711735	0.8315702324406253	1.6631404648812507	1.0	0.9582221508026123	238534970.14929017	247569061.12222838	238534970.14929017	0.0914314124574489	1.101243438289002	6.918358637066409	10281600.0	0.000384142	8.966192793638065
Saltmarsh_2_000000001	10368000.0	1	1	0.8061974007616919	1.6123948015233838	0.8305754640519721	1.6611509281039443	1.0	0.8368019461631775	240736091.8739426	218018049.3797872	218018049.3797872	-0.025901882815881905	1.1159921297148179	6.892456754250526	10368000.0	0.033675054	8.932623953508681
Saltmarsh_2_000000001	10454400.0	1	1	0.805206496179699	1.610412992359398	0.8296419717871374	1.6592839435742748	1.0	0.8368019461631775	240106837.5139358	217512784.55504012	217512784.55504012	-0.02425000530484689	1.1118139280800474	6.8682067489456795	10454400.0	0.033675054	8.901195946633601
Saltmarsh_2_000000001	10540800.0	1	1	0.8042764623331339	1.6085529246662678	0.8287660027155893	1.6575320054311786	1.0	0.8368019461631775	239516965.23552915	217039216.2076842	217039216.2076842	-0.022706107785908092	1.107902188824329	6.845500641159772	10540800.0	0.033675052	8.871768830943065
Saltmarsh_2_000000001	10627200.0	1	1	0.8034036126976111	1.6068072253952221	0.8279440521768843	1.6558881043537685	1.0	0.8368023633956909	238963988.4786797	216595442.4652622	216595442.4652622	-0.02126228149840248	1.1042394938247135	6.8242383596613685	10627200.0	0.033674981	8.844212914121135
Saltmarsh_2_000000001	10713600.0	1	1	0.8025847196630049	1.6051694393260099	0.8271730519579743	1.6543461039159486	1.0	0.8368076682090759	238445593.47802445	216180748.26478705	216180748.26478705	-0.019905959387008565	1.1008097007109439	6.80433240027436	10713600.0	0.033674109	8.81841479075557
Saltmarsh_2_000000001	10800000.0	1	1	0.801818147656517	1.603636295313034	0.8264514361638974	1.6529028723277948	1.0	0.8368441462516785	237959755.67611918	215800269.6235207	215800269.6235207	-0.01859734617177322	1.0975986942893767	6.7857350541025845	10800000.0	0.033668169	8.79431263011695
Saltmarsh_2_000000001	10886400.0	1	1	0.8011079041101796	1.6022158082203592	0.825782952249078	1.651565904498156	1.0	0.8370160460472107	237505408.19407213	215479938.07411885	215479938.07411885	-0.017199088324628686	1.094598778695223	6.768535965777955	10886400.0	0.033640194	8.77202261164823
Saltmarsh_2_000000001	10972800.0	1	1	0.8004748209169543	1.6009496418339086	0.8251871788515809	1.6503743577031618	1.0	0.8376442790031433	237084834.09436172	215303901.54361483	215303901.54361483	-0.01530490667840878	1.091824414396483	6.753231059099547	10972800.0	0.033537692	8.752187452593013
Saltmarsh_2_000000001	11059200.0	1	1	0.7999821960270899	1.5999643920541797	0.8247236428815304	1.6494472857630609	1.0	0.8395513296127319	236710265.0349727	215492606.71928343	215492606.71928343	-0.011892564669659711	1.089355598266077	6.741338494429886	11059200.0	0.033224595	8.736774688781134
Saltmarsh_2_000000001	11145600.0	1	1	0.7997851706952355	1.599570341390471	0.8245382656133774	1.6490765312267548	1.0	0.8445388078689575	236419004.18935972	216536977.98649037	216536977.98649037	-0.0047523329978396145	1.0874372229302915	6.736586161432047	11145600.0	0.032391231	8.730615665215934
Saltmarsh_2_000000001	11232000.0	1	1	0.8001899160345796	1.6003798320691591	0.8249498282475739	1.6498996564951478	1.0	0.8559452295303345	236302564.60634106	219366013.81900132	219366013.81900132	0.010159439297796613	1.08667062979721	6.746745600729843	11232000.0	0.030399714	8.743782298545877
Saltmarsh_2_000000001	11318400.0	1	1	0.8017325390973473	1.6034650781946946	0.8264983235122043	1.6529966470244086	1.0	0.8785108923912048	236541795.25465426	225373047.38609484	225373047.38609484	0.03855580017146387	1.0883094367590103	6.785301400901307	11318400.0	0.026035472	8.793750615568095
Saltmarsh_2_000000001	11404800.0	1	1	0.8051003310967066	1.6102006621934133	0.8298113839608884	1.6596227679217768	1.0	0.9152288436889648	237454694.92343968	235667064.3653706	235667064.3653706	0.08380649520914418	1.094528826617709	6.86910789611045	11404800.0	0.017128476	8.902363833359143
Saltmarsh_2_000000001	11491200.0	1	1	0.8086971660101933	1.6173943320203865	0.8332699975491465	1.666539995098293	1.0	0.9589086771011353	239453809.6045904	248866499.2607762	239453809.6045904	0.08922149623085063	1.1080475517921013	6.9583293923413	11491200.0	0.0	9.017994892474325
Saltmarsh_2_000000001	11577600.0	1	1	0.8075719066335155	1.615143813267031	0.8322102534594721	1.6644205069189442	1.0	0.8368019461631775	241598137.9333442	218947042.04903078	218947042.04903078	-0.02770455403815042	1.1224397642833044	6.93062483830315	11577600.0	0.033675054	8.982089790440883
Saltmarsh_2_000000001	11664000.0	1	1	0.8065157935862305	1.613031587172461	0.8312158614093175	1.662431722818635	1.0	0.8368019461631775	240926263.61077595	218407757.0871133	218407757.0871133	-0.025931990481308898	1.1179707759168753	6.904692847821842	11664000.0	0.033675054	8.948481930777108
Saltmarsh_2_000000001	11750400.0	1	1	0.8055246172607051	1.6110492345214102	0.8302828160038584	1.660565632007717	1.0	0.8368019461631775	240296526.51575646	217902379.0505787	217902379.0505787	-0.02427582239783055	1.113787717650724	6.880417025424011	11750400.0	0.033675052	8.917020464949518
Saltmarsh_2_000000001	11836800.0	1	1	0.8045944420770115	1.609188884154023	0.8294073754040486	1.6588147508080973	1.0	0.8368023633956909	239706259.4051733	217428860.2647386	217428860.2647386	-0.022727512547023876	1.1098718138707169	6.857689512876986	11836800.0	0.033674982	8.887565608688574
Saltmarsh_2_000000001	11923200.0	1	1	0.8037218031687566	1.6074436063375133	0.8285862456926542	1.6571724913853083	1.0	0.8368076086044312	239152980.03149468	216986338.26043218	216986338.26043218	-0.021273974792610284	1.1062056660947712	6.836415538084376	11923200.0	0.033674118	8.859994537357352
Saltmarsh_2_000000001	12009600.0	1	1	0.8029048272065011	1.6058096544130023	0.8278176344565619	1.6556352689131237	1.0	0.8368436694145203	238634505.10108998	216579767.79924792	216579767.79924792	-0.019875147753505296	1.102773986749745	6.81654039033087	12009600.0	0.033668262	8.834236345868808
Saltmarsh_2_000000001	12096000.0	1	1	0.8021471665734771	1.6042943331469541	0.827104949529903	1.654209899059806	1.0	0.8370122313499451	238149612.02787146	216234384.23959446	216234384.23959446	-0.01839602931783202	1.0995679505158042	6.798144361013038	12096000.0	0.033640808	8.810395091872897
Saltmarsh_2_000000001	12182400.0	1	1	0.8014689001032309	1.6029378002064618	0.8264670461059672	1.6529340922119344	1.0	0.837626039981842	237700364.63202295	216032325.2588004	216032325.2588004	-0.016438882807778166	1.09660050910178	6.78170547820526	12182400.0	0.033540674	8.789090299754017
Saltmarsh_2_000000001	12268800.0	1	1	0.800931230350038	1.601862460700076	0.8259614401218063	1.6519228802436126	1.0	0.8394807577133179	237298553.0160098	216187446.5788791	216187446.5788791	-0.013011539748321255	1.0939487726427166	6.768693938456938	12268800.0	0.033236224	8.772227344240191
Saltmarsh_2_000000001	12355200.0	1	1	0.800683892350076	1.601367784700152	0.8257288721401373	1.6514577442802747	1.0	0.8443116545677185	236980273.77203438	217174042.38208792	217174042.38208792	-0.005979684869322988	1.0918498967797625	6.762714253587616	12355200.0	0.032429652	8.76447767264955
Saltmarsh_2_000000001	12441600.0	1	1	0.801023729961167	1.602047459922334	0.8260743369933566	1.6521486739867133	1.0	0.8553255796432495	236833931.1790477	219887121.55945957	219887121.55945957	0.008550286808183705	1.090885320989114	6.771264540395797	12441600.0	0.030511194	8.775558844352952
Saltmarsh_2_000000001	12528000.0	1	1	0.8024648569803309	1.6049297139606618	0.8275211728900433	1.6550423457800867	1.0	0.8771042227745056	237035014.67398304	225673789.11792287	225673789.11792287	0.03610438809581695	1.0922645574937975	6.807368928491613	12528000.0	0.026326913	8.82235013132513
Saltmarsh_2_000000001	12614400.0	1	1	0.8056811968791598	1.6113623937583197	0.8306874375819253	1.6613748751638506	1.0	0.9127549529075623	237888684.3882483	235662486.8580606	235662486.8580606	0.08022392127803513	1.098088513012268	6.887592849769646	12614400.0	0.017827845	8.926320333301462
Saltmarsh_2_000000001	12700800.0	1	1	0.8092199789795596	1.618439957959119	0.8340930162327947	1.6681860324655895	1.0	0.9560474753379822	239799457.70530856	248702906.36547166	239799457.70530856	0.0879679510416207	1.111029337484922	6.975560800811268	12700800.0	0.001562272	9.040326797851403
Saltmarsh_2_000000001	12787200.0	1	1	0.8080811808857365	1.616162361771473	0.8330212556003705	1.666042511200741	1.0	0.8368019461631775	241910619.47612667	219429127.4893696	219429127.4893696	-0.028073704659056675	1.1252193421059047	6.947487096152209	12787200.0	0.033675054	9.003943276613262
Saltmarsh_2_000000001	12873600.0	1	1	0.8070124542413699	1.6140249084827398	0.832015680955168	1.664031361910336	1.0	0.8368019461631775	241230227.2076821	218883276.07595518	218883276.07595518	-0.026274426116021488	1.1206908064957974	6.921212670036187	12873600.0	0.033675054	8.969891620366898
Saltmarsh_2_000000001	12960000.0	1	1	0.8060095283015973	1.6120190566031947	0.831072230644247	1.662144461288494	1.0	0.8368019461631775	240592571.747422	218371798.89532557	218371798.89532557	-0.02459351587170544	1.1164525103483334	6.896619154164481	12960000.0	0.033675052	8.938018423797168
Saltmarsh_2_000000001	13046400.0	1	1	0.8050684102180844	1.6101368204361688	0.830187110232324	1.660374220464648	1.0	0.8368023633956909	239994943.81108359	217892615.27448782	217892615.27448782	-0.0230222834428484	1.1124853598152875	6.873596870721632	13046400.0	0.033674986	8.908181544455235
Saltmarsh_2_000000001	13132800.0	1	1	0.804185562644812	1.608371125289624	0.8293569587727897	1.6587139175455794	1.0	0.8368072509765625	239434822.09665066	217444741.395375	217444741.395375	-0.021547955922986528	1.1087716628998616	6.852048914798644	13132800.0	0.03367418	8.880255393579043
Saltmarsh_2_000000001	13219200.0	1	1	0.8033589439956518	1.6067178879913036	0.828579825896121	1.657159651792242	1.0	0.8368406891822815	238909975.8957209	217032614.31510383	217032614.31510383	-0.020132716411952467	1.1052957879874716	6.83191619838669	13219200.0	0.033668747	8.85416339310915
Saltmarsh_2_000000001	13305600.0	1	1	0.8025916250642791	1.6051832501285581	0.8278585694812481	1.6557171389624963	1.0	0.83699631690979	238419079.3850219	216679360.86229092	216679360.86229092	-0.01865139935086435	1.102048203662319	6.813264799035824	13305600.0	0.033643401	8.82999117955043
Saltmarsh_2_000000001	13392000.0	1	1	0.8019017345321368	1.6038034690642735	0.8272101979298905	1.654420395859781	1.0	0.83756023645401	237963850.4828824	216460131.66401482	216460131.66401482	-0.01673891049463605	1.09903956881471	6.796525888541186	13392000.0	0.033551423	8.808297551549378
Saltmarsh_2_000000001	13478400.0	1	1	0.8013448612712828	1.6026897225425656	0.8266869108103192	1.6533738216206384	1.0	0.8392563462257385	237554929.07319343	216569786.32581502	216569786.32581502	-0.013490503620437577	1.0963394352495126	6.783035384920748	13478400.0	0.033273219	8.79081385885729
Saltmarsh_2_000000001	13564800.0	1	1	0.8010569198793636	1.6021138397587271	0.8264163611658243	1.6528327223316486	1.0	0.8436574935913086	237225107.9761591	217439027.80212823	217439027.80212823	-0.0069681592884627275	1.0941632982991039	6.776067225632284	13564800.0	0.032540057	8.781783124419439
Saltmarsh_2_000000001	13651200.0	1	1	0.8013098959096421	1.6026197918192842	0.8266735839293305	1.653347167858661	1.0	0.8536787629127502	237054657.87664524	219882508.99455413	219882508.99455413	0.006373272086697801	1.093039272886073	6.782440497718982	13651200.0	0.030805546	8.790042885043801
Saltmarsh_2_000000001	13737600.0	1	1	0.8025725863950156	1.6051451727900312	0.8279428730357888	1.6558857460715777	1.0	0.8735879063606262	237204406.57497823	225149933.33526623	225149933.33526623	0.031682328917879365	1.0940673377584518	6.81412282663686	13737600.0	0.027043076	8.83110318332137
Saltmarsh_2_000000001	13824000.0	1	1	0.8054914093947282	1.6109828187894564	0.8308234398829868	1.6616468797659736	1.0	0.9067900776863098	237952560.9025548	234419127.76428208	234419127.76428208	0.07291766260401045	1.0991779762173999	6.887040489240869	13824000.0	0.019443182	8.925604474056167
Saltmarsh_2_000000001	13910400.0	1	1	0.809006334035554	1.618012668071108	0.8342156424078212	1.6684312848156424	1.0	0.9491106271743774	239686495.96384132	247044307.35869068	239686495.96384132	0.0874922429483489	1.1109402368708576	6.9745327321892185	13910400.0	0.004980659	9.038994420917227
Saltmarsh_2_000000001	13996800.0	1	1	0.8078988846201715	1.615797769240343	0.8331742396785687	1.6663484793571375	1.0	0.8368019461631775	241782901.0322076	219553195.2077597	219553195.2077597	-0.027287529551365708	1.1250535055901643	6.947245202637852	13996800.0	0.033675054	9.003629782618656
Saltmarsh_2_000000001	14083200.0	1	1	0.806859693142048	1.613719386284096	0.8321972532417182	1.6643945064834365	1.0	0.8368019461631775	241121400.49480692	219022815.22891137	219022815.22891137	-0.025537710798712032	1.1206517869432688	6.921707491839141	14083200.0	0.033675054	8.970532909423525
Saltmarsh_2_000000001	14169600.0	1	1	0.8058845917470097	1.6117691834940193	0.8312807232120007	1.6625614464240015	1.0	0.8368019461631775	240501495.8117002	218525870.62825683	218525870.62825683	-0.02390297631829763	1.1165323294595817	6.897804515520843	14169600.0	0.033675052	8.939554652115012
Saltmarsh_2_000000001	14256000.0	1	1	0.804969678501878	1.609939357003756	0.8304209452353171	1.6608418904706341	1.0	0.8368022441864014	239920548.12100783	218060308.13480058	218060308.13480058	-0.022375028359245652	1.1126765690332485	6.875429487161598	14256000.0	0.033674994	8.91055661536143
Saltmarsh_2_000000001	14342400.0	1	1	0.8041114831545132	1.6082229663090264	0.8296146255266099	1.6592292510532198	1.0	0.8368065357208252	239376098.2390518	217625103.55937284	217625103.55937284	-0.020941762261788455	1.1090672800586527	6.85448772489981	14342400.0	0.033674295	8.883416091470155
Saltmarsh_2_000000001	14428800.0	1	1	0.8033078413237698	1.6066156826475395	0.8288597012269338	1.6577194024538675	1.0	0.8368353843688965	238865962.3871438	217223826.7054627	217223826.7054627	-0.01957005599100503	1.1056891895183185	6.834917668908803	14428800.0	0.033669597	8.858053298905809
Saltmarsh_2_000000001	14515200.0	1	1	0.8025610048035424	1.6051220096070848	0.828158260035367	1.656316520070734	1.0	0.8369691371917725	238388748.07531232	216876137.24896613	216876137.24896613	-0.018151681025645683	1.1025323672704763	6.816765987883157	14515200.0	0.033647823	8.834528720296571
Saltmarsh_2_000000001	14601600.0	1	1	0.8018860434033038	1.6037720868066077	0.8275244260758594	1.6550488521517188	1.0	0.8374506831169128	237945693.3630632	216645720.78314996	216645720.78314996	-0.01637573747049692	1.0996043413862466	6.800390250412658	14601600.0	0.033569318	8.813305764534805
Saltmarsh_2_000000001	14688000.0	1	1	0.8013296606946684	1.6026593213893368	0.8270020177155344	1.6540040354310688	1.0	0.8388904333114624	237545632.50138748	216696938.0931925	216696938.0931925	-0.013478100359803014	1.0969627908257655	6.786912150052853	14688000.0	0.033333439	8.795838146468498
Saltmarsh_2_000000001	14774400.0	1	1	0.8010061296696337	1.6020122593392674	0.8266982725347226	1.6533965450694452	1.0	0.8426098823547363	237216108.2947422	217391974.76455125	217391974.76455125	-0.00782878080768934	1.0947886546304457	6.779083369245162	14774400.0	0.032716065	8.785692046541731
Saltmarsh_2_000000001	14860800.0	1	1	0.8011478149237193	1.6022956298474387	0.8268424386363845	1.653684877272769	1.0	0.8510729074478149	237024598.4044694	219419436.32459143	219419436.32459143	0.003571378230063038	1.093525803392894	6.782654747475226	14860800.0	0.031265756	8.790320552727893
Saltmarsh_2_000000001	14947200.0	1	1	0.8021525328180016	1.6043050656360032	0.8278547939502202	1.6557095879004404	1.0	0.8680222630500793	237108457.58942506	223866926.40861812	223866926.40861812	0.025232733913558958	1.0941018981295316	6.807887481388784	14947200.0	0.028142567	8.823022175879863
Saltmarsh_2_000000001	15033600.0	1	1	0.8046100724434089	1.6092201448868177	0.8302910452768432	1.6605820905536863	1.0	0.8970944285392761	237703545.00240877	231927123.74984473	231927123.74984473	0.061463458591376474	1.0981721601578471	6.86935093998016	15033600.0	0.02188112	8.902678818214289
Saltmarsh_2_000000001	15120000.0	1	1	0.808130416196637	1.616260832393274	0.8337074084272096	1.6674148168544192	1.0	0.9368736147880554	239162271.88044578	243619614.01512003	239162271.88044578	0.08772460249515723	1.1080867569070716	6.957075542475318	15120000.0	0.01005758	9.016369903048012
Saltmarsh_2_000000001	15206400.0	1	1	0.8070947464422245	1.614189492884449	0.832734421220581	1.665468842441162	1.0	0.8368019461631775	241259623.77659717	219354326.2129739	219354326.2129739	-0.025465876201173243	1.1222375072660427	6.931609666274145	15206400.0	0.033675054	8.983366127491292
Saltmarsh_2_000000001	15292800.0	1	1	0.8061230395984531	1.6122460791969062	0.8318217289467171	1.6636434578934343	1.0	0.8368019461631775	240641641.37849104	218859176.754225	218859176.754225	-0.023833753563957893	1.1181296373350829	6.907775912710186	15292800.0	0.033675054	8.952477582872401
Saltmarsh_2_000000001	15379200.0	1	1	0.8052113803281362	1.6104227606562724	0.8309656170990812	1.6619312341981625	1.0	0.8368019461631775	240062546.1274974	218395260.0880906	218395260.0880906	-0.022308742707731755	1.1142850431481848	6.885467170002453	15379200.0	0.033675053	8.92356545232318
Saltmarsh_2_000000001	15465600.0	1	1	0.8043561016867615	1.608712203373523	0.8301626094233495	1.660325218846699	1.0	0.8368021845817566	239519870.92485213	217960648.11421525	217960648.11421525	-0.02088320606141547	1.1106864466324917	6.864583963941036	15465600.0	0.033675007	8.896500817267583
Saltmarsh_2_000000001	15552000.0	1	1	0.8035539138382876	1.6071078276765751	0.829409588116353	1.658819176232706	1.0	0.8368055820465088	239011315.18956715	217554244.867194	217554244.867194	-0.019546577386601705	1.1073178017225718	6.845037386554434	15552000.0	0.033674451	8.871168452974548
Saltmarsh_2_000000001	15638400.0	1	1	0.8028025882360732	1.6056051764721464	0.8287044352428113	1.6574088704856227	1.0	0.8368282914161682	238534818.85983294	217178577.49141833	217178577.49141833	-0.01827187932314045	1.1041647667802321	6.826765507231293	15638400.0	0.033670763	8.847488097371757
Saltmarsh_2_000000001	15724800.0	1	1	0.8021033443215014	1.6042066886430029	0.8280482711094517	1.6560965422189033	1.0	0.836932361125946	238088965.68446204	216848554.54397556	216848554.54397556	-0.016974579132993384	1.1012173518528712	6.8097909280983	15724800.0	0.033653819	8.825489042815397
Saltmarsh_2_000000001	15811200.0	1	1	0.8014672470955673	1.6029344941911345	0.8274514537517018	1.6549029075034036	1.0	0.8373035788536072	237674393.6352458	216612646.84824088	216612646.84824088	-0.015415968621218523	1.098479202862423	6.794374959477081	15811200.0	0.033593325	8.805509947482298
Saltmarsh_2_000000001	15897600.0	1	1	0.800929325334754	1.601858650669508	0.8269468168607573	1.6538936337215147	1.0	0.8384034633636475	237297574.17348167	216594978.19432795	216594978.19432795	-0.013017580491657021	1.0959924714632967	6.781357378985424	15897600.0	0.033413406	8.78863916316511
Saltmarsh_2_000000001	15984000.0	1	1	0.8005753898538764	1.6011507797077529	0.82661481556984	1.65322963113968	1.0	0.8412238955497742	236979146.45800406	217067399.47777283	217067399.47777283	-0.008555623786419941	1.0938926211752842	6.772801755199003	15984000.0	0.032947502	8.777551074737909
Saltmarsh_2_000000001	16070400.0	1	1	0.8005844993257428	1.6011689986514857	0.8266240951688938	1.6532481903377876	1.0	0.8476213216781616	236769747.71831173	218548419.50232926	218548419.50232926	0.0002295737426012412	1.0925125237690452	6.773031328941605	16070400.0	0.031865221	8.777848602308321
Saltmarsh_2_000000001	16156800.0	1	1	0.8012556322109283	1.6025112644218567	0.82730264978543	1.65460529957086	1.0	0.860532283782959	236775135.99193093	221882306.810067	221882306.810067	0.01686197801635947	1.0925495560339755	6.789893306957964	16156800.0	0.029561834	8.799701725817522
Saltmarsh_2_000000001	16243200.0	1	1	0.8030721283880744	1.6061442567761488	0.8291155660856201	1.6582311321712402	1.0	0.8833935260772705	237172281.29437515	228148405.89368907	228148405.89368907	0.04547248799502435	1.095269541473421	6.835365794952988	16243200.0	0.025000745	8.858634070259074
Saltmarsh_2_000000001	16329600.0	1	1	0.806565696641399	1.613131393282798	0.8325381711439052	1.6650763422878103	1.0	0.9173988699913025	238248868.77946582	237958432.0285519	237958432.0285519	0.08718750619784665	1.1026046539449128	6.922553301150835	16329600.0	0.016499588	8.971629078291482
Saltmarsh_2_000000001	16416000.0	1	1	0.8056437281413493	1.6112874562826986	0.8316729200069182	1.6633458400138363	1.0	0.8368019461631775	240326264.06560245	218816648.4062579	218816648.4062579	-0.022585523913390082	1.1166687659446797	6.899967777237444	16416000.0	0.033675054	8.942358239299729
Saltmarsh_2_000000001	16502400.0	1	1	0.8047788343789329	1.6095576687578659	0.8308613962675667	1.6617227925351334	1.0	0.8368019461631775	239777154.15865418	218377020.2815298	218377020.2815298	-0.02114042077719036	1.1130255221848395	6.878827356460253	16502400.0	0.033675054	8.914960253972488
Saltmarsh_2_000000001	16588800.0	1	1	0.8039675105252718	1.6079350210505436	0.8301002814571946	1.6602005629143892	1.0	0.8368019461631775	239262607.98627964	217965124.9995239	217965124.9995239	-0.019789761280156082	1.1096153862777756	6.859037595180094	16588800.0	0.033675053	8.889312723353402
Saltmarsh_2_000000001	16675200.0	1	1	0.8032064732590859	1.6064129465181718	0.8293864689750509	1.6587729379501017	1.0	0.8368021249771118	238780434.24171138	217579243.7591033	217579243.7591033	-0.01852690483787023	1.1064231236333868	6.840510690342223	16675200.0	0.033675021	8.865301854683521
Saltmarsh_2_000000001	16761600.0	1	1	0.8024927433250983	1.6049854866501967	0.8287171409987527	1.6574342819975054	1.0	0.8368044495582581	238328588.1213792	217218240.415449	217218240.415449	-0.01734336876903053	1.1034345708462756	6.82316732157319	16761600.0	0.033674644	8.842824848758854
Saltmarsh_2_000000001	16848000.0	1	1	0.8018240894207481	1.6036481788414962	0.8280901841402126	1.6561803682804253	1.0	0.8368195295333862	237905218.34877595	216883371.86859795	216883371.86859795	-0.016220073499195742	1.1006369328421854	6.8069472480739925	16848000.0	0.033672176	8.821803633503894
Saltmarsh_2_000000001	16934400.0	1	1	0.8012005888361492	1.6024011776722984	0.8275056516782613	1.6550113033565226	1.0	0.8368880152702332	237508928.21010563	216584018.59419367	216584018.59419367	-0.015100399279149856	1.0980204922501182	6.791846848794843	16934400.0	0.033661043	8.802233516038116
Saltmarsh_2_000000001	17020800.0	1	1	0.8006285936791437	1.6012571873582875	0.8269694795050325	1.653938959010065	1.0	0.8371273875236511	237139696.65138698	216350463.43094924	216350463.43094924	-0.013832347808131251	1.0955846649628775	6.7780145009867105	17020800.0	0.033622055	8.784306793278777
Saltmarsh_2_000000001	17107200.0	1	1	0.8001293144798995	1.600258628959799	0.826501527169128	1.653003054338256	1.0	0.8378229141235352	236801218.77032512	216259129.0428292	216259129.0428292	-0.012057740322619193	1.0933533855367652	6.765956760664091	17107200.0	0.033508495	8.768679961820663
Saltmarsh_2_000000001	17193600.0	1	1	0.7997546388261612	1.5995092776523223	0.8261503957808622	1.6523007915617245	1.0	0.839573085308075	236505968.1155305	216473943.16474578	216473943.16474578	-0.009038650090883005	1.0914083659146119	6.756918110573208	17193600.0	0.033220993	8.756965871302878
Saltmarsh_2_000000001	17280000.0	1	1	0.7996123012165226	1.5992246024330452	0.8260170105339081	1.6520340210678162	1.0	0.8434838652610779	236284523.20843378	217303765.64618364	217303765.64618364	-0.0034315238839135453	1.0899503521148317	6.753486586689294	17280000.0	0.032569296	8.752518616349326
Saltmarsh_2_000000001	17366400.0	1	1	0.7998869693445414	1.5997739386890828	0.8262959331204153	1.6525918662408305	1.0	0.8513402342796326	236200424.4618295	219259346.52853006	219259346.52853006	0.006899915527704303	1.089396817114946	6.760386502216997	17366400.0	0.031218846	8.761460906873229
Saltmarsh_2_000000001	17452800.0	1	1	0.8008772959186139	1.6017545918372278	0.827293392934868	1.654586785869736	1.0	0.8655323386192322	236362722.79304925	223064179.48325205	223064179.48325205	0.024811063207438977	1.0905098342088213	6.785197565424435	17452800.0	0.028621745	8.793616044790069
Saltmarsh_2_000000001	17539200.0	1	1	0.8029914836529599	1.6059829673059198	0.8293957662279905	1.658791532455981	1.0	0.8882465958595276	236948358.50766978	229466409.5957128	229466409.5957128	0.05281997093702673	1.0945120770415373	6.838017536361461	17539200.0	0.023934336	8.862070727124454
Saltmarsh_2_000000001	17625600.0	1	1	0.8023030473953916	1.6046060947907832	0.8287505169778867	1.6575010339557734	1.0	0.8368019461631775	238201021.14157268	217262418.50900427	217262418.50900427	-0.016720310624402268	1.1030324031694236	6.821297225737058	17625600.0	0.033675054	8.840401204555228
Saltmarsh_2_000000001	17712000.0	1	1	0.8016573617381055	1.603314723476211	0.828145429784605	1.65629085956921	1.0	0.8368019461631775	237792757.97327027	216935862.88019824	216935862.88019824	-0.015655955525982757	1.100335269926974	6.8056412702110745	17712000.0	0.033675054	8.820111086193553
Saltmarsh_2_000000001	17798400.0	1	1	0.801051788300035	1.60210357660007	0.8275780149872687	1.6551560299745374	1.0	0.8368019461631775	237410165.40993896	216629874.6480035	216629874.6480035	-0.014660453288206643	1.0978098265282241	6.7909808169228665	17798400.0	0.033675054	8.801111138732034
Saltmarsh_2_000000001	17884800.0	1	1	0.8004838528084561	1.6009677056169123	0.8270459390555063	1.6540918781110125	1.0	0.8368020057678223	237051620.7369475	216343165.04237512	216343165.04237512	-0.013729141188971505	1.0954449664008472	6.777251675733895	17884800.0	0.033675038	8.783318171751128
Saltmarsh_2_000000001	17971200.0	1	1	0.7999512831552626	1.5999025663105253	0.8265470599399268	1.6530941198798537	1.0	0.8368030786514282	236715606.74825755	216074761.33937204	216074761.33937204	-0.012856528413763613	1.0932303351106238	6.7643951473201325	17971200.0	0.03367486	8.766656110926892
Saltmarsh_2_000000001	18057600.0	1	1	0.7994521981821427	1.5989043963642855	0.8260796035942726	1.6521592071885451	1.0	0.8368098735809326	236400733.1598166	215824760.43240613	215824760.43240613	-0.012032661778003328	1.091156463940034	6.752362485542129	18057600.0	0.033673756	8.7510617812626
Saltmarsh_2_000000001	18144000.0	1	1	0.7989857026830361	1.5979714053660723	0.8256427208213585	1.651285441642717	1.0	0.8368386626243591	236105847.08049068	215596423.57325003	215596423.57325003	-0.011233371841568252	1.0892154897078183	6.741129113700561	18144000.0	0.033669076	8.736503331355927
Saltmarsh_2_000000001	18230400.0	1	1	0.7985532431436755	1.597106486287351	0.825237756158066	1.650475512316132	1.0	0.8369321823120117	235830383.00605884	215400276.76242223	215400276.76242223	-0.010402064163989921	1.0874034479761012	6.73072704953657	18230400.0	0.033653848	8.723022256199394
Saltmarsh_2_000000001	18316800.0	1	1	0.7981610533808335	1.596322106761667	0.8248705366125364	1.6497410732250728	1.0	0.837181568145752	235575160.67189994	215260359.11327612	215260359.11327612	-0.009423707921903945	1.0857255034882847	6.721303341614666	18316800.0	0.033613211	8.710809130732608
Saltmarsh_2_000000001	18403200.0	1	1	0.7978236118843098	1.5956472237686197	0.8245546067366044	1.6491092134732088	1.0	0.837748110294342	235343823.61426288	215220918.50008133	215220918.50008133	-0.008100783971445091	1.0842053764718518	6.713202557643221	18403200.0	0.033520727	8.700310514705615
Saltmarsh_2_000000001	18489600.0	1	1	0.7975670812220457	1.5951341624440913	0.82431444652511	1.64862889305022	1.0	0.8388670086860657	235144871.32396144	215348966.50274155	215348966.50274155	-0.006153816216651231	1.082898648730359	6.7070487414265685	18489600.0	0.033337283	8.692335168888834
Saltmarsh_2_000000001	18576000.0	1	1	0.7974300252091353	1.5948600504182706	0.8241861426777551	1.6483722853555103	1.0	0.8408007025718689	234993679.57986745	215723964.3257739	215723964.3257739	-0.0032861623921605077	1.08190598402103	6.7037625790344055	18576000.0	0.033017827	8.68807630242859
Saltmarsh_2_000000001	18662400.0	1	1	0.797454920532727	1.594909841065454	0.8242115111851929	1.6484230223703857	1.0	0.8436885476112366	234912922.66236788	216399828.5882405	216399828.5882405	0.0006232458322574796	1.081375897108945	6.704385824866662	18662400.0	0.032534826	8.688884029027195
Saltmarsh_2_000000001	18748800.0	1	1	0.7976601564944058	1.5953203129888116	0.8244202134845979	1.6488404269691959	1.0	0.8472322225570679	234927590.59392297	217322069.63028377	217322069.63028377	0.005133916005167327	1.0814764321462516	6.70951974087183	18748800.0	0.031932097	8.695537584169893
Saltmarsh_2_000000001	18835200.0	1	1	0.7973043460299445	1.594608692059889	0.8240871408259131	1.6481742816518261	1.0	0.8368019461631775	235048529.8300115	214754747.20896643	214754747.20896643	-0.008530841931513544	1.0823045779763458	6.700988898940317	18835200.0	0.033675054	8.68448161302665
Saltmarsh_2_000000001	18921600.0	1	1	0.7969707036545747	1.5939414073091493	0.8237748451046105	1.647549690209221	1.0	0.8368019461631775	234838881.46545854	214587209.63537008	214587209.63537008	-0.007992429924533528	1.080928478101384	6.6929964690157835	18921600.0	0.033675054	8.674123423844456
Saltmarsh_2_000000001	19008000.0	1	1	0.7966578527515576	1.5933157055031153	0.8234820330437389	1.6469640660874778	1.0	0.8368019461631775	234642379.81867275	214430187.42812398	214430187.42812398	-0.007488291680553427	1.0796392288211734	6.68550817733523	19008000.0	0.033675054	8.664418597826458
Saltmarsh_2_000000001	19094400.0	1	1	0.7963644952687828	1.5927289905375657	0.823207485561201	1.646414971122402	1.0	0.8368018269538879	234458198.2122414	214282987.72789547	214282987.72789547	-0.007016362836655743	1.078431301476133	6.6784918144985745	19094400.0	0.033675057	8.655325391590154
Saltmarsh_2_000000001	19180800.0	1	1	0.7960894101292285	1.592178820258457	0.8229500561999354	1.6459001123998709	1.0	0.8368015289306641	234285558.46988705	214144972.00718245	214144972.00718245	-0.006574640370675455	1.0772995004065877	6.671917174127899	19180800.0	0.033675117	8.646804657669756
Saltmarsh_2_000000001	19267200.0	1	1	0.7958312697675456	1.5916625395350912	0.8227084993819926	1.6454169987639853	1.0	0.8367976546287537	234123729.69717064	214014686.09044713	214014686.09044713	-0.006165522605726892	1.0762389530579626	6.6657516515221715	19267200.0	0.033675743	8.638814140372736
Saltmarsh_2_000000001	19353600.0	1	1	0.7955879285400955	1.591175857080191	0.822480804574807	1.644961609149614	1.0	0.8367733955383301	233971920.15200564	213887201.3537578	213887201.3537578	-0.0058083932362706925	1.0752444000050596	6.6599432582859	19353600.0	0.033679694	8.631286462738528
Saltmarsh_2_000000001	19440000.0	1	1	0.795353775957947	1.590707551915894	0.8222617200800071	1.6445234401600142	1.0	0.8366615772247314	233828858.89795563	213744348.419025	213744348.419025	-0.005585712967063783	1.0743074550621887	6.654357545318835	19440000.0	0.033697879	8.62404737873321
Saltmarsh_2_000000001	19526400.0	1	1	0.795112167910453	1.590224335820906	0.8220356727361814	1.6440713454723628	1.0	0.8362497091293335	233691240.98786655	213529262.76142693	213529262.76142693	-0.005760116599192289	1.0734064304063269	6.648597428719642	19526400.0	0.033764792	8.616582267620656
Saltmarsh_2_000000001	19612800.0	1	1	0.794816607006506	1.589633214013012	0.8217591651179728	1.6435183302359455	1.0	0.8349612951278687	233549283.7598926	213087127.75234133	213087127.75234133	-0.0070416341481442934	1.072477272909851	6.641555794571497	19612800.0	0.033973218	8.607456309764661
Saltmarsh_2_000000001	19699200.0	1	1	0.7943481672910909	1.5886963345821818	0.8213209633919829	1.6426419267839658	1.0	0.8313915729522705	233375685.08896282	212038341.50504827	212038341.50504827	-0.01114968783013337	1.0713413953553748	6.630406106741363	19699200.0	0.03454396	8.593006314336806
Saltmarsh_2_000000001	19785600.0	1	1	0.793421593427535	1.58684318685507	0.8204543454667719	1.6409086909335437	1.0	0.822306752204895	233100677.68988714	209505493.61332062	209505493.61332062	-0.022015384524518122	1.0695428525911213	6.6083907222168445	19785600.0	0.035954337	8.564474375993031
Saltmarsh_2_000000001	19872000.0	1	1	0.7913665149641153	1.5827330299282305	0.8185329370334019	1.6370658740668038	1.0	0.8002436757087708	232557190.49953914	203469226.33651638	203469226.33651638	-0.04864544564935058	1.0659915773319326	6.559745276567492	19872000.0	0.039159594	8.50142987843147
Saltmarsh_2_000000001	19958400.0	1	1	0.7865544595669278	1.5731089191338556	0.8140376499786146	1.6280752999572292	1.0	0.7468845844268799	231354036.13135678	189044786.28803506	189044786.28803506	-0.11292070742859495	1.0581446388687703	6.446824569138897	19958400.0	0.045954108	8.35508464160401
Saltmarsh_2_000000001	20044800.0	1	1	0.786877941424766	1.573755882849532	0.8143677405336887	1.6287354810673773	1.0	0.8368019461631775	228549005.50233886	209565634.7157362	209565634.7157362	0.00789863852036854	1.0399295350583124	6.454723207659265	20044800.0	0.033675054	8.365321277126409
Saltmarsh_2_000000001	20131200.0	1	1	0.7871836443657703	1.5743672887315405	0.8146796924453932	1.6293593848907864	1.0	0.8368019461631775	228737032.30377933	209734829.33569035	209734829.33569035	0.0074704917187846664	1.041203654959667	6.46219369937805	20131200.0	0.033675054	8.375003034393952
Saltmarsh_2_000000001	20217600.0	1	1	0.7874725454890978	1.5749450909781957	0.8149745022044813	1.6299490044089626	1.0	0.8368019461631775	228914796.00229672	209894789.97988173	209894789.97988173	0.0070652388851746295	1.0424087110142342	6.4692589382632235	20217600.0	0.033675055	8.384159583989138
Saltmarsh_2_000000001	20304000.0	1	1	0.7877455559561785	1.575491111912357	0.8152530991284083	1.6305061982568165	1.0	0.8368017077445984	229082853.04444924	210045957.3212266	210045957.3212266	0.006681390385618213	1.0435483962205148	6.475940328648841	20304000.0	0.033675091	8.392818665928898
Saltmarsh_2_000000001	20390400.0	1	1	0.7880034144415385	1.576006828883077	0.815516236947667	1.631032473895334	1.0	0.8367988467216492	229241722.9846852	210188199.74772784	210188199.74772784	0.0063148354526891826	1.0446261632859501	6.482255164101529	20390400.0	0.033675553	8.401002692675581
Saltmarsh_2_000000001	20476800.0	1	1	0.7882460417634025	1.576492083526805	0.8157638369899086	1.6315276739798172	1.0	0.8367782235145569	229391826.27067953	210318089.2366709	210318089.2366709	0.005945644368333669	1.0456448018150208	6.488200808469861	20476800.0	0.0336789	8.40870824777694
Saltmarsh_2_000000001	20563200.0	1	1	0.788470058638194	1.576940117276388	0.815992460993835	1.63198492198767	1.0	0.8366754651069641	229533108.12767637	210419380.62380368	210419380.62380368	0.0054930165457152125	1.0466038865733032	6.493693825015576	20563200.0	0.033695614	8.415827197220187
Saltmarsh_2_000000001	20649600.0	1	1	0.7886613148579245	1.577322629715849	0.8161876982118262	1.6323753964236525	1.0	0.8362770676612854	229663591.74171007	210436543.31862605	210436543.31862605	0.004692758112457618	1.0474899584806727	6.498386583128034	20649600.0	0.033760353	8.421909011733932
Saltmarsh_2_000000001	20736000.0	1	1	0.7887759543609052	1.5775519087218104	0.8163048142581889	1.6326096285163778	1.0	0.834988534450531	229775022.52388474	210212402.34425703	210212402.34425703	0.0028150700608018386	1.0482469416604834	6.501201653188835	20736000.0	0.033968825	8.42555734253273
Saltmarsh_2_000000001	20822400.0	1	1	0.7886934847216965	1.577386969443393	0.8162278139854908	1.6324556279709816	1.0	0.8313388228416443	229841827.39528745	209353380.13777223	209353380.13777223	-0.001934136545046039	1.0487010372339072	6.499267516643789	20822400.0	0.034552312	8.42305070157035
Saltmarsh_2_000000001	20908800.0	1	1	0.7881093679205803	1.5762187358411606	0.8156824807941894	1.6313649615883787	1.0	0.8219060301780701	229793768.16739908	206940299.29746494	206940299.29746494	-0.013687547501465058	1.0483890439887897	6.4855799691423215	20908800.0	0.036015224	8.405311640008449
Saltmarsh_2_000000001	20995200.0	1	1	0.7863128158197913	1.5726256316395826	0.8140057118783	1.6280114237566	1.0	0.7987139225006104	229453517.61770925	200841942.9309496	200841942.9309496	-0.04197140747163708	1.046181122126385	6.443608561670686	20995200.0	0.039371657	8.35091669592521
Saltmarsh_2_000000001	21081600.0	1	1	0.7815537323152509	1.5631074646305019	0.8095676029601566	1.6191352059203132	1.0	0.741953432559967	228408598.3023321	185830356.74133387	185830356.74133387	-0.11025898104615495	1.0394107647528243	6.33334958062453	21081600.0	0.046530077	8.20802105648939
Saltmarsh_2_000000001	21168000.0	1	1	0.7693437968295116	1.5386875936590232	0.7982062142849603	1.5964124285699206	1.0	0.601066529750824	225652122.65689605	148965821.04204527	148965821.04204527	-0.27679591562081984	1.0216250208310462	6.05655366500371	21168000.0	0.060890866	7.849293549844808
Saltmarsh_2_000000001	21254400.0	1	1	0.7707178404328296	1.5414356808656593	0.7996014249652588	1.5992028499305175	1.0	0.8368019461631775	218656631.47158608	201823629.74222815	201823629.74222815	0.0321427448737901	0.9769754038373506	6.0886964098775	21254400.0	0.033675054	7.89095054720124
Saltmarsh_2_000000001	21340800.0	1	1	0.772015585374298	1.544031170748596	0.8009192586349897	1.6018385172699794	1.0	0.8368019461631775	219438367.91357267	202524727.9574999	202524727.9574999	0.03046332834585186	0.9821603114416476	6.119159738223351	21340800.0	0.033675054	7.930431020737462
Saltmarsh_2_000000001	21427200.0	1	1	0.773241267655098	1.546482535310196	0.8021640002083499	1.6043280004166998	1.0	0.8368018269538879	220177976.55103555	203188048.11980307	203188048.11980307	0.028865926217892635	0.9870743143811228	6.148025664441242	21427200.0	0.033675056	7.96784126111585
Saltmarsh_2_000000001	21513600.0	1	1	0.7743988778206579	1.5487977556413157	0.8033396876671943	1.6066793753343886	1.0	0.8368014097213745	220877657.94688442	203815514.52705514	203815514.52705514	0.027346930335056197	0.9917306423002195	6.175372594776299	21513600.0	0.033675122	8.003282882830083
Saltmarsh_2_000000001	21600000.0	1	1	0.7754919585520361	1.5509839171040722	0.8044499089110402	1.6088998178220804	1.0	0.8367963433265686	221539499.5434473	204407931.14649716	204407931.14649716	0.02589771291623466	0.9961419428162511	6.201270307692533	21600000.0	0.033675959	8.036846318769522
Saltmarsh_2_000000001	21686400.0	1	1	0.7765224907394017	1.5530449814788034	0.8054966829595779	1.6109933659191558	1.0	0.8367602825164795	222165356.5082702	204960497.19214407	204960497.19214407	0.024483014151206905	1.0003194718095134	6.225753321843738	21686400.0	0.033681834	8.068576305109485
Saltmarsh_2_000000001	21772800.0	1	1	0.7774867387022759	1.5549734774045518	0.8064762822332111	1.6129525644664222	1.0	0.8365849256515503	222756208.98667815	205447445.78332454	205447445.78332454	0.02296843147399552	1.0042687974426272	6.248721753317733	21772800.0	0.033710346	8.098343392299782
Saltmarsh_2_000000001	21859200.0	1	1	0.778363168448656	1.556726336897312	0.8073670589662906	1.6147341179325811	1.0	0.8359221816062927	223309768.17543727	205780838.94794685	205780838.94794685	0.02093038717815454	1.0079738075615796	6.2696521404958885	21859200.0	0.033817899	8.12546917408267
Saltmarsh_2_000000001	21945600.0	1	1	0.7790825545435237	1.5581651090870474	0.8080991637606424	1.6161983275212848	1.0	0.8338254690170288	223813508.30313787	205715302.9701132	205715302.9701132	0.01722645164974268	1.0113500632008232	6.286878592145631	21945600.0	0.034155878	8.147794655420737
Saltmarsh_2_000000001	22032000.0	1	1	0.7794603735142626	1.5589207470285251	0.8084850186459729	1.6169700372919458	1.0	0.8279786109924316	224227409.5167551	204641089.1052622	204641089.1052622	0.009076604081609707	1.0141288414447012	6.29595519622724	22032000.0	0.035080701	8.159557934310504
Saltmarsh_2_000000001	22118400.0	1	1	0.7790225010256338	1.5580450020512675	0.808078044868237	1.616156089736474	1.0	0.8129349946975708	224444942.07625568	201113879.48298118	201113879.48298118	-0.010023580142275001	1.0155929775571808	6.285931616084964	22118400.0	0.037351227	8.146567374446114
Saltmarsh_2_000000001	22204800.0	1	1	0.7765798457874863	1.5531596915749726	0.8058086328481141	1.6116172656962282	1.0	0.7754443883895874	224192842.89557093	191653276.71513897	191653276.71513897	-0.05570970229703143	1.0139760858727263	6.230221913787932	22204800.0	0.042459713	8.07436760026916
Saltmarsh_2_000000001	22291200.0	1	1	0.7691147221109201	1.5382294442218403	0.7988823178107386	1.5977646356214772	1.0	0.680899977684021	222789116.37845054	167378608.5174187	167378608.5174187	-0.1680965780597411	1.0049896206468347	6.06212533572819	22291200.0	0.053157539	7.856514435103734
Saltmarsh_2_000000001	22377600.0	1	1	0.7492749357556834	1.4985498715113668	0.7805461425900537	1.5610922851801075	1.0	0.4522819519042969	218526439.3533471	109350606.96474442	109350606.96474442	-0.43112112853218953	0.9778741633559116	5.631004207196	22377600.0	0.074254552	7.297781452526016
Saltmarsh_2_000000001	22464000.0	1	1	0.7519387108318064	1.5038774216636128	0.7832292982288962	1.5664585964577924	1.0	0.8368019461631775	207397802.5599821	193507944.83935463	193507944.83935463	0.05920919273903491	0.9083305314577382	5.690213399935033	22464000.0	0.033675054	7.374516566315803
Saltmarsh_2_000000001	22550400.0	1	1	0.7544518342870205	1.508903668574041	0.7857612789495023	1.5715225578990046	1.0	0.8368019461631775	208875079.0798445	194825599.35001245	194825599.35001245	0.056246501462622	0.9178814952874402	5.746459901397654	22550400.0	0.033675054	7.44741203221136
Saltmarsh_2_000000001	22636800.0	1	1	0.7568228827546527	1.5136457655093054	0.7881506221407875	1.576301244281575	1.0	0.8368018269538879	210273613.45334852	196073185.31397653	196073185.31397653	0.05341137562730869	0.926954550942574	5.799871277024962	22636800.0	0.033675057	7.516633175024351
Saltmarsh_2_000000001	22723200.0	1	1	0.7590599203984804	1.5181198407969607	0.7904053638994541	1.5808107277989083	1.0	0.836801290512085	211597362.28224808	197254127.8901303	197254127.8901303	0.050700363599287424	0.9355702758513642	5.850571640624249	22723200.0	0.03367515	7.582340846249027
Saltmarsh_2_000000001	22809600.0	1	1	0.7611702230545804	1.5223404461091607	0.7925327661451202	1.5850655322902405	1.0	0.8367941975593567	212850101.45762965	198370309.57148057	198370309.57148057	0.048102857194273985	0.9437486906631289	5.898674497818522	22809600.0	0.033676314	7.644682149172805
Saltmarsh_2_000000001	22896000.0	1	1	0.7631587616857761	1.5263175233715522	0.7945378189900894	1.5890756379801787	1.0	0.8367446064949036	214035258.29260707	199416177.43782225	199416177.43782225	0.04557278235540274	0.9515081048337085	5.944247280173924	22896000.0	0.033684377	7.703744475105405
Saltmarsh_2_000000001	22982400.0	1	1	0.7650225832872516	1.5300451665745032	0.7964176823426746	1.5928353646853493	1.0	0.8365067839622498	215155042.8668143	200358657.1197865	200358657.1197865	0.04293388993081293	0.9588593956681195	5.987181170104737	22982400.0	0.033723039	7.75938679645574
Saltmarsh_2_000000001	23068800.0	1	1	0.766734669354668	1.533469338709336	0.7981456661122112	1.5962913322244223	1.0	0.8356177806854248	216207249.35398358	201083866.50007737	201083866.50007737	0.03963432256819577	0.9657850099321911	6.026815492672933	23068800.0	0.033867187	7.810752878504121
Saltmarsh_2_000000001	23155200.0	1	1	0.7682043859145663	1.5364087718291326	0.7996316779457151	1.5992633558914302	1.0	0.832830011844635	217176056.37786222	201274612.86041692	201274612.86041692	0.034194689357604946	0.9721783749444796	6.061010182030536	23155200.0	0.03431514	7.855069195911575
Saltmarsh_2_000000001	23241600.0	1	1	0.769187850669332	1.538375701338664	0.8006307524215172	1.6012615048430343	1.0	0.8250938057899475	218009442.8843813	200140940.03319746	200140940.03319746	0.02301042091485983	0.9776942792511274	6.084020602945394	23241600.0	0.035527843	7.884890701417231
Saltmarsh_2_000000001	23328000.0	1	1	0.7690757956590049	1.5381515913180097	0.8005273276880173	1.6010546553760345	1.0	0.8051245808601379	218567996.95912734	195781415.16838348	195781415.16838348	-0.0024989867944805733	0.981406062636398	6.081521616150912	23328000.0	0.038474747	7.881652014531582
Saltmarsh_2_000000001	23414400.0	1	1	0.7662049777820392	1.5324099555640784	0.7978787841888736	1.5957575683777472	1.0	0.75458163022995	218504319.78282112	183445519.42598522	183445519.42598522	-0.06377535694543812	0.9810029540753642	6.017746259205475	23414400.0	0.045040018	7.798999151930295
Saltmarsh_2_000000001	23500800.0	1	1	0.7563210075026403	1.5126420150052806	0.7887776312676944	1.5775552625353888	1.0	0.6248881816864014	216876091.8776412	150954589.40276524	150954589.40276524	-0.21594248076309785	0.9707154277769241	5.801803778442377	23500800.0	0.058658916	7.51913769686132
Saltmarsh_2_000000001	23587200.0	1	1	0.7303790153186481	1.4607580306372963	0.765027434666664	1.530054869333328	1.0	0.3346398174762726	211316820.37210155	79083986.23178911	79083986.23178911	-0.54046207417706	0.9358820053360056	5.261341704265315	23587200.0	0.085272749	6.818698848727848
Saltmarsh_2_000000001	23673600.0	1	1	0.7343528695718637	1.4687057391437275	0.7689873079931084	1.5379746159862169	1.0	0.8368019461631775	197069000.60848418	186557796.54864037	186557796.54864037	0.08408826603820907	0.8487007167049928	5.345429970303524	23673600.0	0.033675054	6.927677241513367
Saltmarsh_2_000000001	23760000.0	1	1	0.7380959929863542	1.4761919859727084	0.7727191508282799	1.5454383016565598	1.0	0.8368019461631775	199219264.74054012	188461515.83712018	188461515.83712018	0.08004268519190383	0.8622648939936971	5.425472655495427	23760000.0	0.033675054	7.031412561522074
Saltmarsh_2_000000001	23846400.0	1	1	0.7416220519255408	1.4832441038510815	0.7762362276401178	1.5524724552802356	1.0	0.8368018269538879	201255350.6936065	190264755.37527063	190264755.37527063	0.07614729338557247	0.8751764834907807	5.5016199488809985	23846400.0	0.033675057	7.130099453749773
Saltmarsh_2_000000001	23932800.0	1	1	0.744943842229275	1.48988768445855	0.7795509904928202	1.5591019809856403	1.0	0.8368011713027954	203182832.4571407	191972240.1172828	191972240.1172828	0.07240148857635886	0.8874597120100552	5.574021437457358	23932800.0	0.033675172	7.223931782944736
Saltmarsh_2_000000001	24019200.0	1	1	0.7480729673080705	1.496145934616141	0.7826747623163112	1.5653495246326223	1.0	0.8367924094200134	205007056.2597265	193586852.39850125	193586852.39850125	0.06879555274198479	0.8991387092505214	5.642816990199343	24019200.0	0.033676595	7.313090819298348
Saltmarsh_2_000000001	24105600.0	1	1	0.7510180174837354	1.5020360349674708	0.785615969335718	1.571231938671436	1.0	0.8367323279380798	206732931.35192522	195102744.52300686	195102744.52300686	0.06527768530636657	0.9102360373086678	5.708094675505709	24105600.0	0.033686381	7.397690699455399
Saltmarsh_2_000000001	24192000.0	1	1	0.7537777377275047	1.5075554754550093	0.7883735011189158	1.5767470022378316	1.0	0.8364457488059998	208363888.05191994	196481525.42150497	196481525.42150497	0.06164172471530949	0.9207659023922155	5.769736400221017	24192000.0	0.033732957	7.477578374686439
Saltmarsh_2_000000001	24278400.0	1	1	0.7563216714551062	1.5126433429102124	0.7909178176102295	1.581835635220459	1.0	0.8353816270828247	209898025.80395406	197590254.30147234	197590254.30147234	0.05724201647138971	0.930709255035972	5.826978416692407	24278400.0	0.03390537	7.55176402803336
Saltmarsh_2_000000001	24364800.0	1	1	0.7585429292271663	1.5170858584543325	0.7931444061610153	1.5862888123220307	1.0	0.8320626616477966	211317191.39018556	198058442.4431253	198058442.4431253	0.05034931619307437	0.9399428960225522	5.877327732885483	24364800.0	0.034437406	7.617016741819587
Saltmarsh_2_000000001	24451200.0	1	1	0.7601507764008301	1.5203015528016601	0.7947653442048198	1.5895306884096396	1.0	0.8228744864463806	212560258.33466917	196960038.3151143	196960038.3151143	0.036735507777093446	0.948064683798478	5.914063240662577	24451200.0	0.035867894	7.6646259598987
Saltmarsh_2_000000001	24537600.0	1	1	0.7604193854960867	1.5208387709921733	0.7950401320600442	1.5900802641200884	1.0	0.7990812659263611	213462320.98202446	192037995.09680384	192037995.09680384	0.006199531008627801	0.9539904444753914	5.9202627716712035	24537600.0	0.039320846	7.672660552085881
Saltmarsh_2_000000001	24624000.0	1	1	0.757317409662897	1.514634819325794	0.7922038848531958	1.5844077697063916	1.0	0.7382023334503174	213613206.97264168	177529167.6674718	177529167.6674718	-0.0673446450455969	0.9549904833829559	5.852918126625607	24624000.0	0.046963428	7.585381892106786
Saltmarsh_2_000000001	24710400.0	1	1	0.7455741386438692	1.4911482772877385	0.7814935255353943	1.5629870510707886	1.0	0.5812166333198547	211873978.59269536	138827244.45770025	138827244.45770025	-0.2499909772157235	0.9441271995042247	5.602927149409882	24710400.0	0.062716228	7.261393585635208
Saltmarsh_2_000000001	24796800.0	1	1	0.7156698792322465	1.431339758464493	0.7544254358985772	1.5088508717971545	1.0	0.2594388723373413	205354115.64768356	60384184.487406805	60384184.487406805	-0.6018805325216947	0.9038014549587288	5.001046616888187	24796800.0	0.093308603	6.48135641548709
Saltmarsh_2_000000001	24883200.0	1	1	0.7207903552525677	1.4415807105051355	0.7594641698448981	1.5189283396897961	1.0	0.8368019461631775	189211365.01287863	182184379.5874046	182184379.5874046	0.10420906942272978	0.8067128285142933	5.105255686310917	24883200.0	0.033675054	6.616411369458948
Saltmarsh_2_000000001	24969600.0	1	1	0.7256038971752918	1.4512077943505837	0.7642051587386539	1.5284103174773078	1.0	0.8368019461631775	191928590.5337291	184568952.2704536	184568952.2704536	0.09932209290027749	0.8235226684519905	5.204577779211196	24969600.0	0.033675054	6.74513280185771
Saltmarsh_2_000000001	25056000.0	1	1	0.7301296335220877	1.4602592670441754	0.7686663799339151	1.5373327598678301	1.0	0.8368018269538879	194500603.69343704	186827507.28207004	186827507.28207004	0.09459334033912725	0.839544196071223	5.299171119550322	25056000.0	0.033675058	6.867725770937217
Saltmarsh_2_000000001	25142400.0	1	1	0.7343853660160862	1.4687707320321723	0.7728646449249421	1.5457292898498842	1.0	0.8368011116981506	196934448.46434727	188965848.04678592	188965848.04678592	0.09002630594461059	0.8548029342893191	5.389197425494933	25142400.0	0.033675188	6.984399863441434
Saltmarsh_2_000000001	25228800.0	1	1	0.7383872398584663	1.4767744797169327	0.7768152690756703	1.5536305381513407	1.0	0.8367912769317627	199236896.75706574	190987740.00200987	190987740.00200987	0.08561373034037223	0.8693249696696771	5.4748111558353045	25228800.0	0.033676788	7.095355257962555
Saltmarsh_2_000000001	25315200.0	1	1	0.7421477111184807	1.4842954222369613	0.7805301251496061	1.5610602502992121	1.0	0.8367239832878113	201414209.5858093	192887291.38050315	192887291.38050315	0.08130123912810983	0.883135217774406	5.556112394963414	25315200.0	0.033687731	7.200721663872584
Saltmarsh_2_000000001	25401600.0	1	1	0.745667925511125	1.49133585102225	0.7840103574663234	1.5680207149326468	1.0	0.8364052772521973	203470965.13856503	194622932.96727297	194622932.96727297	0.07686484173969044	0.8962498230966744	5.632977236703104	25401600.0	0.033739529	7.300338498767222
Saltmarsh_2_000000001	25488000.0	1	1	0.7489161426462332	1.4978322852924664	0.7872256575699108	1.5744513151398216	1.0	0.8352275490760803	205405782.4894582	196049491.15100512	196049491.15100512	0.07159865727513193	0.9086487984798937	5.704575893978236	25488000.0	0.033930241	7.393130358595793
Saltmarsh_2_000000001	25574400.0	1	1	0.7517754417425007	1.5035508834850013	0.7900634815156183	1.5801269630312367	1.0	0.8315703272819519	207199223.6873282	196762568.53199378	196762568.53199378	0.0636145506934126	0.9201982919665563	5.768190444671648	25574400.0	0.034515607	7.475574816294456
Saltmarsh_2_000000001	25660800.0	1	1	0.7539246011455544	1.5078492022911087	0.7922102402328749	1.5844204804657498	1.0	0.821471095085144	208784382.48167998	195749583.37013704	195749583.37013704	0.048288038049235205	0.93045987880145	5.816478482720882	25660800.0	0.0360812	7.538156113606263
Saltmarsh_2_000000001	25747200.0	1	1	0.7545571053541166	1.5091142107082332	0.7928523699003552	1.5857047398007105	1.0	0.7952997088432312	209979825.3663892	190526817.9004102	190526817.9004102	0.014384925228524859	0.9382491642735262	5.830863407949407	25747200.0	0.039840618	7.5567989767024315
Saltmarsh_2_000000001	25833600.0	1	1	0.7514172756304702	1.5028345512609405	0.7900101673432341	1.5800203346864683	1.0	0.7280309796333313	210332297.8411348	174691119.03285348	174691119.03285348	-0.06711398413596192	0.9405695793002293	5.763749423813444	25833600.0	0.048118772	7.469819253262223
Saltmarsh_2_000000001	25920000.0	1	1	0.7385880936014927	1.4771761872029854	0.7784319828008923	1.5568639656017846	1.0	0.554958701133728	208585488.84166163	132259555.46139956	132259555.46139956	-0.26844572574904035	0.9297435030560381	5.495303698064404	25920000.0	0.065094964	7.121913592691468
Saltmarsh_2_000000001	26006400.0	1	1	0.7066165388576334	1.4132330777152668	0.7498402020414536	1.4996804040829073	1.0	0.22176781296730042	201523800.59145653	51397247.66973321	51397247.66973321	-0.6294546068216653	0.8864408451703314	4.865849091242739	26006400.0	0.097897644	6.306140422250589
Saltmarsh_2_000000001	26092800.0	1	1	0.7126012927288612	1.4252025854577224	0.7556531867004337	1.5113063734008674	1.0	0.8368019461631775	184454534.78259274	180759281.8510422	180759281.8510422	0.11889213136575427	0.7849042778894568	4.984741222608493	26092800.0	0.033675054	6.460224624500608
Saltmarsh_2_000000001	26179200.0	1	1	0.7182151633312964	1.4364303266625928	0.7611133443604569	1.5222266887209137	1.0	0.8368019461631775	187592275.79203534	183487416.6090525	183487416.6090525	0.11335445811575362	0.804082624929509	5.098095680724246	26179200.0	0.033675054	6.607132002218623
Saltmarsh_2_000000001	26265600.0	1	1	0.7234825350160932	1.4469650700321863	0.7662428334122442	1.5324856668244884	1.0	0.8368018269538879	190559620.9432319	186069893.6698567	186069893.6698567	0.10798177180647228	0.8223676965428113	5.206077452530717	26265600.0	0.033675058	6.74707637847981
Saltmarsh_2_000000001	26352000.0	1	1	0.728425939618366	1.456851879236732	0.7710622786529112	1.5421245573058224	1.0	0.8368009924888611	193364989.4051029	188513408.60635805	188513408.60635805	0.10278093645700326	0.839786106574787	5.308858388987719	26352000.0	0.033675196	6.880280472128084
Saltmarsh_2_000000001	26438400.0	1	1	0.7330657786606256	1.4661315573212512	0.7755904741893682	1.5511809483787364	1.0	0.8367906808853149	196016461.97210878	190822573.63112032	190822573.63112032	0.09774729205805932	0.8563655760975423	5.406605681045779	26438400.0	0.03367688	7.006960962635329
Saltmarsh_2_000000001	26524800.0	1	1	0.7374181983932875	1.474836396786575	0.7798423655234148	1.5596847310468296	1.0	0.8367202281951904	198521538.59432024	192991820.45659187	192991820.45659187	0.09282602780028204	0.8721330744826774	5.4994317088460605	26524800.0	0.033688348	7.127263494664495
Saltmarsh_2_000000001	26611200.0	1	1	0.7414871022407623	1.4829742044815246	0.7838215166059521	1.5676430332119042	1.0	0.8363877534866333	200885894.2620021	194978381.40805557	194978381.40805557	0.08778517740437031	0.8871067296359075	5.587216886250431	26611200.0	0.033742374	7.241033084580558
Saltmarsh_2_000000001	26697600.0	1	1	0.74524164324377	1.49048328648754	0.7874987883468174	1.5749975766936348	1.0	0.8351649641990662	203108894.6220334	196632101.7124957	196632101.7124957	0.08189325730168506	0.9012672512607935	5.669110143552115	26697600.0	0.033940362	7.347166746043541
Saltmarsh_2_000000001	26784000.0	1	1	0.7485618678945304	1.4971237357890608	0.7907602475083887	1.5815204950167774	1.0	0.8313835859298706	205170997.50979045	197534892.98975426	197534892.98975426	0.07319711062455192	0.9144773543242194	5.742307254176667	26784000.0	0.034545224	7.44203020141296
Saltmarsh_2_000000001	26870400.0	1	1	0.7511154530494991	1.5022309060989982	0.7932857052980986	1.5865714105961972	1.0	0.8209806680679321	207003238.8844314	196642059.41527343	196642059.41527343	0.05692560467383401	0.9262846924025332	5.7992328588505	26870400.0	0.03615543	7.515805785070248
Saltmarsh_2_000000001	26956800.0	1	1	0.7520670690035682	1.5041341380071365	0.7942427643365447	1.5884855286730895	1.0	0.7941001057624817	208417956.9818741	191393284.18277308	191393284.18277308	0.021499127532121798	0.9354672933817436	5.82073198638262	26956800.0	0.040004021	7.543668654351876
Saltmarsh_2_000000001	27043200.0	1	1	0.7491024163439322	1.4982048326878643	0.7915861975271864	1.5831723950543728	1.0	0.7251659631729126	208946396.3593904	175193891.39294335	175193891.39294335	-0.06296583488028007	0.9389352918449968	5.7577661515023415	27043200.0	0.04843927	7.462064932347034
Saltmarsh_2_000000001	27129600.0	1	1	0.736108586929261	1.472217173858522	0.779981048390184	1.559962096780368	1.0	0.5486968159675598	207302307.4992861	131726825.0823997	131726825.0823997	-0.27014422316746234	0.9287783485794608	5.487621928334878	27129600.0	0.065657631	7.111958019122002
Saltmarsh_2_000000001	27216000.0	1	1	0.703654753790622	1.407309507581244	0.751288600786013	1.502577201572026	1.0	0.21503163874149323	200173004.72078356	50210078.46211461	50210078.46211461	-0.6341513158028123	0.8852017081133853	4.853470612532066	27216000.0	0.098774628	6.290097913841557
Saltmarsh_2_000000001	27302400.0	1	1	0.7101484804518126	1.4202969609036251	0.7575204369902518	1.5150408739805037	1.0	0.8368019461631775	182911492.07989737	182185698.7737972	182185698.7737972	0.1280209735261736	0.7829075203428125	4.9814915860582385	27302400.0	0.033675054	6.4560130955314765
Saltmarsh_2_000000001	27388800.0	1	1	0.716227496231546	1.432454992463092	0.7633645833364866	1.5267291666729732	1.0	0.8368019461631775	186303092.77209514	185108889.73470086	185108889.73470086	0.12198601871635306	0.8035584299571512	5.103477604774591	27388800.0	0.033675054	6.61410697578787
Saltmarsh_2_000000001	27475200.0	1	1	0.7219203590729963	1.4438407181459927	0.7688462577192137	1.5376925154384273	1.0	0.8368018269538879	189506329.43694094	187873264.8714267	187873264.8714267	0.1161304761040699	0.8232358482530636	5.219608080878661	27475200.0	0.033675058	6.764612072818745
Saltmarsh_2_000000001	27561600.0	1	1	0.727253298528713	1.454506597057426	0.7739888387973657	1.5479776775947314	1.0	0.8368009924888611	192530846.2201906	190486287.04546142	190486287.04546142	0.11046271923046735	0.8419687159968398	5.330070800109128	27561600.0	0.033675196	6.907771756941431
Saltmarsh_2_000000001	27648000.0	1	1	0.7322500025079904	1.4645000050159809	0.7788136087831569	1.5576272175663137	1.0	0.8367907404899597	195385864.0488748	192953298.04788855	192953298.04788855	0.10497916555879938	0.8597873246806433	5.435049965667927	27648000.0	0.033676866	7.043824755505633
Saltmarsh_2_000000001	27734400.0	1	1	0.7369295528988654	1.4738591057977308	0.7833377983094663	1.5666755966189325	1.0	0.8367211222648621	198079943.7718332	195269462.4263296	195269462.4263296	0.09962592422971339	0.8767213879019347	5.534675889897642	27734400.0	0.033688196	7.172939953307344
Saltmarsh_2_000000001	27820800.0	1	1	0.741298553584438	1.482597107168876	0.7875672360562906	1.5751344721125813	1.0	0.836394190788269	200619750.9416212	197393026.53907144	197393026.53907144	0.09417320650703642	0.8927919261883208	5.628849096404677	27820800.0	0.033741329	7.294988428940461
Saltmarsh_2_000000001	27907200.0	1	1	0.745329007428584	1.490658014857168	0.7914756183161643	1.5829512366323286	1.0	0.8351972103118896	203005612.8791001	199176296.93910468	199176296.93910468	0.08789859157340063	0.9079828931221228	5.716747687978078	27907200.0	0.033935149	7.408905003619589
Saltmarsh_2_000000001	27993600.0	1	1	0.7489052900259632	1.4978105800519264	0.7949542446352172	1.5899084892704345	1.0	0.8315139412879944	205219104.45000714	200209223.43613762	200209223.43613762	0.07888440773017003	0.9221617094505181	5.795632095708248	27993600.0	0.034524546	7.51113919603789
Saltmarsh_2_000000001	28080000.0	1	1	0.7517049202031129	1.5034098404062257	0.7976958535003779	1.5953917070007557	1.0	0.8214374780654907	207193218.64063707	199473127.20185316	199473127.20185316	0.06247917740908304	0.9348864586001827	5.8581112731173315	28080000.0	0.036086295	7.592112209960061
Saltmarsh_2_000000001	28166400.0	1	1	0.7529205390738523	1.5058410781477045	0.7989057715998866	1.5978115431997733	1.0	0.7955853343009949	208745213.5899067	194493548.7201514	194493548.7201514	0.027502843867727944	0.944964899733029	5.885614116985059	28166400.0	0.039801612	7.627755895612637
Saltmarsh_2_000000001	28252800.0	1	1	0.7503593642971451	1.5007187285942902	0.796632220362632	1.593264440725264	1.0	0.7299190759658813	209420903.72710907	178970377.8128436	178970377.8128436	-0.05454946140970163	0.9494013504739196	5.831064655575358	28252800.0	0.047906399	7.5570597936256645
Saltmarsh_2_000000001	28339200.0	1	1	0.7381929245769863	1.4763858491539725	0.7858673835534056	1.5717347671068111	1.0	0.5629819631576538	207998572.29342806	137304172.6004959	137304172.6004959	-0.2540811793107949	0.9406020423132744	5.576983476264563	28339200.0	0.06437171	7.227770585238875
Saltmarsh_2_000000001	28425600.0	1	1	0.7068487245227112	1.4136974490454224	0.7584211072542371	1.5168422145084741	1.0	0.23776017129421234	201308214.5010528	56531261.31546969	56531261.31546969	-0.6169602055987167	0.8996165121760652	4.960023270665847	28425600.0	0.095888861	6.428190158782938
Saltmarsh_2_000000001	28512000.0	1	1	0.7130236597139615	1.426047319427923	0.7642893625920594	1.5285787251841187	1.0	0.8368019461631775	184575773.76529977	186257334.83140188	184575773.76529977	0.12278346706331589	0.800095401763183	5.082806737729162	28512000.0	0.033675054	6.587317532096994
Saltmarsh_2_000000001	28598400.0	1	1	0.7189163886989248	1.4378327773978496	0.7699001099176856	1.5398002198353713	1.0	0.8368019461631775	187814717.89494598	189028916.72990984	187814717.89494598	0.11917213397972404	0.8199014554950059	5.201978871708885	28598400.0	0.033675054	6.741764617734716
Saltmarsh_2_000000001	28684800.0	1	1	0.7245384706225045	1.449076941245009	0.7752626144831616	1.5505252289663232	1.0	0.8368018269538879	190931906.2393536	191700052.83185336	190931906.2393536	0.11553456177605381	0.8391249694207142	5.3175134334849385	28684800.0	0.033675058	6.8914974097964805
Saltmarsh_2_000000001	28771200.0	1	1	0.7299011513122594	1.4598023026245188	0.7803860697338517	1.5607721394677034	1.0	0.8368011116981506	193929840.5807368	194272211.04302818	193929840.5807368	0.11188749196434866	0.8577617109393353	5.429400925449288	28771200.0	0.033675187	7.036503599382278
Saltmarsh_2_000000001	28857600.0	1	1	0.7349998617528747	1.4699997235057494	0.7852647480310001	1.5705294960620002	1.0	0.8367915153503418	196811212.87569448	196745247.1244355	196745247.1244355	0.10791608761906346	0.8758101480031142	5.537317013068352	28857600.0	0.033676748	7.176362848936584
Saltmarsh_2_000000001	28944000.0	1	1	0.7397684995382702	1.4795369990765403	0.789834136329607	1.579668272659214	1.0	0.836726725101471	199570458.53805795	199102843.40702298	199102843.40702298	0.1022962544374747	0.8932179625976402	5.639613267505826	28944000.0	0.033687284	7.308938794687551
Saltmarsh_2_000000001	29030400.0	1	1	0.7442160667630473	1.4884321335260946	0.7941020505817293	1.5882041011634587	1.0	0.8364242315292358	202168462.9725826	201266629.5895335	201266629.5895335	0.09661389930222375	0.9097192486454438	5.73622716680805	29030400.0	0.033736453	7.434150408183232
Saltmarsh_2_000000001	29116800.0	1	1	0.7483192397816785	1.496638479563357	0.7980465875461504	1.5960931750923009	1.0	0.8353225588798523	204606687.2192589	203099506.12710372	203099506.12710372	0.0901936098303121	0.9253039208052064	5.826420776638361	29116800.0	0.033914902	7.5510413265233165
Saltmarsh_2_000000001	29203200.0	1	1	0.7519740135051564	1.5039480270103127	0.8015706772748445	1.603141354549689	1.0	0.8319534063339233	206869070.50694817	204222526.45060465	204222526.45060465	0.08125968847842113	0.9398529437746022	5.907680465116783	29203200.0	0.034454767	7.656353882791351
Saltmarsh_2_000000001	29289600.0	1	1	0.7548885467214809	1.5097770934429617	0.8043987576088388	1.6087975152176777	1.0	0.8228095173835754	208894692.4384292	203703793.40455237	203703793.40455237	0.06555812041133158	0.9529608466114303	5.973238585528113	29289600.0	0.03587779	7.741317206844435
Saltmarsh_2_000000001	29376000.0	1	1	0.7563389424864059	1.5126778849728117	0.8058269195906729	1.6116538391813457	1.0	0.7996280193328857	210517116.55049777	199319052.88844222	199319052.88844222	0.03305931609697366	0.9635359483452375	6.006297901625086	29376000.0	0.039245087	7.784162080506111
Saltmarsh_2_000000001	29462400.0	1	1	0.7544245248476189	1.5088490496952378	0.8041411617916235	1.608282323583247	1.0	0.7417734861373901	211326842.59452227	185537463.4985054	185537463.4985054	-0.04118138946113359	0.9688687069536607	5.9651165121639504	29462400.0	0.046550957	7.73079099976448
Saltmarsh_2_000000001	29548800.0	1	1	0.7440716757902488	1.4881433515804976	0.795050989651126	1.590101979302252	1.0	0.5965189337730408	210258390.87634233	148624467.72421312	148624467.72421312	-0.21910344781628677	0.9622257864373523	5.746013064347665	29548800.0	0.061311524	7.446832931394574
Saltmarsh_2_000000001	29635200.0	1	1	0.7158177866061293	1.4316355732122585	0.7704805396951786	1.5409610793903572	1.0	0.2945636510848999	204527300.3477224	71856195.19335572	71856195.19335572	-0.567601496227466	0.9268824721942446	5.1784115681201985	29635200.0	0.089407144	6.711221392283778
Saltmarsh_2_000000001	29721600.0	1	1	0.7212732700118407	1.4425465400236814	0.7756320210017137	1.5512640420034274	1.0	0.8368019461631775	189289581.65668553	192624038.61965385	189289581.65668553	0.11112455232384033	0.8353233559595874	5.289536120444037	29721600.0	0.033675054	6.855238812095472
Saltmarsh_2_000000001	29808000.0	1	1	0.726482084275365	1.45296416855073	0.7805593966798063	1.5611187933596127	1.0	0.8368019461631775	192185853.1260885	195090608.55749634	192185853.1260885	0.10768054148495942	0.8532487241454831	5.397216661928996	29808000.0	0.033675054	6.99479279385998
Saltmarsh_2_000000001	29894400.0	1	1	0.7314542896812164	1.4629085793624328	0.7852707897508547	1.5705415795017095	1.0	0.8368018269538879	194971690.70074004	197466280.0176859	194971690.70074004	0.10423991042792813	0.8706185430757721	5.501456572356924	29894400.0	0.033675057	7.129887717774573
Saltmarsh_2_000000001	29980800.0	1	1	0.7361996623713819	1.4723993247427638	0.7897742289481257	1.5795484578962513	1.0	0.8368011713027954	197649683.30348703	199752694.1023446	197649683.30348703	0.10081505857842665	0.8874333579390086	5.60227163093535	29980800.0	0.03367517	7.260544033692214
Saltmarsh_2_000000001	30067200.0	1	1	0.7407276760770886	1.4814553521541771	0.7940776275430119	1.5881552550860238	1.0	0.8367928266525269	200222540.81651735	201950018.5553656	200222540.81651735	0.09741699002236237	0.9036957140602243	5.699688620957712	30067200.0	0.033676532	7.386796452761195
Saltmarsh_2_000000001	30153600.0	1	1	0.7450474530616948	1.4900949061233897	0.798188795028319	1.596377590056638	1.0	0.8367366790771484	202693062.1167507	204050446.26896706	202693062.1167507	0.09405537876340997	0.9194099318203435	5.793743999721123	30153600.0	0.033685667	7.508692223638575
Saltmarsh_2_000000001	30240000.0	1	1	0.7491676165536566	1.4983352331073132	0.8021155325277061	1.6042310650554121	1.0	0.8364760875701904	205064087.2134716	206017227.69056514	205064087.2134716	0.09073854396514325	0.9345818921022148	5.884482543686264	30240000.0	0.033728027	7.6262893766173985
Saltmarsh_2_000000001	30326400.0	1	1	0.7530959146805297	1.5061918293610594	0.8058659040217877	1.6117318080435754	1.0	0.835533618927002	207338395.33410925	207732649.423341	207338395.33410925	0.08747315892756735	0.9492188177429789	5.9719557026138315	30326400.0	0.033880792	7.739654590587526
Saltmarsh_2_000000001	30412800.0	1	1	0.7566984576080029	1.5133969152160058	0.8093148139908423	1.6186296279816845	1.0	0.8326746821403503	209518474.70181337	208885370.30798388	208885370.30798388	0.08109784349812521	0.9633290080417941	6.053053546111957	30412800.0	0.034339921	7.844757395761096
Saltmarsh_2_000000001	30499200.0	1	1	0.7596388394152582	1.5192776788305165	0.8121452871166276	1.6242905742332552	1.0	0.8250020146369934	211527792.85138658	208667667.25528923	208667667.25528923	0.0669275324173817	0.9764108038590644	6.119981078529338	30499200.0	0.035541967	7.931495477774022
Saltmarsh_2_000000001	30585600.0	1	1	0.7613245356760849	1.5226490713521699	0.8137879120540314	1.627575824108063	1.0	0.8058868646621704	213174897.8483413	205209370.13163754	205209370.13163754	0.03884004685791442	0.9872068038002733	6.1588211253872505	30585600.0	0.038366615	7.981832178501876
Saltmarsh_2_000000001	30672000.0	1	1	0.7602819233947078	1.5205638467894156	0.8128756238020576	1.6257512476041152	1.0	0.7594546675682068	214122050.15264454	194144227.6002514	194144227.6002514	-0.022750907149609922	0.993472045150867	6.136070218237641	30672000.0	0.044451289	7.952347002835983
Saltmarsh_2_000000001	30758400.0	1	1	0.7525825557202649	1.5051651114405298	0.8061528672868569	1.6123057345737137	1.0	0.6457871794700623	213535983.6224434	164743457.0292553	164743457.0292553	-0.16608483847337552	0.989802123619652	5.969985379764266	30758400.0	0.056653954	7.737101052174488
Saltmarsh_2_000000001	30844800.0	1	1	0.7298947342235705	1.459789468447141	0.7864947764302063	1.5729895528604125	1.0	0.3925310969352722	209232929.32858917	98607415.14877304	98607415.14877304	-0.4699741018834528	0.963011177627318	5.500011277880812	30844800.0	0.079704117	7.128014616133534
Saltmarsh_2_000000001	30931200.0	1	1	0.7344734127741899	1.4689468255483797	0.7908082072605697	1.5816164145211393	1.0	0.8368019461631775	196807752.2716005	200857703.69971073	196807752.2716005	0.09683854213658227	0.8872002192214203	5.596849820017395	30931200.0	0.033675054	7.253517366742543
Saltmarsh_2_000000001	31017600.0	1	1	0.7388454648623612	1.4776909297247225	0.7949332308150342	1.5898664616300684	1.0	0.8368019461631775	199284673.3475218	202963441.41282028	199284673.3475218	0.09360223849038718	0.9028211282472219	5.6904520585077805	31017600.0	0.033675054	7.374825867826083
Saltmarsh_2_000000001	31104000.0	1	1	0.7430194460980737	1.4860388921961474	0.7988769580542726	1.5977539161085452	1.0	0.8368018269538879	201664272.58631203	204988714.65384945	201664272.58631203	0.09040136991614023	0.9179199930154199	5.78085342842392	31104000.0	0.033675057	7.4919860432374
Saltmarsh_2_000000001	31190400.0	1	1	0.7470036430673714	1.4940072861347429	0.8026463621985661	1.6052927243971322	1.0	0.8368013501167297	203949244.40021005	206935424.3859637	203949244.40021005	0.08724369248610186	0.9325025295149484	5.8680971209100194	31190400.0	0.033675147	7.605053868699385
Saltmarsh_2_000000001	31276800.0	1	1	0.7508060645219755	1.501612129043951	0.8062482689519971	1.6124965379039942	1.0	0.8367946743965149	206142329.77847022	208804148.19753325	206142329.77847022	0.08413594403490088	0.9465757048574502	5.95223306494492	31276800.0	0.033676231	7.714094052168616
Saltmarsh_2_000000001	31363200.0	1	1	0.7544344126765609	1.5088688253531217	0.809689367346058	1.619378734692116	1.0	0.836750328540802	208246295.37036034	210589026.68511894	208246295.37036034	0.08108390382521458	0.9601475730265873	6.033316968770134	31363200.0	0.033683435	7.819178791526093
Saltmarsh_2_000000001	31449600.0	1	1	0.7578959905202238	1.5157919810404477	0.8129762743877353	1.6259525487754707	1.0	0.8365468382835388	210263902.39554214	212261175.7039416	210263902.39554214	0.07809239172576299	0.9732271202519478	6.111409360495896	31449600.0	0.03371654	7.920386531202682
Saltmarsh_2_000000001	31536000.0	1	1	0.7611974635121737	1.5223949270243473	0.8161157108038638	1.6322314216077276	1.0	0.8358179330825806	212197840.30186343	213728295.4625988	212197840.30186343	0.07516509125895676	0.9858241102503604	6.186574451754854	31536000.0	0.033834789	8.017800489474292
Saltmarsh_2_000000001	31622400.0	1	1	0.7643464912056331	1.5286929824112663	0.8191130040042316	1.6382260080084632	1.0	0.8358405828475952	214050578.1843441	215318980.21100882	214050578.1843441	0.07230398999848708	0.9979489009232335	6.25887844175334	31622400.0	0.033831116	8.111506460512329
Saltmarsh_2_000000001	31708800.0	1	1	0.7673477613757199	1.5346955227514398	0.8219758388609608	1.6439516777219216	1.0	0.8337096571922302	215825269.9964527	216285340.0769425	215825269.9964527	0.06951417919716207	1.0096121707851013	6.328392620950501	31708800.0	0.034174449	8.20159683675185
Saltmarsh_2_000000001	31795200.0	1	1	0.7699377239284971	1.5398754478569943	0.8244565986201212	1.6489131972402424	1.0	0.8280916213989258	217523509.40571964	216271612.12751314	216271612.12751314	0.06053264102318545	1.0208254196143802	6.388925261973687	31795200.0	0.035063059	8.280047139517897
Saltmarsh_2_000000001	31881600.0	1	1	0.7715969292067761	1.5431938584135523	0.8260598896977557	1.6521197793955114	1.0	0.8144703507423401	218994364.03567678	213950448.10949954	213950448.10949954	0.039162373248836646	1.030589867298661	6.428087635222523	31881600.0	0.037126151	8.33080157524839
Saltmarsh_2_000000001	31968000.0	1	1	0.7713769165328256	1.5427538330656512	0.8258679420965874	1.6517358841931749	1.0	0.7827646732330322	219939240.7644734	206394082.3138227	206394082.3138227	-0.004936691163469398	1.036907102732583	6.423150944059054	31968000.0	0.041514425	8.324403623500533
Saltmarsh_2_000000001	32054400.0	1	1	0.7668186646344431	1.5336373292688863	0.8218957337402888	1.6437914674805776	1.0	0.7091097235679626	219813831.96676815	186892788.20532697	186892788.20532697	-0.10164682997839836	1.0361107710050332	6.321504114080654	32054400.0	0.050198571	8.192669331848528
Saltmarsh_2_000000001	32140800.0	1	1	0.752406995390844	1.504813990781688	0.8093960188609005	1.618792037721801	1.0	0.540704607963562	217223641.97306657	141242058.90470356	141242058.90470356	-0.3135039483138957	1.0197142428374135	6.008000165766759	32140800.0	0.066373789	7.786368214833721
Saltmarsh_2_000000001	32227200.0	1	1	0.7558182273582615	1.511636454716523	0.8126196532624983	1.6252393065249966	1.0	0.8368019461631775	209135322.1830765	212493720.58317044	209135322.1830765	0.07653331377574557	0.969143297139637	6.084533479542506	32227200.0	0.033675054	7.885555389487088
Saltmarsh_2_000000001	32313600.0	1	1	0.75907392627811	1.51814785255622	0.8156995826891245	1.631399165378249	1.0	0.8368019461631775	211035959.2408764	214113307.57666305	211035959.2408764	0.07369100205955592	0.9814887941448261	6.158224481602061	32313600.0	0.033675054	7.981058928156272
Saltmarsh_2_000000001	32400000.0	1	1	0.7621807831584287	1.5243615663168575	0.8186416449920558	1.6372832899841117	1.0	0.8368018269538879	212857956.3853464	215667087.09215322	212857956.3853464	0.07091398066888155	0.9933758012578505	6.229138462270942	32400000.0	0.033675056	8.072963447103142
Saltmarsh_2_000000001	32486400.0	1	1	0.7651452434179035	1.530290486835807	0.8214515031082408	1.6429030062164816	1.0	0.8368015289306641	214603959.13658556	217157122.1985502	214603959.13658556	0.06820494530015697	1.004814850382771	6.297343407571098	32486400.0	0.033675117	8.161357056212143
Saltmarsh_2_000000001	32572800.0	1	1	0.7679735076499511	1.5359470152999022	0.8241346455713731	1.6482692911427461	1.0	0.8367971181869507	216276586.22345638	218584460.1552601	216276586.22345638	0.06556602285407709	1.015816908263205	6.3629094304251765	32572800.0	0.033675834	8.24633062183103
Saltmarsh_2_000000001	32659200.0	1	1	0.7706715230404936	1.5413430460809872	0.8266963962097329	1.6533927924194658	1.0	0.836768388748169	217878420.2579557	219945836.4200206	217878420.2579557	0.06299881655920969	1.0263932847305688	6.425908246984385	32659200.0	0.033680511	8.327977088091762
Saltmarsh_2_000000001	32745600.0	1	1	0.7732449449448384	1.5464898898896768	0.829141948555975	1.65828389711195	1.0	0.8366387486457825	219411993.7801542	221222946.0263768	219411993.7801542	0.060504420669616144	1.0365555482311548	6.486412667654001	32745600.0	0.033701593	8.406390817279586
Saltmarsh_2_000000001	32832000.0	1	1	0.7756990353667647	1.5513980707335293	0.8314764476361626	1.6629528952723251	1.0	0.8361846804618835	220879758.79977676	222357984.17554322	220879758.79977676	0.058083350274817924	1.0463154437240658	6.544496017928818	32832000.0	0.033775338	8.481666839235748
Saltmarsh_2_000000001	32918400.0	1	1	0.7780384456049829	1.5560768912099658	0.8337051527842061	1.6674103055684122	1.0	0.8348578810691833	222284020.3736401	223205159.3550285	222284020.3736401	0.05573530261132431	1.055684799256876	6.600231320540142	32918400.0	0.03398988	8.553899791420024
Saltmarsh_2_000000001	33004800.0	1	1	0.7802285351157754	1.5604570702315508	0.8357971662361117	1.6715943324722233	1.0	0.8314650058746338	223626803.17166075	223442681.27237034	223442681.27237034	0.052538012323106065	1.0646753940387457	6.652769332863247	33004800.0	0.034532311	8.621989055390769
Saltmarsh_2_000000001	33091200.0	1	1	0.781834493998417	1.563668987996834	0.8373392811785223	1.6746785623570446	1.0	0.8235807418823242	224887543.00226843	222391900.99942553	222391900.99942553	0.03880926723615663	1.073150237760971	6.691578600099403	33091200.0	0.035760044	8.672285865728826
Saltmarsh_2_000000001	33177600.0	1	1	0.7823746942949522	1.5647493885899044	0.8378636191971565	1.675727238394313	1.0	0.806355893611908	225814276.1896036	218514620.16753548	218514620.16753548	0.013162586749962735	1.0794105140877146	6.704741186849365	33177600.0	0.038299933	8.689344578156778
Saltmarsh_2_000000001	33264000.0	1	1	0.7807572612899858	1.5615145225799716	0.8364538695019549	1.6729077390039098	1.0	0.7697871923446655	226126431.97704875	208857392.75421616	208857392.75421616	-0.03724679139016618	1.081533755161247	6.667494395459199	33264000.0	0.043175338	8.641072736515122
Saltmarsh_2_000000001	33350400.0	1	1	0.7746626752952008	1.5493253505904017	0.8311516998807181	1.6623033997614363	1.0	0.6925309896469116	225192438.8445459	187311627.21527883	187311627.21527883	-0.1389673838618548	1.075525519938249	6.528527011597343	33350400.0	0.051956028	8.460971007030157
Saltmarsh_2_000000001	33436800.0	1	1	0.7769932810709497	1.5539865621418993	0.8333652805237216	1.6667305610474432	1.0	0.8368019461631775	221690459.2521122	223687940.0346394	221690459.2521122	0.05534343825220733	1.0531088580083536	6.583870449849551	33436800.0	0.033675054	8.532696103005017
Saltmarsh_2_000000001	33523200.0	1	1	0.7792161669158484	1.5584323338316968	0.8354779632564624	1.6709559265129248	1.0	0.8368019461631775	223026396.29352415	224830619.23896918	223026396.29352415	0.05309573984692961	1.0620362416206912	6.63696618969648	33523200.0	0.033675054	8.601508181846638
Saltmarsh_2_000000001	33609600.0	1	1	0.7813361396353999	1.5626722792707999	0.837494107782164	1.674988215564328	1.0	0.8368019461631775	224304325.9487236	225924225.36739653	224304325.9487236	0.05092057804310657	1.0706010517005116	6.687886767739586	33609600.0	0.033675055	8.667501250990505
Saltmarsh_2_000000001	33696000.0	1	1	0.7833578088374067	1.5667156176748134	0.83941791033732	1.67883582067464	1.0	0.8368017673492432	225526492.35652593	226970552.65770808	225526492.35652593	0.048817472742678225	1.0788149890399514	6.736704240482265	33696000.0	0.033675084	8.730768695665017
Saltmarsh_2_000000001	33782400.0	1	1	0.7852855922348679	1.5705711844697359	0.8412534078316007	1.6825068156632015	1.0	0.836799681186676	226695079.861695	227970929.73807403	226695079.861695	0.04678572232136924	1.0866896769871057	6.783489962803634	33782400.0	0.033675415	8.79140299179351
Saltmarsh_2_000000001	33868800.0	1	1	0.7871237181003354	1.5742474362006709	0.8430044845962532	1.6860089691925064	1.0	0.8367871642112732	227812211.11746788	228924774.60804936	227812211.11746788	0.044824429875440774	1.0942366257118987	6.828314392679073	33868800.0	0.033677451	8.849495452912079
Saltmarsh_2_000000001	33955200.0	1	1	0.7888762203174239	1.5777524406348478	0.8446748850412714	1.6893497700825428	1.0	0.836734414100647	228879943.94009492	229825581.43619648	228879943.94009492	0.04293251899468453	1.1014672007057902	6.871246911673756	33955200.0	0.033686032	8.905135997529188
Saltmarsh_2_000000001	34041600.0	1	1	0.7905469210642309	1.5810938421284617	0.846268235033108	1.692536470066216	1.0	0.8365638256072998	229900264.2055298	230653507.61975297	229900264.2055298	0.04110872720184933	1.1083925938257997	6.912355638875604	34041600.0	0.033713765	8.958412907982783
Saltmarsh_2_000000001	34128000.0	1	1	0.7921393977126253	1.5842787954252506	0.8477880726646779	1.6955761453293559	1.0	0.8361120820045471	230875071.80007392	231364674.8962056	230875071.80007392	0.03935156572011245	1.1150237932802571	6.951707204595716	34128000.0	0.033787113	9.009412537156049
Saltmarsh_2_000000001	34214400.0	1	1	0.7936569370449205	1.587313874089841	0.8492378830730264	1.6984757661460528	1.0	0.8350927233695984	231806157.51002568	231880426.2301915	231806157.51002568	0.037659240425439	1.1213715471246894	6.989366445021155	34214400.0	0.033952013	9.058218912747417
Saltmarsh_2_000000001	34300800.0	1	1	0.794980389345658	1.589960778691316	0.8505042600486622	1.7010085200973244	1.0	0.8330911993980408	232695172.5459297	232085483.98196778	232085483.98196778	0.03298110590321057	1.1274463140066284	7.022347550924366	34300800.0	0.034273424	9.100962425997979
Saltmarsh_2_000000001	34387200.0	1	1	0.7960271127215448	1.5920542254430896	0.8515082143352468	1.7030164286704936	1.0	0.8296550512313843	233471875.21237788	231791468.04994306	231791468.04994306	0.026190883627166928	1.1327664566225484	7.0485384345515305	34387200.0	0.034818124	9.134905811178784
Saltmarsh_2_000000001	34473600.0	1	1	0.7967250799439937	1.5934501598879873	0.8521798459882591	1.7043596919765183	1.0	0.8246051669120789	234087088.7606863	230904358.96462056	230904358.96462056	0.017530518191716915	1.1369912766313859	7.066068952743247	34473600.0	0.03560299	9.15762536275525
Saltmarsh_2_000000001	34560000.0	1	1	0.7970559615581146	1.5941119231162293	0.8524993998537177	1.7049987997074354	1.0	0.8188130855560303	234497770.1097726	229631145.5148787	229631145.5148787	0.008336624090123479	1.13981910348427	7.07440557683337	34560000.0	0.036481629	9.168429627576048
Saltmarsh_2_000000001	34646400.0	1	1	0.7983425664276809	1.5966851328553617	0.8537288795629475	1.707457759125895	1.0	0.8368019461631775	234692585.39672366	234845877.59240022	234692585.39672366	0.032299052671319384	1.141163874312299	7.106704629504689	34646400.0	0.033675054	9.210289199838078
Saltmarsh_2_000000001	34732800.0	1	1	0.7995687942631382	1.5991375885262764	0.8549010549243572	1.7098021098487144	1.0	0.8368019461631775	235450876.77511057	235497406.01432085	235450876.77511057	0.030880388135706927	1.146373995739846	7.137585017640395	34732800.0	0.033675054	9.250310182861952
Saltmarsh_2_000000001	34819200.0	1	1	0.800726513625248	1.601453027250496	0.8560080908969865	1.712016181793973	1.0	0.8368019461631775	236174721.802498	236119491.03176937	236119491.03176937	0.029242181065295858	1.151355274093551	7.1668271987056915	34819200.0	0.033675054	9.288208049522577
Saltmarsh_2_000000001	34905600.0	1	1	0.8018109064826581	1.6036218129653161	0.8570453165934224	1.7140906331868448	1.0	0.8368019461631775	236859145.70605138	236707833.3875273	236707833.3875273	0.027466871707059637	1.1560722952305769	7.1942940704127505	34905600.0	0.033675052	9.323805115254926
Saltmarsh_2_000000001	34992000.0	1	1	0.8028266855374158	1.6056533710748315	0.8580171801138252	1.7160343602276504	1.0	0.8368021845817566	237501118.41791174	237259871.3670679	237259871.3670679	0.025796413489943104	1.1605029433453964	7.220090483902693	34992000.0	0.033675014	9.35723726713789
Saltmarsh_2_000000001	35078400.0	1	1	0.8037783545865635	1.607556709173127	0.8589279376776615	1.717855875355323	1.0	0.8368044495582581	238103259.08048066	237778342.35043752	237778342.35043752	0.024227579902424745	1.1646641318497628	7.244318063805116	35078400.0	0.033674639	9.388636210691429
Saltmarsh_2_000000001	35164800.0	1	1	0.8046706671371804	1.6093413342743608	0.8597820877580663	1.7195641755161326	1.0	0.8368184566497803	238668087.85153735	238268162.58121008	238268162.58121008	0.022768559215323725	1.1685722536907266	7.267086623020438	35164800.0	0.033672353	9.418144263434487
Saltmarsh_2_000000001	35251200.0	1	1	0.805510169158877	1.611020338317754	0.8605858356649898	1.7211716713299796	1.0	0.8368817567825317	239198295.56648484	238742356.20576042	238742356.20576042	0.021466758373322792	1.1722450226554793	7.288553381393761	35251200.0	0.033662063	9.445965182286315
Saltmarsh_2_000000001	35337600.0	1	1	0.8063094962510633	1.6126189925021266	0.8613511772737875	1.722702354547575	1.0	0.8371107578277588	239697660.6130044	239237484.97730452	239237484.97730452	0.020479625197952434	1.17570779968857	7.309033006591713	35337600.0	0.033624752	9.472506776542861
Saltmarsh_2_000000001	35424000.0	1	1	0.8070977949706368	1.6141955899412737	0.8621057981498568	1.7242115962997135	1.0	0.8378151059150696	240173612.13906014	239848760.1039429	239848760.1039429	0.020232457066013287	1.1790113434537013	7.329265463657727	35424000.0	0.033509763	9.498728040900414
Saltmarsh_2_000000001	35510400.0	1	1	0.8079126097526834	1.6158252195053668	0.8628850852717856	1.7257701705435713	1.0	0.8397160768508911	240643459.26733154	240798434.99807203	240643459.26733154	0.020942279512585982	1.1822750168240717	7.350207743170313	35510400.0	0.033197402	9.525869235148726
Saltmarsh_2_000000001	35596800.0	1	1	0.8086901261297139	1.6173802522594278	0.8636268411351974	1.7272536822703948	1.0	0.8443076014518738	241129593.2311695	242536334.2895985	241129593.2311695	0.019994775354335914	1.1856531908015115	7.37020251852465	35596800.0	0.032430343	9.551782464007946
Saltmarsh_2_000000001	35683200.0	1	1	0.8094333679008365	1.618866735801673	0.8643319076206971	1.7286638152413942	1.0	0.8542941212654114	241593931.62551093	245810710.22046766	241593931.62551093	0.019091134107365626	1.1888785240201891	7.3892936526320145	35683200.0	0.030695872	9.57652457381109
Saltmarsh_2_000000001	35769600.0	1	1	0.8101460308673102	1.6202920617346204	0.8650006119295894	1.7300012238591789	1.0	0.8736314177513123	242038218.53110638	251768512.30571857	242038218.53110638	0.018233000701844748	1.1919580919536872	7.407526653333858	35769600.0	0.02703432	9.60015454272068
Saltmarsh_2_000000001	35856000.0	1	1	0.8106345461664354	1.6212690923328708	0.8654690052740653	1.7309380105481307	1.0	0.8368019461631775	242464609.67465886	241511258.59697893	241511258.59697893	0.012657057567593943	1.1948992354173007	7.420183710901451	35856000.0	0.033675054	9.616558089328281
Saltmarsh_2_000000001	35942400.0	1	1	0.8110923439590176	1.6221846879180353	0.8659079985779972	1.7318159971559943	1.0	0.8368019461631775	242757108.50469565	241763195.05474532	241763195.05474532	0.011875045088666436	1.1969409301850602	7.432058755990118	35942400.0	0.033675054	9.631948147763193
Saltmarsh_2_000000001	36028800.0	1	1	0.8115213649003347	1.6230427298006693	0.8663194428305163	1.7326388856610326	1.0	0.8368019461631775	243031375.24980155	241999448.35571432	241999448.35571432	0.011140762320312803	1.1988564794582588	7.443199518310429	36028800.0	0.033675053	9.646386575730316
Saltmarsh_2_000000001	36115200.0	1	1	0.8119234292268518	1.6238468584537036	0.8667050749660807	1.7334101499321615	1.0	0.8368020057678223	243288542.32918224	242221007.31375325	242221007.31375325	0.010451454109532854	1.2006535824592335	7.453650972419962	36115200.0	0.033675035	9.659931660256271
Saltmarsh_2_000000001	36201600.0	1	1	0.8123003176982065	1.624600635396413	0.8670665950384965	1.734133190076993	1.0	0.8368034958839417	243529674.30621088	242429182.79429433	242429182.79429433	0.009806419991574389	1.2023394939798973	7.463457392411535	36201600.0	0.033674789	9.67264078056535
Saltmarsh_2_000000001	36288000.0	1	1	0.8126541464111409	1.6253082928222817	0.8674060243884915	1.734812048776983	1.0	0.8368144631385803	243755815.90028182	242627205.68650538	242627205.68650538	0.009214672611493224	1.2039213558210338	7.47267206502303	36288000.0	0.033673008	9.684582996269848
Saltmarsh_2_000000001	36374400.0	1	1	0.8129888008158113	1.6259776016316225	0.8677270768667257	1.7354541537334514	1.0	0.8368690609931946	243968216.63190526	242826064.71953532	242826064.71953532	0.008722559995289592	1.205407763602387	7.481394625018318	36374400.0	0.033664127	9.69588743402374
Saltmarsh_2_000000001	36460800.0	1	1	0.8133141989023801	1.6266283978047602	0.8680392357976862	1.7360784715953723	1.0	0.8370799422264099	244169192.2856729	243060484.53067425	243060484.53067425	0.008487633365216407	1.2068147892881549	7.489882258383533	36460800.0	0.033629786	9.706887406865059
Saltmarsh_2_000000001	36547200.0	1	1	0.8136568762233506	1.6273137524467012	0.868367866309539	1.736735732619078	1.0	0.8377564549446106	244364688.43082258	243425546.25965592	243425546.25965592	0.008943812057141898	1.2081839192411377	7.498826070440675	36547200.0	0.033519357	9.718478587291115
Saltmarsh_2_000000001	36633600.0	1	1	0.8140828209048208	1.6281656418096415	0.8687759354911125	1.737551870982225	1.0	0.8396356701850891	244570650.35251978	244149549.67342123	244149549.67342123	0.011121113535605298	1.2096266348315008	7.509947183976276	36633600.0	0.033210674	9.732891550433255
Saltmarsh_2_000000001	36720000.0	1	1	0.8145698964314612	1.6291397928629223	0.8692413502237463	1.7384827004474925	1.0	0.8442644476890564	244826780.02569583	245717712.54873383	244826780.02569583	0.01271333181788692	1.2114205683105923	7.522660515794162	36720000.0	0.032437646	9.749368028469235
Saltmarsh_2_000000001	36806400.0	1	1	0.8150354416084349	1.6300708832168698	0.8696835983505312	1.7393671967010624	1.0	0.8544617295265198	245119833.27248496	248941929.2109572	245119833.27248496	0.012127825752287436	1.2134713406101374	7.5347883415464505	36806400.0	0.030665932	9.7650856906442
Saltmarsh_2_000000001	36892800.0	1	1	0.8154818267186426	1.630963653437285	0.8701028697099471	1.7402057394198942	1.0	0.8743416666984558	245400096.4300911	254982663.60467294	245400096.4300911	0.011572816521607576	1.215427665628848	7.546361158068058	36892800.0	0.026891	9.780084060856204
Saltmarsh_2_000000001	36979200.0	1	1	0.8159116582528178	1.6318233165056355	0.8704992784227147	1.7409985568454294	1.0	0.907239556312561	245668975.40436405	264820458.0779804	245668975.40436405	0.011050414247251394	1.217294462774569	7.557411572315308	36979200.0	0.019324757	9.79440539772064
Saltmarsh_2_000000001	37065600.0	1	1	0.8160364811712443	1.6320729623424886	0.8706191351668279	1.7412382703336557	1.0	0.8368019461631775	245928022.50622618	244471155.7090735	244471155.7090735	0.0032787867090720013	1.2190769918362956	7.560690359024379	37065600.0	0.033675054	9.798654705295595
Saltmarsh_2_000000001	37152000.0	1	1	0.816153485478726	1.632306970957452	0.8707314876978963	1.7414629753957926	1.0	0.8368019461631775	246003275.2650738	244536042.2420799	244536042.2420799	0.003074322224607684	1.219605888985792	7.563764681248987	37152000.0	0.033675054	9.802639026898687
Saltmarsh_2_000000001	37238400.0	1	1	0.8162631614904691	1.6325263229809381	0.8708368062097175	1.741673612419435	1.0	0.8368019461631775	246073824.82266685	244596874.7675632	244596874.7675632	0.002882569623159137	1.2201018042146567	7.566647250872145	37238400.0	0.033675053	9.806374837130301
Saltmarsh_2_000000001	37324800.0	1	1	0.8163659786506288	1.6327319573012575	0.8709355409337898	1.7418710818675796	1.0	0.8368021249771118	246139964.8552785	244653958.54393843	244653958.54393843	0.0027030046582074974	1.2205667880614848	7.569350255530352	37324800.0	0.033675019	9.809877931167335
Saltmarsh_2_000000001	37411200.0	1	1	0.8164625095317435	1.632925019063487	0.8710282410900475	1.742056482180095	1.0	0.8368048667907715	246201976.73393032	244708233.2129661	244708233.2129661	0.0025383595655361635	1.2210028064992944	7.5718886150958875	37411200.0	0.033674579	9.81316764516427
Saltmarsh_2_000000001	37497600.0	1	1	0.8165540499911621	1.6331080999823242	0.8711161498961638	1.7422322997923276	1.0	0.8368238210678101	246260204.29233962	244763987.7827262	244763987.7827262	0.002407672678851336	1.2214122662347797	7.574296287774737	37497600.0	0.033671494	9.81628798895606
Saltmarsh_2_000000001	37584000.0	1	1	0.8166449708518388	1.6332899417036777	0.8712034608663232	1.7424069217326463	1.0	0.8369157314300537	246315427.98161834	244838497.48420438	244838497.48420438	0.0023918423956243995	1.2218006450253975	7.576688130170361	37584000.0	0.033656532	9.819387816700788
Saltmarsh_2_000000001	37670400.0	1	1	0.8167494522308174	1.6334989044616348	0.8713037757327281	1.7426075514654562	1.0	0.8372618556022644	246370284.01357433	244987082.00561386	244987082.00561386	0.0027489397760447343	1.2221864702520246	7.579437069946405	37670400.0	0.033600125	9.82295044265054
Saltmarsh_2_000000001	37756800.0	1	1	0.8169076718348168	1.6338153436696337	0.8714555931356657	1.7429111862713313	1.0	0.8383452296257019	246433329.16682377	245358530.15293133	245358530.15293133	0.004162752336086095	1.2226298984285706	7.5835998222824905	37756800.0	0.033422961	9.82834536967811
Saltmarsh_2_000000001	37843200.0	1	1	0.8172193257489373	1.6344386514978746	0.8717541349146903	1.7435082698293807	1.0	0.8412783741950989	246528815.88003364	246299655.74077773	246299655.74077773	0.008196891691286678	1.223301387012602	7.5917967139737765	37843200.0	0.032938425	9.838968541310015
Saltmarsh_2_000000001	37929600.0	1	1	0.8175604991383366	1.6351209982766732	0.8720796343250182	1.7441592686500365	1.0	0.848293125629425	246716955.44310585	248517236.1847949	246716955.44310585	0.008961159440476152	1.2246236177750531	7.600757873414251	37929600.0	0.031749412	9.85058220394487
Saltmarsh_2_000000001	38016000.0	1	1	0.8178870567429496	1.6357741134858992	0.8723885383178976	1.7447770766357953	1.0	0.8631383776664734	246922997.6342745	253047917.19048283	246922997.6342745	0.008545856520367767	1.2260691316510048	7.6093037299346165	38016000.0	0.029075448	9.861657633995264
Saltmarsh_2_000000001	38102400.0	1	1	0.818200879322985	1.63640175864597	0.8726808798033601	1.7453617596067201	1.0	0.8902677297592163	247120293.5814811	261178716.37422305	247120293.5814811	0.008153814396128167	1.2274476535112773	7.617457544330745	38102400.0	0.023478246	9.872224977452646
Saltmarsh_2_000000001	38188800.0	1	1	0.8185037316789089	1.6370074633578178	0.8729569163429887	1.7459138326859773	1.0	0.9302146434783936	247309969.66395816	273072259.6252271	247309969.66395816	0.007786912792851375	1.2287629355269394	7.625244457123594	38188800.0	0.01244464	9.88231681643218
Saltmarsh_2_000000001	38275200.0	1	1	0.818462785058603	1.636925570117206	0.8729209190410447	1.7458418380820895	1.0	0.8368019461631775	247493084.27665752	245796983.64389065	245796983.64389065	-0.0010341148658052912	1.2300190330852585	7.624210342257788	38275200.0	0.033675054	9.880976603566094
Saltmarsh_2_000000001	38361600.0	1	1	0.8184247055530387	1.6368494111060774	0.872887442866649	1.745774885733298	1.0	0.8368019461631775	247468322.6256713	245778121.75690496	245778121.75690496	-0.0009616124726683495	1.2298522212571932	7.623248729785118	38361600.0	0.033675054	9.879730353801513
Saltmarsh_2_000000001	38448000.0	1	1	0.8183892925232426	1.636778585046485	0.8728563113160909	1.7457126226321817	1.0	0.8368019461631775	247445295.916763	245760581.67867053	245760581.67867053	-0.0008941963098090255	1.2296971047031617	7.62235453347531	38448000.0	0.033675053	9.878571475384001
Saltmarsh_2_000000001	38534400.0	1	1	0.818356373220933	1.636712746441866	0.87282737242297	1.74565474484594	1.0	0.8368021845817566	247423882.5894381	245744340.77977473	245744340.77977473	-0.0008311590705885052	1.229552862969462	7.6215233744047195	38534400.0	0.033675004	9.877494293228516
Saltmarsh_2_000000001	38620800.0	1	1	0.8183259776352548	1.6366519552705097	0.8728006524568407	1.7456013049136814	1.0	0.8368059396743774	247403977.9845044	245730281.9515134	245730281.9515134	-0.0007673799396088476	1.229418789697176	7.620755994465109	38620800.0	0.033674397	9.876499768826783
Saltmarsh_2_000000001	38707200.0	1	1	0.8182992152238218	1.6365984304476435	0.8727771266082494	1.7455542532164987	1.0	0.83683180809021	247385600.0518544	245723879.29608187	245723879.29608187	-0.0006756080795642383	1.2292950045599735	7.620080386385544	38707200.0	0.033670187	9.875624180755665
Saltmarsh_2_000000001	38793600.0	1	1	0.8182815341941695	1.636563068388339	0.8727615840157681	1.7455231680315362	1.0	0.836955726146698	247369419.39247903	245747939.12468168	245747939.12468168	-0.00044632740798000725	1.2291860230313885	7.619634058977564	38793600.0	0.033650008	9.875045740434922
Saltmarsh_2_000000001	38880000.0	1	1	0.8182914625728095	1.636582925145619	0.8727711195833189	1.7455422391666378	1.0	0.8374170660972595	247358729.66259515	245875250.0931778	245875250.0931778	0.0002622239730887266	1.2291140264928002	7.61989628295065	38880000.0	0.033574795	9.875385582704043
Saltmarsh_2_000000001	38966400.0	1	1	0.818380091439069	1.636760182878138	0.8728561709337922	1.7457123418675844	1.0	0.838843584060669	247364732.20798853	246299280.08187172	246299280.08187172	0.0023400748821287287	1.22915632552723	7.622236357832778	38966400.0	0.033341135	9.87841831975128
Saltmarsh_2_000000001	39052800.0	1	1	0.8186665434916033	1.6373330869832066	0.8731304544506917	1.7462609089013834	1.0	0.8426535725593567	247418319.08758533	247464431.3881546	247418319.08758533	0.007557795239550691	1.229533800198376	7.6297941530723286	39052800.0	0.032708754	9.888213222381738
Saltmarsh_2_000000001	39139200.0	1	1	0.818940178651253	1.637880357302506	0.8733911107261658	1.7467822214523316	1.0	0.8516041040420532	247591553.72455242	250244321.70362374	247591553.72455242	0.007204829543648428	1.2307529390791137	7.636998982615976	39139200.0	0.031172479	9.897550681470305
Saltmarsh_2_000000001	39225600.0	1	1	0.8192023844170236	1.6384047688340473	0.8736382500317693	1.7472765000635386	1.0	0.8700287938117981	247757093.83945453	255805136.5574287	247757093.83945453	0.006870327710268631	1.231915141487004	7.643869310326244	39225600.0	0.027750821	9.906454626182812
Saltmarsh_2_000000001	39312000.0	1	1	0.819454750591244	1.638909501182488	0.8738718813262976	1.7477437626525951	1.0	0.9020780920982361	247915771.45740694	265371927.60927594	247915771.45740694	0.0065554714814806125	1.2330233858055542	7.650424781807724	39312000.0	0.020654866	9.91495051722281
Saltmarsh_2_000000001	39398400.0	1	1	0.8196985388629396	1.6393970777258793	0.8740924085561981	1.7481848171123961	1.0	0.945027232170105	248068542.47721085	278147978.88612723	248068542.47721085	0.006261871342388536	1.2340808410436657	7.656686653150112	39398400.0	0.006791639	9.923065902482547
Saltmarsh_2_000000001	39484800.0	1	1	0.81957872964769	1.63915745929538	0.8739870492945503	1.7479740985891006	1.0	0.8368019461631775	248216165.50835866	246411316.48424077	246411316.48424077	-0.003034353574456805	1.2350909359956608	7.653652299575654	39484800.0	0.033675054	9.919133380250049
Saltmarsh_2_000000001	39571200.0	1	1	0.8194673016737163	1.6389346033474326	0.8738890652775072	1.7477781305550144	1.0	0.8368019461631775	248143611.00384605	246356035.69840968	246356035.69840968	-0.0028212895697410367	1.2346014680617894	7.650831010005913	39571200.0	0.033675054	9.915476988967663
Saltmarsh_2_000000001	39657600.0	1	1	0.819363669642716	1.638727339285432	0.873797940806353	1.747595881612706	1.0	0.8368019461631775	248076141.56081417	246304631.35726884	246304631.35726884	-0.0026232124404976798	1.234146369226842	7.648207797565416	39657600.0	0.033675052	9.912077305644779
Saltmarsh_2_000000001	39744000.0	1	1	0.8192673063245205	1.638534612649041	0.8737132114016782	1.7474264228033565	1.0	0.8368022441864014	248013400.78092274	246256919.20091859	246256919.20091859	-0.0024386259713271574	1.2337232219759202	7.645769171594088	39744000.0	0.033674992	9.908916846385939
Saltmarsh_2_000000001	39830400.0	1	1	0.8191779534322527	1.6383559068645055	0.873634649182576	1.747269298365152	1.0	0.8368068337440491	247955067.73598182	246213829.32061437	246213829.32061437	-0.0022607035437645084	1.2333298501468364	7.643508468050323	39830400.0	0.033674253	9.905986974593219
Saltmarsh_2_000000001	39916800.0	1	1	0.8190966774064595	1.638193354812919	0.8735631910432616	1.7471263820865233	1.0	0.8368381857872009	247900984.54702652	246181851.00801295	246181851.00801295	-0.0020559237309709655	1.2329651787710358	7.6414525443193515	39916800.0	0.03366916	9.90332249743788
Saltmarsh_2_000000001	40003200.0	1	1	0.819029742319399	1.638059484638798	0.8735043433728288	1.7470086867456576	1.0	0.8369869589805603	247851795.2171577	246188137.01358864	246188137.01358864	-0.0016928551131583092	1.2326335401811015	7.639759689206192	40003200.0	0.033644931	9.901128557211225
Saltmarsh_2_000000001	40089600.0	1	1	0.8189994658783442	1.6379989317566883	0.8734777256308127	1.7469554512616254	1.0	0.8375367522239685	247811288.87865812	246318967.44806024	246318967.44806024	-0.0007656305139227548	1.232360467754224	7.63899405869227	40089600.0	0.033555261	9.900136300065183
Saltmarsh_2_000000001	40176000.0	1	1	0.8190663378557015	1.638132675711403	0.873541890822682	1.747083781645364	1.0	0.8392236232757568	247792967.9195602	246801078.50445116	246801078.50445116	0.0017684277074760946	1.2322369648147797	7.640762486399744	40176000.0	0.033278611	9.902428182374068
Saltmarsh_2_000000001	40262400.0	1	1	0.8193178603978352	1.6386357207956703	0.8737826062089806	1.7475652124179613	1.0	0.843687891960144	247833434.56923217	248149070.65460527	247833434.56923217	0.006644945080001685	1.2325222277661592	7.6474074314797456	40262400.0	0.032534934	9.91104003119775
Saltmarsh_2_000000001	40348800.0	1	1	0.8195582362211077	1.6391164724422154	0.8740112760104466	1.7480225520208932	1.0	0.8540457487106323	247985669.53181994	251328861.15106344	247985669.53181994	0.00633423177601955	1.23359411588308	7.653741663255765	40348800.0	0.030740196	9.919249195579473
Saltmarsh_2_000000001	40435200.0	1	1	0.8197887531304322	1.6395775062608644	0.8742279565936142	1.7484559131872284	1.0	0.8749455809593201	248131201.58151403	257608731.32539773	248131201.58151403	0.006040124697778371	1.2346158832097918	7.659781787953541	40435200.0	0.026768613	9.92707719718779
Saltmarsh_2_000000001	40521600.0	1	1	0.820010830185798	1.640021660371596	0.8744326672673826	1.7488653345347651	1.0	0.9100067615509033	248270804.79519993	268058769.81436262	248270804.79519993	0.005763815499359337	1.2355902084766404	7.6655456034529	40521600.0	0.018584053	9.934547102074959
Saltmarsh_2_000000001	40608000.0	1	1	0.8202254400159886	1.6404508800319773	0.8746259130170491	1.7492518260340981	1.0	0.9538601040840149	248405333.88454428	281101426.29590935	248405333.88454428	0.005506706784458304	1.2365199626382632	7.671052310237359	40608000.0	0.002692497	9.941683794067616
Saltmarsh_2_000000001	40694400.0	1	1	0.8200726954114931	1.6401453908229862	0.8744915828690314	1.7489831657380628	1.0	0.8368019461631775	248535374.1245663	246706985.98756784	246706985.98756784	-0.0038733129637769093	1.2374082429016162	7.667178997273581	40694400.0	0.033675054	9.93666398046656
Saltmarsh_2_000000001	40780800.0	1	1	0.8199306330720242	1.6398612661440484	0.8743666550358344	1.7487333100716689	1.0	0.8368019461631775	248442816.88155007	246636461.44300386	246636461.44300386	-0.0036011362203853814	1.2367834434354048	7.663577861053194	40780800.0	0.033675054	9.93199690792494
Saltmarsh_2_000000001	40867200.0	1	1	0.8197985075680856	1.6395970151361712	0.8742504723449279	1.7485009446898558	1.0	0.8368019461631775	248356748.14412823	246570884.15326354	246570884.15326354	-0.0033481277067399784	1.2362025484730577	7.660229733346453	40867200.0	0.033675052	9.927657734417004
Saltmarsh_2_000000001	40953600.0	1	1	0.8196756495303877	1.6393512990607755	0.8741424447646456	1.7482848895292913	1.0	0.8368023633956909	248276713.04042798	246510029.76144642	246510029.76144642	-0.0031123172032043733	1.2356624660104365	7.65711741614325	40953600.0	0.033674985	9.923624171321652
Saltmarsh_2_000000001	41040000.0	1	1	0.8195616822311429	1.6391233644622858	0.8740422397844168	1.7480844795688335	1.0	0.8368074297904968	248202303.28276637	246454832.8947688	246454832.8947688	-0.0028862573833243754	1.2351604218571683	7.654231158759924	41040000.0	0.033674154	9.919883581752861
Saltmarsh_2_000000001	41126400.0	1	1	0.8194577213866583	1.6389154427733166	0.873950837179636	1.747901674359272	1.0	0.8368423581123352	248133288.22861376	246412540.4689184	246412540.4689184	-0.0026321407975808953	1.234694843142173	7.651599017962343	41126400.0	0.033668475	9.916472327279196
Saltmarsh_2_000000001	41212800.0	1	1	0.8193706352889395	1.638741270577879	0.8738742740246666	1.747748548049333	1.0	0.8370074033737183	248070341.14205176	246413174.69100198	246413174.69100198	-0.0022043822136741387	1.234270255668684	7.649394635748669	41212800.0	0.033641596	9.913615447930276
Saltmarsh_2_000000001	41299200.0	1	1	0.8193249199718737	1.6386498399437475	0.8738340838066994	1.7476681676133987	1.0	0.8376139402389526	248017617.66535598	246551535.9850754	246551535.9850754	-0.001156989493677818	1.2339146694190548	7.648237646254989	41299200.0	0.03354265	9.912115989546466
Saltmarsh_2_000000001	41385600.0	1	1	0.8193871425857313	1.6387742851714626	0.8738937780321149	1.7477875560642298	1.0	0.8394639492034912	247989943.03987205	247074937.709189	247074937.709189	0.0016466517137281311	1.233728036832217	7.649884297968715	41385600.0	0.033239001	9.914250050167455
Saltmarsh_2_000000001	41472000.0	1	1	0.8196195875976844	1.6392391751953688	0.8741161463202903	1.7482322926405807	1.0	0.8443273305892944	248027611.04683334	248539067.50120467	248027611.04683334	0.006144398989990751	1.233993656244176	7.656028696958705	41472000.0	0.032427014	9.922213191258482
Saltmarsh_2_000000001	41558400.0	1	1	0.8198417915792678	1.6396835831585357	0.8743273425924921	1.7486546851849842	1.0	0.8555128574371338	248168352.71956098	251955053.0193103	248168352.71956098	0.005856961725832388	1.2349848018719725	7.661885658684536	41558400.0	0.030477548	9.929803813655159
Saltmarsh_2_000000001	41644800.0	1	1	0.8200549767995813	1.6401099535991626	0.8745274014440805	1.749054802888161	1.0	0.8777880668640137	248302930.9357297	258635233.18077123	248302930.9357297	0.0055850733390365725	1.235929581339612	7.66747073202357	41644800.0	0.026185597	9.937042068702548
Saltmarsh_2_000000001	41731200.0	1	1	0.8202604546313225	1.640520909262645	0.8747163564913141	1.7494327129826281	1.0	0.9143271446228027	248432081.21305767	269519077.10163486	248432081.21305767	0.005329903247444756	1.2368305028178437	7.672800635271015	41731200.0	0.017385497	9.943949623311235
Saltmarsh_2_000000001	41817600.0	1	1	0.8204590418337064	1.6409180836674129	0.8748947597239669	1.7497895194479338	1.0	0.9582221508026123	248556594.03764156	282573860.46045035	248556594.03764156	0.0050927070734028135	1.237690263114805	7.677893342344417	41817600.0	0.000384142	9.950549771678364
Saltmarsh_2_000000001	41904000.0	1	1	0.8202934981274862	1.6405869962549724	0.8747491804694605	1.749498360938921	1.0	0.8368019461631775	248676961.01005158	246862312.31090355	246862312.31090355	-0.00420020002704935	1.238511761581567	7.673693142317369	41904000.0	0.033675054	9.94510631244331
Saltmarsh_2_000000001	41990400.0	1	1	0.8201395319273224	1.6402790638546447	0.8746137917305934	1.7492275834611868	1.0	0.8368019461631775	248576620.22382584	246785859.97176936	246785859.97176936	-0.00390493249659718	1.237834232355444	7.669788209820772	41990400.0	0.033675054	9.94004551992772
Saltmarsh_2_000000001	42076800.0	1	1	0.8199963354715136	1.6399926709430273	0.8744878812703922	1.7489757625407845	1.0	0.8368019461631775	248483315.06913266	246714772.14595836	246714772.14595836	-0.0036304716505450862	1.237204332380337	7.666157738170225	42076800.0	0.033675052	9.935340428668612
Saltmarsh_2_000000001	42163200.0	1	1	0.8198631813627159	1.6397263627254317	0.8743708078185574	1.7487416156371147	1.0	0.8368023633956909	248396552.21389654	246648795.13699618	246648795.13699618	-0.0033747296699722096	1.236618705354953	7.662783008500252	42163200.0	0.033674981	9.930966779016327
Saltmarsh_2_000000001	42249600.0	1	1	0.8197396527486636	1.6394793054973271	0.8742622033876992	1.7485244067753984	1.0	0.8368076682090759	248315887.61898506	246588907.17168638	246588907.17168638	-0.0031297959031335587	1.2360743317615654	7.659653212597119	42249600.0	0.033674109	9.926910563525865
Saltmarsh_2_000000001	42336000.0	1	1	0.8196268905586436	1.6392537811172871	0.8741630696487377	1.7483261392974754	1.0	0.8368441462516785	248241065.85040084	246542656.06073168	246542656.06073168	-0.002856187836527857	1.2355694681401863	7.656797024760588	42336000.0	0.033668169	9.923208944089723
Saltmarsh_2_000000001	42422400.0	1	1	0.8195320194714828	1.6390640389429656	0.8740796684046188	1.7481593368092376	1.0	0.8370160460472107	248172775.19040695	246541265.98616773	246541265.98616773	-0.002402409976862252	1.235108739907701	7.654394614783728	42422400.0	0.033640194	9.920095420759711
Saltmarsh_2_000000001	42508800.0	1	1	0.8194803307296006	1.6389606614592012	0.8740342302210106	1.7480684604420211	1.0	0.8376442790031433	248115326.95723093	246682507.167101	246682507.167101	-0.0013086742017203168	1.2347212100372253	7.653085940582006	42508800.0	0.033537692	9.91839937899428
Saltmarsh_2_000000001	42595200.0	1	1	0.8195404267651109	1.6390808535302217	0.8740918767455033	1.7481837534910065	1.0	0.8395513296127319	248084030.1577122	247220207.97029543	247220207.97029543	0.001590930479322461	1.2345101093721547	7.654676871061328	42595200.0	0.033224595	9.920461224895481
Saltmarsh_2_000000001	42681600.0	1	1	0.8197611151769991	1.6395222303539982	0.8743029547798097	1.7486059095596194	1.0	0.8445388078689575	248120417.64083436	248720464.38040727	248120417.64083436	0.005835347745513975	1.2347667404586578	7.66051221880684	42681600.0	0.032391231	9.928023835573665
Saltmarsh_2_000000001	42768000.0	1	1	0.8199720974167687	1.6399441948335374	0.8745034180645334	1.7490068361290667	1.0	0.8559452295303345	248254064.91861686	252196895.57789543	248254064.91861686	0.005562291192015456	1.2357080334010688	7.666074509998856	42768000.0	0.030399714	9.935232564958516
Saltmarsh_2_000000001	42854400.0	1	1	0.8201745373711276	1.640349074742255	0.8746932989469959	1.7493865978939918	1.0	0.8785108923912048	248381867.85498133	258959643.04327756	248381867.85498133	0.005304059356403323	1.2366052799185034	7.671378569355258	42854400.0	0.026035472	9.942106625884415
Saltmarsh_2_000000001	42940800.0	1	1	0.8203696726087027	1.6407393452174055	0.8748726387429613	1.7497452774859226	1.0	0.9152288436889648	248504527.20198223	269894966.6595101	248504527.20198223	0.005061764641497657	1.2374608713684134	7.676440333996752	42940800.0	0.017128476	9.948666672859792
Saltmarsh_2_000000001	43027200.0	1	1	0.8205582580013431	1.6411165160026862	0.875041980366834	1.750083960733668	1.0	0.9589086771011353	248622789.24580598	282885763.5528401	248622789.24580598	0.004836567680414516	1.2382773785486154	7.681276901677166	43027200.0	0.0	9.954934864573607
Saltmarsh_2_000000001	43113600.0	1	1	0.8203891190494405	1.640778238098881	0.8748932536494222	1.7497865072988443	1.0	0.8368019461631775	248737108.4777567	246953024.2140133	246953024.2140133	-0.004292438407195176	1.2390575594772617	7.676984463269971	43113600.0	0.033675054	9.949371864397882
Saltmarsh_2_000000001	43200000.0	1	1	0.8202318107204302	1.6404636214408603	0.8747549394560475	1.749509878912095	1.0	0.8368019461631775	248634576.33594865	246874908.17600954	246874908.17600954	-0.003990610508675552	1.2383651513887233	7.672993852761294	43200000.0	0.033675054	9.944200033178637
Saltmarsh_2_000000001	43286400.0	1	1	0.8200855075187821	1.6401710150375641	0.8746263099398115	1.749252619879623	1.0	0.8368019461631775	248539234.8962115	246802274.55934545	246802274.55934545	-0.0037100579995739125	1.2377214307963011	7.66928379476172	43286400.0	0.033675052	9.939391798011188
Saltmarsh_2_000000001	43372800.0	1	1	0.8199494655476114	1.6398989310952228	0.874506709312271	1.749013418624542	1.0	0.8368023633956909	248450579.85404676	246734861.3440265	246734861.3440265	-0.0034486590723266097	1.2371229657924592	7.6658351356893935	43372800.0	0.033674982	9.934922335853454
Saltmarsh_2_000000001	43459200.0	1	1	0.8198232491708598	1.6396464983417196	0.874395753043992	1.748791506087984	1.0	0.8368076086044312	248368156.97780564	246673621.86777514	246673621.86777514	-0.0031985573970174652	1.2365666667358932	7.662636578292376	43459200.0	0.033674118	9.930777005466918
Saltmarsh_2_000000001	43545600.0	1	1	0.8197079647184558	1.6394159294369115	0.8742944122308248	1.7485888244616496	1.0	0.8368436694145203	248291699.2997345	246626009.9265916	246626009.9265916	-0.002920661647491274	1.2360507112804493	7.659715916644883	43545600.0	0.033668262	9.926991827971769
Saltmarsh_2_000000001	43632000.0	1	1	0.8196105564327624	1.6392211128655247	0.8742087893712877	1.7484175787425753	1.0	0.8370122313499451	248221874.1025648	246622488.65652502	246622488.65652502	-0.002467139572261079	1.2355795828548861	7.6572487770726205	43632000.0	0.033640808	9.923794415086117
Saltmarsh_2_000000001	43718400.0	1	1	0.8195556753699225	1.639111350739845	0.8741605499435398	1.7483210998870795	1.0	0.837626039981842	248162883.75076643	246758370.41460496	246758370.41460496	-0.0013897594580272177	1.235181611531052	7.655859017614594	43718400.0	0.033540674	9.921993286828513
Saltmarsh_2_000000001	43804800.0	1	1	0.8196100362564971	1.6392200725129942	0.8742126917431104	1.748425383486221	1.0	0.8394807577133179	248129650.9263908	247279364.0305309	247279364.0305309	0.0014393890520654207	1.234957431100589	7.65729840666666	43804800.0	0.033236224	9.923858735039992
Saltmarsh_2_000000001	43891200.0	1	1	0.8198226535596483	1.6396453071192967	0.8744160554757676	1.7488321109515352	1.0	0.8443116545677185	248162568.7514047	248730950.16814736	248162568.7514047	0.005623226535712567	1.235189617221311	7.662921633202371	43891200.0	0.032429652	9.931146436630273
Saltmarsh_2_000000001	43977600.0	1	1	0.8200258960539545	1.640051792107909	0.8746092133346874	1.7492184266693749	1.0	0.8553255796432495	248291338.5261988	252088452.1205243	248291338.5261988	0.005359999485079259	1.2360966931459147	7.66828163268745	43977600.0	0.030511194	9.938092995962936
Saltmarsh_2_000000001	44064000.0	1	1	0.820220863311754	1.640441726623508	0.874792210743444	1.749584421486888	1.0	0.8771042227745056	248414461.7551807	258616895.29442647	248414461.7551807	0.005111000545049871	1.2369613082308535	7.673392633232499	44064000.0	0.026326913	9.944716852669318
Saltmarsh_2_000000001	44150400.0	1	1	0.8204087357700516	1.6408174715401032	0.8749650893116925	1.749930178623385	1.0	0.9127549529075623	248532600.57068643	269236248.9457059	248532600.57068643	0.004877245257857599	1.2377857575955746	7.678269878490355	44150400.0	0.017827845	9.951037762523502
Saltmarsh_2_000000001	44236800.0	1	1	0.820590277214477	1.641180554428954	0.875128330219521	1.750256660439042	1.0	0.9560474753379822	248646466.9210817	282111978.9599944	248646466.9210817	0.0046598344299833006	1.238572500175425	7.682929712920338	44236800.0	0.001562272	9.957076907944758
Saltmarsh_2_000000001	44323200.0	1	1	0.8204221425150875	1.640844285030175	0.8749805041690106	1.7499610083380213	1.0	0.8368019461631775	248756520.92483842	247011376.38000223	247011376.38000223	-0.004267290575513227	1.2393241724755244	7.678662422344826	44323200.0	0.033675054	9.951546499358894
Saltmarsh_2_000000001	44409600.0	1	1	0.8202657706296764	1.6405315412593529	0.8748430296768592	1.7496860593537185	1.0	0.8368019461631775	248654593.52158782	246933728.45958695	246933728.45958695	-0.003967178655602366	1.238635820953537	7.674695243689223	44409600.0	0.033675054	9.946405035821234
Saltmarsh_2_000000001	44496000.0	1	1	0.8201203406133242	1.6402406812266483	0.8747151830052606	1.7494303660105213	1.0	0.8368019461631775	248559815.77219912	246861531.12470144	246861531.12470144	-0.0036882245017089144	1.2379958801252162	7.671007019187514	44496000.0	0.033675052	9.941625096867018
Saltmarsh_2_000000001	44582400.0	1	1	0.8199851128215087	1.6399702256430173	0.8745963122007634	1.7491926244015268	1.0	0.8368023633956909	248471686.15638548	246794524.55155462	246794524.55155462	-0.003428314298941748	1.237400937056715	7.6675787048885695	44582400.0	0.033674986	9.937182001535586
Saltmarsh_2_000000001	44668800.0	1	1	0.8198596348209205	1.639719269641841	0.8744860180320962	1.7489720360641925	1.0	0.8368072509765625	248389753.04084897	246733558.96780127	246733558.96780127	-0.0031801249521228314	1.2368479197911293	7.664398579936447	44668800.0	0.03367418	9.933060559597635
Saltmarsh_2_000000001	44755200.0	1	1	0.8197448865885535	1.639489773177107	0.8743851604441178	1.7487703208882357	1.0	0.8368406891822815	248313739.30743954	246685520.16839588	246685520.16839588	-0.002907336809273131	1.2363349376512525	7.661491243127173	44755200.0	0.033668747	9.929292651092817
Saltmarsh_2_000000001	44841600.0	1	1	0.8196472275801009	1.6392944551602018	0.8742993272885776	1.7485986545771552	1.0	0.83699631690979	248244235.7791364	246678449.34380877	246678449.34380877	-0.002473711920308652	1.2358659586393526	7.659017531206864	44841600.0	0.033643401	9.926086720444095
Saltmarsh_2_000000001	44928000.0	1	1	0.8195892177470424	1.6391784354940848	0.8742483437630247	1.7484966875260495	1.0	0.83756023645401	248185090.93487048	246799562.32429552	246799562.32429552	-0.0014691155164643366	1.235466927137942	7.657548415690398	44928000.0	0.033551423	9.924182746734756
Saltmarsh_2_000000001	45014400.0	1	1	0.8196319874485057	1.6392639748970115	0.8742893680581374	1.7485787361162748	1.0	0.8392563462257385	248149962.0019969	247272514.83608675	247272514.83608675	0.0011326283035144602	1.2352299458769194	7.658681043993912	45014400.0	0.033273219	9.92565063301611
Saltmarsh_2_000000001	45100800.0	1	1	0.8198386338026211	1.6396772676052422	0.874487072663298	1.748974145326596	1.0	0.8436574935913086	248175861.74905813	248591713.85725573	248175861.74905813	0.005466659955885467	1.2354126487894053	7.664147703949796	45100800.0	0.032540057	9.932735424318935
Saltmarsh_2_000000001	45187200.0	1	1	0.8200361073781606	1.6400722147563211	0.8746749045829817	1.7493498091659634	1.0	0.8536787629127502	248301018.16745013	251654089.18792337	248301018.16745013	0.0052106216903538005	1.236294469146897	7.6693583256401485	45187200.0	0.030805546	9.939488390029632
Saltmarsh_2_000000001	45273600.0	1	1	0.8202254300412593	1.6404508600825185	0.8748529375060586	1.7497058750121173	1.0	0.8735879063606262	248420648.52662864	257629320.37601018	248420648.52662864	0.004968254354121626	1.2371349882790217	7.674326579994268	45273600.0	0.027043076	9.945927247672572
Saltmarsh_2_000000001	45360000.0	1	1	0.8204077259106874	1.640815451821375	0.8750212126926181	1.7500424253852362	1.0	0.9067900776863098	248535368.0797085	267525060.59822342	248535368.0797085	0.0047404289715629044	1.2379364114269795	7.679067008965832	45360000.0	0.019443182	9.952070843619719
Saltmarsh_2_000000001	45446400.0	1	1	0.8205838156123764	1.6411676312247527	0.8751801077094677	1.7503602154189355	1.0	0.9491106271743774	248645854.7925231	280112915.5378933	248645854.7925231	0.004528189626747725	1.2387010843358677	7.683595198592579	45446400.0	0.004980659	9.957939377375983
Saltmarsh_2_000000001	45532800.0	1	1	0.8204193358174213	1.6408386716348426	0.8750355143744867	1.7500710287489734	1.0	0.8368019461631775	248752603.35629216	247051407.98371536	247051407.98371536	-0.0041744812521540275	1.2394315211707307	7.679420717340426	45532800.0	0.033675054	9.95252924967319
Saltmarsh_2_000000001	45619200.0	1	1	0.8202663659619198	1.6405327319238396	0.874901048514782	1.749802097029564	1.0	0.8368019461631775	248652892.20945254	246975456.48699513	246975456.48699513	-0.00388085817434769	1.2387581406093233	7.6755398591660775	45619200.0	0.033675054	9.947499657479236
Saltmarsh_2_000000001	45705600.0	1	1	0.8201241025110915	1.640248205022183	0.8747760018759306	1.7495520037518613	1.0	0.8368019461631775	248560176.57166618	246904837.41301587	246904837.41301587	-0.0036079369691697227	1.238132124034249	7.671931922196906	45705600.0	0.033675052	9.942823771167191
Saltmarsh_2_000000001	45792000.0	1	1	0.8199918151110475	1.639983630222095	0.8746597308290895	1.749319461658179	1.0	0.8368022441864014	248473965.64435548	246839264.03788954	246839264.03788954	-0.003353811861828815	1.2375501320512765	7.668578110335078	45792000.0	0.033674994	9.93847723099426
Saltmarsh_2_000000001	45878400.0	1	1	0.8198690392240636	1.6397380784481272	0.874551825622049	1.749103651244098	1.0	0.8368065357208252	248393813.57029277	246779485.84000778	246779485.84000778	-0.0031117034843801683	1.237009132684419	7.665466406850698	45878400.0	0.033674295	9.934444463278505
Saltmarsh_2_000000001	45964800.0	1	1	0.8197565391777335	1.639513078355467	0.87445295663672	1.74890591327344	1.0	0.8368353843688965	248319436.02869457	246731347.80582964	246731347.80582964	-0.002850448500249847	1.236507187529398	7.6626159583504485	45964800.0	0.033669597	9.930750282022181
Saltmarsh_2_000000001	46051200.0	1	1	0.8196597012635353	1.6393194025270705	0.874367855910456	1.748735711820912	1.0	0.8369691371917725	248251293.36181316	246718879.8759222	246718879.8759222	-0.0024529857227497676	1.2360473851023608	7.660162972627697	46051200.0	0.033647823	9.927571212525496
Saltmarsh_2_000000001	46137600.0	1	1	0.8195976686111691	1.6391953372223382	0.87431334375447	1.74862668750894	1.0	0.8374506831169128	248192644.93056434	246816132.4504979	246816132.4504979	-0.0015710346665172015	1.2356516969190068	7.658591937961179	46137600.0	0.033569318	9.925535151597689
Saltmarsh_2_000000001	46224000.0	1	1	0.8196226125735142	1.6392452251470284	0.8743372718387302	1.7486745436774604	1.0	0.8388904333114624	248155079.42516002	247211783.16626307	247211783.16626307	0.0006606406291229661	1.2353982752021924	7.659252578590301	46224000.0	0.033333439	9.926391341853032
Saltmarsh_2_000000001	46310400.0	1	1	0.8198246415554672	1.6396492831109344	0.8745306525876582	1.7490613051753163	1.0	0.8426098823547363	248170184.55634323	248320958.7888978	248170184.55634323	0.005346080432409028	1.2355048423493071	7.66459865902271	46310400.0	0.032716065	9.933319862093432
Saltmarsh_2_000000001	46396800.0	1	1	0.8200176072323125	1.640035214464625	0.8747144513891164	1.7494289027782328	1.0	0.8510729074478149	248292542.69575718	250921868.74695644	248292542.69575718	0.005095501310223405	1.2363672121685625	7.669694160332934	46396800.0	0.031265756	9.939923631791483
Saltmarsh_2_000000001	46483200.0	1	1	0.8202024346172803	1.6404048692345605	0.8748887875725924	1.7497775751451847	1.0	0.8680222630500793	248409439.83387265	256022424.0013117	248409439.83387265	0.004858037799049919	1.2371891613703134	7.674552198131985	46483200.0	0.028142567	9.946219648779053
Saltmarsh_2_000000001	46569600.0	1	1	0.8203801727620869	1.6407603455241737	0.8750537149843033	1.7501074299686066	1.0	0.8970944285392761	248521432.65210637	264698214.0910583	248521432.65210637	0.004634357642499198	1.2379728056180328	7.679186555774484	46569600.0	0.02188112	9.952225776283731
Saltmarsh_2_000000001	46656000.0	1	1	0.8205517125091485	1.641103425018297	0.8752094889522405	1.750418977904481	1.0	0.9368736147880554	248629153.6793432	276534678.9267333	248629153.6793432	0.004425400108600819	1.2387203682881152	7.683611955883084	46656000.0	0.01005758	9.957961094824476
Saltmarsh_2_000000001	46742400.0	1	1	0.8203926905069	1.6407853810138	0.875069713699292	1.750139427398584	1.0	0.8368019461631775	248733140.20300582	247079710.0479929	247079710.0479929	-0.004035674029188918	1.2394342242691534	7.679576281853893	46742400.0	0.033675054	9.952730861282646
Saltmarsh_2_000000001	46828800.0	1	1	0.8202447995666409	1.6404895991332817	0.8749397308513589	1.7498794617027178	1.0	0.8368019461631775	248636741.13732058	247006289.8745737	247006289.8745737	-0.0037517851614448094	1.2387832345343133	7.675824496692446	46828800.0	0.033675054	9.94786854771341
Saltmarsh_2_000000001	46915200.0	1	1	0.8201072623311855	1.640214524662371	0.8748188553851775	1.749637710770355	1.0	0.8368019461631775	248547106.4842619	246938025.2539747	246938025.2539747	-0.0034879123021889225	1.2381780385720624	7.672336584390257	46915200.0	0.033675053	9.943348213369772
Saltmarsh_2_000000001	47001600.0	1	1	0.8199793693663936	1.6399587387327872	0.8747064622541963	1.7494129245083927	1.0	0.8368021845817566	248463761.57082433	246874624.26527792	246874624.26527792	-0.0032422862977015132	1.237615407624091	7.669094298092553	47001600.0	0.033675007	9.939146210327948
Saltmarsh_2_000000001	47088000.0	1	1	0.8198606305660248	1.6397212611320495	0.8746021193896537	1.7492042387793074	1.0	0.8368055820465088	248386273.44011217	246816617.92810157	246816617.92810157	-0.003009308671644062	1.237092398312152	7.666084989420909	47088000.0	0.033674451	9.935246146289499
Saltmarsh_2_000000001	47174400.0	1	1	0.8197515299967014	1.6395030599934028	0.8745062509095101	1.7490125018190201	1.0	0.8368282914161682	248314342.47737223	246768540.13720655	246768540.13720655	-0.0027642696554668333	1.2366069703414997	7.663320719765441	47174400.0	0.033670763	9.931663652816011
Saltmarsh_2_000000001	47260800.0	1	1	0.8196561290714696	1.6393122581429391	0.8744224242211407	1.7488448484422814	1.0	0.836932361125946	248248259.45647398	246748901.8068652	246748901.8068652	-0.0024165602861736524	1.2361610693204996	7.660904159479266	47260800.0	0.033653819	9.928531790685128
Saltmarsh_2_000000001	47347200.0	1	1	0.8195890179775758	1.6391780359551515	0.8743634572454391	1.7487269144908781	1.0	0.8373035788536072	248190481.61848816	246814326.26019993	246814326.26019993	-0.001699625579609343	1.235771256880609	7.659204533899656	47347200.0	0.033593325	9.926329075933955
Saltmarsh_2_000000001	47433600.0	1	1	0.8195905508911899	1.6391811017823799	0.8743649279496166	1.7487298558992332	1.0	0.8384034633636475	248149841.03217837	247107539.12439138	247107539.12439138	4.060330404387358e-05	1.235497092317913	7.659245137203699	47433600.0	0.033413406	9.926381697815994
Saltmarsh_2_000000001	47520000.0	1	1	0.8197490140824476	1.6394980281648952	0.8745167097110335	1.749033419422067	1.0	0.8412238955497742	248150769.2843073	247939625.17264652	247939625.17264652	0.004194483875068489	1.2355036419881642	7.6634396210787665	47520000.0	0.032947502	9.931817748918082
Saltmarsh_2_000000001	47606400.0	1	1	0.8199402209443258	1.6398804418886517	0.8746991738769407	1.7493983477538815	1.0	0.8476213216781616	248246735.65236223	249908705.47042993	248246735.65236223	0.005053429113140551	1.2361802491486706	7.6684930501919055	47606400.0	0.031865221	9.93836699304871
Saltmarsh_2_000000001	47692800.0	1	1	0.8201231266248411	1.6402462532496822	0.8748724167960633	1.7497448335921266	1.0	0.860532283782959	248362556.50550124	253817125.55438307	248362556.50550124	0.004817370792710163	1.236995411734796	7.673310420984615	47692800.0	0.029561834	9.944610305596061
Saltmarsh_2_000000001	47779200.0	1	1	0.8202986712672317	1.6405973425344633	0.875036538035465	1.75007307607093	1.0	0.8833935260772705	248473374.31389308	260659104.47524917	248473374.31389308	0.004594375532942285	1.237772496036523	7.6779047965175575	47779200.0	0.025000745	9.950564616286755
Saltmarsh_2_000000001	47865600.0	1	1	0.8204677794899299	1.6409355589798598	0.8751916985085317	1.7503833970170635	1.0	0.9173988699913025	248579755.50565264	270789814.15245533	248579755.50565264	0.004385168287771801	1.2385136092404914	7.682289964805328	47865600.0	0.016499588	9.956247794387705
Saltmarsh_2_000000001	47952000.0	1	1	0.8203177545156096	1.6406355090312192	0.8750598527218513	1.7501197054437025	1.0	0.8368019461631775	248682257.7165423	247082873.19593766	247082873.19593766	-0.003806609495101476	1.2392209754747898	7.678483355310227	47952000.0	0.033675054	9.951314428482055
Saltmarsh_2_000000001	48038400.0	1	1	0.8201782342332471	1.6403564684664942	0.874937246351724	1.749874492703448	1.0	0.8368019461631775	248591321.45001048	247013622.60664108	247013622.60664108	-0.0035388228318609105	1.2386069358650664	7.674944532478365	48038400.0	0.033675054	9.946728114091961
Saltmarsh_2_000000001	48124800.0	1	1	0.8200484846982634	1.6400969693965268	0.87482323282797	1.74964646565594	1.0	0.8368019461631775	248506767.43013307	246949235.48182973	246949235.48182973	-0.003289915191497572	1.2380360926006462	7.671654617286867	48124800.0	0.033675053	9.94246438400378
Saltmarsh_2_000000001	48211200.0	1	1	0.8199278334396156	1.6398556668792312	0.8747172198502433	1.7494344397004866	1.0	0.8368021249771118	248428147.72102776	246889422.80683088	246889422.80683088	-0.0030582862948493883	1.2375054003290038	7.668596330992018	48211200.0	0.033675021	9.938500844965656
Saltmarsh_2_000000001	48297600.0	1	1	0.8198157692937521	1.6396315385875042	0.8746187570642049	1.7492375141284098	1.0	0.8368044495582581	248355052.1313538	246834451.8184255	246834451.8184255	-0.0028398127445976584	1.2370120718367252	7.665756518247422	48297600.0	0.033674644	9.93482044764866
Saltmarsh_2_000000001	48384000.0	1	1	0.8197124342692791	1.6394248685385582	0.8745279681445893	1.7490559362891787	1.0	0.8368195295333862	248287168.60869297	246787212.9046584	246787212.9046584	-0.0026179205273777484	1.2365539850506697	7.663138597720044	48384000.0	0.033672176	9.931427622645177
Saltmarsh_2_000000001	48470400.0	1	1	0.8196203266716601	1.6392406533433201	0.8744470469136532	1.7488940938273063	1.0	0.8368880152702332	248224581.02589408	246759753.24137843	246759753.24137843	-0.002332925225011051	1.2361316914319032	7.660805672495031	48470400.0	0.033661043	9.928404151553561
Saltmarsh_2_000000001	48556800.0	1	1	0.8195486087424853	1.6390972174849705	0.874384041271657	1.748768082543314	1.0	0.8371273875236511	248168800.28049427	246787848.54275697	246787848.54275697	-0.0018161273495815866	1.2357553700633666	7.65898954514545	48556800.0	0.033622055	9.926050450508503
Saltmarsh_2_000000001	48643200.0	1	1	0.8195224056028264	1.6390448112056528	0.874361021772561	1.748722043545122	1.0	0.8378229141235352	248125371.94378492	246959788.9423763	246959788.9423763	-0.0006634680280770411	1.2354624127399585	7.658326077117373	48643200.0	0.033508495	9.925190595944116
Saltmarsh_2_000000001	48729600.0	1	1	0.8195965250079008	1.6391930500158016	0.8744320734471815	1.748864146894363	1.0	0.839573085308075	248109505.74679092	247463556.88437733	247463556.88437733	0.00196239491337602	1.2353553895085108	7.660288472030749	48729600.0	0.033220993	9.92773385975185
Saltmarsh_2_000000001	48816000.0	1	1	0.8197893205797813	1.6395786411595625	0.8746164690210879	1.7492329380421758	1.0	0.8434838652610779	248154386.91279018	248655175.21584934	248154386.91279018	0.0050999934868372065	1.2356719410771138	7.665388465517586	48816000.0	0.032569296	9.934343451310793
Saltmarsh_2_000000001	48902400.0	1	1	0.8199734433783837	1.6399468867567675	0.8747917679277205	1.749583535855441	1.0	0.8513402342796326	248271148.49631754	251073067.62219372	248271148.49631754	0.004861127575104485	1.2364946149064833	7.670249593092691	48902400.0	0.031218846	9.940643472648128
Saltmarsh_2_000000001	48988800.0	1	1	0.8201496623854339	1.6402993247708677	0.8749581747775762	1.7499163495551524	1.0	0.8655323386192322	248382683.27964136	255356842.2058369	248382683.27964136	0.0046346588359367225	1.2372787575622701	7.674884251928625	48988800.0	0.028621745	9.946649990499498
Saltmarsh_2_000000001	49075200.0	1	1	0.8203188070065773	1.6406376140131547	0.8751158602854281	1.7502317205708562	1.0	0.8882465958595276	248489453.69619152	262153689.15721205	248489453.69619152	0.0044208996634533815	1.2380263688175042	7.679305151592077	49075200.0	0.023934336	9.952379476463332
Saltmarsh_2_000000001	49161600.0	1	1	0.820182286531152	1.640364573062304	0.8749959050321774	1.7499918100643548	1.0	0.8368019461631775	248591959.3498655	247055348.44238666	247055348.44238666	-0.0034627566252027897	1.238739498837136	7.675842394966876	49161600.0	0.033675054	9.947891743877072
Saltmarsh_2_000000001	49248000.0	1	1	0.8200553288982453	1.6401106577964906	0.8748843585995589	1.7497687171991179	1.0	0.8368019461631775	248509223.05721197	246992351.78523704	246992351.78523704	-0.0032191667950476344	1.2381809257212328	7.672623228171827	49248000.0	0.033675054	9.943719703710688
Saltmarsh_2_000000001	49334400.0	1	1	0.8199372655790276	1.6398745311580551	0.8747806322823164	1.7495612645646328	1.0	0.8368019461631775	248432294.5466149	246933779.91383737	246933779.91383737	-0.0029927462193368726	1.2376616457885237	7.66963048195249	49334400.0	0.033675054	9.939841104610428
Saltmarsh_2_000000001	49420800.0	1	1	0.8198274780732887	1.6396549561465774	0.8746841815380305	1.749368363076061	1.0	0.8368020057678223	248360766.12922907	246879339.44878298	246879339.44878298	-0.0027821922432629265	1.2371788894871778	7.666848289709226	49420800.0	0.033675038	9.936235383463158
Saltmarsh_2_000000001	49507200.0	1	1	0.8197254465013253	1.6394508930026506	0.8745945486422794	1.7491890972845587	1.0	0.8368030786514282	248294260.83743036	246829024.19469002	246829024.19469002	-0.0025849764215974957	1.2367300973950477	7.664263313287629	49507200.0	0.03367486	9.932885254020768
Saltmarsh_2_000000001	49593600.0	1	1	0.8196309613706414	1.6392619227412828	0.8745115486740849	1.7490230973481697	1.0	0.8368098735809326	248232461.79321986	246783980.98142508	246783980.98142508	-0.002393213043325959	1.2363131179504514	7.661870100244302	49593600.0	0.033673756	9.929783649916617
Saltmarsh_2_000000001	49680000.0	1	1	0.8195447751592903	1.6390895503185805	0.8744358417969107	1.7488716835938214	1.0	0.8368386626243591	248175240.37848517	246748908.59698534	246748908.59698534	-0.002182528641361481	1.2359270716262882	7.659687571602942	49680000.0	0.033669076	9.926955092797414
Saltmarsh_2_000000001	49766400.0	1	1	0.8194700759196076	1.6389401518392153	0.8743702274734432	1.7487404549468863	1.0	0.8369321823120117	248123050.64881536	246736748.49944222	246736748.49944222	-0.0018912680529734605	1.2355750105501846	7.657796303549968	49766400.0	0.033653848	9.924504009400758
Saltmarsh_2_000000001	49852800.0	1	1	0.8194151346413319	1.6388302692826637	0.8743219694991582	1.7486439389983164	1.0	0.837181568145752	248077821.2504858	246775825.01534122	246775825.01534122	-0.0013908072933750404	1.235269932370081	7.656405496256591	49852800.0	0.033613211	9.922701523148543
Saltmarsh_2_000000001	49939200.0	1	1	0.8193970324760516	1.6387940649521031	0.8743060696132059	1.7486121392264118	1.0	0.837748110294342	248044557.66683435	246917475.54310837	246917475.54310837	-0.00045820519901340617	1.2350455829145552	7.655947291057576	49939200.0	0.033520727	9.922107689210618
Saltmarsh_2_000000001	50025600.0	1	1	0.8194432235412624	1.6388864470825248	0.8743503592598042	1.7487007185196084	1.0	0.8388670086860657	248033598.4013954	247238896.40808982	247238896.40808982	0.0012228116567007952	1.2349716703837483	7.657170102714275	50025600.0	0.033337283	9.9236924531177
Saltmarsh_2_000000001	50112000.0	1	1	0.8195942265373125	1.639188453074625	0.87449498425187	1.74898996850374	1.0	0.8408007025718689	248061563.4991184	247832996.6496428	247832996.6496428	0.003996062583497384	1.2351689206647165	7.661166165297772	50112000.0	0.033017827	9.928871350225911
Saltmarsh_2_000000001	50198400.0	1	1	0.8197814209805752	1.6395628419611503	0.8746739742599143	1.7493479485198287	1.0	0.8436885476112366	248152995.06999314	248763428.73944435	248152995.06999314	0.00495145462518054	1.2358135207247851	7.666117619922952	50198400.0	0.032534826	9.935288435420146
Saltmarsh_2_000000001	50284800.0	1	1	0.8199599635714214	1.6399199271428428	0.8748443440541239	1.7496886881082478	1.0	0.8472322225570679	248266363.77158663	249906695.28599706	248266363.77158663	0.004719584929305576	1.2366122339286276	7.670837204852257	50284800.0	0.031932097	9.941405017488526
Saltmarsh_2_000000001	50371200.0	1	1	0.8198510273834788	1.6397020547669576	0.8747486498360749	1.7494972996721498	1.0	0.8368019461631775	248374516.8612536	246922554.06201637	246922554.06201637	-0.0027607741999899904	1.2373735445100718	7.668076430652267	50371200.0	0.033675054	9.937827054125338
Saltmarsh_2_000000001	50457600.0	1	1	0.8197497262073093	1.6394994524146187	0.8746596665718908	1.7493193331437815	1.0	0.8368019461631775	248308525.405775	246872317.15984008	246872317.15984008	-0.0025666215375999	1.2369282073368004	7.665509809114667	50457600.0	0.033675054	9.934500712612609
Saltmarsh_2_000000001	50544000.0	1	1	0.8196555257700782	1.6393110515401563	0.8745769241066694	1.7491538482133389	1.0	0.8368019461631775	248247166.9618143	246825608.89373904	246825608.89373904	-0.0023861442278207967	1.236514188696516	7.663123664886845	50544000.0	0.033675054	9.931408269693351
Saltmarsh_2_000000001	50630400.0	1	1	0.8195679221302498	1.6391358442604995	0.8744999790618926	1.7489999581237852	1.0	0.8368018269538879	248190116.2613525	246782146.1455656	246782146.1455656	-0.0022185519066710846	1.2361292826344992	7.660905112980173	50630400.0	0.033675057	9.928533026422304
Saltmarsh_2_000000001	50716800.0	1	1	0.8194864430493018	1.6389728860986037	0.8744284160218235	1.748856832043647	1.0	0.8368015289306641	248137066.66923982	246741677.63544062	246741677.63544062	-0.002063022511493262	1.2357714106886963	7.658842090468681	50716800.0	0.033675117	9.925859349247412
Saltmarsh_2_000000001	50803200.0	1	1	0.8194104514102446	1.6388209028204892	0.8743616748682298	1.7487233497364596	1.0	0.8367976546287537	248087730.97761807	246702982.86764047	246702982.86764047	-0.0019237126647921876	1.2354386270029944	7.656918377803889	50803200.0	0.033675743	9.92336621763384
Saltmarsh_2_000000001	50889600.0	1	1	0.8193383757483619	1.6386767514967238	0.8742983750226276	1.7485967500452553	1.0	0.8367733955383301	248041722.36000445	246660812.8764477	246660812.8764477	-0.0018242508392534162	1.235128315221492	7.655094126964634	50889600.0	0.033679694	9.921001988546166
Saltmarsh_2_000000001	50976000.0	1	1	0.8192648423506035	1.638529684701207	0.8742337969638571	1.7484675939277141	1.0	0.8366615772247314	247998088.586442	246594646.35565346	246594646.35565346	-0.0018608157294455197	1.2348340475077129	7.653233311235187	50976000.0	0.033697879	9.918590371360802
Saltmarsh_2_000000001	51062400.0	1	1	0.8191724772068051	1.6383449544136102	0.8741526835099171	1.7483053670198343	1.0	0.8362497091293335	247953576.27185026	246439397.63141176	246439397.63141176	-0.0023368933983156648	1.2345338815553746	7.650896417836872	51062400.0	0.033764792	9.915561757516587
Saltmarsh_2_000000001	51148800.0	1	1	0.8190115355165297	1.6380230710330594	0.8740113550713198	1.7480227101426395	1.0	0.8349612951278687	247897670.1093351	246017251.59745467	246017251.59745467	-0.004070662098291322	1.2341569200855647	7.64682575573858	51148800.0	0.033973218	9.9102861794372
Saltmarsh_2_000000001	51235200.0	1	1	0.8186538447875145	1.637307689575029	0.8736972897724635	1.747394579544927	1.0	0.8313915729522705	247800271.4493667	244891804.4763341	244891804.4763341	-0.00904126408561301	1.2335002864672835	7.637784491652967	51235200.0	0.03454396	9.898568701182246
Saltmarsh_2_000000001	51321600.0	1	1	0.8177912189204264	1.6355824378408528	0.872940073639328	1.745880147278656	1.0	0.822306752204895	247583872.7767577	242053988.4518575	242053988.4518575	-0.021771908747862723	1.2320418510071502	7.616012582905103	51321600.0	0.035954337	9.870352307445014
Saltmarsh_2_000000001	51408000.0	1	1	0.815698433733291	1.631396867466582	0.8711042012356013	1.7422084024712026	1.0	0.8002436757087708	247062383.1816039	235180081.03242108	235180081.03242108	-0.052629445371217276	1.2285298505333226	7.563383137533886	51408000.0	0.039159594	9.802144546243916
Saltmarsh_2_000000001	51494400.0	1	1	0.8106103607005638	1.6212207214011276	0.8666478006009617	1.7332956012019234	1.0	0.7468845844268799	245799501.15949503	218641472.78491905	218641472.78491905	-0.12683289393123065	1.220040257855826	7.436550243602655	51494400.0	0.045954108	9.637769115709041
Saltmarsh_2_000000001	51580800.0	1	1	0.8111357839974849	1.6222715679949697	0.8671502474311883	1.7343004948623766	1.0	0.8368019461631775	242742623.29380402	242642107.2871145	242642107.2871145	0.013629540500320614	1.199580995935252	7.450179784102975	51580800.0	0.033675054	9.655433000197457
Saltmarsh_2_000000001	51667200.0	1	1	0.8116279934874563	1.6232559869749126	0.8676209951461644	1.7352419902923288	1.0	0.8368019461631775	243057408.2288552	242912711.974717	242912711.974717	0.012783999115674849	1.20177956075791	7.462963783218649	51667200.0	0.033675054	9.67200106305137
Saltmarsh_2_000000001	51753600.0	1	1	0.8120890997609072	1.6241781995218143	0.8680620503693584	1.7361241007387167	1.0	0.8368019461631775	243352479.56836274	243166394.55921224	243166394.55921224	0.011990240481600578	1.2038417323144606	7.474954023700249	51753600.0	0.033675055	9.687540414715524
Saltmarsh_2_000000001	51840000.0	1	1	0.8125210645659856	1.6250421291319712	0.8684752791536161	1.7369505583072322	1.0	0.8368017077445984	243629067.4409737	243404138.56618878	243404138.56618878	0.011244829212685215	1.2057758636182587	7.486198852912933	51840000.0	0.033675091	9.702113713375162
Saltmarsh_2_000000001	51926400.0	1	1	0.8129255904615936	1.6258511809231873	0.8688623016384179	1.7377246032768359	1.0	0.8367988467216492	243888317.74236807	243626230.84713468	243626230.84713468	0.010541400710911475	1.207589753524762	7.4967402536238446	51926400.0	0.033675553	9.715775368696503
Saltmarsh_2_000000001	52012800.0	1	1	0.8133034239634194	1.6266068479268387	0.8692238275760337	1.7384476551520673	1.0	0.8367782235145569	244131225.16702172	243829110.06826845	243829110.06826845	0.009855376117584136	1.209290174223758	7.506595629741427	52012800.0	0.0336789	9.728547936144889
Saltmarsh_2_000000001	52099200.0	1	1	0.8136516631713299	1.6273033263426597	0.8695570880048844	1.7391141760097688	1.0	0.8366754651069641	244358213.69531637	243994355.3871915	243994355.3871915	0.009091843817123468	1.210879933118834	7.515687473558549	52099200.0	0.033695614	9.740330965731879
Saltmarsh_2_000000001	52185600.0	1	1	0.8139556538545242	1.6279113077090483	0.8698480963950949	1.7396961927901897	1.0	0.8362770676612854	244567516.46285206	244058095.14433745	244058095.14433745	0.00794394818692612	1.2123465275347611	7.523631421745477	52185600.0	0.033760353	9.75062632258214
Saltmarsh_2_000000001	52272000.0	1	1	0.8141684659205874	1.628336931841175	0.8700519896971187	1.7401039793942374	1.0	0.834988534450531	244750297.7146763	243838993.22408623	243838993.22408623	0.005567009836374259	1.2136279562840568	7.52919843158185	52272000.0	0.033968825	9.757841167330078
Saltmarsh_2_000000001	52358400.0	1	1	0.8141639703181094	1.6283279406362188	0.8700480530579011	1.7400961061158022	1.0	0.8313388228416443	244878296.39692745	242882724.2355065	242882724.2355065	-0.00011234278281779808	1.2145259639603503	7.5290860887990325	52358400.0	0.034552312	9.757695571083547
Saltmarsh_2_000000001	52444800.0	1	1	0.813608007599672	1.627216015199344	0.8695612768371593	1.7391225536743187	1.0	0.8219060301780701	244875592.11032632	240124836.54305255	240124836.54305255	-0.013883659365602652	1.2145078420808655	7.51520242943343	52444800.0	0.036015224	9.739702348545725
Saltmarsh_2_000000001	52531200.0	1	1	0.8117309634358949	1.6234619268717898	0.8679187108341092	1.7358374216682184	1.0	0.7987139225006104	244541273.17275816	233106840.89118716	233106840.89118716	-0.04673408119305544	1.2122682856489913	7.468468348240373	52531200.0	0.039371657	9.679134979319523
Saltmarsh_2_000000001	52617600.0	1	1	0.8066340156964409	1.6132680313928818	0.8634654645414171	1.7269309290828343	1.0	0.741953432559967	243414230.96680728	215782744.1971096	215782744.1971096	-0.12581594610708846	1.2047296670926366	7.342652402133284	52617600.0	0.046530077	9.516077513164737
Saltmarsh_2_000000001	52704000.0	1	1	0.79342682449791	1.58685364899582	0.8519750552789619	1.7039501105579238	1.0	0.601066529750824	240366978.81134447	173149474.82589942	173149474.82589942	-0.31868707367574045	1.1844344478052375	7.0239653284575425	52704000.0	0.060890866	9.103059065680975
Saltmarsh_2_000000001	52790400.0	1	1	0.7946238415149306	1.5892476830298612	0.8531099329283319	1.7062198658566639	1.0	0.8368019461631775	232560257.03327122	235160847.61755124	232560257.03327122	0.029773866791263925	1.1330274183750921	7.0537391952488075	52790400.0	0.033675054	9.141645997042456
Saltmarsh_2_000000001	52876800.0	1	1	0.7957655670336375	1.591531134067275	0.8541927614240985	1.708385522848197	1.0	0.8368019461631775	233262498.41677016	235760702.88709164	233262498.41677016	0.028482286985299865	1.137830205098551	7.082221482234107	52876800.0	0.033675054	9.178559040975403
Saltmarsh_2_000000001	52963200.0	1	1	0.7968545100550242	1.5937090201100483	0.8552258671362362	1.7104517342724723	1.0	0.8368018269538879	233933288.94756433	236333805.69524848	233933288.94756433	0.027241796104416682	1.142424648633405	7.109463278338524	52963200.0	0.033675056	9.213864408726728
Saltmarsh_2_000000001	53049600.0	1	1	0.7978930699711959	1.5957861399423918	0.8562114783963858	1.7124229567927716	1.0	0.8368014097213745	234573965.8728835	236881227.1664559	234573965.8728835	0.026050839291564376	1.1468189900728532	7.135514117630088	53049600.0	0.033675122	9.247626296448594
Saltmarsh_2_000000001	53136000.0	1	1	0.7988835396487539	1.5977670792975078	0.8571517301367245	1.714303460273449	1.0	0.8367963433265686	235185816.27374348	237402813.70408097	235185816.27374348	0.024907861670748987	1.1510212196979683	7.1604219793008355	53136000.0	0.033675959	9.279906885173883
Saltmarsh_2_000000001	53222400.0	1	1	0.7998281033169925	1.599656206633985	0.8580486725992503	1.7160973451985007	1.0	0.8367602825164795	235770077.52855948	237892109.70346698	235770077.52855948	0.023811310668154784	1.1550390769746426	7.18423328996899	53222400.0	0.033681834	9.310766343799811
Saltmarsh_2_000000001	53308800.0	1	1	0.8007288183458425	1.601457636691685	0.8589042925702599	1.7178085851405198	1.0	0.8365849256515503	236327934.82147726	238319220.4432785	236327934.82147726	0.022759623182436295	1.15888005092495	7.206992913151426	53308800.0	0.033710346	9.340262815444248
Saltmarsh_2_000000001	53395200.0	1	1	0.8015875575301964	1.6031751150603928	0.8597205643091378	1.7194411286182756	1.0	0.8359221816062927	236860509.20514232	238585566.00840288	236860509.20514232	0.021751167596750998	1.1625513784289607	7.228744080748176	53395200.0	0.033817899	9.368452328649637
Saltmarsh_2_000000001	53481600.0	1	1	0.802405867129922	1.604811734259844	0.8604995615261588	1.7209991230523176	1.0	0.8338254690170288	237368822.29297984	238420766.5257759	237368822.29297984	0.02078407829230766	1.1660600331725914	7.249528159040482	53481600.0	0.034155878	9.395388494116466
Saltmarsh_2_000000001	53568000.0	1	1	0.8030488096720809	1.6060976193441618	0.8611138838967578	1.7222277677935156	1.0	0.8279786109924316	237853710.8887994	237160472.7991156	237160472.7991156	0.016389676094548555	1.1694126879010294	7.2659178351350295	53568000.0	0.035080701	9.416629514334998
Saltmarsh_2_000000001	53654400.0	1	1	0.8027936097968992	1.6055872195937984	0.8608919533555908	1.7217839067111815	1.0	0.8129349946975708	238235032.96858174	233170824.03317147	233170824.03317147	-0.006202366718371932	1.1720564868842294	7.259715468416658	53654400.0	0.037351227	9.408591247067989
Saltmarsh_2_000000001	53740800.0	1	1	0.800337247136043	1.600674494272086	0.8587571845002904	1.7175143690005807	1.0	0.7754443883895874	238083640.20252165	222311610.88116902	222311610.88116902	-0.059497936145883834	1.171055990551729	7.2002175322707735	53740800.0	0.042459713	9.331481921822922
Saltmarsh_2_000000001	53827200.0	1	1	0.7923949632973539	1.5847899265947079	0.8518719225237033	1.7037438450474065	1.0	0.680899977684021	236628907.50345713	194313378.44897082	194313378.44897082	-0.18989155762470578	1.16145844986956	7.010325974646067	53827200.0	0.053157539	9.085382463141302
Saltmarsh_2_000000001	53913600.0	1	1	0.770906394349141	1.541812788698282	0.8333803874953744	1.6667607749907487	1.0	0.4522819519042969	231955755.50462607	127168603.47317821	127168603.47317821	-0.4949842532130966	1.1308272705789877	6.51534172143297	53913600.0	0.074254552	8.443882870977129
Saltmarsh_2_000000001	54000000.0	1	1	0.7728950639260346	1.5457901278520692	0.8352409405408155	1.670481881081631	1.0	0.8368019461631775	219545750.9861935	225993821.93754518	219545750.9861935	0.046746800256680876	1.0509819546742867	6.562088521689651	54000000.0	0.033675054	8.504466724109786
Saltmarsh_2_000000001	54086400.0	1	1	0.7747946073039813	1.5495892146079626	0.8370193074135501	1.6740386148271003	1.0	0.8368019461631775	220679914.87918523	226953004.0735624	220679914.87918523	0.04487694946839449	1.0585226249275317	6.606965471158045	54086400.0	0.033675054	8.562627250620826
Saltmarsh_2_000000001	54172800.0	1	1	0.7766088735194021	1.5532177470388042	0.8387189214727501	1.6774378429455001	1.0	0.8368018269538879	221765977.43351865	227871943.02798536	221765977.43351865	0.04306821537365435	1.0657616717939389	6.650033686531698	54172800.0	0.033675057	8.61844365774508
Saltmarsh_2_000000001	54259200.0	1	1	0.7783415593704014	1.5566831187408028	0.8403430923617194	1.680686184723439	1.0	0.836801290512085	222805771.93201667	228752043.36404473	222805771.93201667	0.04131990572607891	1.0727089539340044	6.6913535922577765	54259200.0	0.03367515	8.671994255566078
Saltmarsh_2_000000001	54345600.0	1	1	0.779996210992506	1.559992421985012	0.8418950109124965	1.683790021824993	1.0	0.8367941975593567	223801081.36240682	229593070.24327296	223801081.36240682	0.03963118846924285	1.0793742183427912	6.7309847807270184	54345600.0	0.033676314	8.723356275822216
Saltmarsh_2_000000001	54432000.0	1	1	0.7815762140720965	1.563152428144193	0.8433777634228979	1.6867555268457959	1.0	0.8367446064949036	224753636.02425444	230386525.19795465	224753636.02425444	0.03800110232393372	1.0857670777973385	6.768985883050953	54432000.0	0.033684377	8.772605704434035
Saltmarsh_2_000000001	54518400.0	1	1	0.7830847483100836	1.5661694966201671	0.8447943738937749	1.6895887477875497	1.0	0.8365067839622498	225665104.82026607	231093423.5178125	225665104.82026607	0.0364285340894408	1.0918969900118896	6.805414417140392	54518400.0	0.033723039	8.819817084613948
Saltmarsh_2_000000001	54604800.0	1	1	0.7845246548958437	1.5690493097916873	0.8461479111597301	1.6922958223194602	1.0	0.8356177806854248	226537066.0176147	231586374.6019614	226537066.0176147	0.03491209695645736	1.0977732331316161	6.84032651409685	54604800.0	0.033867187	8.865063162269518
Saltmarsh_2_000000001	54691200.0	1	1	0.7858981188426466	1.5717962376852932	0.8474417285965602	1.6948834571931204	1.0	0.832830011844635	227370927.50943354	231518458.3099482	227370927.50943354	0.033449775950021854	1.103404861597146	6.873776290046873	54691200.0	0.03431514	8.908414071900747
Saltmarsh_2_000000001	54777600.0	1	1	0.7872059608083423	1.5744119216166845	0.8486799784742726	1.6973599569485451	1.0	0.8250938057899475	228167739.00086302	230036773.63913023	228167739.00086302	0.03203809018840187	1.1088006048159131	6.905814380235274	54777600.0	0.035527843	8.949935436784914
Saltmarsh_2_000000001	54864000.0	1	1	0.7876718593107507	1.5753437186215014	0.8491265996099637	1.6982531992199275	1.0	0.8051245808601379	228927775.53089496	225096149.18765274	225096149.18765274	0.011512115239767917	1.1139686306984957	6.9173264954750415	54864000.0	0.038474747	8.964855138135654
Saltmarsh_2_000000001	54950400.0	1	1	0.785101086871811	1.570202173743622	0.8469159375606917	1.6938318751213834	1.0	0.75458163022995	229198832.0903283	211178494.32885835	211178494.32885835	-0.05993316454899267	1.1158256361932843	6.857393330926049	54950400.0	0.045040018	8.88718175688016
Saltmarsh_2_000000001	55036800.0	1	1	0.7748142001985646	1.5496284003971292	0.8380997582439322	1.6761995164878645	1.0	0.6248881816864014	227705173.27724105	174047724.8634575	174047724.8634575	-0.23591926502239646	1.106157889339684	6.6214740659036515	55036800.0	0.058658916	8.581430389411134
Saltmarsh_2_000000001	55123200.0	1	1	0.7468218164773803	1.4936436329547607	0.8143632366905287	1.6287264733810574	1.0	0.3346398174762726	221777193.54760978	91437190.78593352	91437190.78593352	-0.6109160818723713	1.068102035802039	6.010557984031278	55123200.0	0.085272749	7.789683147304537
Saltmarsh_2_000000001	55209600.0	1	1	0.7495682150258893	1.4991364300517787	0.8168891767078514	1.6337783534157029	1.0	0.8368019461631775	206041988.64761323	217011654.9561493	206041988.64761323	0.060654047503561626	0.9695558957345046	6.07121203153484	55209600.0	0.033675054	7.868290792869153
Saltmarsh_2_000000001	55296000.0	1	1	0.752196401640065	1.50439280328013	0.8193090925161846	1.6386181850323691	1.0	0.8368019461631775	207560192.5649048	218278894.58363727	207560192.5649048	0.05846103547207704	0.9793399273524471	6.129673067006918	55296000.0	0.033675054	7.944056294840966
Saltmarsh_2_000000001	55382400.0	1	1	0.7547111330496996	1.5094222660993992	0.821626987125908	1.643253974251816	1.0	0.8368018269538879	209018267.3747791	219496968.36974373	209018267.3747791	0.056321130042689904	0.9887702068312055	6.185994197049606	55382400.0	0.033675057	8.017048479376289
Saltmarsh_2_000000001	55468800.0	1	1	0.7571170070044753	1.5142340140089505	0.8238467580694739	1.6476935161389479	1.0	0.8368011713027954	210418176.8435641	220667264.6081979	210418176.8435641	0.054235583484784966	0.9978553007330355	6.24022978053439	55468800.0	0.033675172	8.08733779557257
Saltmarsh_2_000000001	55555200.0	1	1	0.7594184589781813	1.5188369179563626	0.8259721992295878	1.6519443984591755	1.0	0.8367924094200134	211761860.50301582	221789268.17620772	211761860.50301582	0.052205324892813154	1.006603977622266	6.292435105427202	55555200.0	0.033676595	8.154995896633654
Saltmarsh_2_000000001	55641600.0	1	1	0.7616197404281493	1.5232394808562986	0.8280070183795979	1.6560140367591958	1.0	0.8367323279380798	213051226.54547492	222852925.49139273	213051226.54547492	0.05023097679303912	1.0150251559343355	6.342666082220242	55641600.0	0.033686381	8.220095242557434
Saltmarsh_2_000000001	55728000.0	1	1	0.7637248371509842	1.5274496743019683	0.8299549015646739	1.6599098031293478	1.0	0.8364457488059998	214288134.65044156	223812668.50222299	214288134.65044156	0.04831281872855908	1.0231278545236486	6.390978900948802	55728000.0	0.033732957	8.282708655629648
Saltmarsh_2_000000001	55814400.0	1	1	0.7657372444999345	1.531474488999869	0.8318196828082965	1.663639365616593	1.0	0.8353816270828247	215474345.13428947	224521158.64619842	215474345.13428947	0.046450588334077114	1.0309211373373703	6.437429489282879	55814400.0	0.03390537	8.342908618110611
Saltmarsh_2_000000001	55900800.0	1	1	0.7676594354894936	1.5353188709789871	0.8336057306442252	1.6672114612884503	1.0	0.8320626616477966	216611386.72196817	224578833.96764982	216611386.72196817	0.04464290760900669	1.038414026000834	6.482072396891885	55900800.0	0.034437406	8.400765826371883
Saltmarsh_2_000000001	55987200.0	1	1	0.7694916684964804	1.5389833369929609	0.8353187937728213	1.6706375875456425	1.0	0.8228744864463806	217700248.6076683	223001317.34637454	217700248.6076683	0.04288592318258777	1.0456153198557538	6.524958320074473	55987200.0	0.035867894	8.456345982816519
Saltmarsh_2_000000001	56073600.0	1	1	0.7709462406092537	1.5418924812185073	0.8366994753032722	1.6733989506065443	1.0	0.7990812659263611	218740693.3123789	217397587.2436295	217397587.2436295	0.034454739556918135	1.0525331966612292	6.559413059631391	56073600.0	0.039320846	8.500999325282283
Saltmarsh_2_000000001	56160000.0	1	1	0.7686746578194882	1.5373493156389764	0.8347721355562308	1.6695442711124615	1.0	0.7382023334503174	219568447.13516274	201468407.1088171	201468407.1088171	-0.05074901380938246	1.058091049353468	6.508664045822007	56160000.0	0.046963428	8.435228603385323
Saltmarsh_2_000000001	56246400.0	1	1	0.7568156851927739	1.5136313703855477	0.8247513292602496	1.6495026585204993	1.0	0.5812166333198547	218276442.39353094	157960296.68004888	157960296.68004888	-0.26010330343444843	1.049904786834693	6.248560742387557	56246400.0	0.062716228	8.098134722134274
Saltmarsh_2_000000001	56332800.0	1	1	0.7247716522273208	1.4495433044546415	0.7980394073923857	1.5960788147847713	1.0	0.2594388723373413	211593337.62099338	68981324.08859196	68981324.08859196	-0.6630412146386861	1.007947835081646	5.585519527748871	56332800.0	0.093308603	7.238833307962537
Saltmarsh_2_000000001	56419200.0	1	1	0.7280993721843935	1.456198744368787	0.801041832217959	1.602083664435918	1.0	0.8368019461631775	194054687.36280423	209711866.750078	194054687.36280423	0.06927998441628402	0.9009934523977372	5.654799512165155	56419200.0	0.033675054	7.328620167766042
Saltmarsh_2_000000001	56505600.0	1	1	0.7312905487809769	1.4625810975619538	0.8039256864623155	1.607851372924631	1.0	0.8368019461631775	195840745.42913526	211180307.33921903	195840745.42913526	0.06703480359772984	0.9121689235479465	5.7218343157628855	56505600.0	0.033675054	7.4154972732286994
Saltmarsh_2_000000001	56592000.0	1	1	0.7343502044932587	1.4687004089865174	0.8066948807747865	1.613389761549573	1.0	0.8368018269538879	197561202.8197201	212596596.2090355	197561202.8197201	0.0648237868240682	0.9229822272745323	5.786658102586953	56592000.0	0.033675058	7.499508900952691
Saltmarsh_2_000000001	56678400.0	1	1	0.7372832343698381	1.4745664687396762	0.809353276543581	1.618706553087162	1.0	0.8368011116981506	199217818.74895012	213961824.07875356	199217818.74895012	0.0626502192061722	0.9334388745385784	5.849308321793124	56678400.0	0.033675188	7.5807035850438895
Saltmarsh_2_000000001	56764800.0	1	1	0.7400943957792091	1.4801887915584182	0.8119046824063362	1.6238093648126724	1.0	0.8367912769317627	200812367.7677605	215275044.61556628	200812367.7677605	0.060516932620339636	0.9435449062184629	5.909825254413463	56764800.0	0.033676788	7.659133529719849
Saltmarsh_2_000000001	56851200.0	1	1	0.7427882733196055	1.485576546639211	0.8143528722360123	1.6287057444720245	1.0	0.8367239832878113	202346628.04664448	216524989.47103804	202346628.04664448	0.05842632023409189	0.9533068199991305	5.968251574647555	56851200.0	0.033687731	7.734854040743231
Saltmarsh_2_000000001	56937600.0	1	1	0.7453691631886001	1.4907383263772003	0.8167016655388946	1.6334033310777891	1.0	0.8364052772521973	203822356.25662267	217662267.14244902	203822356.25662267	0.05638028167860587	0.9627314996045075	6.024631856326158	56937600.0	0.033739529	7.807922885798701
Saltmarsh_2_000000001	57024000.0	1	1	0.7478407636437268	1.4956815272874535	0.8189551485492317	1.6379102970984634	1.0	0.8352275490760803	205241218.04284447	218528313.50818902	205241218.04284447	0.05437995502847748	0.971826135185745	6.079011811354635	57024000.0	0.033930241	7.878399307515608
Saltmarsh_2_000000001	57110400.0	1	1	0.7502054513787019	1.5004109027574037	0.8211181824904515	1.642236364980903	1.0	0.8315703272819519	206604610.46346503	218695326.11328104	206604610.46346503	0.05242495184188245	0.9805981004754427	6.131436763196517	57110400.0	0.034515607	7.9463420451026865
Saltmarsh_2_000000001	57196800.0	1	1	0.7524626540549737	1.5049253081099474	0.8231975308700098	1.6463950617400196	1.0	0.821471095085144	207913252.1508083	217109166.38674733	207913252.1508083	0.0505115542069271	0.9890547065471144	6.181948317403444	57196800.0	0.0360812	8.011805019354863
Saltmarsh_2_000000001	57283200.0	1	1	0.7546048663279099	1.5092097326558198	0.8252046525452605	1.650409305090521	1.0	0.7952997088432312	209166264.54077122	211193284.58022693	209166264.54077122	0.0486286579614873	0.9972026647423687	6.230576975364931	57283200.0	0.039840618	8.074827760072951
Saltmarsh_2_000000001	57369600.0	1	1	0.7530208077263972	1.5060416154527945	0.8238807009998445	1.647761401999689	1.0	0.7280309796333313	210358925.36401632	194222664.59777734	194222664.59777734	-0.03393357221485982	1.0050468952037466	6.19664340315007	57369600.0	0.048118772	8.03084985048249
Saltmarsh_2_000000001	57456000.0	1	1	0.7405858259037992	1.4811716518075984	0.8135339371046187	1.6270678742092375	1.0	0.554958701133728	209476685.84208125	147623401.66933087	147623401.66933087	-0.2614561030433996	0.999573111390054	5.935187300106671	57456000.0	0.065094964	7.692002740938246
Saltmarsh_2_000000001	57542400.0	1	1	0.7067013349987279	1.4134026699974558	0.7857830385216078	1.5715660770432156	1.0	0.22176781296730042	202615437.6566693	57668885.56323599	57668885.56323599	-0.6690535133392671	0.9573979411554471	5.266133786767403	57542400.0	0.097897644	6.824909387650554
Saltmarsh_2_000000001	57628800.0	1	1	0.7103880715307391	1.4207761430614783	0.7890457773525856	1.5780915547051713	1.0	0.8368019461631775	184498807.6530468	204602870.54842135	184498807.6530468	0.0730203164823281	0.8494737217829058	5.339154103249731	57628800.0	0.033675054	6.919543717811652
Saltmarsh_2_000000001	57715200.0	1	1	0.7139310866724171	1.4278621733448342	0.7921877902780367	1.5843755805560733	1.0	0.8368019461631775	186428824.47472325	206165028.9905387	186428824.47472325	0.07089158096332593	0.8612525414102903	5.410045684213056	57715200.0	0.033675054	7.011419206740121
