plant	time	x	y	r_ag	h_ag	r_bg	h_bg	aboveground_resources	belowground_resources	res_ag	res_bg	res_eff	grow	maint	volume	age	salinity	transpiration
Saltmarsh_2_000000001	57715200.0	1	1	0.7170871542312525	1.434174308462505	0.794957945897576	1.589915891795152	1.0	0.8368018269538879	188162382.79655153	207546729.64358103	188162382.79655153	0.06872557609552854	0.8720863378872291	5.47338567685458	57801600.0	0.033675058	7.093507837203536
