plant	time	x	y	r_ag	h_ag	r_bg	h_bg	aboveground_resources	belowground_resources	res_ag	res_bg	res_eff	grow	maint	volume	age	salinity	transpiration
Saltmarsh_3_000000001	0.0	1	1	0.04989499261399684	0.09978998522799368	0.04989499261399684	0.09978998522799368	1.0	0.06297335028648376	923552.841931713	58159.216623043336	58159.216623043336	-9.875942964234971e-06	0.0003006720260794517	0.0015609203838306625	86400.0	0.14	0.002022952817444539
