plant	time	x	y	r_ag	h_ag	r_bg	h_bg	aboveground_resources	belowground_resources	res_ag	res_bg	res_eff	grow	maint	volume	age	salinity	transpiration
Saltmarsh_3_000000001	21427200.0	1	1	0.0	0.0	0.3647213652667942	0.7294427305335884	1.0	0.2618858814239502	4954792.463592636	24812029.71353322	4954792.463592636	-0.03919481967069076	0.06396878198865394	0.3048340548632544	21513600.0	0.1030264343675652	0.39506493510277774
