plant	time	x	y	r_ag	h_ag	r_bg	h_bg	aboveground_resources	belowground_resources	res_ag	res_bg	res_eff	grow	maint	volume	age	salinity	transpiration
Saltmarsh_1_000000001	21254400.0	1	1	0.0	0.0	0.33311408728801767	0.6662281745760353	1.0	0.12606756389141083	2268423.122593545	10900648.260589797	2268423.122593545	-0.020476394179124495	0.03181850979209222	0.23225168104818744	21340800.0	0.1030263338181734	0.3009981786384509
