plant	time	x	y	r_ag	h_ag	r_bg	h_bg	aboveground_resources	belowground_resources	res_ag	res_bg	res_eff	grow	maint	volume	age	salinity	transpiration
Saltmarsh_4_000000001	23328000.0	1	1	0.0	0.0	0.3122721384168769	0.6245442768337538	1.0	0.12019991874694824	3718220.9628822063	8355803.906410999	3718220.9628822063	-0.027376064616872888	0.04596716943128392	0.19132846190175304	23414400.0	0.134234186	0.24796168662467194
