plant	time	x	y	r_ag	h_ag	r_bg	h_bg	aboveground_resources	belowground_resources	res_ag	res_bg	res_eff	grow	maint	volume	age	salinity	transpiration
Saltmarsh_2_000000001	26265600.0	1	1	0.0	0.0	0.5223949139012883	1.0447898278025767	1.0	0.5297728180885315	13141965.94246235	96918647.7815359	13141965.94246235	-0.09314058689884498	0.15885041661115673	0.8957291095027922	26352000.0	0.067350391	1.1608649259156187
