plant	time	x	y	r_ag	h_ag	r_bg	h_bg	aboveground_resources	belowground_resources	res_ag	res_bg	res_eff	grow	maint	volume	age	salinity	transpiration
Saltmarsh_3_000000001	0.0	1	1	0.05	0.1	0.05	0.1	NaN	NaN	NaN	NaN	NaN	NaN	NaN	NaN	NaN	NaN	NaN
Saltmarsh_3_000000001	86400.0	1	1	0.07467301552423014	0.14934603104846028	0.0757696805833521	0.1515393611667042	1.0	0.883397102355957	923552.841931713	815863.9044350844	815863.9044350844	0.003778571087536087	0.00030074843463933525	0.005349367414330987	86400.0	0.035	0.006932780168972959
Saltmarsh_3_000000001	172800.0	1	1	0.10217981559854776	0.20435963119709552	0.104065865918386	0.208131731836772	1.0	0.883397102355957	2059914.1459166128	1891818.759852071	1891818.759852071	0.008434891075630752	0.0010242027236296051	0.013784258489961742	172800.0	0.035	0.01786439900299042
Saltmarsh_3_000000001	259200.0	1	1	0.1308946722641984	0.2617893445283968	0.13347563743744464	0.2669512748748893	1.0	0.883397102355957	3857020.699012859	3577450.217113364	3577450.217113364	0.01524808387285837	0.002639167212708451	0.029032342362820117	259200.0	0.035	0.03762591570221487
Saltmarsh_3_000000001	345600.0	1	1	0.15985721323161817	0.31971442646323633	0.1630915165980108	0.3261830331960216	1.0	0.883397102355957	6329445.730012894	5890018.1899746405	5890018.1899746405	0.023891489003465993	0.00555860194640721	0.052923831366286124	345600.0	0.035	0.06858928545070682
Saltmarsh_3_000000001	432000.0	1	1	0.1884772685930158	0.3769545371860316	0.192336619354119	0.384673238708238	1.0	0.883397102355957	9440309.129068147	8796713.991601737	8796713.991601737	0.03385064618742427	0.01013292377058442	0.0867744775537104	432000.0	0.035	0.11245972290960868
Saltmarsh_3_000000001	518400.0	1	1	0.21638862861630842	0.43277725723261684	0.22084752507083588	0.44169505014167176	1.0	0.883397102355957	13123198.534724757	12236309.771343889	12236309.771343889	0.04456749912553992	0.016614049731179522	0.13134197667925035	518400.0	0.035	0.17021920177630845
Saltmarsh_3_000000001	604800.0	1	1	0.243366214812252	0.486732429624504	0.24839924335267807	0.49679848670535615	1.0	0.883397102355957	17297789.565848567	16134223.37577435	16134223.37577435	0.05552406680311846	0.0251470500757533	0.18686604348236882	604800.0	0.035	0.24217839235315
Saltmarsh_3_000000001	691200.0	1	1	0.26927631254960105	0.5385526250992021	0.27485768064629046	0.5497153612925809	1.0	0.883397102355957	21879747.970804997	20411956.61918313	20411956.61918313	0.06628196193227695	0.035777821163638694	0.25314800541464577	691200.0	0.035	0.3280798150173809
Saltmarsh_3_000000001	777600.0	1	1	0.2940455815057077	0.5880911630114154	0.30014927678798775	0.6002985535759755	1.0	0.883397102355957	26786627.807347998	24992685.675881423	24992685.675881423	0.07649510370750603	0.04846832467190108	0.3296431091221519	777600.0	0.035	0.42721746942230887
Saltmarsh_3_000000001	864000.0	1	1	0.3176411941647407	0.6352823883294814	0.32424127683370824	0.6484825536674165	1.0	0.883397102355957	31941187.34335314	29804396.160653245	29804396.160653245	0.08590771998727714	0.06311426081598909	0.41555082910942887	864000.0	0.035	0.5385538745258198
Saltmarsh_3_000000001	950400.0	1	1	0.3400577785523886	0.6801155571047772	0.3471286575745349	0.6942573151490699	1.0	0.883397102355957	37273088.50261055	34781489.61395682	34781489.61395682	0.09434508900650297	0.07956235906328112	0.5098959181159319	950400.0	0.035	0.6608251098782478
Saltmarsh_3_000000001	1036800.0	1	1	0.36130863897872906	0.7226172779574581	0.3688252935597706	0.7376505871195412	1.0	0.883397102355957	42719598.98476662	39865449.7300901	39865449.7300901	0.10170135241777067	0.09762589623267981	0.6115972705337027	1036800.0	0.035	0.7926300626116788
Saltmarsh_3_000000001	1123200.0	1	1	0.3814197368592375	0.762839473718475	0.38935788060664905	0.7787157612132981	1.0	0.883397102355957	48225687.9801132	45004937.860382244	45004937.860382244	0.10792680805207922	0.117097881249832	0.7195240785857819	1123200.0	0.035	0.9325032058471734
Saltmarsh_3_000000001	1209600.0	1	1	0.4004254952440938	0.8008509904881876	0.4087616909350214	0.8175233818700428	1.0	0.883397102355957	53743762.18609357	50155550.2722838	50155550.2722838	0.1130159444175966	0.1377618069438224	0.8325400230033784	1209600.0	0.035	1.0789718698123782
Saltmarsh_3_000000001	1296000.0	1	1	0.41836583484110657	0.8367316696822131	0.42707756958909726	0.8541551391781945	1.0	0.883397102355957	59233198.31533527	55279384.058621384	55279384.058621384	0.11699680939282489	0.15940011090028203	0.9495368323962033	1296000.0	0.035	1.2305997347854796
Saltmarsh_3_000000001	1382400.0	1	1	0.43528405808455306	0.8705681161691061	0.4443497878193464	0.8886995756386928	1.0	0.883397102355957	64659771.13771841	60344504.726950206	60344504.726950206	0.11992192281577621	0.18180060081897484	1.0694587552119796	1382400.0	0.035	1.3860185467547257
Saltmarsh_3_000000001	1468800.0	1	1	0.45122532748847377	0.9024506549769475	0.46062449810478306	0.9212489962095661	1.0	0.883397102355957	69995039.65667117	65324374.2215021	65324374.2215021	0.12186073113361237	0.20476113997389814	1.1913194863455918	1468800.0	0.035	1.543950054303887
Saltmarsh_3_000000001	1555200.0	1	1	0.4662355669245553	0.9324711338491106	0.4759486179240374	0.9518972358480748	1.0	0.883397102355957	75215730.5418453	70197276.07836473	70197276.07836473	0.12289349236932942	0.22809288802249425	1.3142129787149215	1555200.0	0.035	1.7032200204145382
Saltmarsh_3_000000001	1641600.0	1	1	0.4803606679468638	0.9607213358937275	0.49036902309763175	0.9807380461952635	1.0	0.883397102355957	80303142.68662769	74945760.10172534	74945760.10172534	0.12310642949271894	0.2516223710159078	1.4373194082076401	1641600.0	0.035	1.862765953037102
Saltmarsh_3_000000001	1728000.0	1	1	0.49364591869430524	0.9872918373886105	0.5039319671915143	1.0078639343830287	1.0	0.883397102355957	85242586.79564425	79556119.60686514	79556119.60686514	0.12258797457231124	0.27519262346201445	1.5599073827799517	1728000.0	0.035	2.0216399680828174
Saltmarsh_3_000000001	1814400.0	1	1	0.5061355967816297	1.0122711935632593	0.5166826675806361	1.0333653351612722	1.0	0.883397102355957	90022867.39206795	84017908.16941606	84017908.16941606	0.12142592956231207	0.2986636112847682	1.681333312342264	1814400.0	0.035	2.1790079727955742
Saltmarsh_3_000000001	1900800.0	1	1	0.517872683972918	1.035745367945836	0.5286650153402433	1.0573300306804867	1.0	0.883397102355957	94635810.39210713	88323498.84563461	88323498.84563461	0.11970538304717354	0.3219121111809995	1.8010386953894373	1900800.0	0.035	2.3341461492247104
Saltmarsh_3_000000001	1987200.0	1	1	0.5288986718508243	1.0577973437016486	0.5399213776972244	1.0798427553944487	1.0	0.883397102355957	99075836.66369177	92467686.27075864	92467686.27075864	0.11750724024166259	0.3448311911121306	1.9185459356310997	1987200.0	0.035	2.486435532577905
Saltmarsh_3_000000001	2073600.0	1	1	0.5392534357716113	1.0785068715432227	0.5504924699623919	1.1009849399247837	1.0	0.883397102355957	103339580.2684585	96447330.43321618	96447330.43321618	0.11490724281990505	0.36732940934617586	2.033453178451005	2073600.0	0.035	2.6353553192725023
Saltmarsh_3_000000001	2160000.0	1	1	0.54897516018618	1.09795032037236	0.560417279740112	1.120834559480224	1.0	0.883397102355957	107425549.04839611	100261039.95008862	100261039.95008862	0.11197537391658541	0.38932982583385767	2.14542855236759	2160000.0	0.035	2.7804754038683965
Saltmarsh_3_000000001	2246400.0	1	1	0.5581003026100466	1.1162006052200932	0.5697330304795163	1.1394660609590326	1.0	0.883397102355957	111333824.637583	103908892.12452184	103908892.12452184	0.10877556095778479	0.4107688996648244	2.254204113325374	2246400.0	0.035	2.921448530869685
Saltmarsh_3_000000001	2332800.0	1	1	0.5666635866107402	1.1333271732214805	0.5784751745667336	1.1569503491334672	1.0	0.883397102355957	115065798.70380841	107392186.80683829	107392186.80683829	0.10536560440704335	0.4315953296271481	2.359569717732418	2332800.0	0.035	3.058002354181214
Saltmarsh_3_000000001	2419200.0	1	1	0.5746980164701837	1.1493960329403674	0.5866774084846975	1.173354816969395	1.0	0.883397102355957	118623942.1510481	110713231.0110648	110713231.0110648	0.10179727393095273	0.4517688811243713	2.461366991663371	2419200.0	0.035	3.189931621195729
Saltmarsh_3_000000001	2505600.0	1	1	0.5822349078941591	1.1644698157883182	0.5943717043108521	1.1887434086217041	1.0	0.883397102355957	122011604.07077745	113875151.29101302	113875151.29101302	0.09811652495041612	0.471259231504649	2.5594835166137866	2505600.0	0.035	3.3170906375314675
Saltmarsh_3_000000001	2592000.0	1	1	0.5893039304363801	1.1786078608727601	0.6015883531410595	1.203176706282119	1.0	0.883397102355957	125232837.36915414	116881731.00928181	116881731.00928181	0.0943637981950936	0.49004485685131544	2.6538473148088793	2592000.0	0.035	3.4393861199923075
Saltmarsh_3_000000001	2678400.0	1	1	0.5959331582912138	1.1918663165824277	0.6083560170320228	1.2167120340640456	1.0	0.883397102355957	128292248.18468581	119737269.80723688	119737269.80723688	0.09057437290932091	0.5081119761268635	2.7444216877182006	2678400.0	0.035	3.556770507282788
Saltmarsh_3_000000001	2764800.0	1	1	0.6021491268657382	1.2042982537314764	0.6147017868247923	1.2294035736495845	1.0	0.883397102355957	131194866.4242191	122446462.78275245	122446462.78275245	0.08677875097118515	0.5254535629425772	2.831200438689386	2764800.0	0.035	3.6692357685414443
Saltmarsh_3_000000001	2851200.0	1	1	0.6079768931258577	1.2159537862517154	0.6206512438066124	1.2413024876132248	1.0	0.883397102355957	133946034.96844143	125014297.09075978	125014297.09075978	0.08300305458127621	0.5420684308725228	2.9142034932706613	2851200.0	0.035	3.7768077272787774
Saltmarsh_3_000000001	2937600.0	1	1	0.6134400981645642	1.2268801963291285	0.6262285236300718	1.2524570472601435	1.0	0.883397102355957	136551315.32124317	127445963.88978368	127445963.88978368	0.07926942453893371	0.5579603949099847	2.993472917809595	2937600.0	0.035	3.8795409014812354
Saltmarsh_3_000000001	3024000.0	1	1	0.6185610307940815	1.237122061588163	0.6314563812687528	1.2629127625375056	1.0	0.883397102355957	139016407.69354743	129746783.7593769	129746783.7593769	0.07559640961805658	0.5731375091788279	3.069069327427651	3024000.0	0.035	3.977513848346236
Saltmarsh_3_000000001	3110400.0	1	1	0.6233606912406782	1.2467213824813563	0.6363562560708137	1.2727125121416274	1.0	0.883397102355957	141347083.71739542	131922143.90478666	131922143.90478666	0.0719993403282494	0.587611379195684	3.141068667755901	3110400.0	0.035	4.070824993411648
Saltmarsh_3_000000001	3196800.0	1	1	0.6278588542387201	1.2557177084774402	0.6409483361938236	1.2818966723876473	1.0	0.883397102355957	143549130.17778128	133977445.64405258	133977445.64405258	0.06849068252691548	0.6013965456933474	3.2095593502828166	3196800.0	0.035	4.159588917966531
Saltmarsh_3_000000001	3283200.0	1	1	0.6320741309922087	1.2641482619844173	0.6452516218791117	1.2905032437582233	1.0	0.883397102355957	145628302.32676926	135918060.83792335	135918060.83792335	0.06508036804202799	0.6145099361475888	3.2746397183248432	3283200.0	0.035	4.2439330749489965
Saltmarsh_3_000000001	3369600.0	1	1	0.6360240296076516	1.2720480592153032	0.6492839871620677	1.2985679743241354	1.0	0.883397102355957	147590285.50645193	137749296.0741723	137749296.0741723	0.06177610076506301	0.6269703796057985	3.3364158190899063	3369600.0	0.035	4.323994901540519
Saltmarsh_3_000000001	3456000.0	1	1	0.6397250137093426	1.2794500274186853	0.6530622397241171	1.3061244794482343	1.0	0.883397102355957	149440663.954524	139476363.5552647	139476363.5552647	0.05858363765540431	0.6387981801209193	3.394999456745311	3456000.0	0.035	4.399919295941923
Saltmarsh_3_000000001	3542400.0	1	1	0.6431925590329493	1.2863851180658985	0.6566021786785392	1.3132043573570784	1.0	0.883397102355957	151184895.79922277	141104357.7624208	141104357.7624208	0.05550704482495061	0.6500147439871534	3.450506501570261	3542400.0	0.035	4.471856426035059
Saltmarsh_3_000000001	3628800.0	1	1	0.6464412078603545	1.292882415720709	0.6599186501506402	1.3198373003012804	1.0	0.883397102355957	152828293.36991578	142638237.0806647	142638237.0806647	0.05254892939707745	0.660642256006246	3.5030554309673385	3628800.0	0.035	4.5399598385336715
Saltmarsh_3_000000001	3715200.0	1	1	0.6494846212116117	1.2989692424232233	0.6630256005667143	1.3260512011334287	1.0	0.883397102355957	154376008.05661315	144082809.66930038	144082809.66930038	0.049710648200461005	0.6707034001460409	3.552766079167799	3715200.0	0.035	4.604384838601468
Saltmarsh_3_000000001	3801600.0	1	1	0.6523356287514795	1.304671257502959	0.6659361276086478	1.3318722552172957	1.0	0.883397102355957	155833019.04712647	145442722.95132664	145442722.95132664	0.04699249460057631	0.6802211201560568	3.5997585737683746	3801600.0	0.035	4.6652871116038135
Saltmarsh_3_000000001	3888000.0	1	1	0.6550062764005944	1.3100125528011888	0.6686625288242286	1.3373250576484572	1.0	0.883397102355957	157204125.35546866	146722456.17451185	146722456.17451185	0.044393864918289117	0.6892184159542701	3.644152438686664	3888000.0	0.035	4.722821560537917
Saltmarsh_3_000000001	3974400.0	1	1	0.657507871666664	1.315015743333328	0.6712163479090444	1.3424326958180888	1.0	0.883397102355957	158493940.6303595	147926315.56709358	147926315.56709358	0.04191340595866644	0.6977181718768015	3.6860658446453307	3974400.0	0.035	4.777141334660349
Saltmarsh_3_000000001	4060800.0	1	1	0.6598510267305908	1.3197020534611816	0.673608418695749	1.347216837391498	1.0	0.883397102355957	159706890.29928938	149058431.67321372	149058431.67321372	0.03954914519224639	0.7057430131738223	3.7256149898375766	4060800.0	0.035	4.828397026829499
Saltmarsh_3_000000001	4147200.0	1	1	0.6620456993372662	1.3240913986745324	0.6758489069015929	1.3516978138031859	1.0	0.883397102355957	160847210.66237316	150122758.50805563	150122758.50805563	0.03729860511000016	0.713315187430278	3.7629135949475767	4147200.0	0.035	4.87673601905206
Saltmarsh_3_000000001	4233600.0	1	1	0.6641012315518613	1.3282024631037226	0.6779473496964097	1.3558946993928194	1.0	0.883397102355957	161918949.602005	151123074.22097427	151123074.22097427	0.035158903223580396	0.7204564678812909	3.798072498171157	4233600.0	0.035	4.92230195762982
Saltmarsh_3_000000001	4320000.0	1	1	0.6660263864504932	1.3320527729009863	0.6799126931614523	1.3598253863229046	1.0	0.883397102355957	162925968.61984843	152062982.99739638	152062982.99739638	0.03312683911313652	0.7271880758738454	3.8311993372842936	4320000.0	0.035	4.9652343411204445
Saltmarsh_3_000000001	4406400.0	1	1	0.6678293828197789	1.3356587656395578	0.6817533277152141	1.3635066554304283	1.0	0.883397102355957	163871945.95265144	152945917.96755806	152945917.96755806	0.031198969842929802	0.7335306199948605	3.862398307127224	4406400.0	0.035	5.005668206036883
Saltmarsh_3_000000001	4492800.0	1	1	0.6695179279434756	1.3390358558869513	0.6834771215861175	1.366954243172235	1.0	0.883397102355957	164760380.55337864	153775144.92281252	153775144.92281252	0.029371674975547157	0.7395040496385155	3.8917699821027707	4492800.0	0.035	5.0437338968051915
Saltmarsh_3_000000001	4579200.0	1	1	0.6710992485565425	1.342198497113085	0.685091452414128	1.370182904828256	1.0	0.883397102355957	165594596.75476646	154553766.66881573	154553766.66881573	0.027641212322725095	0.7451276210213535	3.919411194425497	4579200.0	0.035	5.0795569079754435
Saltmarsh_3_000000001	4665600.0	1	1	0.6725801200478597	1.3451602400957194	0.6866032370642635	1.373206474128527	1.0	0.883397102355957	166377749.4591384	155284727.8698417	155284727.8698417	0.026003765477636165	0.7504198738715723	3.9454149599031325	4665600.0	0.035	5.11325778803446
Saltmarsh_3_000000001	4752000.0	1	1	0.6739668939927711	1.3479337879855422	0.688018959734888	1.376037919469776	1.0	0.883397102355957	167112829.72161636	155970820.26022813	155970820.26022813	0.02445548408218301	0.7553986172189576	3.969870443985315	4752000.0	0.035	5.144952095404968
Saltmarsh_3_000000001	4838400.0	1	1	0.6752655240957738	1.3505310481915476	0.6893446984428185	1.378689396885637	1.0	0.883397102355957	167802670.61414132	156614688.11787322	156614688.11787322	0.022992517694872094	0.760080922894494	3.9928629616801876	4838400.0	0.035	5.174750398337523
Saltmarsh_3_000000001	4924800.0	1	1	0.6764815906222518	1.3529631812445035	0.6905861499658107	1.3811722999316214	1.0	0.883397102355957	168449953.27532664	157218833.91114458	157218833.91114458	0.02161104404132619	0.7644831255143968	4.014474005721514	4924800.0	0.035	5.202758311415082
Saltmarsh_3_000000001	5011200.0	1	1	0.6776203233962659	1.3552406467925318	0.6917486533210606	1.3834973066421212	1.0	0.883397102355957	169057213.0664418	157785624.044814	157785624.044814	0.02030729235101525	0.7686208278730547	4.034781298072529	5011200.0	0.035	5.229076562301998
Saltmarsh_3_000000001	5097600.0	1	1	0.678686623439189	1.357373246878378	0.6928372118560888	1.3856744237121776	1.0	0.883397102355957	169626845.76704115	158317294.6429672	158317294.6429672	0.01907756241075409	0.7725089108040819	4.053858860483283	5097600.0	0.035	5.253801083186335
Saltmarsh_3_000000001	5184000.0	1	1	0.6796850833215036	1.3593701666430071	0.6938565140258476	1.3877130280516952	1.0	0.883397102355957	170161113.755168	158815957.31749347	158815957.31749347	0.01791823989807284	0.7761615466893945	4.071777100381356	5184000.0	0.035	5.277023122094237
Saltmarsh_3_000000001	5270400.0	1	1	0.680620006297439	1.361240012594878	0.6948109529271935	1.389621905854387	1.0	0.883397102355957	170662152.12690464	159283604.87994233	159283604.87994233	0.016825808495656402	0.7795922159040553	4.088602908877011	5270400.0	0.035	5.298829369904606
Saltmarsh_3_000000001	5356800.0	1	1	0.6814954242893698	1.3629908485787396	0.6957046446590527	1.3914092893181054	1.0	0.883397102355957	171131974.71849975	159722116.96243373	159722116.96243373	0.015796859231594795	0.7828137255805738	4.104399768108605	5356800.0	0.035	5.319302099468752
Saltmarsh_3_000000001	5443200.0	1	1	0.6823151147860786	1.3646302295721573	0.6965414455737301	1.3930828911474602	1.0	0.883397102355957	171572480.00156292	160133265.52007747	160133265.52007747	0.014828097438870369	0.785838230161517	4.119227865547476	5443200.0	0.035	5.338519313749529
Saltmarsh_3_000000001	5529600.0	1	1	0.6830826167161496	1.3661652334322991	0.6973249684819128	1.3946499369638257	1.0	0.883397102355957	171985456.82802272	160518720.19315612	160518720.19315612	0.01391634768118355	0.788677253284597	4.133144213228659	5529600.0	0.035	5.356554900344342
Saltmarsh_3_000000001	5616000.0	1	1	0.6838012453549215	1.367602490709843	0.6980585978710242	1.3961171957420484	1.0	0.883397102355957	172372590.00683945	160880053.51226342	160880053.51226342	0.013058556950446332	0.7913417106108708	4.146202770179107	5616000.0	0.035	5.373478790152123
Saltmarsh_3_000000001	5702400.0	1	1	0.6844741063206335	1.368948212641267	0.6987455041937252	1.3974910083874503	1.0	0.883397102355957	172735465.69896397	161218745.93379098	161218745.93379098	0.012251796403814574	0.7938419332651403	4.158454566582922	5702400.0	0.035	5.389357118291467
Saltmarsh_3_000000001	5788800.0	1	1	0.6851041087126426	1.3702082174252852	0.6993886572805534	1.3987773145611069	1.0	0.883397102355957	173075576.62084153	161536190.6967108	161536190.6967108	0.011493261874627958	0.796187691608926	4.169947828457548	5788800.0	0.035	5.404252385680983
Saltmarsh_3_000000001	5875200.0	1	1	0.6856939774419131	1.3713879548838261	0.6999908389279496	1.399981677855899	1.0	0.883397102355957	173394327.04997218	161833698.49459848	161833698.49459848	0.010780273361721826	0.7983882191112706	4.18072810181927	5875200.0	0.035	5.418223619957773
Saltmarsh_3_000000001	5961600.0	1	1	0.6862462648013703	1.3724925296027406	0.7005546547102603	1.4011093094205207	1.0	0.883397102355957	173693037.62873122	162112501.95935383	162112501.95935383	0.010110273675007386	0.8004522361217618	4.190838375494279	5961600.0	0.035	5.4313265346405855
Saltmarsh_3_000000001	6048000.0	1	1	0.6867633613211926	1.3735267226423853	0.7010825450617375	1.402165090123475	1.0	0.883397102355957	173972949.96489972	162373759.95517474	162373759.95517474	0.009480826391638053	0.8023879733842357	4.200319201885916	6048000.0	0.035	5.443613685644148
Saltmarsh_3_000000001	6134400.0	1	1	0.687247505951688	1.374495011903376	0.7015767956720683	1.4031535913441366	1.0	0.883397102355957	174235231.02921394	162618561.68307206	162618561.68307206	0.008889613256198303	0.804203195159162	4.209208815142114	6134400.0	0.035	5.45513462442418
Saltmarsh_3_000000001	6220800.0	1	1	0.687700795614066	1.375401591228132	0.7020395472365955	1.404079094473191	1.0	0.883397102355957	174480977.35177138	162847930.59764063	162847930.59764063	0.008334431139937593	0.8059052218482656	4.21754324628205	6220800.0	0.035	5.465936047181537
Saltmarsh_3_000000001	6307200.0	1	1	0.6881251941571828	1.3762503883143655	0.7024728046000981	1.4049456092001962	1.0	0.883397102355957	174711219.02037042	163062828.13896173	163062828.13896173	0.007813188657856185	0.8075009520369525	4.225356434939906	6307200.0	0.035	5.476061939682118
Saltmarsh_3_000000001	6393600.0	1	1	0.6885225407561986	1.3770450815123971	0.7028784453308262	1.4057568906616524	1.0	0.883397102355957	174926923.48486105	163264157.28343982	163264157.28343982	0.007323902528160842	0.8089968838890382	4.232680337468068	6393600.0	0.035	5.485553717358616
Saltmarsh_3_000000001	6480000.0	1	1	0.6888945577870463	1.3777891155740927	0.7032582277593962	1.4065164555187923	1.0	0.883397102355957	175128999.17237043	163452765.9181162	163452765.9181162	0.006864693746134742	0.8103991358444463	4.2395450312142025	6480000.0	0.035	5.494450360453606
Saltmarsh_3_000000001	6566400.0	1	1	0.6892428582086693	1.3784857164173385	0.7036137985151718	1.4072275970303436	1.0	0.883397102355957	175318298.91887772	163629450.04356813	163629450.04356813	0.006433783633494561	0.8117134665843462	4.245978814847696	6566400.0	0.035	5.502788544042614
Saltmarsh_3_000000001	6652800.0	1	1	0.6895689524831352	1.3791379049662704	0.7039466995908713	1.4078933991817426	1.0	0.883397102355957	175495623.22307318	163794956.81093362	163794956.81093362	0.006029489814772582	0.8129452942398956	4.2520083046624695	6652800.0	0.035	5.510602762842561
Saltmarsh_3_000000001	6739200.0	1	1	0.6898742550619832	1.3797485101239664	0.7042583749643447	1.4085167499286895	1.0	0.883397102355957	175661723.3287645	163949987.3989084	163949987.3989084	0.005650222163934404	0.8140997148306076	4.257658526826402	6739200.0	0.035	5.5179254507670175
Saltmarsh_3_000000001	6825600.0	1	1	0.6901600904654921	1.3803201809309842	0.7045501768047724	1.4091003536095448	1.0	0.883397102355957	175817304.14231977	164095199.7367704	164095199.7367704	0.005294478757204679	0.8151815199266473	4.262953005583607	6825600.0	0.035	5.524787095236354
Saltmarsh_3_000000001	6912000.0	1	1	0.6904276989799839	1.3808553979599678	0.7048233712889205	1.409646742577841	1.0	0.883397102355957	175963026.9917669	164231211.0796132	164231211.0796132	0.004960841861815224	0.8161952135362508	4.2679138474454215	6912000.0	0.035	5.531216346289266
Saltmarsh_3_000000001	6998400.0	1	1	0.6906782419967834	1.3813564839935668	0.7050791440515689	1.4101582881031378	1.0	0.883397102355957	176099512.2342279	164358600.44201964	164358600.44201964	0.004647973984963971	0.8171450282251342	4.272561821430385	6998400.0	0.035	5.537240120573778
Saltmarsh_3_000000001	7084800.0	1	1	0.6909128070150421	1.3818256140300842	0.7053186052927841	1.4106372105855682	1.0	0.883397102355957	176227341.7183606	164477910.89640492	164477910.89640492	0.004354614002591739	0.8180349404794329	4.276916435432977	7084800.0	0.035	5.542883700321139
Saltmarsh_3_000000001	7171200.0	1	1	0.6911324123293022	1.3822648246586045	0.7055427945633486	1.4110855891266971	1.0	0.883397102355957	176347061.1084245	164589651.74220473	164589651.74220473	0.004079573383580781	0.8188686853274428	4.280996008816556	7171200.0	0.035	5.548170827426257
Saltmarsh_3_000000001	7257600.0	1	1	0.6913380114214168	1.3826760228428336	0.705752685248373	1.411505370496746	1.0	0.883397102355957	176459182.07648963	164694300.55199268	164694300.55199268	0.0038217325215244013	0.819649770238439	4.284817741338081	7257600.0	0.035	5.553123792774153
Saltmarsh_3_000000001	7344000.0	1	1	0.6915304970752538	1.3830609941505076	0.705949188767903	1.411898377535806	1.0	0.883397102355957	176564184.36917415	164792305.10048848	164792305.10048848	0.003580037183274265	0.8203814883191681	4.288397778521356	7344000.0	0.035	5.557763520963678
Saltmarsh_3_000000001	7430400.0	1	1	0.6917107052314907	1.3834214104629814	0.70613315851219	1.41226631702438	1.0	0.883397102355957	176662517.7551411	164884085.18227026	164884085.18227026	0.003353495080984037	0.8210669308303673	4.291751273602339	7430400.0	0.035	5.562109650588631
Saltmarsh_3_000000001	7516800.0	1	1	0.6918794185987511	1.3837588371975023	0.7063053935282168	1.4126107870564335	1.0	0.883397102355957	176754603.85940334	164970034.32383826	164970034.32383826	0.003141172572230899	0.8217089990469605	4.29489244617457	7516800.0	0.035	5.566180610242243
Saltmarsh_3_000000001	7603200.0	1	1	0.69203737003634	1.38407474007268	0.7064666419730506	1.4129332839461013	1.0	0.883397102355957	176840837.89029303	165050521.39549655	165050521.39549655	0.0029421914910287006	0.822310415486454	4.2978346376655985	7603200.0	0.035	5.5699936904146155
Saltmarsh_3_000000001	7689600.0	1	1	0.6921852457228961	1.3843704914457922	0.7066176043486467	1.4132352086972935	1.0	0.883397102355957	176921590.26474646	165125892.12832516	165125892.12832516	0.0027557261110399134	0.8228737345305859	4.300590363776638	7689600.0	0.035	5.573565111454522
Saltmarsh_3_000000001	7776000.0	1	1	0.6923236881243997	1.3846473762487994	0.7067589365318153	1.4135178730636306	1.0	0.883397102355957	176997208.13734248	165196470.54132062	165196470.54132062	0.0025810002410548982	0.8234013524655482	4.303171364017693	7776000.0	0.035	5.57691008776693
Saltmarsh_3_000000001	7862400.0	1	1	0.692453298774145	1.38490659754829	0.7068912526122286	1.4137825052244573	1.0	0.883397102355957	177068016.83831376	165262560.28357476	165262560.28357476	0.0024172844517726944	0.8238955169661011	4.305588648469464	7862400.0	0.035	5.5800428884164255
Saltmarsh_3_000000001	7948800.0	1	1	0.6925746408765043	1.3851492817530087	0.7070151275505404	1.4140302551010808	1.0	0.883397102355957	177134321.22553268	165324445.89616153	165324445.89616153	0.0022638934320876603	0.82435833604872	4.307852541901552	7948800.0	0.035	5.582976894304411
Saltmarsh_3_000000001	8035200.0	1	1	0.6926882417455802	1.3853764834911604	0.707131099667946	1.414262199335892	1.0	0.883397102355957	177196406.9552528	165382393.99819267	165382393.99819267	0.0021201834723916235	0.8247917865185718	4.309972725373942	8035200.0	0.035	5.58572465208463
Saltmarsh_3_000000001	8121600.0	1	1	0.6927945950891495	1.385589190178299	0.7072396729778052	1.4144793459556104	1.0	0.883397102355957	177254541.67616913	165436654.40130314	165436654.40130314	0.001985550071879727	0.825197721934636	4.311958275445822	8121600.0	0.035	5.588297924977786
Saltmarsh_3_000000001	8208000.0	1	1	0.6928941631476607	1.3857883262953214	0.707341319369291	1.414682638738582	1.0	0.883397102355957	177308976.15114623	165487461.15662453	165487461.15662453	0.0018594256664044018	0.8255778801167183	4.313817701112226	8208000.0	0.035	5.590707740641445
Saltmarsh_3_000000001	8294400.0	1	1	0.6929873786974302	1.3859747573948604	0.7074364806524035	1.414872961304807	1.0	0.883397102355957	177359945.31075296	165535033.53810877	165535033.53810877	0.0017412774731143665	0.8259338902174295	4.31555897858534	8294400.0	0.035	5.592964436246601
Saltmarsh_3_000000001	8380800.0	1	1	0.6930746469266192	1.3861492938532385	0.7075255704731076	1.4150511409462152	1.0	0.883397102355957	177407669.24253628	165579576.96587488	165579576.96587488	0.0016306054478766319	0.8262672793814978	4.317189584033217	8380800.0	0.035	5.59507770090705
Saltmarsh_3_000000001	8467200.0	1	1	0.6931563471920319	1.3863126943840638	0.7076089761068041	1.4152179522136081	1.0	0.883397102355957	177452354.11976907	165621283.87306172	165621283.87306172	0.0015269403513070712	0.8265794790140015	4.318716524384524	8467200.0	0.035	5.597056615602342
Saltmarsh_3_000000001	8553600.0	1	1	0.6932328346642722	1.3864656693285444	0.707687060137829	1.415374120275658	1.0	0.883397102355957	177494193.07321233	165660334.51949346	165660334.51949346	0.0014298419191478562	0.8268718306783195	4.320146366303673	8553600.0	0.035	5.598909690729561
Saltmarsh_3_000000001	8640000.0	1	1	0.693304441868327	1.386608883736654	0.7077601620321959	1.4155203240643919	1.0	0.883397102355957	177533367.00924566	165696897.75528806	165696897.75528806	0.0013388971326598886	0.8271455916437804	4.321485263436333	8640000.0	0.035	5.600644901413489
Saltmarsh_3_000000001	8726400.0	1	1	0.6933714801261954	1.3867429602523909	0.70782859961034	1.41565719922068	1.0	0.883397102355957	177570045.37754327	165731131.73737213	165731131.73737213	0.001253718584707908	0.8274019401021527	4.32273898202104	8726400.0	0.035	5.602269720699268
Saltmarsh_3_000000001	8812800.0	1	1	0.6934342409077728	1.3868684818155457	0.7078926704262	1.4157853408524	1.0	0.883397102355957	177604386.89129624	165763184.60170618	165763184.60170618	0.0011739429372257248	0.8276419800713052	4.323912924958265	8812800.0	0.035	5.603791150745911
Saltmarsh_3_000000001	8899200.0	1	1	0.6934929970958015	1.386985994191603	0.7079526530585758	1.4159053061171516	1.0	0.883397102355957	177636540.20282203	165793195.09386858	165793195.09386858	0.0010992294658136448	0.8278667460035293	4.325012154424078	8899200.0	0.035	5.6052157521336055
Saltmarsh_3_000000001	8985600.0	1	1	0.6935480041703409	1.3870960083406818	0.7080088083203225	1.416017616640645	1.0	0.883397102355957	177666644.53723878	165821293.16050097	165821293.16050097	0.0010292586873003051	0.8280772071152046	4.326041413111378	8985600.0	0.035	5.606549671392346
Saltmarsh_3_000000001	9072000.0	1	1	0.6935995013178609	1.3871990026357217	0.7080613803905955	1.416122760781191	1.0	0.883397102355957	177694830.2867379	165847600.5039751	165847600.5039751	0.0009637310661795295	0.8282742714536959	4.3270051441775585	9072000.0	0.035	5.607798666854116
Saltmarsh_3_000000001	9158400.0	1	1	0.6936477124697423	1.3872954249394847	0.7081105978750295	1.416221195750059	1.0	0.883397102355957	177721219.56783843	165872231.10251117	165872231.10251117	0.0009023657959744691	0.8284587897165814	4.3279075099735325	9158400.0	0.035	5.608968132925698
Saltmarsh_3_000000001	9244800.0	1	1	0.6936928472746677	1.3873856945493355	0.7081566747984265	1.416313349596853	1.0	0.883397102355957	177745926.7438755	165895291.69784534	165895291.69784534	0.0008448996516702278	0.8286315588375565	4.328752409625203	9244800.0	0.035	5.610063122874263
Saltmarsh_3_000000001	9331200.0	1	1	0.693735102009099	1.387470204018198	0.7081998115342394	1.4163996230684788	1.0	0.883397102355957	177769058.91484258	165916882.2524274	165916882.2524274	0.000791085909512601	0.8287933253526244	4.329543495534715	9331200.0	0.035	5.611088370212991
Saltmarsh_3_000000001	9417600.0	1	1	0.6937746604297771	1.3875493208595542	0.7082401956748665	1.416480391349733	1.0	0.883397102355957	177790716.37658423	165937096.37801152	165937096.37801152	0.0007406933305917907	0.8289447885594659	4.330284188865306	9417600.0	0.035	5.612048308769437
Saltmarsh_3_000000001	9504000.0	1	1	0.6938116945719263	1.3876233891438525	0.7082780028465182	1.4165560056930364	1.0	0.883397102355957	177810993.0512207	165956021.7373955	165956021.7373955	0.0006935052047726264	0.8290866034822049	4.330977694070077	9504000.0	0.035	5.61294709151482
Saltmarsh_3_000000001	9590400.0	1	1	0.6938463654966166	1.3876927309932332	0.7083133974721793	1.4166267949443585	1.0	0.883397102355957	177829976.89057314	165973740.4209607	165973740.4209607	0.0006493184516807027	0.8292193836531228	4.331627012521757	9590400.0	0.035	5.613788608228197
Saltmarsh_3_000000001	9676800.0	1	1	0.6938788239905151	1.3877576479810303	0.7083465334859667	1.4166930669719333	1.0	0.883397102355957	177847750.2542555	165990329.29956657	165990329.29956657	0.000607942775587067	0.8293437037222458	4.332234955297344	9676800.0	0.035	5.614576502065359
Saltmarsh_3_000000001	9763200.0	1	1	0.6939092112210545	1.387818422442109	0.7083775550019745	1.416755110003949	1.0	0.883397102355957	177864390.26399776	166005860.35526028	166005860.35526028	0.0005691998711790935	0.8294601019051223	4.332804155168523	9763200.0	0.035	5.615314185098406
Saltmarsh_3_000000001	9849600.0	1	1	0.6939376593498556	1.3878753186997113	0.7084065969405011	1.4168131938810022	1.0	0.883397102355957	177879969.13567373	166020400.99117723	166020400.99117723	0.0005329226773482798	0.8295690822785379	4.33333707784587	9849600.0	0.035	5.616004852888248
Saltmarsh_3_000000001	9936000.0	1	1	0.6939642921070592	1.3879285842141185	0.7084337856143689	1.4168675712287377	1.0	0.883397102355957	177894554.49041656	166034014.32192278	166034014.32192278	0.0004989546762567132	0.8296711169333572	4.333836032522127	9936000.0	0.035	5.616651498148677
Saltmarsh_3_000000001	10022400.0	1	1	0.6939892253290549	1.3879784506581099	0.708459239277878	1.416918478555756	1.0	0.883397102355957	177908209.64612287	166046759.44564915	166046759.44564915	0.0004671492350811768	0.8297666479931646	4.334303181757209	10022400.0	0.035	5.617256923557343
Saltmarsh_3_000000001	10108800.0	1	1	0.6940125674619372	1.3880251349238744	0.7084830686407716	1.4169661372815432	1.0	0.883397102355957	177920993.8905663	166058691.69896817	166058691.69896817	0.00043736898796953305	0.8298560895068714	4.3347405507451775	10108800.0	0.035	5.61782375376575
Saltmarsh_3_000000001	10195200.0	1	1	0.6940344200328697	1.3880688400657395	0.7085053773494392	1.4170107546988784	1.0	0.883397102355957	177932962.73726812	166069862.89576957	166069862.89576957	0.00040948525585449147	0.8299398292229934	4.335150036001032	10195200.0	0.035	5.618354446657337
Saltmarsh_3_000000001	10281600.0	1	1	0.6940548780914025	1.388109756182805	0.7085262624374453	1.4170525248748906	1.0	0.883397102355957	177944168.16520315	166080321.55095193	166080321.55095193	0.00038337750191574926	0.8300182302528439	4.335533413502947	10281600.0	0.035	5.618851303899819
Saltmarsh_3_000000001	10368000.0	1	1	0.6940740306226534	1.3881480612453068	0.7085458147473362	1.4170916294946725	1.0	0.883397102355957	177954658.8433504	166090113.0900084	166090113.0900084	0.0003589328205753084	0.8300916326294667	4.335892346323522	10368000.0	0.035	5.619316480835285
Saltmarsh_3_000000001	10454400.0	1	1	0.694091960934147	1.388183921868294	0.7085641193255539	1.4171282386511077	1.0	0.883397102355957	177964480.34103972	166099280.0453554	166099280.0453554	0.0003360454580443317	0.8301603547687327	4.336228391781567	10454400.0	0.035	5.619751995748912
Saltmarsh_3_000000001	10540800.0	1	1	0.6941087470179902	1.3882174940359804	0.7085812557921701	1.4171625115843403	1.0	0.883397102355957	177973675.32498446	166107862.24023423	166107862.24023423	0.0003146163625320497	0.8302246948386391	4.336543008144099	10540800.0	0.035	5.6201597385547535
Saltmarsh_3_000000001	10627200.0	1	1	0.6941244618899519	1.3882489237799038	0.7085972986870456	1.4171945973740911	1.0	0.883397102355957	177982283.7438367	166115896.96096653	166115896.96096653	0.0002945527623439137	0.8302849320424888	4.336837560906443	10627200.0	0.035	5.620541478934751
Saltmarsh_3_000000001	10713600.0	1	1	0.6941391739069225	1.388278347813845	0.708612317793915	1.41722463558783	1.0	0.883397102355957	177990343.0010488	166123419.1182957	166123419.1182957	0.00027576777018478715	0.8303413278212938	4.337113328676628	10713600.0	0.035	5.620898873964909
Saltmarsh_3_000000001	10800000.0	1	1	0.6941529470641276	1.3883058941282551	0.7086263784438053	1.4172527568876105	1.0	0.883397102355957	177997888.11677736	166130461.39850175	166130461.39850175	0.000258180012092768	0.830394126980416	4.337371508688721	10800000.0	0.035	5.621233475260582
Saltmarsh_3_000000001	10886400.0	1	1	0.6941658412733885	1.388331682546777	0.7086395417991038	1.4172790835982076	1.0	0.883397102355957	178004951.87952033	166137054.40493202	166137054.40493202	0.00024171327949684684	0.8304435587451633	4.337613221968217	10886400.0	0.035	5.62154673567081
Saltmarsh_3_000000001	10972800.0	1	1	0.6941779126236353	1.3883558252472705	0.7086518651195096	1.4173037302390192	1.0	0.883397102355957	178011564.98813346	166143226.79055297	166143226.79055297	0.00022629620299730036	0.8304898377497676	4.337839518171215	10972800.0	0.035	5.621840015549895
Saltmarsh_3_000000001	11059200.0	1	1	0.6941892136248049	1.3883784272496098	0.7086634020110228	1.4173268040220457	1.0	0.883397102355957	178017756.18483326	166149005.3820901	166149005.3820901	0.0002118619465459881	0.8305331649639045	4.3380513801177605	11059200.0	0.035	5.622114588632617
Saltmarsh_3_000000001	11145600.0	1	1	0.6941997934361835	1.388399586872367	0.7086742026590529	1.4173484053181058	1.0	0.883397102355957	178023552.37975636	166154415.29628554	166154415.29628554	0.0001983479207690042	0.8305737285606587	4.338249728038529	11145600.0	0.035	5.622371647537934
Saltmarsh_3_000000001	11232000.0	1	1	0.694209698080184	1.388419396160368	0.7086843140466582	1.4173686280933164	1.0	0.883397102355957	178028978.76760736	166159480.0487726	166159480.0487726	0.00018569551425895447	0.8306117047296041	4.338435423552788	11232000.0	0.035	5.622612308924413
Saltmarsh_3_000000001	11318400.0	1	1	0.6942189706424867	1.3884379412849734	0.7086937801588652	1.4173875603177304	1.0	0.883397102355957	178034058.93689677	166164221.6560329	166164221.6560329	0.00017384984173118845	0.8306472584384332	4.338609273394519	11318400.0	0.035	5.622837618319297
Saltmarsh_3_000000001	11404800.0	1	1	0.694227651459415	1.38845530291883	0.7087026421739546	1.4174052843479092	1.0	0.883397102355957	178038814.97223642	166168660.7308752	166168660.7308752	0.00016275950800515027	0.8306805441463708	4.338772032902524	11404800.0	0.035	5.623048554641671
Saltmarsh_3_000000001	11491200.0	1	1	0.6942357782933569	1.3884715565867138	0.7087109386425449	1.4174218772850897	1.0	0.883397102355957	178043267.55013248	166172816.57184407	166172816.57184407	0.0001523763868241934	0.8307117064723962	4.338924409289348	11491200.0	0.035	5.623246034438996
Saltmarsh_3_000000001	11577600.0	1	1	0.6942433864969968	1.3884867729939936	0.7087187056552519	1.4174374113105037	1.0	0.883397102355957	178047436.02868813	166176707.24694464	166176707.24694464	0.00014265541360247713	0.8307408808211207	4.339067064702951	11577600.0	0.035	5.623430915855024
Saltmarsh_3_000000001	11664000.0	1	1	0.6942505091670702	1.3885010183341404	0.7087259769996533	1.4174519539993067	1.0	0.883397102355957	178051338.53160125	166180349.67204198	166180349.67204198	0.0001335543912277526	0.8307681939689822	4.3392006190941785	11664000.0	0.035	5.623604002346055
Saltmarsh_3_000000001	11750400.0	1	1	0.6942571772883096	1.3885143545766192	0.7087327843072389	1.4174655686144777	1.0	0.883397102355957	178054992.0268186	166183759.68427378	166183759.68427378	0.0001250338081116853	0.8307937646132573	4.339325652902289	11750400.0	0.035	5.623766046161367
Saltmarsh_3_000000001	11836800.0	1	1	0.6942634198682066	1.3885268397364132	0.7087391571909858	1.4174783143819716	1.0	0.883397102355957	178058412.40018606	166186952.11079222	166186952.11079222	0.00011705666772188206	0.8308177038862392	4.339442709570011	11836800.0	0.035	5.623917751602734
Saltmarsh_3_000000001	11923200.0	1	1	0.6942692640631777	1.3885385281263554	0.7087451233741576	1.4174902467483153	1.0	0.883397102355957	178061614.5244117	166189940.83313105	166189940.83313105	0.00010958832887808523	0.8308401158367772	4.339552297898889	11923200.0	0.035	5.62405977807696
Saltmarsh_3_000000001	12009600.0	1	1	0.6942747352966793	1.3885494705933585	0.7087507088108851	1.4175014176217702	1.0	0.883397102355957	178064612.3236397	166192738.847476	166192738.847476	0.00010259635614373597	0.8308610978812363	4.33965489425503	12009600.0	0.035	5.624192742954519
Saltmarsh_3_000000001	12096000.0	1	1	0.6942798573697879	1.3885597147395758	0.7087559377990545	1.417511875598109	1.0	0.883397102355957	178067418.83391336	166195358.32109845	166195358.32109845	9.60503796778589e-05	0.8308807412258143	4.339750944634707	12096000.0	0.035	5.624317224246581
Saltmarsh_3_000000001	12182400.0	1	1	0.694284652564725	1.38856930512945	0.7087608330859934	1.4175216661719867	1.0	0.883397102355957	178070046.25978854	166197810.64519566	166197810.64519566	8.992196395019025e-05	0.8308991312620282	4.339840866598658	12182400.0	0.035	5.6244337631118615
Saltmarsh_3_000000001	12268800.0	1	1	0.6942891417417761	1.3885782834835523	0.7087654159674124	1.4175308319348248	1.0	0.883397102355957	178072506.02734184	166200106.48436674	166200106.48436674	8.418448477476304e-05	0.8309163479370589	4.339925051083432	12268800.0	0.035	5.624542866204128
Saltmarsh_3_000000001	12355200.0	1	1	0.6942933444300269	1.3885866888600538	0.7087697063800358	1.4175394127600716	1.0	0.883397102355957	178074808.83380297	166202255.82293695	166202255.82293695	7.881301412826502e-05	0.8309324661005565	4.34000386409756	12355200.0	0.035	5.624645007870438
Saltmarsh_3_000000001	12441600.0	1	1	0.6942972789123091	1.3885945578246182	0.7087737229883204	1.4175474459766408	1.0	0.883397102355957	178076964.69402587	166204268.0083317	166204268.0083317	7.378421226567067e-05	0.8309475558293927	4.3400776483098245	12441600.0	0.035	5.624740632209533
Saltmarsh_3_000000001	12528000.0	1	1	0.6943009623047273	1.3886019246094545	0.7087774832656423	1.4175549665312845	1.0	0.883397102355957	178078982.98399884	166206151.79168746	166206151.79168746	6.907622668239632e-05	0.830961682731755	4.340146724536506	12528000.0	0.035	5.624830154999312
Saltmarsh_3_000000001	12614400.0	1	1	0.6943044106311105	1.388608821262221	0.7087810035703022	1.4175620071406043	1.0	0.883397102355957	178080872.4815833	166207915.3658752	166207915.3658752	6.466859747777942e-05	0.8309749082318983	4.340211393133984	12614400.0	0.035	5.624913965501643
Saltmarsh_3_000000001	12700800.0	1	1	0.6943076388927135	1.388615277785427	0.7087842992166823	1.4175685984333646	1.0	0.883397102355957	178082641.40465617	166209566.4011011	166209566.4011011	6.054216872952711e-05	0.830987289836776	4.340271935302713	12700800.0	0.035	5.624992428152317
Saltmarsh_3_000000001	12787200.0	1	1	0.6943106611334713	1.3886213222669426	0.7087873845418621	1.4175747690837242	1.0	0.883397102355957	178084297.44682193	166211112.078238	166211112.078238	5.667900548789184e-05	0.8309988813857022	4.3403286143082	12787200.0	0.035	5.625065884143427
Saltmarsh_3_000000001	12873600.0	1	1	0.6943134905010885	1.388626981002177	0.7087902729679837	1.4175805459359674	1.0	0.883397102355957	178085847.81084883	166212559.120034	166212559.120034	5.3062316047625124e-05	0.8310097332841224	4.340381676624248	12873600.0	0.035	5.625134652905026
Saltmarsh_3_000000001	12960000.0	1	1	0.6943161393042319	1.3886322786084637	0.7087929770606377	1.4175859541212754	1.0	0.883397102355957	178087299.2399734	166213913.82033056	166213913.82033056	4.967637915054279e-05	0.8310198927225023	4.340431353003398	12960000.0	0.035	5.625199033492404
Saltmarsh_3_000000001	13046400.0	1	1	0.6943186190660728	1.3886372381321457	0.7087955085835232	1.4175910171670465	1.0	0.883397102355957	178088658.04721037	166215182.0714188	166215182.0714188	4.650647581616596e-05	0.8310294038812778	4.340477859479215	13046400.0	0.035	5.625259305885063
Saltmarsh_3_000000001	13132800.0	1	1	0.6943209405744135	1.388641881148827	0.7087978785496206	1.4175957570992412	1.0	0.883397102355957	178089930.1427938	166216369.389652	166216369.389652	4.3538825506783674e-05	0.8310383081227533	4.3405213983047215	13132800.0	0.035	5.625315732202919
Saltmarsh_3_000000001	13219200.0	1	1	0.694323113928614	1.388646227857228	0.7088000972690979	1.4176001945381957	1.0	0.883397102355957	178091121.0598686	166217480.939425	166217480.939425	4.076052634693905e-05	0.831046644170778	4.340562158831068	13219200.0	0.035	5.625368557845063
Saltmarsh_3_000000001	13305600.0	1	1	0.6943251485835257	1.3886502971670514	0.7088021743941612	1.4176043487883223	1.0	0.883397102355957	178092235.97854435	166218521.5556249	166218521.5556249	3.81594991470946e-05	0.8310544482789775	4.340600318330215	13305600.0	0.035	5.625418012555959
Saltmarsh_3_000000001	13392000.0	1	1	0.6943270533906203	1.3886541067812406	0.7088041189610426	1.4176082379220851	1.0	0.883397102355957	178093279.74841556	166219495.76465064	166219495.76465064	3.572443498622846e-05	0.831061754388267	4.340636042765201	13392000.0	0.035	5.6254643114237
Saltmarsh_3_000000001	13478400.0	1	1	0.6943288366364951	1.3886576732729903	0.7088059394293089	1.4176118788586178	1.0	0.883397102355957	178094256.9096455	166220407.8040915	166220407.8040915	3.3444746129540626e-05	0.831068594274328	4.340669487511331	13478400.0	0.035	5.625507655814685
Saltmarsh_3_000000001	13564800.0	1	1	0.6943305060789209	1.3886610121578418	0.7088076437186619	1.4176152874373238	1.0	0.883397102355957	178095171.71270624	166221261.64115176	166221261.64115176	3.131052006932755e-05	0.8310749976856895	4.340700798031401	13564800.0	0.035	5.625548234248695
Saltmarsh_3_000000001	13651200.0	1	1	0.6943320689805889	1.3886641379611777	0.70880923924339	1.41761847848678	1.0	0.883397102355957	178096028.13685927	166222060.9898995	166222060.9898995	2.931247649007318e-05	0.8310809924730074	4.340730110507891	13651200.0	0.035	5.625586223218226
Saltmarsh_3_000000001	13737600.0	1	1	0.6943335321407056	1.3886670642814112	0.708810732944622	1.417621465889244	1.0	0.883397102355957	178096829.90745777	166222809.32741618	166222809.32741618	2.7441926975013686e-05	0.8310866047101059	4.340757552434864	13737600.0	0.035	5.625621787955584
Saltmarsh_3_000000001	13824000.0	1	1	0.69433490192457	1.38866980384914	0.7088121313205225	1.417624262641045	1.0	0.883397102355957	178097580.51214576	166223509.9089157	166223509.9089157	2.5690737273542652e-05	0.831091858807305	4.340783243172137	13824000.0	0.035	5.62565508315109
Saltmarsh_3_000000001	13910400.0	1	1	0.6943361842912641	1.3886723685825282	0.7088134404545596	1.4176268809091193	1.0	0.883397102355957	178098283.21602345	166224165.78189936	166224165.78189936	2.4051291975801803e-05	0.831096777617521	4.3408072944641125	13910400.0	0.035	5.62568625362549
Saltmarsh_3_000000001	13996800.0	1	1	0.6943373848195763	1.3886747696391526	0.7088146660419702	1.4176293320839404	1.0	0.883397102355957	178098941.07584563	166224779.79940835	166224779.79940835	2.2516461435917456e-05	0.8311013825356058	4.340829810925548	13996800.0	0.035	5.625715434959511
Saltmarsh_3_000000001	14083200.0	1	1	0.6943385087322704	1.3886770174645409	0.7088158134145347	1.4176316268290694	1.0	0.883397102355957	178099556.95331484	166225354.63243	166225354.63243	2.1079570798332448e-05	0.8311056935913517	4.3408508904963465	14083200.0	0.035	5.625742754083266
Saltmarsh_3_000000001	14169600.0	1	1	0.6943395609188059	1.3886791218376118	0.7088168875637721	1.4176337751275443	1.0	0.883397102355957	178100133.52752575	166225892.78151384	166225892.78151384	1.973437100144526e-05	0.8311097295365678	4.340870624867348	14169600.0	0.035	5.625768329828083
Saltmarsh_3_000000001	14256000.0	1	1	0.6943405459566082	1.3886810919132164	0.7088178931626546	1.4176357863253093	1.0	0.883397102355957	178100673.3066165	166226396.58764604	166226396.58764604	1.8475011627994142e-05	0.8311135079266022	4.340889099878977	14256000.0	0.035	5.625792273443155
Saltmarsh_3_000000001	14342400.0	1	1	0.6943414681309822	1.3886829362619644	0.7088188345859356	1.4176376691718713	1.0	0.883397102355957	178101178.6386763	166226868.24243024	166226868.24243024	1.7296015482615168e-05	0.8311170451966686	4.340906395894459	14342400.0	0.035	5.625814689079219
Saltmarsh_3_000000001	14428800.0	1	1	0.694342331453754	1.388684662907508	0.7088197159291819	1.4176394318583638	1.0	0.883397102355957	178101651.72195783	166227309.79761887	166227309.79761887	1.6192254790992067e-05	0.8311203567333033	4.340922588149249	14428800.0	0.035	5.6258356742414275
Saltmarsh_3_000000001	14515200.0	1	1	0.6943431396807238	1.3886862793614476	0.70882054102659	1.41764108205318	1.0	0.883397102355957	178102094.6144373	166227723.17403686	166227723.17403686	1.515892891745807e-05	0.8311234569412669	4.340937747078167	14515200.0	0.035	5.625855320213304
Saltmarsh_3_000000001	14601600.0	1	1	0.6943438963280049	1.3886877926560097	0.7088213134676662	1.4176426269353324	1.0	0.883397102355957	178102509.24276546	166228110.16993555	166228110.16993555	1.4191543499020298e-05	0.8311263593061787	4.340951938621666	14601600.0	0.035	5.6258737124536795
Saltmarsh_3_000000001	14688000.0	1	1	0.6943446046873193	1.3886892093746386	0.7088220366128422	1.4176440732256843	1.0	0.883397102355957	178102897.410647	166228472.46881378	166228472.46881378	1.3285890911984843e-05	0.8311290764531569	4.340965224512578	14688000.0	0.035	5.625890930968301
Saltmarsh_3_000000001	14774400.0	1	1	0.6943452678403186	1.3886905356806372	0.7088227136080937	1.4176454272161874	1.0	0.883397102355957	178103260.80668557	166228811.64674002	166228811.64674002	1.243803198303084e-05	0.831131620201717	4.340977662544561	14774400.0	0.035	5.6259070506577515
Saltmarsh_3_000000001	14860800.0	1	1	0.6943458886719892	1.3886917773439784	0.7088233473986268	1.4176466947972537	1.0	0.883397102355957	178103601.01172838	166229129.1792078	166229129.1792078	1.1644278867239954e-05	0.8311340016171718	4.3409893068234275	14860800.0	0.035	5.625922141643162
Saltmarsh_3_000000001	14947200.0	1	1	0.6943464698832038	1.3886929397664076	0.7088239407416908	1.4176478814833815	1.0	0.883397102355957	178103919.505742	166229426.44755304	166229426.44755304	1.0901179015476714e-05	0.8311362310587498	4.341000208002443	14947200.0	0.035	5.6259362695711665
Saltmarsh_3_000000001	15033600.0	1	1	0.6943470140024706	1.3886940280049411	0.708824496218572	1.417648992437144	1.0	0.883397102355957	178104217.67424965	166229704.74496233	166229704.74496233	1.0205500164839343e-05	0.8311383182246469	4.341010413502607	15033600.0	0.035	5.625949495899379
Saltmarsh_3_000000001	15120000.0	1	1	0.6943475233969333	1.3886950467938666	0.7088250162458247	1.4176500324916494	1.0	0.883397102355957	178104496.81435767	166229965.28209785	166229965.28209785	9.554216287677164e-06	0.8311402721942016	4.341019967718894	15120000.0	0.035	5.625961878163686
Saltmarsh_3_000000001	15206400.0	1	1	0.6943480002826692	1.3886960005653384	0.7088255030857833	1.4176510061715666	1.0	0.883397102355957	178104758.14039755	166230209.19236344	166230209.19236344	8.944494435225714e-06	0.831142101467382	4.3410289122133285	15206400.0	0.035	5.625973470228473
Saltmarsh_3_000000001	15292800.0	1	1	0.6943484467343296	1.3886968934686592	0.708825958856404	1.417651917712808	1.0	0.883397102355957	178105002.789208	166230437.53683442	166230437.53683442	8.373682418794104e-06	0.8311438140017533	4.341037285895746	15292800.0	0.035	5.625984322520887
Saltmarsh_3_000000001	15379200.0	1	1	0.6943488646941656	1.3886977293883311	0.7088263855404792	1.4176527710809583	1.0	0.883397102355957	178105231.82507983	166230651.3088731	166230651.3088731	7.839297279654822e-06	0.8311454172470858	4.341045125193025	15379200.0	0.035	5.625994482250161
Saltmarsh_3_000000001	15465600.0	1	1	0.6943492559804771	1.3886985119609543	0.7088267849942631	1.4176535699885262	1.0	0.883397102355957	178105446.24438536	166230851.43844977	166230851.43844977	7.339014491791751e-06	0.8311469181777571	4.341052464207517	15465600.0	0.035	5.626003993612943
Saltmarsh_3_000000001	15552000.0	1	1	0.6943496222955239	1.3886992445910478	0.7088271589555473	1.4176543179110945	1.0	0.883397102355957	178105646.97991273	166231038.79618812	166231038.79618812	6.8706578552069075e-06	0.8311483233230854	4.341059334865371	15552000.0	0.035	5.626012897985521
Saltmarsh_3_000000001	15638400.0	1	1	0.6943499652329304	1.3886999304658607	0.7088275090512204	1.4176550181024408	1.0	0.883397102355957	178105834.9049232	166231214.19715175	166231214.19715175	6.432190031047114e-06	0.8311496387957277	4.341065767055402	15638400.0	0.035	5.626021234103801
Saltmarsh_3_000000001	15724800.0	1	1	0.6943502862846186	1.3887005725692372	0.7088278368043461	1.4176556736086923	1.0	0.883397102355957	178106010.83695	166231378.4043903	166231378.4043903	6.021703683245505e-06	0.8311508703182683	4.341071788759084	15724800.0	0.035	5.626029038231773
Saltmarsh_3_000000001	15811200.0	1	1	0.6943505868472991	1.3887011736945982	0.708828143640789	1.417656287281578	1.0	0.883397102355957	178106175.54135427	166231532.13225833	166231532.13225833	5.637413184267359e-06	0.8311520232481073	4.341077426172269	15811200.0	0.035	5.62603634431926
Saltmarsh_3_000000001	15897600.0	1	1	0.6943508682285465	1.388701736457093	0.7088284308954174	1.4176568617908347	1.0	0.883397102355957	178106329.73465466	166231676.04952294	166231676.04952294	5.277646849100037e-06	0.8311531026007656	4.341082703819118	15897600.0	0.035	5.626043184149577
Saltmarsh_3_000000001	15984000.0	1	1	0.6943511316524886	1.3887022633049773	0.7088286998179104	1.4176573996358208	1.0	0.883397102355957	178106474.08764386	166231810.78227267	166231810.78227267	4.9408396658456866e-06	0.8311541130716975	4.341087644658783	15984000.0	0.035	5.626049587477783
Saltmarsh_3_000000001	16070400.0	1	1	0.6943513782651313	1.3887027565302625	0.7088289515781951	1.4176579031563903	1.0	0.883397102355957	178106609.2283071	166231936.91664127	166231936.91664127	4.625526488499787e-06	0.8311550590567178	4.341092270185272	16070400.0	0.035	5.626055582160113
Saltmarsh_3_000000001	16156800.0	1	1	0.6943516091393442	1.3887032182786885	0.7088291872715359	1.4176583745430718	1.0	0.883397102355957	178106735.74455333	166232055.00135723	166232055.00135723	4.330335665492235e-06	0.8311559446711206	4.341096600520938	16156800.0	0.035	5.626061194275136
Saltmarsh_3_000000001	16243200.0	1	1	0.6943518252795287	1.3887036505590573	0.7088294079232988	1.4176588158465977	1.0	0.883397102355957	178106854.18677312	166232165.55013105	166232165.55013105	4.053983075125167e-06	0.8311567737675801	4.341100654504013	16243200.0	0.035	5.6260664482372
Saltmarsh_3_000000001	16329600.0	1	1	0.6943520276259864	1.3887040552519727	0.7088296144934133	1.4176592289868266	1.0	0.883397102355957	178106965.07023272	166232269.04388952	166232269.04388952	3.795266538486608e-06	0.8311575499529091	4.341104449770551	16329600.0	0.035	5.626071366902635
Saltmarsh_3_000000001	16416000.0	1	1	0.694352217059011	1.388704434118022	0.7088298078805475	1.417659615761095	1.0	0.883397102355957	178107068.87731552	166232365.93286833	166232365.93286833	3.553060592520474e-06	0.8311582766037492	4.3411080028311435	16416000.0	0.035	5.626075971669161
Saltmarsh_3_000000001	16502400.0	1	1	0.6943523944027169	1.3887047888054338	0.708829988926018	1.417659977852036	1.0	0.883397102355957	178107166.05962083	166232456.63857028	166232456.63857028	3.32631159383201e-06	0.8311589568812576	4.341111329142738	16502400.0	0.035	5.626080282568989
Saltmarsh_3_000000001	16588800.0	1	1	0.6943525604286251	1.3887051208572503	0.70883015841745	1.4176603168349	1.0	0.883397102355957	178107257.03992778	166232541.55559894	166232541.55559894	3.1140331362422558e-06	0.8311595937448585	4.341114443175872	16588800.0	0.035	5.626084318355931
Saltmarsh_3_000000001	16675200.0	1	1	0.6943527158590196	1.3887054317180392	0.7088303170922039	1.4176606341844078	1.0	0.883397102355957	178107342.21403503	166232621.05337542	166232621.05337542	2.915301760997302e-06	0.8311601899651161	4.341117358477633	16675200.0	0.035	5.626088096587013
Saltmarsh_3_000000001	16761600.0	1	1	0.6943528613700891	1.3887057227401782	0.7088304656405828	1.4176609312811657	1.0	0.883397102355957	178107421.95248243	166232695.47774547	166232695.47774547	2.7292529394262743e-06	0.831160748135788	4.341120087730571	16761600.0	0.035	5.62609163369882
Saltmarsh_3_000000001	16848000.0	1	1	0.6943529975948691	1.3887059951897383	0.7088306047088361	1.4176612094176722	1.0	0.883397102355957	178107496.60216284	166232765.15248343	166232765.15248343	2.5550773113947045e-06	0.8311612706851058	4.341122642807884	16848000.0	0.035	5.626094945079018
Saltmarsh_3_000000001	16934400.0	1	1	0.6943531251259961	1.3887062502519922	0.70883073490197	1.41766146980394	1.0	0.883397102355957	178107566.4878313	166232830.38070172	166232830.38070172	2.3920171685620772e-06	0.8311617598863401	4.341125034825051	16934400.0	0.035	5.626098045133267
Saltmarsh_3_000000001	17020800.0	1	1	0.6943532445182851	1.3887064890365701	0.7088308567863809	1.4176617135727618	1.0	0.883397102355957	178107631.91351777	166232891.4461682	166232891.4461682	2.2393631531336666e-06	0.831162217867688	4.341127274188205	17020800.0	0.035	5.626100947347913
Saltmarsh_3_000000001	17107200.0	1	1	0.6943533562911438	1.3887067125822876	0.7088309708923183	1.4176619417846366	1.0	0.883397102355957	178107693.16384965	166232948.61454195	166232948.61454195	2.0964511779908435e-06	0.8311626466215317	4.341129370639382	17107200.0	0.035	5.62610366434864
Saltmarsh_3_000000001	17193600.0	1	1	0.6943534609308325	1.388706921861665	0.7088310777161921	1.4176621554323843	1.0	0.883397102355957	178107750.50529018	166233002.1345279	166233002.1345279	1.9626595338939623e-06	0.8311630480131056	4.341131333298916	17193600.0	0.035	5.626106207955396
Saltmarsh_3_000000001	17280000.0	1	1	0.6943535588925787	1.3887071177851573	0.7088311777227322	1.4176623554454644	1.0	0.883397102355957	178107804.18729746	166233052.23895937	166233052.23895937	1.8374061863113411e-06	0.8311634237886105	4.341133170705102	17280000.0	0.035	5.626108589233812
Saltmarsh_3_000000001	17366400.0	1	1	0.6943536506025583	1.3887073012051165	0.7088312713470101	1.4176625426940201	1.0	0.883397102355957	178107854.44340968	166233099.14581063	166233099.14581063	1.7201462446658766e-06	0.8311637755828085	4.341134890851347	17366400.0	0.035	5.626110818543346
Saltmarsh_3_000000001	17452800.0	1	1	0.6943537364597492	1.3887074729194984	0.7088313589963317	1.4176627179926633	1.0	0.883397102355957	178107901.4922613	166233143.05914542	166233143.05914542	1.61036959023253e-06	0.8311641049261369	4.341136501220936	17452800.0	0.035	5.6261129055823345
Saltmarsh_3_000000001	17539200.0	1	1	0.6943538168376672	1.3887076336753343	0.7088314410520093	1.4176628821040187	1.0	0.883397102355957	178107945.53853378	166233184.17000452	166233184.17000452	1.5075986591339685e-06	0.8311644132513635	4.341138008819595	17539200.0	0.035	5.626114859430196
Saltmarsh_3_000000001	17625600.0	1	1	0.694353892085991	1.388707784171982	0.7088315178710207	1.4176630357420414	1.0	0.883397102355957	178107986.77384636	166233222.65723693	166233222.65723693	1.411386363892042e-06	0.8311647018998208	4.341139420205959	17625600.0	0.035	5.626116688586923
Saltmarsh_3_000000001	17712000.0	1	1	0.6943539625320831	1.3887079250641663	0.7088315897875618	1.4176631795751236	1.0	0.883397102355957	178108025.37758943	166233258.6882778	166233258.6882778	1.321314147539887e-06	0.8311649721272415	4.341140741520107	17712000.0	0.035	5.626118401010058
Saltmarsh_3_000000001	17798400.0	1	1	0.6943540284824147	1.3887080569648294	0.7088316571145004	1.4176633142290007	1.0	0.883397102355957	178108061.51770517	166233292.41987693	166233292.41987693	1.2369901654096793e-06	0.8311652251092193	4.341141978510271	17798400.0	0.035	5.626120004149312
Saltmarsh_3_000000001	17884800.0	1	1	0.694354090223898	1.388708180447796	0.7088317201447378	1.4176634402894757	1.0	0.883397102355957	178108095.35141793	166233323.9987807	166233323.9987807	1.1580475784978006e-06	0.831165461946325	4.34114313655785	17884800.0	0.035	5.626121504978974
Saltmarsh_3_000000001	17971200.0	1	1	0.6943541480251353	1.3887082960502706	0.7088317791524829	1.4176635583049657	1.0	0.883397102355957	178108127.02591836	166233353.5623703	166233353.5623703	1.0841429578523076e-06	0.8311656836688937	4.341144220700807	17971200.0	0.035	5.626122910028246
Saltmarsh_3_000000001	18057600.0	1	1	0.6943542021375868	1.3887084042751736	0.7088318343944447	1.4176636687888895	1.0	0.883397102355957	178108156.67900366	166233381.23925975	166233381.23925975	1.0149547925442093e-06	0.8311658912415062	4.341145235655598	18057600.0	0.035	5.626124225409655
Saltmarsh_3_000000001	18144000.0	1	1	0.6943542527966653	1.3887085055933306	0.7088318861109499	1.4176637722218999	1.0	0.883397102355957	178108184.43967712	166233407.14985493	166233407.14985493	9.501820882329426e-07	0.8311660855671864	4.341146185837687	18144000.0	0.035	5.626125456845641
Saltmarsh_3_000000001	18230400.0	1	1	0.6943543002227596	1.3887086004455191	0.7088319345269877	1.4176638690539753	1.0	0.883397102355957	178108210.4287092	166233431.40687776	166233431.40687776	8.895430593236497e-07	0.8311662674913295	4.341147075380746	18230400.0	0.035	5.626126609693447
Saltmarsh_3_000000001	18316800.0	1	1	0.6943543446221937	1.3887086892443874	0.7088319798531886	1.4176639597063772	1.0	0.883397102355957	178108234.7591631	166233454.11585647	166233454.11585647	8.327739038360704e-07	0.8311664378053786	4.34114790815465	18316800.0	0.035	5.626127688968426
Saltmarsh_3_000000001	18403200.0	1	1	0.6943543861881244	1.3887087723762488	0.7088320222867411	1.4176640445734823	1.0	0.883397102355957	178108257.53688648	166233475.37558457	166233475.37558457	7.796276539906444e-07	0.8311665972502689	4.341148687782304	18403200.0	0.035	5.626128699365865
Saltmarsh_3_000000001	18489600.0	1	1	0.6943544251013815	1.388708850202763	0.7088320620122498	1.4176641240244996	1.0	0.883397102355957	178108278.86097202	166233495.2785508	166233495.2785508	7.298731035110251e-07	0.8311667465196505	4.341149417655407	18489600.0	0.035	5.626129645281408
Saltmarsh_3_000000001	18576000.0	1	1	0.6943544615312545	1.388708923062509	0.7088320992025378	1.4176641984050755	1.0	0.883397102355957	178108298.82418838	166233513.9113415	166233513.9113415	6.83293800873841e-07	0.8311668862629066	4.341150100949207	18576000.0	0.035	5.6261305308301734
Saltmarsh_3_000000001	18662400.0	1	1	0.694354495636229	1.388708991272458	0.7088321340193988	1.4176642680387976	1.0	0.883397102355957	178108317.51338413	166233531.35501716	166233531.35501716	6.396871082836597e-07	0.8311670170879775	4.341150740636315	18662400.0	0.035	5.626131359864663
Saltmarsh_3_000000001	18748800.0	1	1	0.6943545275646766	1.3887090551293533	0.7088321666143015	1.417664333228603	1.0	0.883397102355957	178108335.009865	166233547.68546522	166233547.68546522	5.988633197118176e-07	0.8311671395640063	4.341151339499635	18748800.0	0.035	5.626132135991527
Saltmarsh_3_000000001	18835200.0	1	1	0.6943545574554999	1.3887091149109998	0.7088321971290477	1.4176643942580953	1.0	0.883397102355957	178108351.38974825	166233562.9737299	166233562.9737299	5.606448346684445e-07	0.8311672542238149	4.341151900144469	18835200.0	0.035	5.626132862587232
Saltmarsh_3_000000001	18921600.0	1	1	0.6943545854387368	1.3887091708774737	0.7088322256963897	1.4176644513927794	1.0	0.883397102355957	178108366.72429323	166233577.28632176	166233577.28632176	5.248653882627963e-07	0.8311673615662205	4.341152425009857	18921600.0	0.035	5.6261335428127754
Saltmarsh_3_000000001	19008000.0	1	1	0.6943546116361267	1.3887092232722533	0.708832252440608	1.417664504881216	1.0	0.883397102355957	178108381.08021176	166233590.6855066	166233590.6855066	4.913693257835305e-07	0.8311674620582072	4.341152916379182	19008000.0	0.035	5.62613417962742
Saltmarsh_3_000000001	19094400.0	1	1	0.6943546361616394	1.3887092723232788	0.7088322774780513	1.4176645549561027	1.0	0.883397102355957	178108394.51995817	166233603.22957656	166233603.22957656	4.6001092524061704e-07	0.8311675561369576	4.341153376390107	19094400.0	0.035	5.626134775801579
Saltmarsh_3_000000001	19180800.0	1	1	0.6943546591219717	1.3887093182439434	0.7088323009176436	1.4176646018352872	1.0	0.883397102355957	178108407.10200113	166233614.9731037	166233614.9731037	4.306537653153697e-07	0.8311676442117533	4.341153807043872	19180800.0	0.035	5.626135333928858
Saltmarsh_3_000000001	19267200.0	1	1	0.6943546806170109	1.3887093612340218	0.7088323228613571	1.4176646457227142	1.0	0.883397102355957	178108418.8810779	166233625.96717736	166233625.96717736	4.031701301698831e-07	0.8311677266657567	4.341154210214001	19267200.0	0.035	5.626135856437346
Saltmarsh_3_000000001	19353600.0	1	1	0.6943547007402697	1.3887094014805395	0.7088323434046566	1.4176646868093132	1.0	0.883397102355957	178108429.90843242	166233636.25962648	166233636.25962648	3.7744045511267643e-07	0.8311678038576773	4.341154587654456	19353600.0	0.035	5.626136345600175
Saltmarsh_3_000000001	19440000.0	1	1	0.6943547195792932	1.3887094391585864	0.7088323626369143	1.4176647252738286	1.0	0.883397102355957	178108440.23203847	166233645.89522767	166233645.89522767	3.533528057930724e-07	0.8311678761233325	4.341154941007261	19440000.0	0.035	5.6261368035454105
Saltmarsh_3_000000001	19526400.0	1	1	0.6943547372160391	1.3887094744320783	0.7088323806417989	1.4176647612835978	1.0	0.883397102355957	178108449.89680815	166233654.91589978	166233654.91589978	3.3080239025817804e-07	0.8311679437771087	4.341155271809651	19526400.0	0.035	5.626137232265307
Saltmarsh_3_000000001	19612800.0	1	1	0.6943547537272351	1.3887095074544702	0.7088323974976394	1.4176647949952788	1.0	0.883397102355957	178108458.94478732	166233663.36088672	166233663.36088672	3.0969110542677925e-07	0.8311680071133282	4.3411555815007565	19612800.0	0.035	5.626137633624981
Saltmarsh_3_000000001	19699200.0	1	1	0.6943547691847118	1.3887095383694237	0.7088324132777661	1.4176648265555323	1.0	0.883397102355957	178108467.41533864	166233671.26692778	166233671.26692778	2.899271084322308e-07	0.8311680664075305	4.3411558714278655	19699200.0	0.035	5.626138009370513
Saltmarsh_3_000000001	19785600.0	1	1	0.6943547836557161	1.3887095673114322	0.7088324280508294	1.4176648561016587	1.0	0.883397102355957	178108475.34531248	166233678.6684176	166233678.6684176	2.714244174972791e-07	0.8311681219176705	4.341156142852281	19785600.0	0.035	5.626138361136556
Saltmarsh_3_000000001	19872000.0	1	1	0.6943547972032033	1.3887095944064065	0.7088324418810984	1.4176648837621968	1.0	0.883397102355957	178108482.76920772	166233685.5975559	166233685.5975559	2.541025390101481e-07	0.8311681738852406	4.34115639695482	19872000.0	0.035	5.6261386904534465
Saltmarsh_3_000000001	19958400.0	1	1	0.6943548098861105	1.388709619772221	0.7088324548287409	1.4176649096574818	1.0	0.883397102355957	178108489.7193216	166233692.08448732	166233692.08448732	2.3788611402952853e-07	0.8311682225363226	4.341156634840933	19958400.0	0.035	5.6261389987538495
Saltmarsh_3_000000001	20044800.0	1	1	0.6943548217596142	1.3887096435192283	0.7088324669500847	1.4176649339001695	1.0	0.883397102355957	178108496.22588995	166233698.15743285	166233698.15743285	2.2270459554274424e-07	0.8311682680825687	4.341156857545529	20044800.0	0.035	5.626139287379005
Saltmarsh_3_000000001	20131200.0	1	1	0.694354832875369	1.388709665750738	0.7088324782978631	1.4176649565957262	1.0	0.883397102355957	178108502.31721926	166233703.84281242	166233703.84281242	2.0849193715921643e-07	0.8311683107221249	4.341157066037466	20131200.0	0.035	5.626139557584556
Saltmarsh_3_000000001	20217600.0	1	1	0.6943548432817335	1.388709686563467	0.7088324889214436	1.4176649778428871	1.0	0.883397102355957	178108508.01980934	166233709.16535994	166233709.16535994	1.9518630800519077e-07	0.8311683506404918	4.341157261223772	20217600.0	0.035	5.626139810546009
Saltmarsh_3_000000001	20304000.0	1	1	0.6943548530239797	1.3887097060479594	0.7088324988670435	1.417664997734087	1.0	0.883397102355957	178108513.35846898	166233714.14823067	166233714.14823067	1.8272982293954243e-07	0.8311683880113304	4.341157443953595	20304000.0	0.035	5.626140047363859
Saltmarsh_3_000000001	20390400.0	1	1	0.6943548621444907	1.3887097242889814	0.7088325081779305	1.417665016355861	1.0	0.883397102355957	178108518.35642362	166233718.81310233	166233718.81310233	1.7106829097723875e-07	0.8311684229972207	4.341157615021886	20390400.0	0.035	5.626140269068364
Saltmarsh_3_000000001	20476800.0	1	1	0.6943548706829448	1.3887097413658895	0.7088325168946111	1.4176650337892223	1.0	0.883397102355957	178108523.0354165	166233723.18026918	166233723.18026918	1.6015097958899105e-07	0.8311684557503664	4.341157775172865	20476800.0	0.035	5.626140476624034
Saltmarsh_3_000000001	20563200.0	1	1	0.6943548786764877	1.3887097573529754	0.7088325250550065	1.417665050110013	1.0	0.883397102355957	178108527.41580334	166233727.26873016	166233727.26873016	1.4993039354482818e-07	0.8311684864132572	4.341157925103257	20563200.0	0.035	5.626140670933822
Saltmarsh_3_000000001	20649600.0	1	1	0.6943548861598952	1.3887097723197903	0.708832532694618	1.417665065389236	1.0	0.883397102355957	178108531.5166406	166233731.09627187	166233731.09627187	1.4036206952283692e-07	0.8311685151192899	4.3411580654653275	20649600.0	0.035	5.626140852843064
Saltmarsh_3_000000001	20736000.0	1	1	0.694354893165723	1.388709786331446	0.7088325398466813	1.4176650796933625	1.0	0.883397102355957	178108535.3557689	166233734.6795459	166233734.6795459	1.3140438082093198e-07	0.8311685419933488	4.341158196869708	20736000.0	0.035	5.626141023143142
Saltmarsh_3_000000001	20822400.0	1	1	0.6943548997244496	1.3887097994488993	0.7088325465423108	1.4176650930846215	1.0	0.883397102355957	178108538.9498899	166233738.0341408	166233738.0341408	1.2301835716765908e-07	0.8311685671523469	4.3411583198880646	20822400.0	0.035	5.626141182574932
Saltmarsh_3_000000001	20908800.0	1	1	0.6943549058646084	1.3887098117292167	0.7088325528106354	1.4176651056212708	1.0	0.883397102355957	178108542.31463966	166233741.1746506	166233741.1746506	1.1516751652340673e-07	0.8311685907057366	4.341158435055579	20908800.0	0.035	5.626141331832031
Saltmarsh_3_000000001	20995200.0	1	1	0.6943549116129116	1.3887098232258233	0.7088325586789253	1.4176651173578505	1.0	0.883397102355957	178108545.46465623	166233744.11473793	166233744.11473793	1.0781770420908998e-07	0.8311686127559854	4.341158542873284	20995200.0	0.035	5.626141471563776
Saltmarsh_3_000000001	21081600.0	1	1	0.694354916994367	1.388709833988734	0.7088325641727099	1.4176651283454198	1.0	0.883397102355957	178108548.41364363	166233746.86719352	166233746.86719352	1.0093694569057732e-07	0.8311686333990219	4.341158643810229	21081600.0	0.035	5.626141602378058
Saltmarsh_3_000000001	21168000.0	1	1	0.6943549220323862	1.3887098440647725	0.7088325693158896	1.4176651386317791	1.0	0.883397102355957	178108551.17443123	166233749.44399157	166233749.44399157	9.449530635752268e-08	0.8311686527246516	4.341158738305534	21168000.0	0.035	5.626141724843973
Saltmarsh_3_000000001	21254400.0	1	1	0.6943549267488868	1.3887098534977735	0.7088325741308394	1.4176651482616789	1.0	0.883397102355957	178108553.75902966	166233751.85634235	166233751.85634235	8.846476218238308e-08	0.8311686708169496	4.341158826770297	21254400.0	0.035	5.626141839494305
Saltmarsh_3_000000001	21340800.0	1	1	0.6943549311643874	1.3887098623287748	0.7088325786385066	1.4176651572770131	1.0	0.883397102355957	178108556.17868295	166233754.11474058	166233754.11474058	8.281907759588591e-08	0.8311686877546253	4.341158909589373	21340800.0	0.035	5.626141946827827
Saltmarsh_3_000000001	21427200.0	1	1	0.6943549352980977	1.3887098705961953	0.7088325828585013	1.4176651657170025	1.0	0.883397102355957	178108558.4439177	166233756.22901136	166233756.22901136	7.753369246632502e-08	0.8311687036113643	4.341158987123066	21427200.0	0.035	5.626142047311494
Saltmarsh_3_000000001	21513600.0	1	1	0.6943549391680008	1.3887098783360017	0.7088325868091825	1.417665173618365	1.0	0.883397102355957	178108560.56458867	166233758.2083526	166233758.2083526	7.258561163236976e-08	0.8311687184561514	4.341159059708678	21513600.0	0.035	5.626142141382447
Saltmarsh_3_000000001	21600000.0	1	1	0.6943549427909327	1.3887098855818654	0.7088325905077373	1.4176651810154746	1.0	0.883397102355957	178108562.5499217	166233760.0613754	166233760.0613754	6.7953310201041e-08	0.8311687323535668	4.341159127661987	21600000.0	0.035	5.626142229449935
Saltmarsh_3_000000001	21686400.0	1	1	0.6943549461826547	1.3887098923653094	0.708832593970256	1.417665187940512	1.0	0.883397102355957	178108564.40855375	166233761.79614115	166233761.79614115	6.361663529297346e-08	0.8311687453640705	4.341159191278623	21686400.0	0.035	5.626142311897096
Saltmarsh_3_000000001	21772800.0	1	1	0.6943549493579222	1.3887098987158444	0.708832597211802	1.417665194423604	1.0	0.883397102355957	178108566.1485709	166233763.42019677	166233763.42019677	5.9556719556042026e-08	0.8311687575442643	4.341159250835343	21772800.0	0.035	5.626142389082605
Saltmarsh_3_000000001	21859200.0	1	1	0.6943549523305489	1.3887099046610978	0.7088326002464777	1.4176652004929553	1.0	0.883397102355957	178108567.7775427	166233764.9406077	166233764.9406077	5.5755901784415585e-08	0.8311687689471368	4.341159306591244	21859200.0	0.035	5.626142461342252
Saltmarsh_3_000000001	21945600.0	1	1	0.6943549551134672	1.3887099102269345	0.7088326030874849	1.4176652061749697	1.0	0.883397102355957	178108569.3025561	166233766.3639883	166233766.3639883	5.219764609432076e-08	0.8311687796222955	4.34115935878889	21945600.0	0.035	5.6261425289904015
Saltmarsh_3_000000001	22032000.0	1	1	0.694354957718784	1.388709915437568	0.7088326057471833	1.4176652114943666	1.0	0.883397102355957	178108570.73024553	166233767.69653094	166233767.69653094	4.88664725351029e-08	0.8311687896161821	4.341159407655363	22032000.0	0.035	5.62614259232135
Saltmarsh_3_000000001	22118400.0	1	1	0.6943549601578334	1.3887099203156668	0.7088326082371439	1.4176652164742878	1.0	0.883397102355957	178108572.06682193	166233768.94403276	166233768.94403276	4.574788969868848e-08	0.8311687989722741	4.341159453403252	22118400.0	0.035	5.626142651610614
Saltmarsh_3_000000001	22204800.0	1	1	0.6943549624412264	1.3887099248824528	0.708832610568199	1.417665221136398	1.0	0.883397102355957	178108573.31810015	166233770.1119209	166233770.1119209	4.282832954949356e-08	0.8311688077312749	4.341159496231581	22204800.0	0.035	5.62614270711613
Saltmarsh_3_000000001	22291200.0	1	1	0.6943549645788968	1.3887099291577936	0.7088326127504898	1.4176652255009796	1.0	0.883397102355957	178108574.48952368	166233771.20527622	166233771.20527622	4.0095091691227935e-08	0.8311688159312894	4.341159536326674	22291200.0	0.035	5.62614275907937
Saltmarsh_3_000000001	22377600.0	1	1	0.6943549665801443	1.3887099331602886	0.7088326147935102	1.4176652295870205	1.0	0.883397102355957	178108575.58618882	166233772.22885534	166233772.22885534	3.753628452507485e-08	0.8311688236079922	4.341159573862958	22377600.0	0.035	5.626142807726395
Saltmarsh_3_000000001	22464000.0	1	1	0.6943549684536753	1.3887099369073506	0.7088326167061482	1.4176652334122963	1.0	0.883397102355957	178108576.61286637	166233773.18711123	166233773.18711123	3.5140776954989406e-08	0.8311688307947792	4.341159609003736	22464000.0	0.035	5.626142853268841
Saltmarsh_3_000000001	22550400.0	1	1	0.6943549702076404	1.3887099404152807	0.7088326184967245	1.417665236993449	1.0	0.883397102355957	178108577.574023	166233774.0842127	166233774.0842127	3.2898146540283335e-08	0.8311688375229169	4.341159641901882	22550400.0	0.035	5.626142895904839
Saltmarsh_3_000000001	22636800.0	1	1	0.6943549718496701	1.3887099436993402	0.708832620173029	1.417665240346058	1.0	0.883397102355957	178108578.4738401	166233774.9240625	166233774.9240625	3.079863741817235e-08	0.831168843821675	4.341159672700519	22636800.0	0.035	5.626142935819872
Saltmarsh_3_000000001	22723200.0	1	1	0.694354973386908	1.388709946773816	0.7088326217423542	1.4176652434847083	1.0	0.883397102355957	178108579.3162322	166233775.71031433	166233775.71031433	2.8833115894855155e-08	0.8311688497184558	4.341159701533634	22723200.0	0.035	5.626142973187591
Saltmarsh_3_000000001	22809600.0	1	1	0.6943549748260417	1.3887099496520834	0.7088326232115275	1.417665246423055	1.0	0.883397102355957	178108580.10486415	166233776.44638884	166233776.44638884	2.699303092157379e-08	0.8311688552389133	4.341159728526664	22809600.0	0.035	5.6261430081705575
Saltmarsh_3_000000001	22896000.0	1	1	0.6943549761733322	1.3887099523466644	0.7088326245869405	1.417665249173881	1.0	0.883397102355957	178108580.84316683	166233777.13548818	166233777.13548818	2.52703773462315e-08	0.8311688604070636	4.341159753797042	22896000.0	0.035	5.626143040920966
Saltmarsh_3_000000001	22982400.0	1	1	0.6943549774346406	1.3887099548692812	0.7088326258745767	1.4176652517491535	1.0	0.883397102355957	178108581.53435218	166233777.78061026	166233777.78061026	2.3657660608300546e-08	0.8311688652453907	4.341159777454703	22982400.0	0.035	5.626143071581295
Saltmarsh_3_000000001	23068800.0	1	1	0.6943549786154543	1.3887099572309085	0.708832627080038	1.417665254160076	1.0	0.883397102355957	178108582.18142712	166233778.38456166	166233778.38456166	2.2147865097466024e-08	0.8311688697749432	4.341159799602567	23068800.0	0.035	5.626143100284927
Saltmarsh_3_000000001	23155200.0	1	1	0.6943549797209102	1.3887099594418204	0.7088326282085686	1.4176652564171373	1.0	0.883397102355957	178108582.78720674	166233778.9499698	166233778.9499698	2.0734422512269646e-08	0.8311688740154265	4.34115982033699	23155200.0	0.035	5.626143127156738
Saltmarsh_3_000000001	23241600.0	1	1	0.6943549807558177	1.3887099615116354	0.7088326292650781	1.4176652585301561	1.0	0.883397102355957	178108583.35432646	166233779.47929448	166233779.47929448	1.9411183438400315e-08	0.8311688779852889	4.3411598397481725	23241600.0	0.035	5.626143152313632
Saltmarsh_3_000000001	23328000.0	1	1	0.6943549817246789	1.3887099634493578	0.7088326302541628	1.4176652605083255	1.0	0.883397102355957	178108583.88525343	166233779.9748384	166233779.9748384	1.8172391591519954e-08	0.8311688817018005	4.341159857920564	23328000.0	0.035	5.626143175865051
Saltmarsh_3_000000001	23414400.0	1	1	0.6943549826317089	1.3887099652634178	0.7088326311801256	1.4176652623602513	1.0	0.883397102355957	178108584.3822975	166233780.43875757	166233780.43875757	1.7012657616000126e-08	0.8311688851811302	4.341159874933222	23414400.0	0.035	5.626143197913456
Saltmarsh_3_000000001	23500800.0	1	1	0.6943549834808537	1.3887099669617073	0.708832632046995	1.41766526409399	1.0	0.883397102355957	178108584.84762096	166233780.87307015	166233780.87307015	1.5926936103305422e-08	0.8311688884384146	4.341159890860158	23500800.0	0.035	5.626143218554765
Saltmarsh_3_000000001	23587200.0	1	1	0.6943549842758073	1.3887099685516147	0.708832632858542	1.417665265717084	1.0	0.883397102355957	178108585.2832482	166233781.27966553	166233781.27966553	1.4910503720599877e-08	0.8311688914878239	4.341159905770663	23587200.0	0.035	5.62614323787878
Saltmarsh_3_000000001	23673600.0	1	1	0.6943549850200282	1.3887099700400565	0.7088326336182974	1.4176652672365948	1.0	0.883397102355957	178108585.69107437	166233781.66031262	166233781.66031262	1.3958938005487198e-08	0.8311688943426251	4.3411599197296	23673600.0	0.035	5.626143255969562
Saltmarsh_3_000000001	23760000.0	1	1	0.6943549857167541	1.3887099714335083	0.7088326343295663	1.4176652686591327	1.0	0.883397102355957	178108586.0728737	166233782.01666743	166233782.01666743	1.3068100490620793e-08	0.8311688970152367	4.3411599327977015	23760000.0	0.035	5.6261432729058205
Saltmarsh_3_000000001	23846400.0	1	1	0.694354986369016	1.388709972738032	0.7088326349954432	1.4176652699908865	1.0	0.883397102355957	178108586.43030718	166233782.35028017	166233782.35028017	1.2234114166176369e-08	0.8311688995172867	4.341159945031816	23846400.0	0.035	5.6261432887612335
Saltmarsh_3_000000001	23932800.0	1	1	0.6943549869796516	1.3887099739593032	0.7088326356188249	1.4176652712376498	1.0	0.883397102355957	178108586.76492983	166233782.66260228	166233782.66260228	1.1453351933532474e-08	0.8311689018596594	4.341159956485168	23932800.0	0.035	5.626143303604778
Saltmarsh_3_000000001	24019200.0	1	1	0.6943549875513173	1.3887099751026346	0.7088326362024232	1.4176652724048464	1.0	0.883397102355957	178108587.07819736	166233782.9549925	166233782.9549925	1.0722416732278361e-08	0.8311689040525458	4.341159967207583	24019200.0	0.035	5.626143317501027
Saltmarsh_3_000000001	24105600.0	1	1	0.6943549880865002	1.3887099761730004	0.7088326367487772	1.4176652734975543	1.0	0.883397102355957	178108587.3714726	166233783.22872275	166233783.22872275	1.00381286616269e-08	0.8311689061054851	4.341159977245711	24105600.0	0.035	5.626143330510442
Saltmarsh_3_000000001	24192000.0	1	1	0.6943549885875285	1.388709977175057	0.7088326372602637	1.4176652745205274	1.0	0.883397102355957	178108587.64603153	166233783.48498398	166233783.48498398	9.397510658537556e-09	0.8311689080274093	4.341159986643222	24192000.0	0.035	5.626143342689615
Saltmarsh_3_000000001	24278400.0	1	1	0.6943549890565821	1.3887099781131642	0.7088326377391079	1.4176652754782157	1.0	0.883397102355957	178108587.90306848	166233783.72489104	166233783.72489104	8.797776063218521e-09	0.8311689098266791	4.3411599954409965	24278400.0	0.035	5.626143354091531
Saltmarsh_3_000000001	24364800.0	1	1	0.6943549894957013	1.3887099789914026	0.708832638187393	1.417665276374786	1.0	0.883397102355957	178108588.14370176	166233783.94948748	166233783.94948748	8.236315185428111e-09	0.8311689115111223	4.341160003677311	24364800.0	0.035	5.626143364765796
Saltmarsh_3_000000001	24451200.0	1	1	0.6943549899067966	1.3887099798135931	0.7088326386070692	1.4176652772141385	1.0	0.883397102355957	178108588.36897817	166233784.15975064	166233784.15975064	7.710686422690571e-09	0.8311689130880668	4.3411600113879985	24451200.0	0.035	5.626143374758846
Saltmarsh_3_000000001	24537600.0	1	1	0.6943549902916564	1.3887099805833127	0.7088326389999624	1.4176652779999248	1.0	0.883397102355957	178108588.5798778	166233784.3565951	166233784.3565951	7.218601938419056e-09	0.8311689145643736	4.341160018606599	24537600.0	0.035	5.626143384114153
Saltmarsh_3_000000001	24624000.0	1	1	0.694354990651955	1.38870998130391	0.7088326393677817	1.4176652787355635	1.0	0.883397102355957	178108588.77731815	166233784.54087728	166233784.54087728	6.757922332845112e-09	0.8311689159464641	4.341160025364521	24624000.0	0.035	5.626143392872419
Saltmarsh_3_000000001	24710400.0	1	1	0.69435499098926	1.38870998197852	0.7088326397121274	1.4176652794242548	1.0	0.883397102355957	178108588.9621581	166233784.71339884	166233784.71339884	6.32664221011936e-09	0.831168917240352	4.341160031691164	24710400.0	0.035	5.626143401071749
Saltmarsh_3_000000001	24796800.0	1	1	0.6943549913050386	1.3887099826100773	0.7088326400344974	1.4176652800689948	1.0	0.883397102355957	178108589.13520193	166233784.87491038	166233784.87491038	5.92288562639709e-09	0.8311689184516663	4.341160037614047	24796800.0	0.035	5.626143408747805
Saltmarsh_3_000000001	24883200.0	1	1	0.6943549916006647	1.3887099832013294	0.7088326403362942	1.4176652806725885	1.0	0.883397102355957	178108589.29720226	166233785.02611434	166233785.02611434	5.5448958757864375e-09	0.8311689195856758	4.341160043158942	24883200.0	0.035	5.626143415933989
Saltmarsh_3_000000001	24969600.0	1	1	0.6943549918774246	1.388709983754849	0.7088326406188309	1.4176652812376618	1.0	0.883397102355957	178108589.44886404	166233785.16766882	166233785.16766882	5.1910294951440505e-09	0.8311689206473146	4.341160048349971	24969600.0	0.035	5.6261434226615625
Saltmarsh_3_000000001	25056000.0	1	1	0.6943549921365219	1.3887099842730437	0.7088326408833364	1.4176652817666728	1.0	0.883397102355957	178108589.59084702	166233785.30018944	166233785.30018944	4.859745716956354e-09	0.8311689216412015	4.341160053209715	25056000.0	0.035	5.62614342895979
Saltmarsh_3_000000001	25142400.0	1	1	0.694354992379084	1.388709984758168	0.7088326411309617	1.4176652822619233	1.0	0.883397102355957	178108589.72376883	166233785.4242528	166233785.4242528	4.549604248893502e-09	0.8311689225716599	4.341160057759319	25142400.0	0.035	5.626143434856077
Saltmarsh_3_000000001	25228800.0	1	1	0.6943549926061663	1.3887099852123326	0.7088326413627838	1.4176652827255676	1.0	0.883397102355957	178108589.84820783	166233785.54039866	166233785.54039866	4.259255614869062e-09	0.8311689234427377	4.341160062018574	25228800.0	0.035	5.6261434403760715
Saltmarsh_3_000000001	25315200.0	1	1	0.6943549928187565	1.388709985637513	0.7088326415798114	1.4176652831596228	1.0	0.883397102355957	178108589.96470526	166233785.64913222	166233785.64913222	3.987436159036406e-09	0.831168924258225	4.34116006600601	25315200.0	0.035	5.626143445543789
Saltmarsh_3_000000001	25401600.0	1	1	0.6943549930177795	1.388709986035559	0.7088326417829888	1.4176652835659775	1.0	0.883397102355957	178108590.07376802	166233785.75092667	166233785.75092667	3.732964271030426e-09	0.8311689250216691	4.341160069738974	25401600.0	0.035	5.6261434503817105
Saltmarsh_3_000000001	25488000.0	1	1	0.6943549932041012	1.3887099864082024	0.7088326419731996	1.4176652839463992	1.0	0.883397102355957	178108590.1758706	166233785.84622473	166233785.84622473	3.494732281339452e-09	0.8311689257363913	4.3411600732337075	25488000.0	0.035	5.626143454910885
Saltmarsh_3_000000001	25574400.0	1	1	0.6943549933785321	1.3887099867570643	0.7088326421512715	1.417665284302543	1.0	0.883397102355957	178108590.27145714	166233785.93544102	166233785.93544102	3.271703796769998e-09	0.8311689264055013	4.34116007650541	25574400.0	0.035	5.626143459151012
Saltmarsh_3_000000001	25660800.0	1	1	0.6943549935418312	1.3887099870836623	0.708832642317979	1.417665284635958	1.0	0.883397102355957	178108590.3609435	166233786.0189636	166233786.0189636	3.0629085934208433e-09	0.8311689270319095	4.3411600795683185	25660800.0	0.035	5.626143463120541
Saltmarsh_3_000000001	25747200.0	1	1	0.6943549936947087	1.3887099873894173	0.7088326424740475	1.417665284948095	1.0	0.883397102355957	178108590.44471893	166233786.0971559	166233786.0971559	2.8674382868132398e-09	0.8311689276183413	4.341160082435756	25747200.0	0.035	5.626143466836741
Saltmarsh_3_000000001	25833600.0	1	1	0.6943549938378297	1.3887099876756595	0.708832642620156	1.417665285240312	1.0	0.883397102355957	178108590.52314797	166233786.1703581	166233786.1703581	2.6844426681549294e-09	0.8311689281673478	4.3411600851201975	25833600.0	0.035	5.6261434703157756
Saltmarsh_3_000000001	25920000.0	1	1	0.6943549939718171	1.3887099879436342	0.7088326427569401	1.4176652855138803	1.0	0.883397102355957	178108590.5965718	166233786.23888862	166233786.23888862	2.513125929581861e-09	0.8311689286813172	4.341160087633325	25920000.0	0.035	5.62614347357279
Saltmarsh_3_000000001	26006400.0	1	1	0.6943549940972535	1.388709988194507	0.7088326428849948	1.4176652857699896	1.0	0.883397102355957	178108590.66530985	166233786.3030457	166233786.3030457	2.3527416681545787e-09	0.8311689291624867	4.341160089986065	26006400.0	0.035	5.62614347662194
Saltmarsh_3_000000001	26092800.0	1	1	0.6943549942146848	1.3887099884293697	0.7088326430048772	1.4176652860097545	1.0	0.883397102355957	178108590.72966108	166233786.3631083	166233786.3631083	2.202593551992038e-09	0.831168929612948	4.341160092188659	26092800.0	0.035	5.626143479476502
Saltmarsh_3_000000001	26179200.0	1	1	0.6943549943246218	1.3887099886492436	0.708832643117109	1.417665286234218	1.0	0.883397102355957	178108590.78990558	166233786.4193378	166233786.4193378	2.062027215643525e-09	0.8311689300346619	4.341160094250686	26179200.0	0.035	5.626143482148889
Saltmarsh_3_000000001	26265600.0	1	1	0.6943549944275428	1.3887099888550856	0.7088326432221784	1.4176652864443569	1.0	0.883397102355957	178108590.8463053	166233786.4719789	166233786.4719789	1.9304320364454952e-09	0.8311689304294625	4.3411600961811185	26265600.0	0.035	5.626143484650729
Saltmarsh_3_000000001	26352000.0	1	1	0.6943549945238955	1.388709989047791	0.7088326433205424	1.4176652866410848	1.0	0.883397102355957	178108590.89910567	166233786.5212605	166233786.5212605	1.8072346952280327e-09	0.8311689307990678	4.341160097988354	26352000.0	0.035	5.626143486992907
Saltmarsh_3_000000001	26438400.0	1	1	0.6943549946140991	1.3887099892281982	0.7088326434126289	1.4176652868252577	1.0	0.883397102355957	178108590.94853646	166233786.56739703	166233786.56739703	1.6918997314263606e-09	0.8311689311450854	4.341160099680253	26438400.0	0.035	5.6261434891856075
Saltmarsh_3_000000001	26524800.0	1	1	0.6943549946985461	1.3887099893970922	0.7088326434988386	1.4176652869976771	1.0	0.883397102355957	178108590.9948126	166233786.61058918	166233786.61058918	1.5839254352556509e-09	0.8311689314690205	4.341160101264178	26524800.0	0.035	5.626143491238374
Saltmarsh_3_000000001	26611200.0	1	1	0.6943549947776038	1.3887099895552075	0.7088326435795465	1.417665287159093	1.0	0.883397102355957	178108591.0381355	166233786.65102485	166233786.65102485	1.4828417382872772e-09	0.8311689317722826	4.341160102747018	26611200.0	0.035	5.626143493160137
Saltmarsh_3_000000001	26697600.0	1	1	0.6943549948516161	1.3887099897032322	0.7088326436551038	1.4176652873102076	1.0	0.883397102355957	178108591.07869354	166233786.68888003	166233786.68888003	1.3882093252703953e-09	0.8311689320561908	4.341160104135229	26697600.0	0.035	5.626143494959257
Saltmarsh_3_000000001	26784000.0	1	1	0.6943549949209051	1.3887099898418103	0.7088326437258391	1.4176652874516782	1.0	0.883397102355957	178108591.1166633	166233786.72431937	166233786.72431937	1.299615970395962e-09	0.8311689323219809	4.341160105434843	26784000.0	0.035	5.626143496643557
Saltmarsh_3_000000001	26870400.0	1	1	0.6943549949857722	1.3887099899715445	0.7088326437920602	1.4176652875841205	1.0	0.883397102355957	178108591.15220985	166233786.75749698	166233786.75749698	1.2166766483190372e-09	0.8311689325708083	4.34116010665152	26870400.0	0.035	5.62614349822037
Saltmarsh_3_000000001	26956800.0	1	1	0.6943549950464997	1.3887099900929993	0.7088326438540552	1.4176652877081104	1.0	0.883397102355957	178108591.1854879	166233786.78855723	166233786.78855723	1.139030092467408e-09	0.831168932803756	4.341160107790551	26956800.0	0.035	5.626143499696554
Saltmarsh_3_000000001	27043200.0	1	1	0.6943549951033515	1.388709990206703	0.7088326439120938	1.4176652878241875	1.0	0.883397102355957	178108591.21664223	166233786.8176353	166233786.8176353	1.0663389060638906e-09	0.8311689330218376	4.34116010885689	27043200.0	0.035	5.62614350107853
Saltmarsh_3_000000001	27129600.0	1	1	0.6943549951565752	1.3887099903131503	0.7088326439664284	1.4176652879328568	1.0	0.883397102355957	178108591.24580827	166233786.84485763	166233786.84485763	9.98286675546467e-10	0.8311689332260015	4.341160109855177	27129600.0	0.035	5.62614350237231
Saltmarsh_3_000000001	27216000.0	1	1	0.6943549952064022	1.3887099904128044	0.7088326440172955	1.417665288034591	1.0	0.883397102355957	178108591.27311307	166233786.87034273	166233786.87034273	9.34577859545982e-10	0.8311689334171358	4.341160110789755	27216000.0	0.035	5.626143503583522
Saltmarsh_3_000000001	27302400.0	1	1	0.6943549952530493	1.3887099905060987	0.7088326440649163	1.4176652881298326	1.0	0.883397102355957	178108591.29867524	166233786.89420137	166233786.89420137	8.749344582170693e-10	0.8311689335960724	4.3411601116646885	27302400.0	0.035	5.626143504717436
Saltmarsh_3_000000001	27388800.0	1	1	0.6943549952967195	1.388709990593439	0.7088326441094981	1.4176652882189962	1.0	0.883397102355957	178108591.32260612	166233786.91653734	166233786.91653734	8.19097456528084e-10	0.8311689337635892	4.341160112483786	27388800.0	0.035	5.6261435057789875
Saltmarsh_3_000000001	27475200.0	1	1	0.6943549953376027	1.3887099906752054	0.7088326441512347	1.4176652883024694	1.0	0.883397102355957	178108591.3450097	166233786.93744797	166233786.93744797	7.668241597258429e-10	0.8311689339204157	4.34116011325061	27475200.0	0.035	5.626143506772791
Saltmarsh_3_000000001	27561600.0	1	1	0.6943549953758769	1.3887099907517537	0.7088326441903077	1.4176652883806153	1.0	0.883397102355957	178108591.36598355	166233786.95702404	166233786.95702404	7.178866390233907e-10	0.8311689340672336	4.341160113968495	27561600.0	0.035	5.626143507703171
Saltmarsh_3_000000001	27648000.0	1	1	0.6943549954117083	1.3887099908234166	0.7088326442268871	1.4176652884537742	1.0	0.883397102355957	178108591.38561893	166233786.97535077	166233786.97535077	6.720720646669065e-10	0.8311689342046817	4.341160114640568	27648000.0	0.035	5.6261435085741756
Saltmarsh_3_000000001	27734400.0	1	1	0.6943549954452531	1.3887099908905063	0.7088326442611321	1.4176652885222643	1.0	0.883397102355957	178108591.40400112	166233786.99250796	166233786.99250796	6.291817067349825e-10	0.8311689343333581	4.34116011526975	27734400.0	0.035	5.626143509389596
Saltmarsh_3_000000001	27820800.0	1	1	0.6943549954766572	1.3887099909533145	0.7088326442931917	1.4176652885863834	1.0	0.883397102355957	178108591.4212103	166233787.00857022	166233787.00857022	5.890282706033645e-10	0.8311689344538229	4.341160115858778	27820800.0	0.035	5.626143510152977
Saltmarsh_3_000000001	27907200.0	1	1	0.6943549955060572	1.3887099910121143	0.7088326443232053	1.4176652886464105	1.0	0.883397102355957	178108591.43732116	166233787.02360737	166233787.02360737	5.514371181902789e-10	0.8311689345665998	4.341160116410215	27907200.0	0.035	5.626143510867639
Saltmarsh_3_000000001	27993600.0	1	1	0.6943549955335808	1.3887099910671616	0.7088326443513033	1.4176652887026067	1.0	0.883397102355957	178108591.4524039	166233787.0376849	166233787.0376849	5.162453797780131e-10	0.8311689346721791	4.34116011692646	27993600.0	0.035	5.626143511536693
Saltmarsh_3_000000001	28080000.0	1	1	0.6943549955593479	1.3887099911186958	0.7088326443776083	1.4176652887552166	1.0	0.883397102355957	178108591.46652403	166233787.05086395	166233787.05086395	4.832990674330517e-10	0.8311689347710207	4.34116011740976	28080000.0	0.035	5.626143512163049
Saltmarsh_3_000000001	28166400.0	1	1	0.6943549955834706	1.3887099911669412	0.7088326444022345	1.417665288804469	1.0	0.883397102355957	178108591.47974303	166233787.06320202	166233787.06320202	4.5245573954133533e-10	0.8311689348635544	4.3411601178622155	28166400.0	0.035	5.626143512749431
Saltmarsh_3_000000001	28252800.0	1	1	0.6943549956060537	1.3887099912121075	0.7088326444252891	1.4176652888505783	1.0	0.883397102355957	178108591.4921184	166233787.0747527	166233787.0747527	4.2358083707227934e-10	0.8311689349501826	4.341160118285796	28252800.0	0.035	5.626143513298392
Saltmarsh_3_000000001	28339200.0	1	1	0.6943549956271957	1.3887099912543914	0.7088326444468724	1.4176652888937449	1.0	0.883397102355957	178108591.50370398	166233787.0855662	166233787.0855662	3.965485717571937e-10	0.8311689350312824	4.341160118682344	28339200.0	0.035	5.626143513812318
Saltmarsh_3_000000001	28425600.0	1	1	0.6943549956469884	1.3887099912939769	0.7088326444670783	1.4176652889341566	1.0	0.883397102355957	178108591.5145502	166233787.09568962	166233787.09568962	3.7124170404467804e-10	0.8311689351072065	4.341160119053585	28425600.0	0.035	5.626143514293446
Saltmarsh_3_000000001	28512000.0	1	1	0.694354995665518	1.388709991331036	0.7088326444859947	1.4176652889719894	1.0	0.883397102355957	178108591.52470425	166233787.10516694	166233787.10516694	3.475495446991772e-10	0.8311689351782852	4.341160119401135	28512000.0	0.035	5.6261435147438705
Saltmarsh_3_000000001	28598400.0	1	1	0.694354995682865	1.38870999136573	0.7088326445037038	1.4176652890074075	1.0	0.883397102355957	178108591.53421026	166233787.11403945	166233787.11403945	3.2536939809091336e-10	0.8311689352448278	4.341160119726503	28598400.0	0.035	5.6261435151655474
Saltmarsh_3_000000001	28684800.0	1	1	0.694354995699105	1.38870999139821	0.7088326445202827	1.4176652890405654	1.0	0.883397102355957	178108591.54310957	166233787.12234572	166233787.12234572	3.046050078836515e-10	0.8311689353071235	4.341160120031107	28684800.0	0.035	5.626143515560314
Saltmarsh_3_000000001	28771200.0	1	1	0.6943549957143086	1.3887099914286172	0.7088326445358036	1.4176652890716073	1.0	0.883397102355957	178108591.551441	166233787.1301219	166233787.1301219	2.8516555783397735e-10	0.8311689353654439	4.341160120316273	28771200.0	0.035	5.62614351592989
Saltmarsh_3_000000001	28857600.0	1	1	0.6943549957285419	1.3887099914570837	0.708832644550334	1.417665289100668	1.0	0.883397102355957	178108591.55924076	166233787.13740182	166233787.13740182	2.669666709920193e-10	0.8311689354200424	4.341160120583238	28857600.0	0.035	5.626143516275876
Saltmarsh_3_000000001	28944000.0	1	1	0.6943549957418669	1.3887099914837338	0.7088326445639371	1.4176652891278743	1.0	0.883397102355957	178108591.5665427	166233787.1442171	166233787.1442171	2.4992929947842413e-10	0.8311689354711562	4.341160120833168	28944000.0	0.035	5.626143516599786
Saltmarsh_3_000000001	29030400.0	1	1	0.6943549957543416	1.3887099915086831	0.7088326445766722	1.4176652891533443	1.0	0.883397102355957	178108591.57337874	166233787.15059754	166233787.15059754	2.339793914174493e-10	0.8311689355190084	4.341160121067148	29030400.0	0.035	5.626143516903023
Saltmarsh_3_000000001	29116800.0	1	1	0.6943549957660201	1.3887099915320402	0.7088326445885944	1.4176652891771888	1.0	0.883397102355957	178108591.57977846	166233787.15657073	166233787.15657073	2.1904700275854339e-10	0.8311689355638067	4.341160121286196	29116800.0	0.035	5.626143517186909
Saltmarsh_3_000000001	29203200.0	1	1	0.6943549957769533	1.3887099915539065	0.7088326445997558	1.4176652891995116	1.0	0.883397102355957	178108591.58576974	166233787.16216272	166233787.16216272	2.050674074993708e-10	0.8311689356057462	4.341160121491263	29203200.0	0.035	5.626143517452676
Saltmarsh_3_000000001	29289600.0	1	1	0.6943549957871886	1.3887099915743772	0.7088326446102049	1.4176652892204098	1.0	0.883397102355957	178108591.59137866	166233787.16739783	166233787.16739783	1.9198032052969438e-10	0.8311689356450088	4.341160121683242	29289600.0	0.035	5.626143517701482
Saltmarsh_3_000000001	29376000.0	1	1	0.6943549957967708	1.3887099915935417	0.7088326446199871	1.4176652892399741	1.0	0.883397102355957	178108591.5966296	166233787.17229888	166233787.17229888	1.7972889843065332e-10	0.8311689356817655	4.341160121862971	29376000.0	0.035	5.626143517934411
Saltmarsh_3_000000001	29462400.0	1	1	0.6943549958057416	1.3887099916114831	0.7088326446291451	1.4176652892582902	1.0	0.883397102355957	178108591.60154545	166233787.1768871	166233787.1768871	1.6825874027404097e-10	0.8311689357161768	4.34116012203123	29462400.0	0.035	5.626143518152475
Saltmarsh_3_000000001	29548800.0	1	1	0.6943549958141398	1.3887099916282797	0.7088326446377187	1.4176652892754373	1.0	0.883397102355957	178108591.6061476	166233787.1811826	166233787.1811826	1.5752077420216892e-10	0.8311689357483922	4.341160122188752	29548800.0	0.035	5.626143518356623
Saltmarsh_3_000000001	29635200.0	1	1	0.6943549958220021	1.3887099916440042	0.708832644645745	1.41766528929149	1.0	0.883397102355957	178108591.61045608	166233787.18520394	166233787.18520394	1.4746803778109552e-10	0.8311689357785517	4.34116012233622	29635200.0	0.035	5.6261435185477415
Saltmarsh_3_000000001	29721600.0	1	1	0.6943549958293626	1.388709991658725	0.7088326446532591	1.4176652893065183	1.0	0.883397102355957	178108591.61448956	166233787.18896857	166233787.18896857	1.3805667720134807e-10	0.8311689358067862	4.341160122474275	29721600.0	0.035	5.626143518726661
Saltmarsh_3_000000001	29808000.0	1	1	0.6943549958362533	1.3887099916725065	0.7088326446602937	1.4176652893205874	1.0	0.883397102355957	178108591.6182656	166233787.192493	166233787.192493	1.2924650238943514e-10	0.8311689358332185	4.341160122603521	29808000.0	0.035	5.626143518894163
Saltmarsh_3_000000001	29894400.0	1	1	0.6943549958427043	1.3887099916854087	0.7088326446668793	1.4176652893337587	1.0	0.883397102355957	178108591.62180072	166233787.19579247	166233787.19579247	1.2099810042798254e-10	0.8311689358579643	4.341160122724519	29894400.0	0.035	5.626143519050976
Saltmarsh_3_000000001	29980800.0	1	1	0.6943549958487436	1.3887099916974872	0.7088326446730446	1.4176652893460893	1.0	0.883397102355957	178108591.6251102	166233787.1988814	166233787.1988814	1.1327605520250472e-10	0.8311689358811309	4.341160122837794	29980800.0	0.035	5.626143519197781
Saltmarsh_3_000000001	30067200.0	1	1	0.6943549958543975	1.388709991708795	0.7088326446788165	1.417665289357633	1.0	0.883397102355957	178108591.6282085	166233787.20177314	166233787.20177314	1.0604683797765802e-10	0.8311689359028188	4.34116012294384	30067200.0	0.035	5.626143519335217
Saltmarsh_3_000000001	30153600.0	1	1	0.6943549958596905	1.388709991719381	0.7088326446842199	1.4176652893684398	1.0	0.883397102355957	178108591.63110903	166233787.2044803	166233787.2044803	9.92788073972406e-11	0.8311689359231227	4.341160123043117	30153600.0	0.035	5.62614351946388
Saltmarsh_3_000000001	30240000.0	1	1	0.6943549958646458	1.3887099917292915	0.7088326446892785	1.417665289378557	1.0	0.883397102355957	178108591.6338244	166233787.2070148	166233787.2070148	9.29434307295196e-11	0.8311689359421306	4.34116012313606	30240000.0	0.035	5.626143519584335
Saltmarsh_3_000000001	30326400.0	1	1	0.6943549958692848	1.3887099917385697	0.7088326446940144	1.4176652893880288	1.0	0.883397102355957	178108591.63636658	166233787.20938745	166233787.20938745	8.701173115355232e-11	0.8311689359599256	4.341160123223073	30326400.0	0.035	5.626143519697103
Saltmarsh_3_000000001	30412800.0	1	1	0.6943549958736278	1.3887099917472556	0.708832644698448	1.417665289396896	1.0	0.883397102355957	178108591.6387465	166233787.21160877	166233787.21160877	8.145861762898221e-11	0.8311689359765853	4.3411601233045305	30412800.0	0.035	5.626143519802672
Saltmarsh_3_000000001	30499200.0	1	1	0.6943549958776936	1.3887099917553871	0.7088326447025987	1.4176652894051973	1.0	0.883397102355957	178108591.64097452	166233787.21368825	166233787.21368825	7.625999831617492e-11	0.8311689359921813	4.34116012338079	30499200.0	0.035	5.626143519901504
Saltmarsh_3_000000001	30585600.0	1	1	0.6943549958814998	1.3887099917629997	0.7088326447064844	1.4176652894129689	1.0	0.883397102355957	178108591.64306033	166233787.21563512	166233787.21563512	7.1393446710033e-11	0.8311689360067822	4.341160123452183	30585600.0	0.035	5.626143519994029
Saltmarsh_3_000000001	30672000.0	1	1	0.6943549958850633	1.3887099917701267	0.7088326447101222	1.4176652894202444	1.0	0.883397102355957	178108591.64501303	166233787.21745768	166233787.21745768	6.683720243927382e-11	0.8311689360204513	4.34116012351902	30672000.0	0.035	5.62614352008065
Saltmarsh_3_000000001	30758400.0	1	1	0.6943549958883993	1.3887099917767987	0.7088326447135278	1.4176652894270556	1.0	0.883397102355957	178108591.64684117	166233787.21916392	166233787.21916392	6.257161455636151e-11	0.831168936033248	4.3411601235815915	30758400.0	0.035	5.626143520161743
Saltmarsh_3_000000001	30844800.0	1	1	0.6943549958915224	1.3887099917830448	0.7088326447167161	1.4176652894334323	1.0	0.883397102355957	178108591.64855263	166233787.22076127	166233787.22076127	5.857814233678482e-11	0.8311689360452282	4.3411601236401705	30844800.0	0.035	5.626143520237661
Saltmarsh_3_000000001	30931200.0	1	1	0.6943549958944462	1.3887099917888923	0.708832644719701	1.417665289439402	1.0	0.883397102355957	178108591.6501548	166233787.22225672	166233787.22225672	5.483991039056946e-11	0.8311689360564437	4.34116012369501	30931200.0	0.035	5.626143520308733
Saltmarsh_3_000000001	31017600.0	1	1	0.6943549958971834	1.3887099917943668	0.7088326447224953	1.4176652894449906	1.0	0.883397102355957	178108591.65165472	166233787.22365677	166233787.22365677	5.13403763946485e-11	0.8311689360669435	4.34116012374635	31017600.0	0.035	5.626143520375271
Saltmarsh_3_000000001	31104000.0	1	1	0.6943549958997459	1.3887099917994918	0.7088326447251112	1.4176652894502224	1.0	0.883397102355957	178108591.653059	166233787.2249674	166233787.2249674	4.806377518207228e-11	0.8311689360767732	4.341160123794413	31104000.0	0.035	5.62614352043756
Saltmarsh_3_000000001	31190400.0	1	1	0.6943549959021449	1.3887099918042898	0.7088326447275602	1.4176652894551205	1.0	0.883397102355957	178108591.65437362	166233787.22619435	166233787.22619435	4.499622896503297e-11	0.8311689360859755	4.341160123839409	31190400.0	0.035	5.626143520495875
Saltmarsh_3_000000001	31276800.0	1	1	0.6943549959043908	1.3887099918087815	0.708832644729853	1.417665289459706	1.0	0.883397102355957	178108591.65560433	166233787.22734302	166233787.22734302	4.212463711184e-11	0.8311689360945905	4.341160123881534	31276800.0	0.035	5.626143520550468
Saltmarsh_3_000000001	31363200.0	1	1	0.6943549959064933	1.3887099918129866	0.7088326447319994	1.4176652894639987	1.0	0.883397102355957	178108591.65675652	166233787.22841844	166233787.22841844	3.943634308001265e-11	0.8311689361026559	4.341160123920969	31363200.0	0.035	5.626143520601577
Saltmarsh_3_000000001	31449600.0	1	1	0.6943549959084616	1.3887099918169232	0.7088326447340088	1.4176652894680175	1.0	0.883397102355957	178108591.65783516	166233787.22942516	166233787.22942516	3.691968952779234e-11	0.8311689361102061	4.341160123957888	31449600.0	0.035	5.626143520649423
Saltmarsh_3_000000001	31536000.0	1	1	0.6943549959103044	1.3887099918206087	0.70883264473589	1.41766528947178	1.0	0.883397102355957	178108591.65884495	166233787.23036766	166233787.23036766	3.4563574224932836e-11	0.8311689361172747	4.341160123992451	31536000.0	0.035	5.626143520694217
Saltmarsh_3_000000001	31622400.0	1	1	0.6943549959120295	1.388709991824059	0.7088326447376512	1.4176652894753023	1.0	0.883397102355957	178108591.6597903	166233787.23125002	166233787.23125002	3.2357783119607575e-11	0.8311689361238923	4.341160124024809	31622400.0	0.035	5.626143520736154
Saltmarsh_3_000000001	31708800.0	1	1	0.6943549959136446	1.3887099918272892	0.7088326447392999	1.4176652894785997	1.0	0.883397102355957	178108591.66067535	166233787.23207605	166233787.23207605	3.029254624919986e-11	0.8311689361300877	4.341160124055101	31708800.0	0.035	5.62614352077541
Saltmarsh_3_000000001	31795200.0	1	1	0.6943549959151565	1.388709991830313	0.7088326447408434	1.4176652894816868	1.0	0.883397102355957	178108591.6615039	166233787.23284936	166233787.23284936	2.8359425918722536e-11	0.8311689361358874	4.34116012408346	31795200.0	0.035	5.626143520812165
Saltmarsh_3_000000001	31881600.0	1	1	0.694354995916572	1.388709991833144	0.7088326447422884	1.4176652894845767	1.0	0.883397102355957	178108591.66227955	166233787.2335733	166233787.2335733	2.654931829937368e-11	0.8311689361413171	4.34116012411001	31881600.0	0.035	5.626143520846573
Saltmarsh_3_000000001	31968000.0	1	1	0.6943549959178972	1.3887099918357944	0.7088326447436412	1.4176652894872823	1.0	0.883397102355957	178108591.66300574	166233787.23425108	166233787.23425108	2.4855117963795692e-11	0.8311689361464003	4.3411601241348645	31968000.0	0.035	5.626143520878784
Saltmarsh_3_000000001	32054400.0	1	1	0.6943549959191377	1.3887099918382755	0.7088326447449076	1.4176652894898152	1.0	0.883397102355957	178108591.66368553	166233787.23488557	166233787.23488557	2.3268831306211268e-11	0.831168936151159	4.341160124158133	32054400.0	0.035	5.626143520908941
Saltmarsh_3_000000001	32140800.0	1	1	0.6943549959202991	1.3887099918405983	0.7088326447460932	1.4176652894921864	1.0	0.883397102355957	178108591.664322	166233787.23547956	166233787.23547956	2.1783685966170196e-11	0.8311689361556142	4.3411601241799165	32140800.0	0.035	5.626143520937172
Saltmarsh_3_000000001	32227200.0	1	1	0.6943549959213864	1.3887099918427728	0.7088326447472032	1.4176652894944064	1.0	0.883397102355957	178108591.66491783	166233787.23603567	166233787.23603567	2.0393464694734575e-11	0.8311689361597849	4.341160124200309	32227200.0	0.035	5.6261435209636
Saltmarsh_3_000000001	32313600.0	1	1	0.6943549959224042	1.3887099918448085	0.7088326447482423	1.4176652894964845	1.0	0.883397102355957	178108591.6654756	166233787.2365563	166233787.2365563	1.909217228757143e-11	0.8311689361636893	4.3411601242194005	32313600.0	0.035	5.626143520988343
Saltmarsh_3_000000001	32400000.0	1	1	0.6943549959233571	1.3887099918467143	0.7088326447492151	1.4176652894984303	1.0	0.883397102355957	178108591.66599777	166233787.23704365	166233787.23704365	1.7873591495742858e-11	0.8311689361673447	4.341160124237275	32400000.0	0.035	5.626143521011509
Saltmarsh_3_000000001	32486400.0	1	1	0.6943549959242493	1.3887099918484986	0.7088326447501259	1.4176652895002517	1.0	0.883397102355957	178108591.66648662	166233787.2375	166233787.2375	1.673328142715036e-11	0.8311689361707668	4.341160124254007	32486400.0	0.035	5.626143521033193
Saltmarsh_3_000000001	32572800.0	1	1	0.6943549959250845	1.388709991850169	0.7088326447509785	1.417665289501957	1.0	0.883397102355957	178108591.6669443	166233787.23792717	166233787.23792717	1.566535789976342e-11	0.8311689361739705	4.341160124269674	32572800.0	0.035	5.626143521053498
Saltmarsh_3_000000001	32659200.0	1	1	0.6943549959258665	1.388709991851733	0.7088326447517768	1.4176652895035535	1.0	0.883397102355957	178108591.6673728	166233787.2383271	166233787.2383271	1.4665380021483543e-11	0.8311689361769701	4.34116012428434	32659200.0	0.035	5.626143521072504
Saltmarsh_3_000000001	32745600.0	1	1	0.6943549959265984	1.3887099918531969	0.708832644752524	1.417665289505048	1.0	0.883397102355957	178108591.66777396	166233787.23870155	166233787.23870155	1.3729795078631923e-11	0.8311689361797779	4.341160124298069	32745600.0	0.035	5.626143521090298
Saltmarsh_3_000000001	32832000.0	1	1	0.6943549959272838	1.3887099918545676	0.7088326447532236	1.4176652895064472	1.0	0.883397102355957	178108591.66814944	166233787.23905203	166233787.23905203	1.2853385022992825e-11	0.8311689361824067	4.341160124310923	32832000.0	0.035	5.626143521106956
Saltmarsh_3_000000001	32918400.0	1	1	0.6943549959279253	1.3887099918558505	0.7088326447538785	1.417665289507757	1.0	0.883397102355957	178108591.66850105	166233787.2393801	166233787.2393801	1.2032708163189909e-11	0.8311689361848678	4.341160124322956	32918400.0	0.035	5.62614352112255
Saltmarsh_3_000000001	33004800.0	1	1	0.6943549959285259	1.3887099918570518	0.7088326447544917	1.4176652895089834	1.0	0.883397102355957	178108591.66883016	166233787.2396873	166233787.2396873	1.1264877919359151e-11	0.8311689361871716	4.341160124334221	33004800.0	0.035	5.626143521137149
Saltmarsh_3_000000001	33091200.0	1	1	0.6943549959290881	1.3887099918581762	0.7088326447550656	1.4176652895101312	1.0	0.883397102355957	178108591.6691383	166233787.23997483	166233787.23997483	1.05458974886119e-11	0.8311689361893283	4.341160124344765	33091200.0	0.035	5.626143521150816
Saltmarsh_3_000000001	33177600.0	1	1	0.6943549959296145	1.388709991859229	0.7088326447556029	1.4176652895112059	1.0	0.883397102355957	178108591.66942668	166233787.24024403	166233787.24024403	9.872991313386592e-12	0.8311689361913471	4.341160124354638	33177600.0	0.035	5.626143521163611
Saltmarsh_3_000000001	33264000.0	1	1	0.6943549959301073	1.3887099918602146	0.7088326447561061	1.4176652895122122	1.0	0.883397102355957	178108591.66969675	166233787.24049613	166233787.24049613	9.243272813819203e-12	0.8311689361932374	4.341160124363882	33264000.0	0.035	5.6261435211755915
Saltmarsh_3_000000001	33350400.0	1	1	0.6943549959305687	1.3887099918611374	0.708832644756577	1.417665289513154	1.0	0.883397102355957	178108591.66994956	166233787.2407321	166233787.2407321	8.65307825392847e-12	0.8311689361950074	4.341160124372536	33350400.0	0.035	5.6261435211868065
Saltmarsh_3_000000001	33436800.0	1	1	0.6943549959310006	1.3887099918620012	0.7088326447570179	1.4176652895140358	1.0	0.883397102355957	178108591.67018628	166233787.240953	166233787.240953	8.100853321479917e-12	0.8311689361966642	4.341160124380636	33436800.0	0.035	5.626143521197304
Saltmarsh_3_000000001	33523200.0	1	1	0.6943549959314049	1.3887099918628099	0.7088326447574307	1.4176652895148614	1.0	0.883397102355957	178108591.67040786	166233787.24115977	166233787.24115977	7.583822458911982e-12	0.8311689361982151	4.34116012438822	33523200.0	0.035	5.626143521207133
Saltmarsh_3_000000001	33609600.0	1	1	0.6943549959317834	1.3887099918635668	0.7088326447578172	1.4176652895156343	1.0	0.883397102355957	178108591.6706153	166233787.24135336	166233787.24135336	7.0995431755704885e-12	0.8311689361996673	4.34116012439532	33609600.0	0.035	5.626143521216336
Saltmarsh_3_000000001	33696000.0	1	1	0.6943549959321378	1.3887099918642756	0.708832644758179	1.417665289516358	1.0	0.883397102355957	178108591.67080945	166233787.2415347	166233787.2415347	6.647016270733275e-12	0.8311689362010265	4.341160124401967	33696000.0	0.035	5.62614352122495
Saltmarsh_3_000000001	33782400.0	1	1	0.6943549959324695	1.388709991864939	0.7088326447585177	1.4176652895170354	1.0	0.883397102355957	178108591.67099127	166233787.2417044	166233787.2417044	6.222911075326465e-12	0.8311689362022991	4.341160124408191	33782400.0	0.035	5.626143521233016
Saltmarsh_3_000000001	33868800.0	1	1	0.69435499593278	1.38870999186556	0.7088326447588348	1.4176652895176696	1.0	0.883397102355957	178108591.67116144	166233787.24186328	166233787.24186328	5.825673277115584e-12	0.8311689362034907	4.341160124414015	33868800.0	0.035	5.626143521240564
Saltmarsh_3_000000001	33955200.0	1	1	0.6943549959330708	1.3887099918661416	0.7088326447591317	1.4176652895182633	1.0	0.883397102355957	178108591.67132077	166233787.24201202	166233787.24201202	5.454081630773544e-12	0.8311689362046061	4.341160124419469	33955200.0	0.035	5.6261435212476325
Saltmarsh_3_000000001	34041600.0	1	1	0.694354995933343	1.388709991866686	0.7088326447594095	1.417665289518819	1.0	0.883397102355957	178108591.6714699	166233787.2421513	166233787.2421513	5.106359779460945e-12	0.8311689362056501	4.341160124424575	34041600.0	0.035	5.626143521254249
Saltmarsh_3_000000001	34128000.0	1	1	0.694354995933598	1.388709991867196	0.7088326447596697	1.4176652895193393	1.0	0.883397102355957	178108591.67160958	166233787.2422816	166233787.2422816	4.7802872771285365e-12	0.8311689362066277	4.341160124429355	34128000.0	0.035	5.6261435212604445
Saltmarsh_3_000000001	34214400.0	1	1	0.6943549959338365	1.388709991867673	0.7088326447599133	1.4176652895198265	1.0	0.883397102355957	178108591.67174032	166233787.2424036	166233787.2424036	4.475086967659081e-12	0.831168936207543	4.341160124433831	34214400.0	0.035	5.626143521266244
Saltmarsh_3_000000001	34300800.0	1	1	0.6943549959340598	1.3887099918681196	0.7088326447601413	1.4176652895202826	1.0	0.883397102355957	178108591.67186272	166233787.2425178	166233787.2425178	4.189093516515641e-12	0.8311689362083999	4.341160124438019	34300800.0	0.035	5.626143521271673
Saltmarsh_3_000000001	34387200.0	1	1	0.6943549959342689	1.3887099918685377	0.7088326447603547	1.4176652895207094	1.0	0.883397102355957	178108591.67197728	166233787.24262476	166233787.24262476	3.921973856790828e-12	0.8311689362092018	4.34116012444194	34387200.0	0.035	5.626143521276753
Saltmarsh_3_000000001	34473600.0	1	1	0.6943549959344646	1.3887099918689292	0.7088326447605545	1.417665289521109	1.0	0.883397102355957	178108591.67208457	166233787.2427249	166233787.2427249	3.672062653947705e-12	0.8311689362099525	4.3411601244456115	34473600.0	0.035	5.626143521281512
Saltmarsh_3_000000001	34560000.0	1	1	0.6943549959346479	1.3887099918692958	0.7088326447607416	1.4176652895214832	1.0	0.883397102355957	178108591.67218494	166233787.24281862	166233787.24281862	3.4376945734493347e-12	0.8311689362106555	4.341160124449049	34560000.0	0.035	5.626143521285968
Saltmarsh_3_000000001	34646400.0	1	1	0.6943549959348194	1.3887099918696388	0.7088326447609167	1.4176652895218333	1.0	0.883397102355957	178108591.672279	166233787.24290633	166233787.24290633	3.2182034814809413e-12	0.8311689362113135	4.341160124452266	34646400.0	0.035	5.626143521290136
Saltmarsh_3_000000001	34732800.0	1	1	0.6943549959349801	1.3887099918699601	0.7088326447610807	1.4176652895221613	1.0	0.883397102355957	178108591.67236698	166233787.2429885	166233787.2429885	3.01292324422775e-12	0.8311689362119296	4.341160124455278	34732800.0	0.035	5.626143521294042
Saltmarsh_3_000000001	34819200.0	1	1	0.6943549959351304	1.3887099918702608	0.7088326447612342	1.4176652895224684	1.0	0.883397102355957	178108591.6724494	166233787.24306536	166233787.24306536	2.8204105717577477e-12	0.8311689362125064	4.341160124458099	34819200.0	0.035	5.626143521297697
Saltmarsh_3_000000001	34905600.0	1	1	0.6943549959352712	1.3887099918705423	0.708832644761378	1.417665289522756	1.0	0.883397102355957	178108591.67252654	166233787.24313745	166233787.24313745	2.64088750867586e-12	0.8311689362130463	4.34116012446074	34905600.0	0.035	5.626143521301119
Saltmarsh_3_000000001	34992000.0	1	1	0.694354995935403	1.388709991870806	0.7088326447615125	1.417665289523025	1.0	0.883397102355957	178108591.67259875	166233787.24320483	166233787.24320483	2.472133608932836e-12	0.831168936213552	4.3411601244632125	34992000.0	0.035	5.626143521304323
Saltmarsh_3_000000001	35078400.0	1	1	0.6943549959355263	1.3887099918710526	0.7088326447616385	1.417665289523277	1.0	0.883397102355957	178108591.6726663	166233787.243268	166233787.243268	2.314703984040989e-12	0.8311689362140254	4.341160124465526	35078400.0	0.035	5.626143521307322
Saltmarsh_3_000000001	35164800.0	1	1	0.6943549959356418	1.3887099918712835	0.7088326447617566	1.4176652895235131	1.0	0.883397102355957	178108591.6727296	166233787.2433271	166233787.2433271	2.1671553440683056e-12	0.8311689362144684	4.341160124467693	35164800.0	0.035	5.626143521310131
Saltmarsh_3_000000001	35251200.0	1	1	0.6943549959357499	1.3887099918714998	0.708832644761867	1.417665289523734	1.0	0.883397102355957	178108591.67278883	166233787.24338248	166233787.24338248	2.0291546221073986e-12	0.8311689362148833	4.341160124469722	35251200.0	0.035	5.62614352131276
Saltmarsh_3_000000001	35337600.0	1	1	0.6943549959358511	1.3887099918717023	0.7088326447619704	1.4176652895239408	1.0	0.883397102355957	178108591.67284435	166233787.2434343	166233787.2434343	1.8999246620410304e-12	0.8311689362152717	4.341160124471622	35337600.0	0.035	5.626143521315222
Saltmarsh_3_000000001	35424000.0	1	1	0.694354995935946	1.388709991871892	0.7088326447620672	1.4176652895241344	1.0	0.883397102355957	178108591.6728963	166233787.2434828	166233787.2434828	1.7785772854495008e-12	0.8311689362156355	4.341160124473401	35424000.0	0.035	5.626143521317528
Saltmarsh_3_000000001	35510400.0	1	1	0.6943549959360348	1.3887099918720696	0.7088326447621578	1.4176652895243156	1.0	0.883397102355957	178108591.67294493	166233787.2435282	166233787.2435282	1.6650014700303473e-12	0.831168936215976	4.341160124475065	35510400.0	0.035	5.626143521319685
Saltmarsh_3_000000001	35596800.0	1	1	0.6943549959361178	1.3887099918722356	0.7088326447622426	1.4176652895244852	1.0	0.883397102355957	178108591.67299047	166233787.24357063	166233787.24357063	1.5583090373638697e-12	0.8311689362162948	4.341160124476623	35596800.0	0.035	5.626143521321704
Saltmarsh_3_000000001	35683200.0	1	1	0.6943549959361955	1.388709991872391	0.708832644762322	1.417665289524644	1.0	0.883397102355957	178108591.6730331	166233787.24361047	166233787.24361047	1.4593881658697683e-12	0.8311689362165929	4.3411601244780815	35683200.0	0.035	5.626143521323593
Saltmarsh_3_000000001	35769600.0	1	1	0.6943549959362684	1.3887099918725367	0.7088326447623964	1.4176652895247928	1.0	0.883397102355957	178108591.67307293	166233787.2436477	166233787.2436477	1.3662404541037176e-12	0.8311689362168723	4.3411601244794475	35769600.0	0.035	5.626143521325364
Saltmarsh_3_000000001	35856000.0	1	1	0.6943549959363365	1.388709991872673	0.708832644762466	1.417665289524932	1.0	0.883397102355957	178108591.6731103	166233787.24368262	166233787.24368262	1.2793099912755679e-12	0.8311689362171338	4.3411601244807265	35856000.0	0.035	5.626143521327022
Saltmarsh_3_000000001	35942400.0	1	1	0.6943549959364004	1.3887099918728008	0.7088326447625312	1.4176652895250623	1.0	0.883397102355957	178108591.67314532	166233787.24371526	166233787.24371526	1.1977085989656189e-12	0.8311689362173786	4.341160124481924	35942400.0	0.035	5.626143521328573
Saltmarsh_3_000000001	36028800.0	1	1	0.6943549959364602	1.3887099918729204	0.7088326447625921	1.4176652895251842	1.0	0.883397102355957	178108591.67317805	166233787.2437458	166233787.2437458	1.121103210266483e-12	0.8311689362176079	4.341160124483045	36028800.0	0.035	5.626143521330026
Saltmarsh_3_000000001	36115200.0	1	1	0.6943549959365162	1.3887099918730323	0.7088326447626492	1.4176652895252984	1.0	0.883397102355957	178108591.67320877	166233787.24377438	166233787.24377438	1.0494938251781605e-12	0.8311689362178224	4.3411601244840945	36115200.0	0.035	5.626143521331386
Saltmarsh_3_000000001	36201600.0	1	1	0.6943549959365685	1.388709991873137	0.7088326447627026	1.4176652895254052	1.0	0.883397102355957	178108591.67323744	166233787.24380112	166233787.24380112	9.81992265280951e-13	0.8311689362180236	4.341160124485075	36201600.0	0.035	5.626143521332658
Saltmarsh_3_000000001	36288000.0	1	1	0.6943549959366175	1.388709991873235	0.7088326447627527	1.4176652895255053	1.0	0.883397102355957	178108591.6732643	166233787.2438262	166233787.2438262	9.198197759019422e-13	0.8311689362182112	4.341160124485995	36288000.0	0.035	5.62614352133385
Saltmarsh_3_000000001	36374400.0	1	1	0.6943549959366634	1.3887099918733268	0.7088326447627996	1.4176652895255992	1.0	0.883397102355957	178108591.67328942	166233787.2438497	166233787.2438497	8.610889778992714e-13	0.8311689362183874	4.341160124486857	36374400.0	0.035	5.626143521334967
Saltmarsh_3_000000001	36460800.0	1	1	0.6943549959367064	1.3887099918734127	0.7088326447628436	1.4176652895256872	1.0	0.883397102355957	178108591.67331296	166233787.24387175	166233787.24387175	8.063549827852512e-13	0.8311689362185524	4.341160124487663	36460800.0	0.035	5.626143521336012
Saltmarsh_3_000000001	36547200.0	1	1	0.6943549959367465	1.388709991873493	0.7088326447628847	1.4176652895257693	1.0	0.883397102355957	178108591.67333502	166233787.24389237	166233787.24389237	7.55062679047569e-13	0.8311689362187068	4.341160124488418	36547200.0	0.035	5.62614352133699
Saltmarsh_3_000000001	36633600.0	1	1	0.6943549959367843	1.3887099918735686	0.7088326447629232	1.4176652895258464	1.0	0.883397102355957	178108591.67335564	166233787.24391162	166233787.24391162	7.068789997788372e-13	0.8311689362188512	4.341160124489125	36633600.0	0.035	5.626143521337906
Saltmarsh_3_000000001	36720000.0	1	1	0.6943549959368196	1.3887099918736392	0.7088326447629592	1.4176652895259183	1.0	0.883397102355957	178108591.673375	166233787.24392968	166233787.24392968	6.618039449790558e-13	0.8311689362189867	4.341160124489788	36720000.0	0.035	5.626143521338765
Saltmarsh_3_000000001	36806400.0	1	1	0.6943549959368527	1.3887099918737054	0.7088326447629929	1.4176652895259858	1.0	0.883397102355957	178108591.6733931	166233787.2439466	166233787.2439466	6.195044477408373e-13	0.8311689362191136	4.341160124490408	36806400.0	0.035	5.626143521339569
Saltmarsh_3_000000001	36892800.0	1	1	0.6943549959368837	1.3887099918737673	0.7088326447630244	1.4176652895260489	1.0	0.883397102355957	178108591.6734101	166233787.2439624	166233787.2439624	5.797584634592567e-13	0.8311689362192323	4.341160124490988	36892800.0	0.035	5.62614352134032
Saltmarsh_3_000000001	36979200.0	1	1	0.6943549959369126	1.3887099918738253	0.7088326447630539	1.4176652895261077	1.0	0.883397102355957	178108591.673426	166233787.24397713	166233787.24397713	5.422329252269265e-13	0.8311689362193434	4.34116012449153	36979200.0	0.035	5.6261435213410245
