plant	time	x	y	r_ag	h_ag	r_bg	h_bg	aboveground_resources	belowground_resources	res_ag	res_bg	res_eff	grow	maint	volume	age	salinity	transpiration
Saltmarsh_4_000000001	22377600.0	1	1	0.03891358726379689	0.07782717452759377	0.3653358837994307	0.7306717675988614	1.0	0.35751065611839294	7625640.959607633	31027139.211409576	7625640.959607633	-0.03652800828336142	0.07465621308139958	0.30674773622688883	22464000.0	0.1030263338181734	0.3975450661500479
