plant	time	x	y	r_ag	h_ag	r_bg	h_bg	aboveground_resources	belowground_resources	res_ag	res_bg	res_eff	grow	maint	volume	age	salinity	transpiration
Saltmarsh_2_000000001	0.0	1	1	0.05	0.1	0.05	0.1	NaN	NaN	NaN	NaN	NaN	NaN	NaN	NaN	NaN	NaN	NaN
Saltmarsh_2_000000001	86400.0	1	1	0.05345030982232182	0.10690061964464365	0.056775604739805356	0.11355120947961071	1.0	0.17150476574897766	923552.841931713	158393.71381230102	158393.71381230102	0.0005385852985418124	0.0002533832705196927	0.00210938162533671	86400.0	0.105	0.0027337585864363762
Saltmarsh_2_000000001	172800.0	1	1	0.057475108418169656	0.11495021683633931	0.0638926463239519	0.1277852926479038	1.0	0.17150476574897766	1055412.4044645284	212529.34104648078	212529.34104648078	0.0007223848865072896	0.00034026181872511425	0.002831766511844	172800.0	0.105	0.003669969399349824
Saltmarsh_2_000000001	259200.0	1	1	0.06194211463729095	0.1238842292745819	0.07119845548347076	0.14239691096694151	1.0	0.17150476574897766	1220341.382552224	277204.45297109	277204.45297109	0.0009292334069497084	0.0004567888579057414	0.003760999918793709	259200.0	0.105	0.004874255894756647
Saltmarsh_2_000000001	345600.0	1	1	0.06671165032931634	0.13342330065863267	0.07856633220021814	0.15713266440043627	1.0	0.17150476574897766	1417404.4620939107	351651.26300086424	351651.26300086424	0.0011515739313036105	0.0006066823837007107	0.004912573850097321	345600.0	0.105	0.006366695709726127
Saltmarsh_2_000000001	432000.0	1	1	0.07165889814955134	0.14331779629910268	0.0858979097787068	0.1717958195574136	1.0	0.17150476574897766	1644088.188630062	434824.4956896204	434824.4956896204	0.0013816810857775234	0.0007924413926705786	0.006294254935874844	432000.0	0.105	0.008157354396893798
Saltmarsh_2_000000001	518400.0	1	1	0.0766826886656496	0.1533653773312992	0.09312036797958541	0.18624073595917082	1.0	0.17150476574897766	1896976.6817512573	525560.3618313018	525560.3618313018	0.001612483098556461	0.001015318710600048	0.007906738034431308	518400.0	0.105	0.010247132492622976
Saltmarsh_2_000000001	604800.0	1	1	0.08170575589259979	0.16341151178519958	0.10018171168966675	0.2003634233793335	1.0	0.17150476574897766	2172283.0025078505	622675.0006405123	622675.0006405123	0.0018379485789540887	0.001275426424248473	0.0097446866133854	604800.0	0.105	0.012629113850947478
Saltmarsh_2_000000001	691200.0	1	1	0.08667130702796967	0.17334261405593934	0.10704601782160895	0.2140920356432179	1.0	0.17150476574897766	2466192.909198156	725020.5055416459	725020.5055416459	0.002053198823726967	0.001571903703981263	0.01179788543711237	691200.0	0.105	0.015290059526497632
Saltmarsh_2_000000001	777600.0	1	1	0.09153875289611242	0.18307750579222484	0.11368941647907316	0.22737883295814632	1.0	0.17150476574897766	2775060.3492889237	831515.4708188332	831515.4708188332	0.002254474611696094	0.0019031027423980719	0.014052360048808471	777600.0	0.105	0.018211858623255778
Saltmarsh_2_000000001	864000.0	1	1	0.09627982741721137	0.19255965483442275	0.1200969518743525	0.240193903748705	1.0	0.17150476574897766	3095506.5205620797	941160.7504370285	941160.7504370285	0.002439034415543907	0.002266769336641236	0.016491394464352382	864000.0	0.105	0.021372847225800688
Saltmarsh_2_000000001	950400.0	1	1	0.10087545317061672	0.20175090634123344	0.12626022060594616	0.2525204412118923	1.0	0.17150476574897766	3424461.962634731	1053046.4596242744	1053046.4596242744	0.002605025246750046	0.002660207051371326	0.019096419711102437	950400.0	0.105	0.024748959945588758
Saltmarsh_2_000000001	1036800.0	1	1	0.1053133425165813	0.2106266850331626	0.1321756232088258	0.2643512464176516	1.0	0.17150476574897766	3759176.6799255637	1166353.623357806	1166353.623357806	0.002751347568894748	0.003080420547894281	0.021847767279997193	1036800.0	0.105	0.028314706394876363
Saltmarsh_2_000000001	1123200.0	1	1	0.10958620693847983	0.21917241387695965	0.13784307571934665	0.2756861514386933	1.0	0.17150476574897766	4097212.9272127985	1280352.490359133	1280352.490359133	0.002877525329180055	0.003524237122615611	0.024725292609177246	1123200.0	0.105	0.03204397922149371
Saltmarsh_2_000000001	1209600.0	1	1	0.1136904337619902	0.2273808675239804	0.1432650587903552	0.2865301175807104	1.0	0.17150476574897766	4436428.950273387	1394398.7793374415	1394398.7793374415	0.0029835866162519573	0.003988407280435251	0.02770887922542921	1209600.0	0.105	0.03591070747615625
Saltmarsh_2_000000001	1296000.0	1	1	0.11762511017538103	0.23525022035076207	0.14844591268137125	0.2968918253627425	1.0	0.17150476574897766	4774958.34455538	1507928.6875613418	1507928.6875613418	0.0030699573806077934	0.004469686057198915	0.03077883660603701	1296000.0	0.105	0.039889372241423963
Saltmarsh_2_000000001	1382400.0	1	1	0.12139130164938121	0.24278260329876242	0.15339131145283275	0.3067826229056655	1.0	0.17150476574897766	5111187.662607517	1620453.2197281232	1620453.2197281232	0.003137368900324714	0.004964897198315903	0.03391620550636173	1382400.0	0.105	0.0439554023362448
Saltmarsh_2_000000001	1468800.0	1	1	0.12499151594891919	0.24998303189783838	0.15810786841591234	0.3162157368318247	1.0	0.17150476574897766	5443733.762370768	1731552.216031915	1731552.216031915	0.0031867786693749716	0.0054709824107846035	0.03710298417573671	1468800.0	0.105	0.048085467491754776
Saltmarsh_2_000000001	1555200.0	1	1	0.12842930276748737	0.25685860553497475	0.162602838411464	0.325205676822928	1.0	0.17150476574897766	5771421.741715139	1840868.3362102993	1840868.3362102993	0.0032193038272444177	0.005985037853807078	0.04032228800298114	1555200.0	0.105	0.052257685251863556
Saltmarsh_2_000000001	1641600.0	1	1	0.1317089529579519	0.2634179059159038	0.16688389211035382	0.33376778422070763	1.0	0.17150476574897766	6093263.929713684	1948101.1712928875	1948101.1712928875	0.003236165965449153	0.006504339891015285	0.043558453968430305	1641600.0	0.105	0.05645175634308568
Saltmarsh_2_000000001	1728000.0	1	1	0.13483527139392296	0.2696705427878459	0.17095894434054315	0.3419178886810863	1.0	0.17150476574897766	6408440.182903832	2053001.5948707783	2053001.5948707783	0.0032386460348511614	0.007026361939502731	0.04679710000328148	1728000.0	0.105	0.0606490416042528
Saltmarsh_2_000000001	1814400.0	1	1	0.1378134046768713	0.2756268093537426	0.1748360232812333	0.3496720465624666	1.0	0.17150476574897766	6716279.600307182	2155366.423323772	2155366.423323772	0.003228048071609528	0.007548784045009332	0.05002514807489103	1814400.0	0.105	0.06483259190505877
Saltmarsh_2_000000001	1900800.0	1	1	0.14064871001652354	0.2812974200330471	0.17852317081405256	0.3570463416281051	1.0	0.17150476574897766	7016243.688372951	2255033.4244694393	2255033.4244694393	0.0032056705165642158	0.008069496605782982	0.053230818591455245	1900800.0	0.105	0.068987140894526
Saltmarsh_2_000000001	1987200.0	1	1	0.143346655259262	0.286693310518524	0.1820283668008185	0.364056733601637	1.0	0.17150476574897766	7307910.955965531	2351876.6930042366	2351876.6930042366	0.003172783995015846	0.008586599470005337	0.056403602586471105	1987200.0	0.105	0.07309906895206655
Saltmarsh_2_000000001	2073600.0	1	1	0.14591274265401205	0.2918254853080241	0.18535947185482277	0.37071894370964553	1.0	0.17150476574897766	7590962.88821838	2445802.396406722	2445802.396406722	0.003130614533133059	0.00909839744890055	0.05953421711960416	2073600.0	0.105	0.077156345387007
Saltmarsh_2_000000001	2160000.0	1	1	0.14835245083208526	0.2967049016641705	0.18852418448728758	0.37704836897457517	1.0	0.17150476574897766	7865171.229441204	2536744.884893991	2536744.884893991	0.0030803313019671513	0.009603393122502805	0.06261454842157131	2160000.0	0.105	0.08114845475435642
Saltmarsh_2_000000001	2246400.0	1	1	0.15067119084956457	0.30134238169912914	0.19153000948109752	0.38306001896219505	1.0	0.17150476574897766	8130386.494914972	2624663.1522889966	2624663.1522889966	0.0030230380930194208	0.010100277668425563	0.06563758651459074	2246400.0	0.105	0.0850663121229096
Saltmarsh_2_000000001	2332800.0	1	1	0.15287427314664662	0.30574854629329323	0.19438423506678168	0.38876847013356336	1.0	0.17150476574897766	8386527.626548369	2709537.6303430414	2709537.6303430414	0.0029597678361503905	0.010587920315564816	0.06859735435074114	2332800.0	0.105	0.08890217123856052
Saltmarsh_2_000000001	2419200.0	1	1	0.15496688302180928	0.30993376604361855	0.19709391701894985	0.3941878340378997	1.0	0.17150476574897766	8633572.70617184	2791367.2964904197	2791367.2964904197	0.0028914795689592657	0.011065356913492834	0.07148883391970043	2419200.0	0.105	0.09264952875993177
Saltmarsh_2_000000001	2505600.0	1	1	0.15695406277277235	0.3139081255455447	0.19966586820311077	0.39933173640622155	1.0	0.17150476574897766	8871550.641484369	2870167.073697049	2870167.073697049	0.0028190573554990727	0.011531778012986174	0.0743078912751995	2505600.0	0.105	0.09630302709265856
Saltmarsh_2_000000001	2592000.0	1	1	0.1588406990725774	0.3176813981451548	0.20210665241740366	0.40421330483480733	1.0	0.17150476574897766	9100533.742504433	2945965.5006397376	2945965.5006397376	0.0027433107310657866	0.011986516772132902	0.0770512020062653	2592000.0	0.105	0.09985835780011984
Saltmarsh_2_000000001	2678400.0	1	1	0.16063151446446636	0.3212630289289327	0.20442258161603102	0.40884516323206205	1.0	0.17150476574897766	9320631.110227419	3018802.6506508705	3018802.6506508705	0.002664976319066103	0.01242903693418825	0.07971617832533143	2678400.0	0.105	0.10331216710962952
Saltmarsh_2_000000001	2764800.0	1	1	0.16233106209992904	0.32466212419985807	0.2066197157890949	0.4132394315781898	1.0	0.17150476574897766	9531982.763648463	3088728.278488675	3088728.278488675	0.002584720326198154	0.012858921066245222	0.08230089865152959	2764800.0	0.105	0.10666196465238235
Saltmarsh_2_000000001	2851200.0	1	1	0.1639437230293449	0.3278874460586898	0.2087038649203022	0.4174077298406044	1.0	0.17150476574897766	9734754.436084496	3155800.174901571	3155800.174901571	0.002503141674107999	0.013275859200399857	0.0848040403256376	2851200.0	0.105	0.10990603626202633
Saltmarsh_2_000000001	2937600.0	1	1	0.16547370549792637	0.33094741099585273	0.21068059255936636	0.4213611851187327	1.0	0.17150476574897766	9929132.976619555	3220082.710040895	3220082.710040895	0.002420775570124262	0.013679637980080211	0.08722481589576186	2937600.0	0.105	0.11304336140090737
Saltmarsh_2_000000001	3024000.0	1	1	0.16692504581134224	0.3338500916226845	0.21255522063715532	0.42511044127431064	1.0	0.17150476574897766	10115322.297361795	3281645.547962292	3281645.547962292	0.002338097357445187	0.014070130382366272	0.08956291325320707	3024000.0	0.105	0.11607353557615638
Saltmarsh_2_000000001	3110400.0	1	1	0.16830161042298186	0.3366032208459637	0.21433283522417176	0.4286656704483435	1.0	0.17150476574897766	10293539.811941875	3340562.515686615	3340562.515686615	0.0022555265170541433	0.01444728606137893	0.09181843977026123	3110400.0	0.105	0.11899669794225855
Saltmarsh_2_000000001	3196800.0	1	1	0.16960709896391307	0.33921419792782614	0.21601829299092193	0.43203658598184386	1.0	0.17150476574897766	10464013.315234901	3396910.6115263705	3396910.6115263705	0.0021734307204187373	0.014811122337213116	0.09399187049067999	3196800.0	0.105	0.12181346415592127
Saltmarsh_2_000000001	3283200.0	1	1	0.1708450479913915	0.341690095982783	0.21761622817527937	0.43523245635055874	1.0	0.17150476574897766	10626978.25861098	3450769.138595583	3450769.138595583	0.002092129854370914	0.015161715838607	0.09608400034505091	3283200.0	0.105	0.12452486444718598
Saltmarsh_2_000000001	3369600.0	1	1	0.17201883527547207	0.34403767055094414	0.21913105989948872	0.43826211979897745	1.0	0.17150476574897766	10782675.379087195	3502218.9505902515	3502218.9505902515	0.002011899958091508	0.01549919479485975	0.09809590030314241	3369600.0	0.105	0.12713228679287256
Saltmarsh_2_000000001	3456000.0	1	1	0.17313168447827243	0.34626336895654486	0.22056699970984178	0.44113399941968356	1.0	0.17150476574897766	10931348.644555224	3551341.7980407504	3551341.7980407504	0.0019329770273842119	0.01582373196281954	0.10002887733052665	3456000.0	0.105	0.12963742502036255
Saltmarsh_2_000000001	3542400.0	1	1	0.17418667010859298	0.34837334021718597	0.22192805923674366	0.4438561184734873	1.0	0.17150476574897766	11073243.480790334	3598219.7642888213	3598219.7642888213	0.0018555606539096478	0.01613553816753446	0.10188443798443632	3542400.0	0.105	0.1320422316278295
Saltmarsh_2_000000001	3628800.0	1	1	0.17518672265733723	0.35037344531467446	0.22321805789299964	0.4464361157859993	1.0	0.17150476574897766	11208605.249212628	3642934.781426081	3642934.781426081	0.001779817477186564	0.016434856429943842	0.10366425546162288	3628800.0	0.105	0.13434887507826326
Saltmarsh_2_000000001	3715200.0	1	1	0.17613463383760453	0.35226926767520905	0.22444063054458394	0.44888126108916787	1.0	0.17150476574897766	11337677.947378155	3685568.217346702	3685568.217346702	0.001705884435325676	0.016721956651407834	0.10537013989694859	3715200.0	0.105	0.13655970130644537
Saltmarsh_2_000000001	3801600.0	1	1	0.17703306186831128	0.35406612373662255	0.22559923510160307	0.45119847020320614	1.0	0.17150476574897766	11460703.106936298	3726200.525914347	3726200.525914347	0.0016338718069628354	0.0169971308226089	0.10700401170391144	3801600.0	0.105	0.13867719916826923
Saltmarsh_2_000000001	3888000.0	1	1	0.17788453675241053	0.35576907350482107	0.2266971599882001	0.4533943199764002	1.0	0.17150476574897766	11577918.866314232	3764910.953024279	3764910.953024279	0.0015638660419774846	0.01726068872314391	0.10856787774588894	3888000.0	0.105	0.14070396955867207
Saltmarsh_2_000000001	3974400.0	1	1	0.17869146551076134	0.3573829310215227	0.22773753145920497	0.45547506291840995	1.0	0.17150476574897766	11689559.197692195	3801777.2920584027	3801777.2920584027	0.0014959323825559645	0.01751295407773605	0.11006381012844488	3974400.0	0.105	0.14264269792646456
Saltmarsh_2_000000001	4060800.0	1	1	0.1794561373408703	0.3589122746817406	0.22872332073878315	0.4574466414775663	1.0	0.17150476574897766	11795853.269930232	3836875.682886796	3836875.682886796	0.0014301172791866927	0.01775426113524729	0.11149392740763159	4060800.0	0.105	0.14449612992029054
Saltmarsh_2_000000001	4147200.0	1	1	0.1801807286764268	0.3603614573528536	0.229657350962456	0.459314701924912	1.0	0.17150476574897766	11897024.931011848	3870280.4491677606	3870280.4491677606	0.0013664506084266406	0.017984951637412164	0.11286037801605825	4147200.0	0.105	0.1462670499088115
Saltmarsh_2_000000001	4233600.0	1	1	0.1808673081290513	0.3617346162581026	0.23054230390889885	0.4610846078177977	1.0	0.17150476574897766	11993292.295297315	3902063.969243089	3902063.969243089	0.0013049477008987079	0.01820537214531674	0.11416532571695698	4233600.0	0.105	0.14795826212917626
Saltmarsh_2_000000001	4320000.0	1	1	0.18151784129819026	0.3630356825963805	0.23138072651205338	0.46276145302410676	1.0	0.17150476574897766	12084867.422442986	3932296.576419947	3932296.576419947	0.0012456111890882665	0.01841587169301147	0.11541093690604529	4320000.0	0.105	0.14957257423023468
Saltmarsh_2_000000001	4406400.0	1	1	0.18213419543879666	0.36426839087759333	0.23217503714747925	0.4643500742949585	1.0	0.17150476574897766	12171956.076256339	3961046.4848791086	3961046.4848791086	0.0011884326852056627	0.01861679973918988	0.11659936959125096	4406400.0	0.105	0.15111278299026124
Saltmarsh_2_000000001	4492800.0	1	1	0.18271814397947655	0.3654362879589531	0.23292753168964017	0.46585506337928034	1.0	0.17150476574897766	12254757.553032052	3988379.7378549534	3988379.7378549534	0.001133394299753586	0.018808504389521183	0.11773276389100457	4492800.0	0.105	0.15258166200274192
Saltmarsh_2_000000001	4579200.0	1	1	0.18327137088627193	0.36654274177254387	0.23364038933907774	0.4672807786781555	1.0	0.17150476574897766	12333464.570064036	4014360.175099129	4014360.175099129	0.0010804700115543686	0.018991330863941277	0.11881323390255893	4579200.0	0.105	0.15398195113771637
Saltmarsh_2_000000001	4665600.0	1	1	0.18379547486928816	0.3675909497385763	0.23431567822025914	0.4686313564405183	1.0	0.17150476574897766	12408263.206063602	4039049.416970182	4039049.416970182	0.001029626899909812	0.0191656201849411	0.11984286080246878	4665600.0	0.105	0.15531634759999954
Saltmarsh_2_000000001	4752000.0	1	1	0.184291973431033	0.368583946862066	0.23495536075236167	0.46991072150472335	1.0	0.17150476574897766	12479332.886144336	4062506.8627891922	4062506.8627891922	0.000980826249332687	0.019331708064613276	0.1208236870518015	4752000.0	0.105	0.15658749841913475
Saltmarsh_2_000000001	4838400.0	1	1	0.18476230675668187	0.36952461351336374	0.23556129879643983	0.47112259759287967	1.0	0.17150476574897766	12546846.404870324	4084789.70136909	4084789.70136909	0.0009340245369438109	0.01948992396990164	0.12175771158874535	4838400.0	0.105	0.15779799421901397
Saltmarsh_2_000000001	4924800.0	1	1	0.185207841447571	0.370415682895142	0.23613525858335643	0.47227051716671287	1.0	0.17150476574897766	12610969.981613908	4105952.931865904	4105952.931865904	0.0008891743122029158	0.019640590347126605	0.12264688590094827	4924800.0	0.105	0.15895036412762897
Saltmarsh_2_000000001	5011200.0	1	1	0.18562987410009082	0.37125974820018165	0.2366789154275895	0.473357830855179	1.0	0.17150476574897766	12671863.34314145	4126049.3933158126	4126049.3933158126	0.0008462249781601809	0.019784021988418884	0.12349311087910844	5011200.0	0.105	0.16004707169932456
Saltmarsh_2_000000001	5097600.0	1	1	0.18602963473284298	0.37205926946568596	0.2371938582325864	0.4743877164651728	1.0	0.17150476574897766	12729679.828946795	4145129.801415355	4145129.801415355	0.0008051234829008456	0.01992052552417593	0.12429823436200929	5097600.0	0.105	0.16109051173316405
Saltmarsh_2_000000001	5184000.0	1	1	0.1864082900654649	0.3728165801309298	0.23768159379375367	0.47536318758750734	1.0	0.17150476574897766	12784566.515390353	4163242.791275061	4163242.791275061	0.0007658149293208218	0.020050399027054484	0.1250640492913301	5184000.0	0.105	0.16208300788156382
Saltmarsh_2_000000001	5270400.0	1	1	0.18676694665294163	0.37353389330588327	0.2381435509054699	0.4762871018109398	1.0	0.17150476574897766	12836664.3551821	4180434.965031584	4180434.965031584	0.0007282431108326069	0.020173931714325313	0.12579229240216272	5270400.0	0.105	0.1630268109532029
Saltmarsh_2_000000001	5356800.0	1	1	0.18710665387953831	0.37421330775907663	0.2385810842787086	0.4771621685574172	1.0	0.17150476574897766	12886108.329175666	4196750.943341499	4196750.943341499	0.0006923509800655092	0.020291403736641987	0.12648464338222826	5356800.0	0.105	0.1639240978233678
Saltmarsh_2_000000001	5443200.0	1	1	0.18742840681671022	0.37485681363342044	0.23899547827597778	0.47799095655195556	1.0	0.17150476574897766	12933027.607823117	4212233.419903202	4212233.419903202	0.0006580810571008254	0.020403086042415183	0.12714272443932909	5443200.0	0.105	0.1647769708733705
Saltmarsh_2_000000001	5529600.0	1	1	0.18773314894950416	0.3754662978990083	0.23938795047033395	0.4787759009406679	1.0	0.17150476574897766	12977545.71998021	4226923.218263088	4226923.218263088	0.0006253757832765904	0.02050924030803885	0.1277681002226057	5529600.0	0.105	0.165587457888497
Saltmarsh_2_000000001	5616000.0	1	1	0.18802177477605853	0.37604354955211705	0.23975965503522567	0.47951931007045134	1.0	0.17150476574897766	13019780.727054894	4240859.3502599355	4240859.3502599355	0.0005941778261114167	0.02061011892518826	0.12836227804871714	5616000.0	0.105	0.16635751235113744
Saltmarsh_2_000000001	5702400.0	1	1	0.18829513228485625	0.3765902645697125	0.24011168597187257	0.48022337194374515	1.0	0.17150476574897766	13059845.400760662	4254079.075548184	4254079.075548184	0.0005644303404360139	0.020705965037304905	0.12892670838915316	5702400.0	0.105	0.1670890140723425
Saltmarsh_2_000000001	5788800.0	1	1	0.18855402531439117	0.37710805062878233	0.24044508018080163	0.48089016036160326	1.0	0.17150476574897766	13097847.402975172	4266617.961717914	4266617.961717914	0.0005360771903853423	0.020797012618204228	0.1294627855795385	5788800.0	0.105	0.1677837701110819
Saltmarsh_2_000000001	5875200.0	1	1	0.18879921579988132	0.37759843159976264	0.24076082038404717	0.48152164076809434	1.0	0.17150476574897766	13133889.46641594	4278509.944597618	4278509.944597618	0.0005090631364954301	0.02088348658649266	0.12997184871603396	5875200.0	0.105	0.16844351593598003
Saltmarsh_2_000000001	5961600.0	1	1	0.1890314259116101	0.3780628518232202	0.2410598379043847	0.4821196758087694	1.0	0.17150476574897766	13168069.575032232	4289787.388386305	4289787.388386305	0.0004833339917665498	0.020965602950164978	0.13045518270780052	5961600.0	0.105	0.1690699167893095
Saltmarsh_2_000000001	6048000.0	1	1	0.1892513400894005	0.378502680178801	0.24134301530781166	0.4826860306156233	1.0	0.17150476574897766	13200481.143177584	4300481.14531498	4300481.14531498	0.0004588367501988516	0.02104356897637605	0.13091401945799938	6048000.0	0.105	0.1696645692175672
Saltmarsh_2_000000001	6134400.0	1	1	0.18945960697763725	0.3789192139552745	0.24161118891531874	0.4832223778306375	1.0	0.17150476574897766	13231213.192773445	4310620.614584612	4310620.614584612	0.00043551969097652826	0.021117583381946532	0.1313495391489759	6134400.0	0.105	0.17022900273707278
Saltmarsh_2_000000001	6220800.0	1	1	0.1896568412651454	0.3793136825302908	0.24186515118981605	0.4837303023796321	1.0	0.17150476574897766	13260350.527802909	4320233.800369342	4320233.800369342	0.0004133324611723839	0.021187836540674326	0.13176287161014832	6220800.0	0.105	0.17076468160675223
Saltmarsh_2_000000001	6307200.0	1	1	0.1898436254341191	0.3796872508682382	0.24210565300388925	0.4842113060077785	1.0	0.17150476574897766	13287973.905586697	4329347.368710124	4329347.368710124	0.0003922261395635229	0.0212545107039871	0.13215509774971185	6307200.0	0.105	0.17127300668362655
Saltmarsh_2_000000001	6393600.0	1	1	0.19002051142217152	0.38004102284434305	0.2423334057938701	0.4846668115877402	1.0	0.17150476574897766	13314160.204392564	4337986.703156107	4337986.703156107	0.0003721532838918129	0.02131778023188872	0.13252725103360366	6393600.0	0.105	0.17175531733955035
Saltmarsh_2_000000001	6480000.0	1	1	0.19018802220144773	0.38037604440289546	0.24254908360551006	0.4850981672110201	1.0	0.17150476574897766	13338982.587016482	4346175.959039104	4346175.959039104	0.00035306796366615587	0.021377811831529366	0.13288031899726985	6480000.0	0.105	0.17221289342046173
Saltmarsh_2_000000001	6566400.0	1	1	0.1903466532786102	0.3806933065572204	0.24275332503634917	0.48550665007269833	1.0	0.17150476574897766	13362510.660049591	4353938.116290998	4353938.116290998	0.00033492578038818444	0.021434764801066805	0.13321524477765806	6566400.0	0.105	0.17264695723184487
Saltmarsh_2_000000001	6652800.0	1	1	0.19049687411937302	0.38099374823874604	0.2429467350796782	0.4858934701593564	1.0	0.17150476574897766	13384810.628611233	4361295.0307353465	4361295.0307353465	0.0003176838768864411	0.021488791276790292	0.1335329286545445	6652800.0	0.105	0.17305867553628965
Saltmarsh_2_000000001	6739200.0	1	1	0.19063912950112458	0.38127825900224915	0.24312988687479684	0.48625977374959367	1.0	0.17150476574897766	13405945.446385868	4368267.483802923	4368267.483802923	0.00030130093726442667	0.02154003648175019	0.13383422959180896	6739200.0	0.105	0.17344916155098442
Saltmarsh_2_000000001	6825600.0	1	1	0.19077384079704365	0.3815476815940873	0.2433033233680801	0.4866066467361602	1.0	0.17150476574897766	13425974.960851371	4374875.230637049	4374875.230637049	0.000285737178806051	0.021588638974379196	0.134119966770615	6825600.0	0.105	0.17381947693471703
Saltmarsh_2_000000001	6912000.0	1	1	0.1909014071949804	0.3818028143899608	0.24346755888917768	0.48693511777835535	1.0	0.17150476574897766	13444956.053629287	4381137.04656841	4381137.04656841	0.0002709543370342654	0.021634730895807783	0.1343909211076493	6912000.0	0.105	0.1741706337555135
Saltmarsh_2_000000001	6998400.0	1	1	0.19102220685424	0.38204441370848	0.24362308064648622	0.48724616129297244	1.0	0.17150476574897766	13462942.77592447	4387070.771950922	4387070.771950922	0.0002569156449850271	0.021678438214769582	0.13464783675263434	6998400.0	0.105	0.1745035964314141
Saltmarsh_2_000000001	7084800.0	1	1	0.19113659800327795	0.3822731960065559	0.24377035014585638	0.48754070029171276	1.0	0.17150476574897766	13479986.479053207	4392693.355360418	4392693.355360418	0.0002435858076387451	0.021719880969163344	0.1348914225602731	7084800.0	0.105	0.17481928363811394
Saltmarsh_2_000000001	7171200.0	1	1	0.19124491998118706	0.3824898399623741	0.24390980453632127	0.48781960907264255	1.0	0.17150476574897766	13496135.940085672	4398020.895166529	4398020.895166529	0.0002309309723420687	0.02175917350349058	0.1351223535326152	7171200.0	0.105	0.1751185701782693
Saltmarsh_2_000000001	7257600.0	1	1	0.19134749422573333	0.38269498845146666	0.24404185788646432	0.48808371577292864	1.0	0.17150476574897766	13511437.48265147	4403068.679495445	4403068.679495445	0.00021891869595530924	0.02179642470152192	0.1353412722285705	7257600.0	0.105	0.1754022888082274
Saltmarsh_2_000000001	7344000.0	1	1	0.19144462521057565	0.3828892504211513	0.24416690239488045	0.4883338047897609	1.0	0.17150476574897766	13525935.092975836	4407851.224607344	4407851.224607344	0.00020751790937268214	0.021831738213664038	0.13554879013794321	7344000.0	0.105	0.1756712320187744
Saltmarsh_2_000000001	7430400.0	1	1	0.19153660133418735	0.3830732026683747	0.2442853095380266	0.4885706190760532	1.0	0.17150476574897766	13539670.531230103	4412382.311717337	4412382.311717337	0.00019669887998322727	0.021865212678603457	0.13574548901792644	7430400.0	0.105	0.17592615376723267
Saltmarsh_2_000000001	7516800.0	1	1	0.19162369576288366	0.3832473915257673	0.24439743115860468	0.48879486231720937	1.0	0.17150476574897766	13552683.438292906	4416675.022292932	4416675.022292932	0.00018643317256976724	0.021896941938894892	0.13593192219049624	7516800.0	0.105	0.17616777115888313
Saltmarsh_2_000000001	7603200.0	1	1	0.19170616723024944	0.3834123344604989	0.2445036004974728	0.4890072009949456	1.0	0.17150476574897766	13565011.438029202	4420741.771864343	4420741.771864343	0.00017669360907939663	0.02192701525024232	0.13610861579957567	7603200.0	0.105	0.17639676607625007
Saltmarsh_2_000000001	7689600.0	1	1	0.19178426079515484	0.3835685215903097	0.24460413317194005	0.4892082663438801	1.0	0.17150476574897766	13576690.235202514	4424594.342386685	4424594.342386685	0.00016745422764283258	0.021955517484290595	0.1362760700272185	7689600.0	0.105	0.17661378675527517
Saltmarsh_2_000000001	7776000.0	1	1	0.19185820856044497	0.38371641712088994	0.24469932810316306	0.4893986562063261	1.0	0.17150476574897766	13587753.70914234	4428243.91319503	4428243.91319503	0.0001586902411685638	0.021982529324806585	0.13643476026838708	7776000.0	0.105	0.17681944930782964
Saltmarsh_2_000000001	7862400.0	1	1	0.19192823035429088	0.38385646070858176	0.24478946839523305	0.4895789367904661	1.0	0.17150476574897766	13598234.003293434	4431701.09059492	4431701.09059492	0.00015037799579340275	0.022008127457181198	0.1365851382641805	7862400.0	0.105	0.17701433919037793
Saltmarsh_2_000000001	7948800.0	1	1	0.19199453437609468	0.38398906875218936	0.2448748221684166	0.4897496443368332	1.0	0.17150476574897766	13608161.610777173	4434975.936131924	4434975.936131924	0.00014249492943058453	0.02203238475122904	0.13672763319361111	7948800.0	0.105	0.17719901261892002
Saltmarsh_2_000000001	8035200.0	1	1	0.1920573178087509	0.3841146356175018	0.24495564334889403	0.48991128669778805	1.0	0.17150476574897766	13617565.45609743	4438077.993584469	4438077.993584469	0.0001350195306207662	0.022055370437301578	0.13686265272423193	8035200.0	0.105	0.17737399793060457
Saltmarsh_2_000000001	8121600.0	1	1	0.19211676739897973	0.38423353479795946	0.24503217241722403	0.49006434483444805	1.0	0.17150476574897766	13626472.973124428	4441016.314724564	4441016.314724564	0.00012793129786023427	0.022077150275762583	0.1369905840220922	8121600.0	0.105	0.1775397968926315
Saltmarsh_2_000000001	8208000.0	1	1	0.19217306000736328	0.38434612001472657	0.24510463711765446	0.4902092742353089	1.0	0.17150476574897766	13634910.179490434	4443799.483890969	4443799.483890969	0.00012121069955197891	0.022097786719902868	0.1371117947216442	8208000.0	0.105	0.1776968859592509
Saltmarsh_2_000000001	8294400.0	1	1	0.1922263631296377	0.3844527262592754	0.2451732531302937	0.4903465062605874	1.0	0.17150476574897766	13642901.747530539	4446435.641419247	4446435.641419247	0.0001148391347014742	0.02211733907239476	0.1372266338563457	8294400.0	0.105	0.17784571747782404
Saltmarsh_2_000000001	8380800.0	1	1	0.1922768353907164	0.3845536707814328	0.24523822470805748	0.49047644941611496	1.0	0.17150476574897766	13650471.071900638	4448932.505972569	4448932.505972569	0.00010879889445634602	0.0221358636354065	0.13733543275080204	8380800.0	0.105	0.17798672084503944
Saltmarsh_2_000000001	8467200.0	1	1	0.19232462701284792	0.38464925402569583	0.24529974528021034	0.4905994905604207	1.0	0.17150476574897766	13657640.334003007	4451297.395816706	4451297.395816706	0.00010307312457095291	0.02215341385451258	0.13743850587537298	8467200.0	0.105	0.17812030361448342
Saltmarsh_2_000000001	8553600.0	1	1	0.1923698802592411	0.3847397605184822	0.24535799802422997	0.49071599604845995	1.0	0.17150476574897766	13664430.563347708	4453537.249081744	4453537.249081744	9.764578885935321e-05	0.022170040456549366	0.13753615166423233	8553600.0	0.105	0.1782468525568451
Saltmarsh_2_000000001	8640000.0	1	1	0.19241272985442523	0.38482545970885046	0.24541315640763575	0.4908263128152715	1.0	0.17150476574897766	13670861.69597549	4455658.643052261	4455658.643052261	9.250163368598394e-05	0.022185791581575322	0.13762865329791835	8640000.0	0.105	0.1783667346741022
Saltmarsh_2_000000001	8726400.0	1	1	0.19245330338254787	0.38490660676509575	0.24546538470134002	0.49093076940268005	1.0	0.17150476574897766	13676952.63006507	4457667.812526732	4457667.812526732	8.762615353040751e-05	0.022200712909103252	0.13771627945144876	8726400.0	0.105	0.17848029816907762
Saltmarsh_2_000000001	8812800.0	1	1	0.19249172166475412	0.38498344332950823	0.24551483846600222	0.49102967693200444	1.0	0.17150476574897766	13682721.27884447	4459570.667285872	4459570.667285872	8.300555765149847e-05	0.02221484777877786	0.1377992850091003	8812800.0	0.105	0.178587873371794
Saltmarsh_2_000000001	8899200.0	1	1	0.19252809911673202	0.38505619823346404	0.2455616650127899	0.4911233300255798	1.0	0.17150476574897766	13688184.620922964	4461372.808708511	4461372.808708511	7.862673786659946e-05	0.022228237305675958	0.13787791174696692	8899200.0	0.105	0.17868977362406915
Saltmarsh_2_000000001	8985600.0	1	1	0.1925625440874553	0.3851250881749106	0.2456060038398806	0.4912120076797612	1.0	0.17150476574897766	13693358.7481566	4463079.54557249	4463079.54557249	7.447723745331036e-05	0.02224092049040914	0.13795238898442025	8985600.0	0.105	0.17878629612380864
Saltmarsh_2_000000001	9072000.0	1	1	0.19259515918010134	0.3851903183602027	0.2456479870459693	0.4912959740919386	1.0	0.17150476574897766	13698258.91115687	4464695.909076822	4464695.909076822	7.054522117405995e-05	0.02225293432421005	0.1380229342055943	9072000.0	0.105	0.17887772273045022
Saltmarsh_2_000000001	9158400.0	1	1	0.19262604155607285	0.3852520831121457	0.24568773972198202	0.49137547944396404	1.0	0.17150476574897766	13702899.562548438	4466226.66712021	4466226.66712021	6.681944641767981e-05	0.02226431388918337	0.138089753652012	9158400.0	0.105	0.17896432073300758
Saltmarsh_2_000000001	9244800.0	1	1	0.1926552832230046	0.3853105664460092	0.2457253803221349	0.4914507606442698	1.0	0.17150476574897766	13707294.398078185	4467676.337869801	4467676.337869801	6.32892354473294e-05	0.022275092453901673	0.13815304288745936	9244800.0	0.105	0.17904634358214733
Saltmarsh_2_000000001	9331200.0	1	1	0.19268297130759107	0.38536594261518214	0.24576102101541883	0.49152204203083766	1.0	0.17150476574897766	13711456.395674288	4469049.202652789	4469049.202652789	5.99444487393401e-05	0.022285301564524605	0.13821298733619872	9331200.0	0.105	0.17912403158771356
Saltmarsh_2_000000001	9417600.0	1	1	0.19270918831402864	0.3854183766280573	0.24579476801853484	0.4915895360370697	1.0	0.17150476574897766	13715397.852550248	4470349.318202332	4470349.318202332	5.677545939424336e-05	0.022294971131617415	0.138269762795593	9417600.0	0.105	0.17919761258308853
Saltmarsh_2_000000001	9504000.0	1	1	0.19273401236882423	0.38546802473764846	0.24582672191125202	0.49165344382250403	1.0	0.17150476574897766	13719130.420445362	4471580.528288008	4471580.528288008	5.3773128598288283e-05	0.02230412951284175	0.1383235359241913	9504000.0	0.105	0.17926730255775192
Saltmarsh_2_000000001	9590400.0	1	1	0.19275751745268485	0.3855150349053697	0.2458569779351101	0.4917139558702202	1.0	0.17150476574897766	13722665.13908939	4472746.474759861	4472746.474759861	5.092878211111415e-05	0.02231280359168819	0.13837446470630246	9590400.0	0.105	0.179333306259368
Saltmarsh_2_000000001	9676800.0	1	1	0.19277977362016455	0.3855595472403291	0.2458856262763406	0.4917712525526812	1.0	0.17150476574897766	13726012.467975799	4473850.608033921	4473850.608033921	4.823418775359509e-05	0.022321018852416007	0.1384226988940561	9676800.0	0.105	0.1793958177666967
Saltmarsh_2_000000001	9763200.0	1	1	0.19280084720771104	0.3856016944154221	0.24591275233383555	0.4918255046676711	1.0	0.17150476574897766	13729182.31652443	4474896.197045947	4474896.197045947	4.568153386822274e-05	0.022328799451361514	0.1384683804279243	9763200.0	0.105	0.1794550210345899
Saltmarsh_2_000000001	9849600.0	1	1	0.1928208010307208	0.3856416020614416	0.24593843697294945	0.4918768739458989	1.0	0.17150476574897766	13732184.072711132	4475886.338699007	4475886.338699007	4.3263408723077934e-05	0.02233616828477196	0.13851164383664744	9849600.0	0.105	0.17951109041229507
Saltmarsh_2_000000001	9936000.0	1	1	0.19283969457017971	0.38567938914035943	0.24596275676587961	0.49192551353175923	1.0	0.17150476574897766	13735026.630238567	4476823.966829431	4476823.966829431	4.097278083015771e-05	0.022343147053316997	0.1385526166174776	9936000.0	0.105	0.17956419113625097
Saltmarsh_2_000000001	10022400.0	1	1	0.19285758414943693	0.38571516829887387	0.2459857842193312	0.4919715684386624	1.0	0.17150476574897766	13737718.414319223	4477711.860714633	4477711.860714633	3.8802980147793764e-05	0.02234975632342537	0.13859141959762544	10022400.0	0.105	0.17961447979852257
Saltmarsh_2_000000001	10108800.0	1	1	0.19287452310163034	0.38574904620326067	0.24600758799013608	0.49201517598027217	1.0	0.17150476574897766	13740267.4061386	4478552.653145211	4478552.653145211	3.6747680136610394e-05	0.022356015585589445	0.13862816727776206	10108800.0	0.105	0.17966210479197964
Saltmarsh_2_000000001	10195200.0	1	1	0.19289056192825604	0.3857811238565121	0.24602823308946048	0.49205646617892096	1.0	0.17150476574897766	13742681.166063422	4479348.838082818	4479348.838082818	3.4800880639025006e-05	0.022361943309775065	0.1386629681584011	10195200.0	0.105	0.17970720673328786
Saltmarsh_2_000000001	10281600.0	1	1	0.19290574844934785	0.3858114968986957	0.24604778107620245	0.4920955621524049	1.0	0.17150476574897766	13744966.855656989	4480102.777924267	4480102.777924267	3.2956891551444434e-05	0.02236755699806989	0.13869592504995257	10281600.0	0.105	0.1797499188647385
Saltmarsh_2_000000001	10368000.0	1	1	0.1929201279457085	0.385840255891417	0.24606629024014934	0.4921325804802987	1.0	0.17150476574897766	13747131.258560762	4480816.710391421	4480816.710391421	3.1210317259312836e-05	0.02237287323469779	0.1387271353672119	10368000.0	0.105	0.17979036743590662
Saltmarsh_2_000000001	10454400.0	1	1	0.19293374329361196	0.3858674865872239	0.2460838157754354	0.4921676315508708	1.0	0.17150476574897766	13749180.800298743	4481492.75506555	4481492.75506555	2.9556041805239852e-05	0.022377907733522513	0.13875669140901714	10454400.0	0.105	0.17982867206608624
Saltmarsh_2_000000001	10540800.0	1	1	0.1929466350923734	0.3858932701847468	0.24610040994481136	0.4922008198896227	1.0	0.17150476574897766	13751121.567058517	4482132.919583938	4482132.919583938	2.7989214760826275e-05	0.022382675383158863	0.13878468062377797	10540800.0	0.105	0.17986494608841624
Saltmarsh_2_000000001	10627200.0	1	1	0.19295884178516332	0.38591768357032663	0.2461161222352112	0.4922322444704224	1.0	0.17150476574897766	13752959.323500274	4482739.1055156905	4482739.1055156905	2.650523777357819e-05	0.022387190289804876	0.13881118586155158	10627200.0	0.105	0.17989929687657086
Saltmarsh_2_000000001	10713600.0	1	1	0.19297039977342215	0.3859407995468443	0.24613099950507533	0.49226199901015066	1.0	0.17150476574897766	13754699.529642833	4483313.113932928	4483313.113932928	2.5099751760786215e-05	0.022391465817903855	0.1388362856133124	10713600.0	0.105	0.17993182615485287
Saltmarsh_2_000000001	10800000.0	1	1	0.19298134352521326	0.3859626870504265	0.2461450861238663	0.4922901722477326	1.0	0.17150476574897766	13756347.356873197	4483856.650692752	4483856.650692752	2.3768624723068815e-05	0.02239551462874069	0.1388600542380355	10800000.0	0.105	0.179962630292494
Saltmarsh_2_000000001	10886400.0	1	1	0.19299170567783452	0.38598341135566905	0.24615842410418892	0.49231684820837784	1.0	0.17150476574897766	13757907.703124149	4484371.331444619	4484371.331444619	2.250794015067406e-05	0.022399348717072422	0.1388825621781862	10886400.0	0.105	0.17999180058292932
Saltmarsh_2_000000001	10972800.0	1	1	0.19300151713499167	0.38600303426998334	0.24617105322690666	0.4923421064538133	1.0	0.17150476574897766	13759385.207262037	4484858.686377152	4484858.686377152	2.131398599715742e-05	0.022402979445888604	0.13890387616418337	10972800.0	0.105	0.18001942350878164
Saltmarsh_2_000000001	11059200.0	1	1	0.19301080715882094	0.38602161431764187	0.24618301115962368	0.49236602231924737	1.0	0.17150476574897766	13760784.262725085	4485320.164717553	4485320.164717553	2.0183244194744293e-05	0.02240641757939302	0.13892405940837815	11059200.0	0.105	0.1800455809932581
Saltmarsh_2_000000001	11145600.0	1	1	0.1930196034570332	0.3860392069140664	0.24619433356888423	0.49238866713776847	1.0	0.17150476574897766	13762109.030450383	4485757.138996364	4485757.138996364	1.9112380687628938e-05	0.02240967331429419	0.1389431717890658	11145600.0	0.105	0.18007035063862928
Saltmarsh_2_000000001	11232000.0	1	1	0.19302793226543763	0.38605586453087526	0.2462050542264214	0.4924101084528428	1.0	0.17150476574897766	13763363.451126046	4486170.909089506	4486170.909089506	1.8098235959468356e-05	0.02241275630948806	0.13896127002502523	11232000.0	0.105	0.1800938059524327
Saltmarsh_2_000000001	11318400.0	1	1	0.19303581842608925	0.3860716368521785	0.24621520510977027	0.49243041021954054	1.0	0.17150476574897766	13764551.256803086	4486562.706049081	4486562.706049081	1.713781603261688e-05	0.02241567571421279	0.13897840784105786	11318400.0	0.105	0.180116016562011
Saltmarsh_2_000000001	11404800.0	1	1	0.19304328546129187	0.38608657092258375	0.24622481649754388	0.49244963299508776	1.0	0.17150476574897766	13765675.981899913	4486933.695733742	4486933.695733742	1.6228283917077424e-05	0.022418440194751633	0.13899463612497492	11404800.0	0.105	0.18013704841796752
Saltmarsh_2_000000001	11491200.0	1	1	0.19305035564367598	0.38610071128735196	0.24623391705965425	0.4924678341193085	1.0	0.17150476574897766	13766740.973630747	4487284.98224899	4487284.98224899	1.5366951488595543e-05	0.022421057959756355	0.13901000307646355	11491200.0	0.105	0.18015696398709677
Saltmarsh_2_000000001	11577600.0	1	1	0.19305705006255888	0.38611410012511777	0.2462425339427466	0.4924850678854932	1.0	0.17150476574897766	13767749.401887612	4487617.61120719	4487617.61120719	1.4551271775305186e-05	0.022423536784260647	0.13902455434823888	11577600.0	0.105	0.18017582243531757
Saltmarsh_2_000000001	11664000.0	1	1	0.19306338868678447	0.38612677737356893	0.2462506928511	0.4925013857022	1.0	0.17150476574897766	13768704.26860418	4487932.572816614	4487932.572816614	1.377883163387536e-05	0.022425884032449196	0.13903833317987277	11664000.0	0.105	0.18019367980111514
Saltmarsh_2_000000001	11750400.0	1	1	0.19306939042422872	0.38613878084845743	0.24625841812323482	0.49251683624646964	1.0	0.17150476574897766	13769608.416628234	4488230.804808377	4488230.804808377	1.3047344796422722e-05	0.022428106679245465	0.1390513805246692	11750400.0	0.105	0.1802105891599713
Saltmarsh_2_000000001	11836800.0	1	1	0.19307507317814762	0.38615014635629524	0.24626573280445438	0.49253146560890876	1.0	0.17150476574897766	13770464.538128255	4488513.195209649	4488513.195209649	1.2354645270485493e-05	0.02243021133077776	0.1390637351699397	11836800.0	0.105	0.18022660078024183
Saltmarsh_2_000000001	11923200.0	1	1	0.1930804539005348	0.3861609078010696	0.24627265871553614	0.49254531743107227	1.0	0.17150476574897766	13771275.182558255	4488780.584971134	4488780.584971134	1.1698681074898826e-05	0.02243220424378077	0.13907543385101462	11923200.0	0.105	0.18024176227091493
Saltmarsh_2_000000001	12009600.0	1	1	0.19308554864264724	0.3861710972852945	0.2462792165177768	0.4925584330355536	1.0	0.17150476574897766	13772042.764203848	4489033.770456381	4489033.770456381	1.107750829535542e-05	0.02243409134398655	0.13908651135931	12009600.0	0.105	0.18025611872166578
Saltmarsh_2_000000001	12096000.0	1	1	0.19309037260284942	0.38618074520569884	0.24628542577458437	0.49257085154916874	1.0	0.17150476574897766	13772769.569331313	4489273.505800135	4489273.505800135	1.048928544401112e-05	0.022435878243556667	0.13909700064475405	12096000.0	0.105	0.18026971283560125
Saltmarsh_2_000000001	12182400.0	1	1	0.19309494017191756	0.3861898803438351	0.2462913050098006	0.4925826100196012	1.0	0.17150476574897766	13773457.762960382	4489500.505142512	4489500.505142512	9.93226810805381e-06	0.022437570257604504	0.13910693291286214	12182400.0	0.105	0.18028258505506936
Saltmarsh_2_000000001	12268800.0	1	1	0.19309926497593904	0.3861985299518781	0.24629687176292647	0.49259374352585295	1.0	0.17150476574897766	13774109.395280277	4489715.444745516	4489715.444745516	9.404803873284961e-06	0.022439172419854297	0.13911633771673543	12268800.0	0.105	0.18029477368088914
Saltmarsh_2_000000001	12355200.0	1	1	0.19310335991693447	0.38620671983386895	0.24630214264141603	0.49260428528283207	1.0	0.17150476574897766	13774726.40772772	4489918.9649980245	4489918.9649980245	8.905327508790944e-06	0.022440689497481334	0.13912524304424423	12355200.0	0.105	0.18030631498534055
Saltmarsh_2_000000001	12441600.0	1	1	0.1931072372113226	0.3862144744226452	0.24630713337019297	0.49261426674038594	1.0	0.17150476574897766	13775310.638744513	4490111.67231505	4490111.67231505	8.432356399867141e-06	0.022442126005175384	0.13913367540064414	12441600.0	0.105	0.18031724331923482
Saltmarsh_2_000000001	12528000.0	1	1	0.19311090842634346	0.3862218168526869	0.24631185883853815	0.4926237176770763	1.0	0.17150476574897766	13775863.829231437	4490294.1409368515	4490294.1409368515	7.984486216829761e-06	0.022443486218467427	0.13914165988686097	12528000.0	0.105	0.18032759121337186
Saltmarsh_2_000000001	12614400.0	1	1	0.19311438451454702	0.38622876902909403	0.24631633314448695	0.4926326662889739	1.0	0.17150476574897766	13776387.627714446	4490466.91463308	4490466.91463308	7.560386807718006e-06	0.022444774186357683	0.13914922027366872	12614400.0	0.105	0.18033738947467468
Saltmarsh_2_000000001	12700800.0	1	1	0.19311767584645076	0.3862353516929015	0.24632056963686902	0.49264113927373804	1.0	0.17150476574897766	13776883.59523812	4490630.508317012	4490630.508317012	7.158798303884967e-06	0.022445993743281177	0.13915637907197265	12700800.0	0.105	0.18034666727727655
Saltmarsh_2_000000001	12787200.0	1	1	0.1931207922414628	0.3862415844829256	0.2463245809551151	0.4926491619102302	1.0	0.17150476574897766	13777353.210000752	4490785.409574497	4490785.409574497	6.778527427458297e-06	0.022447148520445024	0.13916315759940012	12787200.0	0.105	0.18035545224882257
Saltmarsh_2_000000001	12873600.0	1	1	0.1931237429971629	0.3862474859943258	0.24632837906694985	0.4926567581338997	1.0	0.17150476574897766	13777797.871744607	4490932.080112162	4490932.080112162	6.418443990695993e-06	0.022448241956570116	0.1391695760433908	12873600.0	0.105	0.1803637705522345
Saltmarsh_2_000000001	12960000.0	1	1	0.19312653691702825	0.3862530738340565	0.24633197530408238	0.49266395060816476	1.0	0.17150476574897766	13778218.905914182	4491070.957129089	4491070.957129089	6.0774775773250744e-06	0.02244927730806812	0.1391756535209681	12960000.0	0.105	0.18037164696317468
Saltmarsh_2_000000001	13046400.0	1	1	0.19312918233668683	0.38625836467337366	0.24633538039600134	0.49267076079200267	1.0	0.17150476574897766	13778617.567594698	4491202.454615974	4491202.454615974	5.754614396724644e-06	0.022450257658683144	0.13918140813536486	13046400.0	0.105	0.18037910494343287
Saltmarsh_2_000000001	13132800.0	1	1	0.1931316871487762	0.3862633742975524	0.24633860450197465	0.4926772090039493	1.0	0.17150476574897766	13778995.045242341	4491326.964585604	4491326.964585604	5.4488943020750136e-06	0.022451185928625945	0.13918685702966693	13132800.0	0.105	0.18038616671044835
Saltmarsh_2_000000001	13219200.0	1	1	0.19313405882648207	0.38626811765296415	0.24634165724134952	0.49268331448269903	1.0	0.17150476574897766	13779352.464217212	4491444.858238252	4491444.858238252	5.159407964121926e-06	0.022452064883227138	0.13919201643763104	13219200.0	0.105	0.18039285330316984
Saltmarsh_2_000000001	13305600.0	1	1	0.19313630444582633	0.38627260889165266	0.24634454772224282	0.49268909544448564	1.0	0.17150476574897766	13779690.89012941	4491556.487065411	4491556.487065411	4.885294192517181e-06	0.022452897141134538	0.13919690173182359	13305600.0	0.105	0.18039918464444335
Saltmarsh_2_000000001	13392000.0	1	1	0.19313843070677128	0.38627686141354256	0.24634728456870728	0.49269456913741455	1.0	0.17150476574897766	13780011.332008021	4491662.183895131	4491662.183895131	4.625737397269403e-06	0.022453685182078385	0.13920152746922088	13392000.0	0.105	0.18040517960011027
Saltmarsh_2_000000001	13478400.0	1	1	0.19314044395320276	0.3862808879064055	0.2463498759464546	0.4926997518929092	1.0	0.17150476574897766	13780314.745302416	4491762.2638820205	4491762.2638820205	4.3799651830433994e-06	0.022454431354227058	0.13920590743440395	13478400.0	0.105	0.18041085603498752
Saltmarsh_2_000000001	13564800.0	1	1	0.19314235019185166	0.3862847003837033	0.24635232958721195	0.4927046591744239	1.0	0.17150476574897766	13780602.034724614	4491857.0254448345	4491857.0254448345	4.147246069393512e-06	0.02245513788115478	0.13921005468047337	13564800.0	0.105	0.18041623086589348
Saltmarsh_2_000000001	13651200.0	1	1	0.1931441551102102	0.3862883102204204	0.24635465281178429	0.49270930562356857	1.0	0.17150476574897766	13780874.056941196	4491946.751154422	4491946.751154422	3.92688733056451e-06	0.022455806868441546	0.13921398156780396	13651200.0	0.105	0.18042132011187392
Saltmarsh_2_000000001	13737600.0	1	1	0.19314586409349652	0.38629172818699303	0.24635685255189163	0.49271370510378326	1.0	0.17150476574897766	13781131.623122599	4492031.708574634	4492031.708574634	3.718232948594219e-06	0.022456440309924577	0.13921769980075255	13737600.0	0.105	0.18042613894177534
Saltmarsh_2_000000001	13824000.0	1	1	0.19314748224071776	0.3862949644814355	0.2463589353708459	0.4927178707416918	1.0	0.17150476574897766	13781375.501357406	4492112.1510586925	4492112.1510586925	3.520661673830222e-06	0.022457040093619634	0.1392212204624264	13824000.0	0.105	0.18043070171930464
Saltmarsh_2_000000001	13910400.0	1	1	0.19314901437987989	0.38629802875975977	0.24636090748312933	0.49272181496625866	1.0	0.17150476574897766	13781606.418938702	4492188.318503361	4492188.318503361	3.3335851873581013e-06	0.02245760800732945	0.1392245540476138	13910400.0	0.105	0.1804350220457075
Saltmarsh_2_000000001	13996800.0	1	1	0.19315046508238937	0.38630093016477873	0.24636277477293247	0.49272554954586495	1.0	0.17150476574897766	13781825.064529262	4492260.438063158	4492260.438063158	3.15644636006418e-06	0.022458145743955726	0.1392277104939739	13996800.0	0.105	0.18043911280019015
Saltmarsh_2_000000001	14083200.0	1	1	0.19315183867668956	0.3863036773533791	0.24636454281170728	0.49272908562341455	1.0	0.17150476574897766	13782032.090212032	4492328.724826698	4492328.724826698	2.9887176031528906e-06	0.02245865490653034	0.13923069921157707	14083200.0	0.105	0.18044298617820387
Saltmarsh_2_000000001	14169600.0	1	1	0.1931531392611728	0.3863062785223456	0.24636621687478744	0.49273243374957487	1.0	0.17150476574897766	13782228.11343186	4492393.382457202	4492393.382457202	2.8298993055668464e-06	0.022459137012980444	0.13923352911088266	14169600.0	0.105	0.18044665372770394
Saltmarsh_2_000000001	14256000.0	1	1	0.19315437071640612	0.38630874143281224	0.24636780195712568	0.49273560391425136	1.0	0.17150476574897766	13782413.718834328	4492454.603799032	4492454.603799032	2.679518353608523e-06	0.022459593500641552	0.1392362086292363	14256000.0	0.105	0.18045012638349026
Saltmarsh_2_000000001	14342400.0	1	1	0.1931555367167075	0.386311073433415	0.24636930278819477	0.49273860557638954	1.0	0.17150476574897766	13782589.460007062	4492512.57145208	4492512.57145208	2.5371267286522503e-06	0.02246002573053175	0.13923874575596495	14342400.0	0.105	0.18045341449973057
Saltmarsh_2_000000001	14428800.0	1	1	0.19315664074110708	0.38631328148221417	0.24637072384609662	0.49274144769219325	1.0	0.17150476574897766	13782755.861128718	4492567.458315685	4492567.458315685	2.4023001786235842e-06	0.022460434991399804	0.13924114805614363	14428800.0	0.105	0.18045652788076214
Saltmarsh_2_000000001	14515200.0	1	1	0.19315768608372577	0.38631537216745154	0.24637206937092182	0.49274413874184364	1.0	0.17150476574897766	13782913.418530483	4492619.428103706	4492619.428103706	2.274636959669063e-06	0.02246082250355886	0.13924342269310327	14515200.0	0.105	0.18045947581026184
Saltmarsh_2_000000001	14601600.0	1	1	0.19315867586360247	0.38631735172720494	0.24637334337739913	0.49274668675479827	1.0	0.17150476574897766	13783062.602174781	4492668.635832267	4492668.635832267	2.1537566440785194e-06	0.022461189422517257	0.1392455764497474	14601600.0	0.105	0.1804622670788726
Saltmarsh_2_000000001	14688000.0	1	1	0.19315961303399895	0.3863192260679979	0.24637454966687286	0.4927490993337457	1.0	0.17150476574897766	13783203.85705552	4492715.228281649	4492715.228281649	2.039298991233368e-06	0.022461536842417012	0.13924761574873862	14688000.0	0.105	0.18046491001036527
Saltmarsh_2_000000001	14774400.0	1	1	0.1931605003912105	0.386321000782421	0.2463756918386436	0.4927513836772872	1.0	0.17150476574897766	13783337.604524037	4492759.344433644	4492759.344433644	1.930922878090602e-06	0.022461865799290128	0.13924954667161676	14774400.0	0.105	0.18046741248641532
Saltmarsh_2_000000001	14860800.0	1	1	0.1931613405829081	0.3863226811658162	0.24637677330070654	0.4927535466014131	1.0	0.17150476574897766	13783464.24354473	4492801.115885728	4492801.115885728	1.8283052861424454e-06	0.022462177274142497	0.13925137497690293	14860800.0	0.105	0.1804697819700662
Saltmarsh_2_000000001	14947200.0	1	1	0.19316213611603758	0.38632427223207516	0.24637779727991885	0.4927555945598377	1.0	0.17150476574897766	13783584.15188401	4492840.66724325	4492840.66724325	1.73114034201019e-06	0.022462472195874238	0.13925310611724495	14947200.0	0.105	0.18047202552794947
Saltmarsh_2_000000001	15033600.0	1	1	0.1931628893642987	0.3863257787285974	0.24637876683162696	0.4927575336632539	1.0	0.17150476574897766	13783697.687236195	4492878.1164907925	4492878.1164907925	1.6391384085219507e-06	0.022462751444045442	0.1392547452556535	15033600.0	0.105	0.18047414985132695
Saltmarsh_2_000000001	15120000.0	1	1	0.19316360257522705	0.3863272051504541	0.24637968484878214	0.4927593696975643	1.0	0.17150476574897766	13783805.188289637	4492913.575343853	4492913.575343853	1.5520252241024712e-06	0.022463015851495162	0.13925629728087768	15120000.0	0.105	0.18047616127601748
Saltmarsh_2_000000001	15206400.0	1	1	0.19316427787689935	0.3863285557537987	0.24638055407057152	0.49276110814114304	1.0	0.17150476574897766	13783906.97573624	4492947.149581823	4492947.149581823	1.4695410874704384e-06	0.022463266206821642	0.13925776682196517	15206400.0	0.105	0.18047806580126685
Saltmarsh_2_000000001	15292800.0	1	1	0.19316491728428262	0.38632983456856523	0.24638137709059063	0.49276275418118126	1.0	0.17150476574897766	13784003.353227425	4492978.939363315	4492978.939363315	1.3914400855581655e-06	0.022463503256731018	0.13925915826205076	15292800.0	0.105	0.1804798691076178
Saltmarsh_2_000000001	15379200.0	1	1	0.19316552270524576	0.3863310454104915	0.2463821563645814	0.4927643127291628	1.0	0.17150476574897766	13784094.608279336	4493009.039524748	4493009.039524748	1.31748936224238e-06	0.022463727708261497	0.139260475751413	15379200.0	0.105	0.18048157657383126
Saltmarsh_2_000000001	15465600.0	1	1	0.19316609594625184	0.3863321918925037	0.24638289421775922	0.49276578843551844	1.0	0.17150476574897766	13784181.013129955	4493037.539863072	4493037.539863072	1.2474684258322044e-06	0.02246394023088953	0.13926172321983887	15465600.0	0.105	0.18048319329291118
Saltmarsh_2_000000001	15552000.0	1	1	0.19316663871774764	0.3863332774354953	0.24638359285175016	0.4927671857035003	1.0	0.17150476574897766	13784262.825550783	4493064.525403487	4493064.525403487	1.1811684930869426e-06	0.022464141458524347	0.13926290438833197	15552000.0	0.105	0.18048472408727823
Saltmarsh_2_000000001	15638400.0	1	1	0.19316715263926693	0.38633430527853385	0.24638425435115985	0.4927685087023197	1.0	0.17150476574897766	13784340.289615344	4493090.076652943	4493090.076652943	1.1183918681503813e-06	0.022464331991396566	0.13926402278020014	15638400.0	0.105	0.18048617352313936
Saltmarsh_2_000000001	15724800.0	1	1	0.19316763924426245	0.3863352784885249	0.24638488068979322	0.49276976137958645	1.0	0.17150476574897766	13784413.636426935	4493114.269840193	4493114.269840193	1.058951354219323e-06	0.022464512397846748	0.13926508173155439	15724800.0	0.105	0.18048754592409447
Saltmarsh_2_000000001	15811200.0	1	1	0.19316809998468112	0.38633619996936225	0.24638547373654346	0.4927709474730869	1.0	0.17150476574897766	13784483.084807701	4493137.177143076	4493137.177143076	1.002669696423264e-06	0.02246468321601896	0.1392660844012508	15811200.0	0.105	0.18048884538402102
Saltmarsh_2_000000001	15897600.0	1	1	0.1931685362352962	0.3863370724705924	0.24638603526096828	0.49277207052193656	1.0	0.17150476574897766	13784548.841951152	4493158.866903751	4493158.866903751	9.493790542706992e-07	0.022464844955464486	0.13926703378030508	15897600.0	0.105	0.18049007577927542
Saltmarsh_2_000000001	15984000.0	1	1	0.19316894929780892	0.38633789859561785	0.24638656693856947	0.49277313387713895	1.0	0.17150476574897766	13784611.104039993	4493179.403832488	4493179.403832488	8.98920501962025e-07	0.022464998098660476	0.1392679327008071	15984000.0	0.105	0.18049124078024598
Saltmarsh_2_000000001	16070400.0	1	1	0.19316934040473244	0.3863386808094649	0.24638707035579221	0.49277414071158443	1.0	0.17150476574897766	13784670.056831153	4493198.849200638	4493198.849200638	8.511435552367719e-07	0.022465143102447953	0.1392687838443623	16070400.0	0.105	0.18049234386229357
Saltmarsh_2_000000001	16156800.0	1	1	0.19316971072306913	0.38633942144613825	0.2463875470147585	0.492775094029517	1.0	0.17150476574897766	13784725.87620973	4493217.261023354	4493217.261023354	8.05905723294531e-07	0.022465280399393474	0.13926958975008566	16156800.0	0.105	0.180493388316111
Saltmarsh_2_000000001	16243200.0	1	1	0.19317006135779263	0.38634012271558527	0.246387998337749	0.492775996675498	1.0	0.17150476574897766	13784778.728713557	4493234.694232621	4493234.694232621	7.630720844920003e-07	0.022465410399078616	0.13927035282217015	16243200.0	0.105	0.18049437725753253
Saltmarsh_2_000000001	16329600.0	1	1	0.1931703933551447	0.3863407867102894	0.24638842567144664	0.4927768513428933	1.0	0.17150476574897766	13784828.772029838	4493251.200841063	4493251.200841063	7.225148844318408e-07	0.022465533489320882	0.1392710753370546	16329600.0	0.105	0.18049531363682278
Saltmarsh_2_000000001	16416000.0	1	1	0.19317070770575678	0.38634141541151357	0.24638883029095487	0.49277766058190975	1.0	0.17150476574897766	13784876.155465463	4493266.830097079	4493266.830097079	6.84113155523941e-07	0.022465650037329872	0.13927175945021014	16416000.0	0.105	0.18049620024747234
Saltmarsh_2_000000001	16502400.0	1	1	0.193171005347606	0.386342010695212	0.24638921340360215	0.4927784268072043	1.0	0.17150476574897766	13784921.020392306	4493281.6286317315	4493281.6286317315	6.477523566000842e-07	0.02246576039080206	0.13927240720256673	16502400.0	0.105	0.1804970397345265
Saltmarsh_2_000000001	16588800.0	1	1	0.1931712871688136	0.3863425743376272	0.24638957615254425	0.4927791523050885	1.0	0.17150476574897766	13784963.50066888	4493295.640597811	4493295.640597811	6.133240316556765e-07	0.0224658648789574	0.1392730205265984	16588800.0	0.105	0.18049783460247154
Saltmarsh_2_000000001	16675200.0	1	1	0.1931715540102949	0.3863431080205898	0.24638991962017526	0.4927798392403505	1.0	0.17150476574897766	13785003.723039595	4493308.907801546	4493308.907801546	5.807254867748468e-07	0.022465963813520957	0.1392736012520852	16675200.0	0.105	0.18049858722270243
Saltmarsh_2_000000001	16761600.0	1	1	0.19317180666826841	0.38634361333653683	0.24639024483135702	0.49278048966271404	1.0	0.17150476574897766	13785041.80751279	4493321.4698272925	4493321.4698272925	5.498594841009397e-07	0.02246605748965236	0.13927415111156935	16761600.0	0.105	0.18049929984059387
Saltmarsh_2_000000001	16848000.0	1	1	0.19317204589663153	0.38634409179326307	0.24639055275647725	0.4927811055129545	1.0	0.17150476574897766	13785077.86771869	4493333.364155603	4493333.364155603	5.206339520960612e-07	0.02246614618682592	0.13927467174552147	16848000.0	0.105	0.18049997458219583
Saltmarsh_2_000000001	16934400.0	1	1	0.19317227240920995	0.3863445448184199	0.24639084431434483	0.49278168862868965	1.0	0.17150476574897766	13785112.011248354	4493344.626275028	4493344.626275028	4.929617111668061e-07	0.022466230169663974	0.13927516470723267	16934400.0	0.105	0.18050061346057356
Saltmarsh_2_000000001	17020800.0	1	1	0.19317248688188765	0.3863449737637753	0.24639112037493133	0.49278224074986265	1.0	0.17150476574897766	13785144.339974612	4493355.289787982	4493355.289787982	4.6676021385819166e-07	0.022466309688726052	0.13927563146744654	17020800.0	0.105	0.1805012183818107
Saltmarsh_2_000000001	17107200.0	1	1	0.1931726899546234	0.3863453799092468	0.24639138176196687	0.49278276352393374	1.0	0.17150476574897766	13785174.950355938	4493365.386510963	4493365.386510963	4.4195129877272477e-07	0.02246638498125604	0.13927607341874532	17107200.0	0.105	0.18050179115069392
Saltmarsh_2_000000001	17193600.0	1	1	0.19317288223336043	0.38634576446672086	0.24639162925539798	0.49278325851079596	1.0	0.17150476574897766	13785203.933724187	4493374.9465694735	4493374.9465694735	4.184609576629583e-07	0.022466456271889704	0.139276491879703	17193600.0	0.105	0.18050233347609512
Saltmarsh_2_000000001	17280000.0	1	1	0.19317306429183434	0.3863461285836687	0.24639186359371468	0.49278372718742935	1.0	0.17150476574897766	13785231.376557041	4493383.998487884	4493383.998487884	3.962191147816041e-07	0.02246652377332464	0.1392768880988178	17280000.0	0.105	0.18050284697606786
Saltmarsh_2_000000001	17366400.0	1	1	0.19317323667328504	0.3863464733465701	0.24639208547615407	0.49278417095230814	1.0	0.17150476574897766	13785257.360735988	4493392.569274518	4493392.569274518	3.751594180069484e-07	0.022466587686954583	0.1392772632582358	17366400.0	0.105	0.1805033331826736
Saltmarsh_2_000000001	17452800.0	1	1	0.19317339989207763	0.38634679978415526	0.24639229556478676	0.4927845911295735	1.0	0.17150476574897766	13785281.963790568	4493400.684502232	4493400.684502232	3.5521904105315083e-07	0.022466648203470108	0.13927761847727688	17452800.0	0.105	0.18050379354655083
Saltmarsh_2_000000001	17539200.0	1	1	0.19317355443523715	0.3863471088704743	0.24639249448649225	0.4927849889729845	1.0	0.17150476574897766	13785305.259129686	4493408.368384694	4493408.368384694	3.36338496106231e-07	0.022466705503427362	0.139277954815773	17539200.0	0.105	0.18050422944124178
Saltmarsh_2_000000001	17625600.0	1	1	0.19317370076390186	0.3863474015278037	0.24639268283482954	0.4927853656696591	1.0	0.17150476574897766	13785327.316260563	4493415.643848625	4493415.643848625	3.18461456563085e-07	0.022466759757786562	0.13927827327722958	17625600.0	0.105	0.18050464216728956
Saltmarsh_2_000000001	17712000.0	1	1	0.19317383931469914	0.3863476786293983	0.24639286117180811	0.49278572234361623	1.0	0.17150476574897766	13785348.200996144	4493422.532602194	4493422.532602194	3.01534588995761e-07	0.022466811128421974	0.13927857481181863	17712000.0	0.105	0.18050503295611695
Saltmarsh_2_000000001	17798400.0	1	1	0.19317397050104823	0.38634794100209646	0.2463930300295649	0.4927860600591298	1.0	0.17150476574897766	13785367.975651408	4493429.055199776	4493429.055199776	2.8550739418833904e-07	0.022466859768604693	0.13927886031921283	17798400.0	0.105	0.18050540297369985
Saltmarsh_2_000000001	17884800.0	1	1	0.19317409471439392	0.38634818942878785	0.2463931899119521	0.4927863798239042	1.0	0.17150476574897766	13785386.699229257	4493435.231103273	4493435.231103273	2.7033205652823855e-07	0.022466905823459837	0.1392791306512694	17884800.0	0.105	0.18050575332404517
Saltmarsh_2_000000001	17971200.0	1	1	0.1931742123253745	0.386348424650749	0.24639334129604062	0.49278668259208125	1.0	0.17150476574897766	13785404.427596591	4493441.078740187	4493441.078740187	2.559633014501128e-07	0.022466949430399487	0.13927938661457087	17971200.0	0.105	0.18050608505248386
Saltmarsh_2_000000001	18057600.0	1	1	0.19317432368492762	0.38634864736985525	0.24639348463354352	0.49278696926708704	1.0	0.17150476574897766	13785421.213650933	4493446.615558575	4493446.615558575	2.423582603876262e-07	0.02246699071953249	0.1392796289728313	18057600.0	0.105	0.18050639914878938
Saltmarsh_2_000000001	18144000.0	1	1	0.19317442912533755	0.3863488582506751	0.24639362035216383	0.49278724070432767	1.0	0.17150476574897766	13785437.107478272	4493451.858079125	4493451.858079125	2.2947634297637576e-07	0.02246702981405265	0.1392798584491743	18144000.0	0.105	0.18050669655012988
Saltmarsh_2_000000001	18230400.0	1	1	0.19317452896122658	0.38634905792245317	0.24639374885687085	0.4927874977137417	1.0	0.17150476574897766	13785452.156502476	4493456.821944434	4493456.821944434	2.1727911600488703e-07	0.022467066830606168	0.13928007572829032	18230400.0	0.105	0.18050697814386427
Saltmarsh_2_000000001	18316800.0	1	1	0.19317462349049386	0.3863492469809877	0.24639387053110845	0.4927877410622169	1.0	0.17150476574897766	13785466.405626792	4493461.521965676	4493461.521965676	2.057301887424534e-07	0.02246710187963964	0.13928028145847907	18316800.0	0.105	0.18050724477018887
Saltmarsh_2_000000001	18403200.0	1	1	0.1931747129952042	0.3863494259904084	0.2463939857379392	0.4927879714758784	1.0	0.17150476574897766	13785479.8973678	4493465.972166793	4493465.972166793	1.947951044599383e-07	0.022467135065729508	0.13928047625358353	18403200.0	0.105	0.18050749722464426
Saltmarsh_2_000000001	18489600.0	1	1	0.19317479774242977	0.38634959548485953	0.24639409482112773	0.49278818964225546	1.0	0.17150476574897766	13785492.671982275	4493470.185826339	4493470.185826339	1.8444123763700082e-07	0.02246716648789406	0.13928066069482117	18489600.0	0.105	0.18050773626048824
Saltmarsh_2_000000001	18576000.0	1	1	0.193174877985047	0.386349755970094	0.24639419810616647	0.49278839621233295	1.0	0.17150476574897766	13785504.767587287	4493474.1755170915	4493474.1755170915	1.7463769668921159e-07	0.02246719623988877	0.13928083533251787	18576000.0	0.105	0.18050796259094318
Saltmarsh_2_000000001	18662400.0	1	1	0.19317495396249112	0.38634990792498225	0.24639429590124684	0.4927885918024937	1.0	0.17150476574897766	13785516.220273927	4493477.953143566	4493477.953143566	1.6535523177096945e-07	0.02246722441048606	0.13928100068774965	18662400.0	0.105	0.18050817689132354
Saltmarsh_2_000000001	18748800.0	1	1	0.1931750259014706	0.3863500518029412	0.24639438849817885	0.4927887769963577	1.0	0.17150476574897766	13785527.064214973	4493481.529977536	4493481.529977536	1.5656614760911625e-07	0.02246725108374007	0.13928115725389728	18748800.0	0.105	0.1805083798010509
Saltmarsh_2_000000001	18835200.0	1	1	0.19317509401664357	0.38635018803328713	0.2463944761732619	0.4927889523465238	1.0	0.17150476574897766	13785537.331766874	4493484.916691656	4493484.916691656	1.4824422081213817e-07	0.02246727633923747	0.13928130549811812	18835200.0	0.105	0.18050857192556108
Saltmarsh_2_000000001	18921600.0	1	1	0.1931751585112584	0.3863503170225168	0.24639455918810912	0.49278911837621825	1.0	0.17150476574897766	13785547.053566275	4493488.123391313	4493488.123391313	1.403646217243426e-07	0.02246730025233484	0.13928144586273986	18921600.0	0.105	0.18050875383811085
Saltmarsh_2_000000001	19008000.0	1	1	0.19317521957776018	0.38635043915552036	0.24639463779042806	0.4927892755808561	1.0	0.17150476574897766	13785556.258621415	4493491.1596447695	4493491.1596447695	1.329038403150018e-07	0.022467322894383534	0.1392815787665802	19008000.0	0.105	0.18050892608148794
Saltmarsh_2_000000001	19094400.0	1	1	0.19317527739836485	0.3863505547967297	0.24639471221475973	0.49278942442951945	1.0	0.17150476574897766	13785564.974398693	4493494.03451172	4493494.03451172	1.2583961606776883e-07	0.02246734433294253	0.1392817046061963	19094400.0	0.105	0.1805090891696304
Saltmarsh_2_000000001	19180800.0	1	1	0.19317533214560295	0.3863506642912059	0.24639478268317852	0.49278956536635704	1.0	0.17150476574897766	13785573.226904616	4493496.756570309	4493496.756570309	1.1915087154770743e-07	0.02246736463198	0.13928182375706782	19180800.0	0.105	0.1805092435891599
Saltmarsh_2_000000001	19267200.0	1	1	0.19317538398283451	0.38635076796566903	0.2463948494059549	0.4927896988119098	1.0	0.17150476574897766	13785581.040763376	4493499.333942749	4493499.333942749	1.1281764963899654e-07	0.022467383852064104	0.1392819365747175	19267200.0	0.105	0.18050938980083386
Saltmarsh_2_000000001	19353600.0	1	1	0.1931754330647364	0.3863508661294728	0.24639491258218268	0.49278982516436537	1.0	0.17150476574897766	13785588.439290347	4493501.774319524	4493501.774319524	1.0682105382880946e-07	0.022467402050543792	0.13928204339577135	19353600.0	0.105	0.1805095282409197
Saltmarsh_2_000000001	19440000.0	1	1	0.19317547953776387	0.38635095907552774	0.24639497240037317	0.49278994480074634	1.0	0.17150476574897766	13785595.44456163	4493504.084982356	4493504.084982356	1.011431919745176e-07	0.022467419281719806	0.13928214453896337	19440000.0	0.105	0.18050965932249652
Saltmarsh_2_000000001	19526400.0	1	1	0.19317552354058762	0.38635104708117524	0.24639502903901764	0.4927900580780353	1.0	0.17150476574897766	13785602.077479934	4493506.272825929	4493506.272825929	9.576712290890188e-08	0.022467435597006737	0.1392822403060863	19526400.0	0.105	0.18050978343668783
Saltmarsh_2_000000001	19612800.0	1	1	0.1931755652045075	0.386351130409015	0.24639508266712	0.49279016533424	1.0	0.17150476574897766	13785608.357836936	4493508.344378454	4493508.344378454	9.067680585214677e-08	0.022467451045086417	0.13928233098289217	19612800.0	0.105	0.18050990095382824
Saltmarsh_2_000000001	19699200.0	1	1	0.19317560465384434	0.3863512093076887	0.24639513344470101	0.49279026688940203	1.0	0.17150476574897766	13785614.304372327	4493510.305821152	4493510.305821152	8.58570526063307e-08	0.022467465672053155	0.1392824168399448	19699200.0	0.105	0.18051001222456847
Saltmarsh_2_000000001	19785600.0	1	1	0.19317564200631093	0.38635128401262187	0.24639518152327577	0.49279036304655155	1.0	0.17150476574897766	13785619.934829758	4493512.163006697	4493512.163006697	8.129348219587662e-08	0.02246747952155129	0.13928249813342702	19785600.0	0.105	0.18051011758092142
Saltmarsh_2_000000001	19872000.0	1	1	0.19317567737336316	0.3863513547467263	0.24639522704630581	0.49279045409261163	1.0	0.17150476574897766	13785625.266009733	4493513.921476678	4493513.921476678	7.69724780372294e-08	0.022467492634905353	0.13928257510590508	19872000.0	0.105	0.180510217337253
Saltmarsh_2_000000001	19958400.0	1	1	0.19317571086053273	0.38635142172106546	0.24639527014962725	0.4927905402992545	1.0	0.17150476574897766	13785630.313819785	4493515.586478136	4493515.586478136	7.288114725265138e-08	0.022467505051243425	0.13928264798705234	19958400.0	0.105	0.18051031179121982
Saltmarsh_2_000000001	20044800.0	1	1	0.1931757425677419	0.3863514851354838	0.24639531096185602	0.49279062192371204	1.0	0.17150476574897766	13785635.093321905	4493517.162979209	4493517.162979209	6.90072822148724e-08	0.02246751680761383	0.13928271699433456	20044800.0	0.105	0.18051040122465759
Saltmarsh_2_000000001	20131200.0	1	1	0.19317577258960175	0.3863515451792035	0.24639534960477166	0.4927906992095433	1.0	0.17150476574897766	13785639.618777504	4493518.6556839775	4493518.6556839775	6.533932417340793e-08	0.022467527939095715	0.13928278233365876	20131200.0	0.105	0.18051048590442176
Saltmarsh_2_000000001	20217600.0	1	1	0.19317580101569448	0.38635160203138896	0.24639538619368076	0.4927907723873615	1.0	0.17150476574897766	13785643.903689958	4493520.069046481	4493520.069046481	6.186632870927578e-08	0.022467538478903693	0.13928284419998746	20217600.0	0.105	0.18051056608318378
Saltmarsh_2_000000001	20304000.0	1	1	0.1931758279308407	0.3863516558616814	0.2463954208377609	0.4927908416755218	1.0	0.17150476574897766	13785647.960844908	4493521.407284009	4493521.407284009	5.857793310831694e-08	0.02246754845848694	0.1392829027779206	20304000.0	0.105	0.18051064200018513
Saltmarsh_2_000000001	20390400.0	1	1	0.19317585341535243	0.38635170683070486	0.2463954536403865	0.492790907280773	1.0	0.17150476574897766	13785651.802348394	4493522.674389699	4493522.674389699	5.5464325451892726e-08	0.022467557907623042	0.13928295824224607	20390400.0	0.105	0.1805107138819509
Saltmarsh_2_000000001	20476800.0	1	1	0.1931758775452729	0.3863517550905458	0.24639548469943737	0.49279096939887473	1.0	0.17150476574897766	13785655.439662978	4493523.874144435	4493523.874144435	5.2516215352099715e-08	0.022467566854506824	0.13928301075846145	20476800.0	0.105	0.18051078194296605
Saltmarsh_2_000000001	20563200.0	1	1	0.19317590039260338	0.38635180078520676	0.24639551410759056	0.4927910282151811	1.0	0.17150476574897766	13785658.88364197	4493525.01012814	4493525.01012814	4.972480619619413e-08	0.022467575325834505	0.13928306048326766	20563200.0	0.105	0.1805108463863149
Saltmarsh_2_000000001	20649600.0	1	1	0.193175922025518	0.386351844051036	0.24639554195259705	0.4927910839051941	1.0	0.17150476574897766	13785662.144561779	4493526.085730453	4493526.085730453	4.7081768938389557e-08	0.022467583346883327	0.13928310756503662	20649600.0	0.105	0.18051090740428744
Saltmarsh_2_000000001	20736000.0	1	1	0.1931759425085672	0.3863518850171344	0.24639556831754356	0.4927911366350871	1.0	0.17150476574897766	13785665.232152604	4493527.104160841	4493527.104160841	4.457921722392233e-08	0.02246759094158698	0.13928315214425385	20736000.0	0.105	0.180510965178953
Saltmarsh_2_000000001	20822400.0	1	1	0.19317596190287037	0.38635192380574074	0.24639559328110044	0.4927911865622009	1.0	0.17150476574897766	13785668.155627446	4493528.068458175	4493528.068458175	4.220968385926227e-08	0.022467598132607017	0.13928319435393774	20822400.0	0.105	0.18051101988270332
Saltmarsh_2_000000001	20908800.0	1	1	0.19317598026629815	0.3863519605325963	0.2463956169177565	0.492791233835513	1.0	0.17150476574897766	13785670.923709618	4493528.9814998135	4493528.9814998135	3.9966098593774424e-08	0.022467604941400474	0.13928323432003636	20908800.0	0.105	0.18051107167876712
Saltmarsh_2_000000001	20995200.0	1	1	0.19317599765364515	0.3863519953072903	0.24639563929804112	0.49279127859608224	1.0	0.17150476574897766	13785673.544658745	4493529.8460101625	4493529.8460101625	3.784176693180652e-08	0.022467611388283883	0.1392832721618033	20995200.0	0.105	0.1805111207216971
Saltmarsh_2_000000001	21081600.0	1	1	0.1931760141167935	0.386352028233587	0.24639566048873487	0.49279132097746975	1.0	0.17150476574897766	13785676.026295437	4493530.664568821	4493530.664568821	3.5830350207655126e-08	0.0224676174924939	0.13928330799215352	21081600.0	0.105	0.18051116715783097
Saltmarsh_2_000000001	21168000.0	1	1	0.1931760297048676	0.3863520594097352	0.2463956805530687	0.4927913611061374	1.0	0.17150476574897766	13785678.376024617	4493531.439618276	4493531.439618276	3.392584668401866e-08	0.022467623272244698	0.13928334191800024	21168000.0	0.105	0.18051121112572832
Saltmarsh_2_000000001	21254400.0	1	1	0.19317604446438075	0.3863520889287615	0.24639569955091256	0.4927913991018251	1.0	0.17150476574897766	13785680.600857608	4493532.173471186	4493532.173471186	3.212257361495663e-08	0.022467628744782316	0.13928337404057387	21254400.0	0.105	0.18051125275658372
Saltmarsh_2_000000001	21340800.0	1	1	0.1931760584393738	0.3863521168787476	0.24639571753895415	0.4927914350779083	1.0	0.17150476574897766	13785682.707433067	4493532.868317286	4493532.868317286	3.0415150304580196e-08	0.022467633926436123	0.13928340445572418	21340800.0	0.105	0.18051129217461856
Saltmarsh_2_000000001	21427200.0	1	1	0.1931760716715468	0.3863521433430936	0.246395734570868	0.492791469141736	1.0	0.17150476574897766	13785684.702036772	4493533.52622992	4493533.52622992	2.8798482078207233e-08	0.022467638832667523	0.1392834332542063	21427200.0	0.105	0.18051132949745136
Saltmarsh_2_000000001	21513600.0	1	1	0.1931760842003832	0.3863521684007664	0.24639575069747563	0.49279150139495126	1.0	0.17150476574897766	13785686.590620404	4493534.149172224	4493534.149172224	2.72677450063874e-08	0.022467643478116115	0.1392834605219513	21513600.0	0.105	0.1805113648364489
Saltmarsh_2_000000001	21600000.0	1	1	0.19317609606326785	0.3863521921265357	0.24639576596689727	0.49279153193379455	1.0	0.17150476574897766	13785688.378819285	4493534.739002991	4493534.739002991	2.581837161078071e-08	0.02246764787664334	0.13928348634032295	21600000.0	0.105	0.18051139829705856
Saltmarsh_2_000000001	21686400.0	1	1	0.19317610729559842	0.38635221459119684	0.24639578042469537	0.49279156084939074	1.0	0.17150476574897766	13785690.071969211	4493535.297482209	4493535.297482209	2.444603715984206e-08	0.022467652041373888	0.13928351078636014	21686400.0	0.105	0.18051142997912276
Saltmarsh_2_000000001	21772800.0	1	1	0.19317611793089107	0.38635223586178213	0.24639579411401058	0.49279158822802116	1.0	0.17150476574897766	13785691.67512235	4493535.826276325	4493535.826276325	2.314664681105083e-08	0.022467655984734814	0.13928353393300702	21772800.0	0.105	0.18051145997717707
Saltmarsh_2_000000001	21859200.0	1	1	0.1931761280008804	0.3863522560017608	0.24639580707569042	0.49279161415138084	1.0	0.17150476574897766	13785693.19306234	4493536.326963196	4493536.326963196	2.1916323332538123e-08	0.022467659718492645	0.13928355584933033	21859200.0	0.105	0.1805114883807321
Saltmarsh_2_000000001	21945600.0	1	1	0.19317613753561436	0.3863522750712287	0.2463958193484113	0.4927916386968226	1.0	0.17150476574897766	13785694.630318549	4493536.80103682	4493536.80103682	2.075139564350348e-08	0.022467663253788454	0.13928357660072596	21945600.0	0.105	0.18051151527454085
Saltmarsh_2_000000001	22032000.0	1	1	0.1931761465635436	0.3863522931270872	0.2463958309687938	0.4927916619375876	1.0	0.17150476574897766	13785695.991179593	4493537.249911786	4493537.249911786	1.9648387746679097e-08	0.022467666601171183	0.13928359624911374	22032000.0	0.105	0.1805115407388514
Saltmarsh_2_000000001	22118400.0	1	1	0.1931761551116066	0.3863523102232132	0.24639584197151204	0.4927916839430241	1.0	0.17150476574897766	13785697.279706143	4493537.674927484	4493537.674927484	1.860400838243903e-08	0.02246766977062904	0.13928361485312213	22118400.0	0.105	0.18051156484964628
Saltmarsh_2_000000001	22204800.0	1	1	0.19317616320530992	0.38635232641061984	0.246395852389397	0.492791704778794	1.0	0.17150476574897766	13785698.49974302	4493538.077352121	4493538.077352121	1.761514129700048e-08	0.022467672771619308	0.13928363246826345	22204800.0	0.105	0.18051158767886943
Saltmarsh_2_000000001	22291200.0	1	1	0.19317617086880437	0.38635234173760874	0.24639586225353466	0.4927917245070693	1.0	0.17150476574897766	13785699.65493069	4493538.458386482	4493538.458386482	1.667883579511975e-08	0.022467675613096615	0.13928364914709923	22291200.0	0.105	0.1805116092946406
Saltmarsh_2_000000001	22377600.0	1	1	0.19317617812495708	0.38635235624991415	0.24639587159335863	0.49279174318671726	1.0	0.17150476574897766	13785700.748716103	4493538.819167541	4493538.819167541	1.579229810463878e-08	0.0224676783035396	0.13928366493939737	22377600.0	0.105	0.180511629761459
Saltmarsh_2_000000001	22464000.0	1	1	0.1931761849954197	0.3863523699908394	0.24639588043673802	0.49279176087347604	1.0	0.17150476574897766	13785701.784363009	4493539.160771828	4493539.160771828	1.495288287980956e-08	0.022467680850976262	0.13928367989228024	22464000.0	0.105	0.1805116491403952
Saltmarsh_2_000000001	22550400.0	1	1	0.193176191500693	0.386352383001386	0.2463958888100606	0.4927917776201212	1.0	0.17150476574897766	13785702.764961665	4493539.484218653	4493539.484218653	1.4158085408916277e-08	0.022467683263007857	0.13928369405036567	22550400.0	0.105	0.1805116674892739
Saltmarsh_2_000000001	22636800.0	1	1	0.1931761976601881	0.3863523953203762	0.24639589673831155	0.4927917934766231	1.0	0.17150476574897766	13785703.693438081	4493539.790473151	4493539.790473151	1.3405534130678243e-08	0.022467685546831626	0.1392837074558998	22636800.0	0.105	0.18051168486284613
Saltmarsh_2_000000001	22723200.0	1	1	0.19317620349228432	0.38635240698456863	0.246395904245148	0.492791808490296	1.0	0.17150476574897766	13785704.572562724	4493540.080449151	4493540.080449151	1.2692983504536404e-08	0.02246768770926225	0.13928372014888335	22723200.0	0.105	0.18051170131295283
Saltmarsh_2_000000001	22809600.0	1	1	0.19317620901438406	0.38635241802876813	0.24639591135296965	0.4927918227059393	1.0	0.17150476574897766	13785705.404958827	4493540.355011913	4493540.355011913	1.2018307370131875e-08	0.022467689756752195	0.13928373216719075	22809600.0	0.105	0.18051171688867923
Saltmarsh_2_000000001	22896000.0	1	1	0.19317621424296472	0.38635242848592943	0.24639591808298547	0.49279183616597094	1.0	0.17150476574897766	13785706.193110164	4493540.614980703	4493540.614980703	1.1379492573931893e-08	0.022467691695410942	0.13928374354668333	22896000.0	0.105	0.18051173163650158
Saltmarsh_2_000000001	22982400.0	1	1	0.19317621919362787	0.38635243838725575	0.24639592445527722	0.49279184891055444	1.0	0.17150476574897766	13785706.939368494	4493540.8611312425	4493540.8611312425	1.0774632980964371e-08	0.022467693531023233	0.13928375432131634	22982400.0	0.105	0.180511745600426
Saltmarsh_2_000000001	23068800.0	1	1	0.1931762238811458	0.3863524477622916	0.2463959304888592	0.4927918609777184	1.0	0.17150476574897766	13785707.645960584	4493541.094198016	4493541.094198016	1.0201923725944306e-08	0.022467695269066355	0.1392837645232401	23068800.0	0.105	0.18051175882211917
Saltmarsh_2_000000001	23155200.0	1	1	0.19317622831950562	0.38635245663901124	0.246395936201735	0.49279187240347	1.0	0.17150476574897766	13785708.314994823	4493541.314876476	4493541.314876476	9.6596559466533e-09	0.022467696914726436	0.13928377418289606	23155200.0	0.105	0.1805117713410333
Saltmarsh_2_000000001	23241600.0	1	1	0.19317623252195096	0.3863524650439019	0.2463959416109513	0.4927918832219026	1.0	0.17150476574897766	13785708.948467549	4493541.523825104	4493541.523825104	9.146211579769137e-09	0.022467698472913942	0.13928378332910768	23241600.0	0.105	0.18051178319452357
Saltmarsh_2_000000001	23328000.0	1	1	0.1931762365010215	0.386352473002043	0.24639594673264867	0.49279189346529734	1.0	0.17150476574897766	13785709.548268978	4493541.721667379	4493541.721667379	8.66005853139562e-09	0.022467699948278366	0.13928379198916624	23328000.0	0.105	0.18051179441795945
Saltmarsh_2_000000001	23414400.0	1	1	0.1931762402685904	0.3863524805371808	0.24639595158210975	0.4927919031642195	1.0	0.17150476574897766	13785710.116188858	4493541.908993643	4493541.908993643	8.199746194537116e-09	0.02246770134522202	0.13928380018891245	23414400.0	0.105	0.18051180504483055
Saltmarsh_2_000000001	23500800.0	1	1	0.19317624383589974	0.38635248767179947	0.24639595617380486	0.4927919123476097	1.0	0.17150476574897766	13785710.6539218	4493542.086362857	4493542.086362857	7.763901042900923e-09	0.022467702667913245	0.1392838079528135	23500800.0	0.105	0.1805118151068463
Saltmarsh_2_000000001	23587200.0	1	1	0.193176247213594	0.386352494427188	0.24639596052143517	0.49279192104287034	1.0	0.17150476574897766	13785711.163072353	4493542.254304276	4493542.254304276	7.3512225751137805e-09	0.022467703920298805	0.1392838153040361	23587200.0	0.105	0.1805118246340308
Saltmarsh_2_000000001	23673600.0	1	1	0.19317625041175188	0.38635250082350375	0.24639596463797359	0.49279192927594717	1.0	0.17150476574897766	13785711.645159768	4493542.413319018	4493542.413319018	6.9604793838384804e-09	0.022467705106115704	0.13928382226451552	23673600.0	0.105	0.1805118336548121
Saltmarsh_2_000000001	23760000.0	1	1	0.19317625343991637	0.38635250687983275	0.24639596853570345	0.4927919370714069	1.0	0.17150476574897766	13785712.10162254	4493542.563881568	4493542.563881568	6.590505554487924e-09	0.022467706228902283	0.13928382885502105	23760000.0	0.105	0.18051184219610727
Saltmarsh_2_000000001	23846400.0	1	1	0.19317625630712323	0.38635251261424647	0.24639597222625523	0.49279194445251046	1.0	0.17150476574897766	13785712.53382271	4493542.70644119	4493542.70644119	6.240197129858682e-09	0.02246770729200882	0.13928383509521822	23846400.0	0.105	0.1805118502834028
Saltmarsh_2_000000001	23932800.0	1	1	0.19317625902192795	0.3863525180438559	0.24639597572064115	0.4927919514412823	1.0	0.17150476574897766	13785712.943049924	4493542.841423267	4493542.841423267	5.908508793339706e-09	0.02246770829860754	0.139283841003727	23932800.0	0.105	0.18051185794083022
Saltmarsh_2_000000001	24019200.0	1	1	0.19317626159243123	0.38635252318486246	0.24639597902928811	0.49279195805857623	1.0	0.17150476574897766	13785713.330525273	4493542.969230572	4493542.969230572	5.594450860901823e-09	0.022467709251702	0.13928384659817789	24019200.0	0.105	0.18051186519123855
Saltmarsh_2_000000001	24105600.0	1	1	0.19317626402630317	0.38635252805260634	0.24639598216206882	0.49279196432413763	1.0	0.17150476574897766	13785713.69740495	4493543.090244466	4493543.090244466	5.297086175942711e-09	0.022467710154136157	0.13928385189526407	24105600.0	0.105	0.18051187205626223
Saltmarsh_2_000000001	24192000.0	1	1	0.19317626633080623	0.38635253266161246	0.2463959851283312	0.4927919702566624	1.0	0.17150476574897766	13785714.044783676	4493543.20482605	4493543.20482605	5.0155274794461135e-09	0.022467711008602773	0.1392838569107916	24192000.0	0.105	0.18051187855638592
Saltmarsh_2_000000001	24278400.0	1	1	0.1931762685128168	0.3863525370256336	0.24639598793692624	0.4927919758738525	1.0	0.17150476574897766	13785714.373698	4493543.313317218	4493543.313317218	4.748934589321463e-09	0.0224677118176515	0.1392838616597262	24278400.0	0.105	0.18051188471100515
Saltmarsh_2_000000001	24364800.0	1	1	0.19317627057884582	0.38635254115769163	0.24639599059623454	0.4927919811924691	1.0	0.17150476574897766	13785714.685129374	4493543.416041701	4493543.416041701	4.496512061996638e-09	0.022467712583696443	0.13928386615623828	24364800.0	0.105	0.1805118905384848
Saltmarsh_2_000000001	24451200.0	1	1	0.19317627253505812	0.38635254507011624	0.24639599311419122	0.49279198622838244	1.0	0.17150476574897766	13785714.980007071	4493543.513306013	4493543.513306013	4.257506659721688e-09	0.022467713309023408	0.13928387041374496	24451200.0	0.105	0.18051189605621348
Saltmarsh_2_000000001	24537600.0	1	1	0.19317627438729082	0.38635254877458164	0.24639599549830962	0.49279199099661924	1.0	0.17150476574897766	13785715.259210985	4493543.605400386	4493543.605400386	4.031205227267298e-09	0.022467713995796706	0.13928387444495022	24537600.0	0.105	0.18051190128065547
Saltmarsh_2_000000001	24624000.0	1	1	0.1931762761410708	0.3863525522821416	0.24639599775570373	0.49279199551140745	1.0	0.17150476574897766	13785715.523574227	4493543.692599619	4493543.692599619	3.8169325061732096e-09	0.02246771464606559	0.13928387826188277	24624000.0	0.105	0.18051190622740007
Saltmarsh_2_000000001	24710400.0	1	1	0.1931762778016312	0.3863525556032624	0.24639599989310937	0.49279199978621874	1.0	0.17150476574897766	13785715.773885628	4493543.775163908	4493543.775163908	3.614049146755116e-09	0.022467715261770393	0.13928388187593194	24710400.0	0.105	0.1805119109112078
Saltmarsh_2_000000001	24796800.0	1	1	0.19317627937392695	0.3863525587478539	0.2463960019169043	0.4927920038338086	1.0	0.17150476574897766	13785716.0108921	4493543.853339611	4493543.853339611	3.421949723581008e-09	0.02246771584474833	0.13928388529788166	24796800.0	0.105	0.18051191534605465
Saltmarsh_2_000000001	24883200.0	1	1	0.19317628086264962	0.38635256172529925	0.24639600383312743	0.49279200766625486	1.0	0.17150476574897766	13785716.235300843	4493543.92736	4493543.92736	3.240061066667188e-09	0.022467716396738936	0.13928388853794274	24883200.0	0.105	0.18051191954517382
Saltmarsh_2_000000001	24969600.0	1	1	0.19317628227224143	0.38635256454448286	0.24639600564749653	0.49279201129499306	1.0	0.17150476574897766	13785716.447781466	4493543.997445947	4493543.997445947	3.067840433079727e-09	0.0224677169193893	0.13928389160578317	24969600.0	0.105	0.180511923521095
Saltmarsh_2_000000001	25056000.0	1	1	0.19317628360690847	0.38635256721381694	0.2463960073654255	0.492792014730851	1.0	0.17150476574897766	13785716.648967998	4493544.063806577	4493544.063806577	2.904773928336102e-09	0.022467717414258955	0.13928389451055714	25056000.0	0.105	0.18051192728568205
Saltmarsh_2_000000001	25142400.0	1	1	0.19317628487063326	0.3863525697412665	0.24639600899204048	0.49279201798408095	1.0	0.17150476574897766	13785716.839460762	4493544.126639905	4493544.126639905	2.7503749659707477e-09	0.02246771788282456	0.1392838972609321	25142400.0	0.105	0.180511930850168
Saltmarsh_2_000000001	25228800.0	1	1	0.1931762860671866	0.3863525721343732	0.24639601053219512	0.49279202106439024	1.0	0.17150476574897766	13785717.019828163	4493544.18613342	4493544.18613342	2.6041828554701496e-09	0.022467718326484247	0.13928389986511497	25228800.0	0.105	0.180511934225189
Saltmarsh_2_000000001	25315200.0	1	1	0.19317628720013888	0.38635257440027776	0.2463960119904851	0.4927920239809702	1.0	0.17150476574897766	13785717.190608397	4493544.242464647	4493544.242464647	2.4657613763301445e-09	0.02246771874656186	0.13928390233087637	25315200.0	0.105	0.18051193742081578
Saltmarsh_2_000000001	25401600.0	1	1	0.19317628827287078	0.38635257654574157	0.24639601337126182	0.49279202674252365	1.0	0.17150476574897766	13785717.35231106	4493544.295801669	4493544.295801669	2.3346974770133144e-09	0.02246771914431087	0.13928390466557386	25401600.0	0.105	0.18051194044658375
Saltmarsh_2_000000001	25488000.0	1	1	0.1931762892885832	0.3863525785771664	0.2463960146786454	0.4927920293572908	1.0	0.17150476574897766	13785717.505418662	4493544.346303641	4493544.346303641	2.2106000814592353e-09	0.02246771952091812	0.13928390687617395	25488000.0	0.105	0.18051194331152146
Saltmarsh_2_000000001	25574400.0	1	1	0.1931762902503069	0.3863525805006138	0.2463960159165369	0.4927920318330738	1.0	0.17150476574897766	13785717.65038805	4493544.394121253	4493544.394121253	2.093098895594725e-09	0.02246771987750737	0.13928390896927287	25574400.0	0.105	0.18051194602417764
Saltmarsh_2_000000001	25660800.0	1	1	0.1931762911609116	0.3863525823218232	0.2463960170886301	0.4927920341772602	1.0	0.17150476574897766	13785717.787651805	4493544.439397193	4493544.439397193	1.9818433213969477e-09	0.022467720215142643	0.1392839109511162	25660800.0	0.105	0.1805119485926466
Saltmarsh_2_000000001	25747200.0	1	1	0.19317629202311443	0.38635258404622885	0.2463960181984224	0.4927920363968448	1.0	0.17150476574897766	13785717.917619508	4493544.482266556	4493544.482266556	1.876501367487071e-09	0.022467720534831412	0.1392839128276176	25747200.0	0.105	0.18051195102459242
Saltmarsh_2_000000001	25833600.0	1	1	0.19317629283948815	0.3863525856789763	0.24639601924922533	0.49279203849845066	1.0	0.17150476574897766	13785718.040678972	4493544.52285726	4493544.52285726	1.7767587019712483e-09	0.0224677208375276	0.13928391460437628	25833600.0	0.105	0.18051195332727166
Saltmarsh_2_000000001	25920000.0	1	1	0.1931762936124687	0.3863525872249374	0.24639602024417437	0.49279204048834874	1.0	0.17150476574897766	13785718.157197388	4493544.561290425	4493544.561290425	1.6823177122204935e-09	0.022467721124134414	0.139283916286694	25920000.0	0.105	0.18051195550755544
Saltmarsh_2_000000001	26006400.0	1	1	0.19317629434436262	0.38635258868872524	0.24639602118623835	0.4927920423724767	1.0	0.17150476574897766	13785718.26752244	4493544.597680733	4493544.597680733	1.5928965993450284e-09	0.022467721395507064	0.13928391787959063	26006400.0	0.105	0.18051195757194946
Saltmarsh_2_000000001	26092800.0	1	1	0.19317629503735378	0.38635259007470757	0.2463960220782283	0.4927920441564566	1.0	0.17150476574897766	13785718.371983325	4493544.632136766	4493544.632136766	1.5082285177714372e-09	0.02246772165245531	0.13928391938781914	26092800.0	0.105	0.1805119595266136
Saltmarsh_2_000000001	26179200.0	1	1	0.19317629569351003	0.38635259138702005	0.24639602292280585	0.4927920458456117	1.0	0.17150476574897766	13785718.470891742	4493544.664761341	4493544.664761341	1.4280608640060422e-09	0.02246772189574584	0.13928392081588004	26179200.0	0.105	0.18051196137738054
Saltmarsh_2_000000001	26265600.0	1	1	0.19317629631478925	0.3863525926295785	0.24639602372249111	0.49279204744498223	1.0	0.17150476574897766	13785718.564542834	4493544.695651805	4493544.695651805	1.3521543953953774e-09	0.02246772212610463	0.13928392216803445	26265600.0	0.105	0.18051196312977266
Saltmarsh_2_000000001	26352000.0	1	1	0.19317629690304527	0.38635259380609055	0.2463960244796703	0.4927920489593406	1.0	0.17150476574897766	13785718.653216034	4493544.724900331	4493544.724900331	1.2802826195035255e-09	0.022467722344219038	0.1392839234483171	26352000.0	0.105	0.18051196478901896
Saltmarsh_2_000000001	26438400.0	1	1	0.19317629746003342	0.38635259492006685	0.24639602519660272	0.49279205039320545	1.0	0.17150476574897766	13785718.737175945	4493544.752594195	4493544.752594195	1.2122310828754923e-09	0.022467722550739894	0.13928392466054823	26438400.0	0.105	0.18051196636007052
Saltmarsh_2_000000001	26524800.0	1	1	0.19317629798741567	0.38635259597483135	0.24639602587542767	0.49279205175085533	1.0	0.17150476574897766	13785718.816673093	4493544.778816033	4493544.778816033	1.147796722250627e-09	0.022467722746283444	0.13928392580834498	26524800.0	0.105	0.18051196784761508
Saltmarsh_2_000000001	26611200.0	1	1	0.1931762984867657	0.3863525969735314	0.24639602651817066	0.4927920530363413	1.0	0.17150476574897766	13785718.891944679	4493544.803644088	4493544.803644088	1.0867872782260868e-09	0.022467722931433162	0.13928392689513228	26611200.0	0.105	0.18051196925609145
Saltmarsh_2_000000001	26697600.0	1	1	0.1931762989595735	0.386352597919147	0.2463960271267496	0.4927920542534992	1.0	0.17150476574897766	13785718.963215318	4493544.827152443	4493544.827152443	1.029020701981409e-09	0.022467723106741513	0.13928392792415298	26697600.0	0.105	0.18051197058970225
Saltmarsh_2_000000001	26784000.0	1	1	0.19317629940724992	0.38635259881449985	0.2463960277029804	0.4927920554059608	1.0	0.17150476574897766	13785719.03069767	4493544.849411247	4493544.849411247	9.743246279225737e-10	0.02246772327273161	0.13928392889847763	26784000.0	0.105	0.180511971852427
Saltmarsh_2_000000001	26870400.0	1	1	0.19317629983113074	0.3863525996622615	0.24639602824858253	0.49279205649716507	1.0	0.17150476574897766	13785719.0945931	4493544.870486918	4493544.870486918	9.225358428566199e-10	0.022467723429898747	0.1392839298210135	26870400.0	0.105	0.18051197304803354
Saltmarsh_2_000000001	26956800.0	1	1	0.1931763002324808	0.3863526004649616	0.24639602876518396	0.4927920575303679	1.0	0.17150476574897766	13785719.15509226	4493544.890442341	4493544.890442341	8.734997967996261e-10	0.022467723578711907	0.13928393069451334	26956800.0	0.105	0.1805119741800893
Saltmarsh_2_000000001	27043200.0	1	1	0.19317630061249771	0.38635260122499543	0.24639602925432622	0.49279205850865243	1.0	0.17150476574897766	13785719.212375676	4493544.909337063	4493544.909337063	8.2707020399031e-10	0.022467723719615112	0.13928393152158355	27043200.0	0.105	0.1805119752519723
Saltmarsh_2_000000001	27129600.0	1	1	0.19317630097231536	0.3863526019446307	0.24639602971746882	0.49279205943493765	1.0	0.17150476574897766	13785719.266614279	4493544.9272274645	4493544.9272274645	7.831085051257514e-10	0.022467723853028816	0.1392839323046921	27129600.0	0.105	0.18051197626688098
Saltmarsh_2_000000001	27216000.0	1	1	0.19317630131300745	0.3863526026260149	0.24639603015599376	0.4927920603119875	1.0	0.17150476574897766	13785719.317969907	4493544.944166928	4493544.944166928	7.41483520416697e-10	0.02246772397935112	0.13928393304617565	27216000.0	0.105	0.18051197722784362
Saltmarsh_2_000000001	27302400.0	1	1	0.19317630163559052	0.38635260327118104	0.24639603057120954	0.4927920611424191	1.0	0.17150476574897766	13785719.366595805	4493544.960205997	4493544.960205997	7.020710471317138e-10	0.02246772409895894	0.13928393374824669	27302400.0	0.105	0.1805119781377277
Saltmarsh_2_000000001	27388800.0	1	1	0.19317630194102717	0.38635260388205434	0.24639603096435514	0.4927920619287103	1.0	0.17150476574897766	13785719.41263706	4493544.975392534	4493544.975392534	6.647534987747061e-10	0.022467724212209175	0.13928393441300022	27388800.0	0.105	0.18051197899924826
Saltmarsh_2_000000001	27475200.0	1	1	0.19317630223022877	0.38635260446045755	0.24639603133660368	0.49279206267320735	1.0	0.17150476574897766	13785719.456231061	4493544.989771855	4493544.989771855	6.294195095679633e-10	0.022467724319439768	0.13928393504241973	27475200.0	0.105	0.180511979814976
Saltmarsh_2_000000001	27561600.0	1	1	0.19317630250405832	0.38635260500811663	0.24639603168906588	0.49279206337813175	1.0	0.17150476574897766	13785719.497507889	4493545.0033868635	4493545.0033868635	5.959636430186155e-10	0.022467724420970676	0.13928393563838337	27561600.0	0.105	0.18051198058734486
Saltmarsh_2_000000001	27648000.0	1	1	0.19317630276333284	0.38635260552666567	0.24639603202279348	0.49279206404558695	1.0	0.17150476574897766	13785719.536590707	4493545.016278185	4493545.016278185	5.642860692600671e-10	0.022467724517104857	0.13928393620266946	27648000.0	0.105	0.18051198131865964
Saltmarsh_2_000000001	27734400.0	1	1	0.19317630300882602	0.38635260601765203	0.24639603233878227	0.49279206467756453	1.0	0.17150476574897766	13785719.573596135	4493545.028484289	4493545.028484289	5.342922770878999e-10	0.022467724608129166	0.13928393673696177	27734400.0	0.105	0.18051198201110244
Saltmarsh_2_000000001	27820800.0	1	1	0.19317630324127036	0.3863526064825407	0.24639603263797516	0.4927920652759503	1.0	0.17150476574897766	13785719.608634593	4493545.040041595	4493545.040041595	5.058927547707537e-10	0.022467724694315218	0.13928393724285457	27820800.0	0.105	0.1805119826667395
Saltmarsh_2_000000001	27907200.0	1	1	0.19317630346135944	0.3863526069227189	0.24639603292126486	0.4927920658425297	1.0	0.17150476574897766	13785719.641810637	4493545.0509845875	4493545.0509845875	4.790027575973799e-10	0.02246772477592018	0.1392839377218573	27907200.0	0.105	0.18051198328752707
Saltmarsh_2_000000001	27993600.0	1	1	0.19317630366975003	0.38635260733950005	0.2463960331894967	0.4927920663789934	1.0	0.17150476574897766	13785719.673223251	4493545.061345922	4493545.061345922	4.535420754236963e-10	0.022467724853187536	0.13928393817539939	27993600.0	0.105	0.18051198387531758
Saltmarsh_2_000000001	28080000.0	1	1	0.19317630386706391	0.38635260773412783	0.2463960334434711	0.4927920668869422	1.0	0.17150476574897766	13785719.702966176	4493545.071156516	4493545.071156516	4.2943471348366735e-10	0.022467724926347864	0.13928393860483412	28080000.0	0.105	0.18051198443186503
Saltmarsh_2_000000001	28166400.0	1	1	0.19317630405388986	0.3863526081077797	0.24639603368394586	0.4927920673678917	1.0	0.17150476574897766	13785719.731128158	4493545.080445642	4493545.080445642	4.066087397336382e-10	0.02246772499561947	0.13928393901144284	28166400.0	0.105	0.18051198495882992
Saltmarsh_2_000000001	28252800.0	1	1	0.19317630423078536	0.3863526084615707	0.24639603391163853	0.49279206782327706	1.0	0.17150476574897766	13785719.757793231	4493545.089241018	4493545.089241018	3.849960558688359e-10	0.022467725061209032	0.1392839393964389	28252800.0	0.105	0.18051198545778482
Saltmarsh_2_000000001	28339200.0	1	1	0.19317630439827824	0.3863526087965565	0.24639603412722852	0.49279206825445704	1.0	0.17150476574897766	13785719.783040963	4493545.097568887	4493545.097568887	3.645321509926358e-10	0.022467725123312285	0.13928393976097106	28339200.0	0.105	0.18051198593021847
Saltmarsh_2_000000001	28425600.0	1	1	0.1931763045568683	0.3863526091137366	0.24639603433135915	0.4927920686627183	1.0	0.17150476574897766	13785719.806946691	4493545.105454102	4493545.105454102	3.451559801859183e-10	0.022467725182114533	0.13928394010612705	28425600.0	0.105	0.18051198637754065
Saltmarsh_2_000000001	28512000.0	1	1	0.19317630470702873	0.38635260941405747	0.2463960345246395	0.492792069049279	1.0	0.17150476574897766	13785719.829581745	4493545.11292019	4493545.11292019	3.2680972164578215e-10	0.02246772523779123	0.1392839404329368	28512000.0	0.105	0.1805119868010861
Saltmarsh_2_000000001	28598400.0	1	1	0.19317630484920761	0.38635260969841523	0.24639603470764634	0.4927920694152927	1.0	0.17150476574897766	13785719.851013668	4493545.119989429	4493545.119989429	3.0943863096877244e-10	0.022467725290508514	0.13928394074237543	28598400.0	0.105	0.18051198720211858
Saltmarsh_2_000000001	28684800.0	1	1	0.19317630498382918	0.38635260996765836	0.24639603488092574	0.49279206976185147	1.0	0.17150476574897766	13785719.871306404	4493545.126682913	4493545.126682913	2.92990874617427e-10	0.02246772534042369	0.13928394103536634	28684800.0	0.105	0.1805119875818348
Saltmarsh_2_000000001	28771200.0	1	1	0.19317630511129513	0.38635261022259026	0.24639603504499472	0.49279207008998943	1.0	0.17150476574897766	13785719.890520513	4493545.133020615	4493545.133020615	2.7741737726461047e-10	0.0224677253876857	0.13928394131278377	28771200.0	0.105	0.18051198794136777
Saltmarsh_2_000000001	28857600.0	1	1	0.1931763052319858	0.3863526104639716	0.24639603520034284	0.4927920704006857	1.0	0.17150476574897766	13785719.908713324	4493545.139021445	4493545.139021445	2.6267164832116663e-10	0.022467725432435578	0.13928394157545543	28857600.0	0.105	0.18051198828179024
Saltmarsh_2_000000001	28944000.0	1	1	0.19317630534626135	0.3863526106925227	0.24639603534743365	0.4927920706948673	1.0	0.17150476574897766	13785719.92593912	4493545.144703311	4493545.144703311	2.4870972989421425e-10	0.022467725474806827	0.13928394182416517	28944000.0	0.105	0.18051198860411807
Saltmarsh_2_000000001	29030400.0	1	1	0.19317630545446274	0.3863526109089255	0.24639603548670608	0.49279207097341216	1.0	0.17150476574897766	13785719.942249306	4493545.150083164	4493545.150083164	2.3548992617028475e-10	0.022467725514925894	0.1392839420596551	29030400.0	0.105	0.18051198890931303
Saltmarsh_2_000000001	29116800.0	1	1	0.19317630555691284	0.3863526111138257	0.24639603561857568	0.49279207123715135	1.0	0.17150476574897766	13785719.957692545	4493545.1551770605	4493545.1551770605	2.2297280688476917e-10	0.022467725552912494	0.13928394228262791	29116800.0	0.105	0.1805119891982858
Saltmarsh_2_000000001	29203200.0	1	1	0.19317630565391736	0.3863526113078347	0.24639603574343594	0.4927920714868719	1.0	0.17150476574897766	13785719.972314922	4493545.160000197	4493545.160000197	2.1112101303288888e-10	0.02246772558887997	0.13928394249374895	29203200.0	0.105	0.18051198947189864
Saltmarsh_2_000000001	29289600.0	1	1	0.19317630574576575	0.3863526114915315	0.24639603586165942	0.49279207172331885	1.0	0.17150476574897766	13785719.986160068	4493545.164566968	4493545.164566968	1.9989918748075652e-10	0.022467725622935652	0.13928394269364813	29289600.0	0.105	0.180511989730968
Saltmarsh_2_000000001	29376000.0	1	1	0.19317630583273207	0.38635261166546414	0.24639603597359894	0.4927920719471979	1.0	0.17150476574897766	13785719.999269297	4493545.168890997	4493545.168890997	1.8927383965694489e-10	0.022467725655181146	0.139283942882922	29376000.0	0.105	0.1805119899762669
Saltmarsh_2_000000001	29462400.0	1	1	0.1931763059150758	0.3863526118301516	0.24639603607958846	0.4927920721591769	1.0	0.17150476574897766	13785720.011681724	4493545.17298519	4493545.17298519	1.7921325534686616e-10	0.022467725685712692	0.13928394306213526	29462400.0	0.105	0.1805119902085273
Saltmarsh_2_000000001	29548800.0	1	1	0.19317630599304272	0.38635261198608545	0.24639603617994427	0.49279207235988853	1.0	0.17150476574897766	13785720.023434384	4493545.176861762	4493545.176861762	1.6968744465106766e-10	0.022467725714621366	0.13928394323182272	29548800.0	0.105	0.18051199042844224
Saltmarsh_2_000000001	29635200.0	1	1	0.19317630606686542	0.38635261213373084	0.2463960362749658	0.4927920725499316	1.0	0.17150476574897766	13785720.034562355	4493545.180532281	4493545.180532281	1.6066796157399033e-10	0.022467725741993447	0.13928394339249073	29635200.0	0.105	0.18051199063666798
Saltmarsh_2_000000001	29721600.0	1	1	0.19317630613676418	0.38635261227352835	0.24639603636493662	0.49279207272987324	1.0	0.17150476574897766	13785720.045098834	4493545.1840077	4493545.1840077	1.5212788667673394e-10	0.02246772576791061	0.13928394354461862	29721600.0	0.105	0.18051199083382574
Saltmarsh_2_000000001	29808000.0	1	1	0.19317630620294757	0.38635261240589513	0.24639603645012514	0.4927920729002503	1.0	0.17150476574897766	13785720.055075262	4493545.187298385	4493545.187298385	1.440417507492242e-10	0.022467725792450176	0.13928394368866037	29808000.0	0.105	0.18051199102050383
Saltmarsh_2_000000001	29894400.0	1	1	0.19317630626561305	0.3863526125312261	0.24639603653078562	0.49279207306157125	1.0	0.17150476574897766	13785720.064521406	4493545.19041416	4493545.19041416	1.363854168490164e-10	0.02246772581568538	0.1392839438250458	29894400.0	0.105	0.18051199119725936
Saltmarsh_2_000000001	29980800.0	1	1	0.19317630632494764	0.3863526126498953	0.2463960366071587	0.4927920732143174	1.0	0.17150476574897766	13785720.073465452	4493545.193364319	4493545.193364319	1.291360456068258e-10	0.02246772583768555	0.13928394395418187	29980800.0	0.105	0.1805119913646197
Saltmarsh_2_000000001	30067200.0	1	1	0.1931763063811284	0.3863526127622568	0.24639603667947227	0.49279207335894454	1.0	0.17150476574897766	13785720.081934089	4493545.196157669	4493545.196157669	1.222720084903539e-10	0.022467725858516335	0.1392839440764539	30067200.0	0.105	0.18051199152308425
Saltmarsh_2_000000001	30153600.0	1	1	0.19317630643432296	0.3863526128686459	0.24639603674794214	0.4927920734958843	1.0	0.17150476574897766	13785720.089952588	4493545.198802542	4493545.198802542	1.1577282535424338e-10	0.022467725878239884	0.13928394419222673	30153600.0	0.105	0.18051199167312584
Saltmarsh_2_000000001	30240000.0	1	1	0.19317630648469003	0.38635261296938006	0.24639603681277258	0.49279207362554517	1.0	0.17150476574897766	13785720.09754488	4493545.201306832	4493545.201306832	1.0961909158169192e-10	0.022467725896915067	0.13928394430184582	30240000.0	0.105	0.18051199181519217
Saltmarsh_2_000000001	30326400.0	1	1	0.1931763065323799	0.3863526130647598	0.24639603687415707	0.49279207374831413	1.0	0.17150476574897766	13785720.10473361	4493545.203678007	4493545.203678007	1.0379244685942979e-10	0.02246772591459759	0.1392839444056383	30326400.0	0.105	0.18051199194970724
Saltmarsh_2_000000001	30412800.0	1	1	0.19317630657753493	0.38635261315506986	0.24639603693227874	0.4927920738645575	1.0	0.17150476574897766	13785720.111540237	4493545.205923148	4493545.205923148	9.82755161971216e-11	0.022467725931340228	0.13928394450391385	30412800.0	0.105	0.18051199207707236
Saltmarsh_2_000000001	30499200.0	1	1	0.19317630662028978	0.38635261324057957	0.24639603698731105	0.4927920739746221	1.0	0.17150476574897766	13785720.117985072	4493545.208048952	4493545.208048952	9.305181972174559e-11	0.02246772594719294	0.13928394459696566	30499200.0	0.105	0.18051199219766753
Saltmarsh_2_000000001	30585600.0	1	1	0.19317630666077207	0.38635261332154414	0.24639603703941818	0.49279207407883635	1.0	0.17150476574897766	13785720.124087336	4493545.21006176	4493545.21006176	8.810578308593442e-11	0.022467725962203016	0.13928394468507144	30585600.0	0.105	0.1805119923118526
Saltmarsh_2_000000001	30672000.0	1	1	0.19317630669910257	0.38635261339820515	0.24639603708875563	0.49279207417751125	1.0	0.17150476574897766	13785720.12986524	4493545.211967581	4493545.211967581	8.342265420124839e-11	0.02246772597641525	0.1392839447684941	30672000.0	0.105	0.18051199241996835
Saltmarsh_2_000000001	30758400.0	1	1	0.19317630673539568	0.38635261347079136	0.24639603713547065	0.4927920742709413	1.0	0.17150476574897766	13785720.13533603	4493545.2137721	4493545.2137721	7.898844078813028e-11	0.02246772598987206	0.13928394484748258	30758400.0	0.105	0.18051199252233743
Saltmarsh_2_000000001	30844800.0	1	1	0.19317630676975966	0.38635261353951933	0.2463960371797026	0.4927920743594052	1.0	0.17150476574897766	13785720.140516032	4493545.215480705	4493545.215480705	7.478992772314008e-11	0.022467726002613597	0.13928394492227253	30844800.0	0.105	0.18051199261926518
Saltmarsh_2_000000001	30931200.0	1	1	0.19317630680229708	0.38635261360459416	0.24639603722158346	0.4927920744431669	1.0	0.17150476574897766	13785720.145420695	4493545.217098491	4493545.217098491	7.08145798944404e-11	0.022467726014677877	0.1392839449930871	30931200.0	0.105	0.18051199271104088
Saltmarsh_2_000000001	31017600.0	1	1	0.19317630683310505	0.3863526136662101	0.24639603726123818	0.49279207452247636	1.0	0.17150476574897766	13785720.150064658	4493545.218630284	4493545.218630284	6.70505283240086e-11	0.022467726026100893	0.13928394506013766	31017600.0	0.105	0.18051199279793842
Saltmarsh_2_000000001	31104000.0	1	1	0.19317630686227547	0.38635261372455093	0.24639603729878512	0.49279207459757024	1.0	0.17150476574897766	13785720.15446178	4493545.22008066	4493545.22008066	6.348656322874291e-11	0.022467726036916737	0.13928394512362424	31104000.0	0.105	0.18051199288021702
Saltmarsh_2_000000001	31190400.0	1	1	0.19317630688989534	0.3863526137797907	0.24639603733433632	0.49279207466867264	1.0	0.17150476574897766	13785720.158625178	4493545.22145394	4493545.22145394	6.011201605926608e-11	0.02246772604715768	0.13928394518373627	31190400.0	0.105	0.1805119929581222
Saltmarsh_2_000000001	31276800.0	1	1	0.19317630691604715	0.3863526138320943	0.24639603736799787	0.49279207473599573	1.0	0.17150476574897766	13785720.162567277	4493545.222754228	4493545.222754228	5.691686011388697e-11	0.02246772605685428	0.13928394524065318	31276800.0	0.105	0.1805119930318865
Saltmarsh_2_000000001	31363200.0	1	1	0.1931763069408089	0.3863526138816178	0.24639603739987015	0.4927920747997403	1.0	0.17150476574897766	13785720.166299842	4493545.223985399	4493545.223985399	5.3891516249571225e-11	0.02246772606603548	0.13928394529454471	31363200.0	0.105	0.18051199310172994
Saltmarsh_2_000000001	31449600.0	1	1	0.19317630696425445	0.3863526139285089	0.24639603743004831	0.49279207486009663	1.0	0.17150476574897766	13785720.169834008	4493545.225151129	4493545.225151129	5.102699165981939e-11	0.022467726074728654	0.1392839453455717	31449600.0	0.105	0.18051199316786093
Saltmarsh_2_000000001	31536000.0	1	1	0.1931763069864538	0.3863526139729076	0.2463960374586224	0.4927920749172448	1.0	0.17150476574897766	13785720.173180318	4493545.226254897	4493545.226254897	4.8314727219000986e-11	0.022467726082959757	0.13928394539388644	31536000.0	0.105	0.1805119932304768
Saltmarsh_2_000000001	31622400.0	1	1	0.19317630700747318	0.38635261401494636	0.24639603748567768	0.49279207497135535	1.0	0.17150476574897766	13785720.17634876	4493545.227299996	4493545.227299996	4.574662523793016e-11	0.022467726090753353	0.1392839454396331	31622400.0	0.105	0.1805119932897645
Saltmarsh_2_000000001	31708800.0	1	1	0.19317630702737532	0.38635261405475063	0.24639603751129488	0.49279207502258976	1.0	0.17150476574897766	13785720.179348791	4493545.228289544	4493545.228289544	4.33150321166309e-11	0.022467726098132686	0.13928394548294815	31708800.0	0.105	0.1805119933459008
Saltmarsh_2_000000001	31795200.0	1	1	0.19317630704621958	0.38635261409243915	0.24639603753555042	0.49279207507110084	1.0	0.17150476574897766	13785720.182189358	4493545.229226493	4493545.229226493	4.101267936373887e-11	0.022467726105119788	0.13928394552396087	31795200.0	0.105	0.1805119933990533
Saltmarsh_2_000000001	31881600.0	1	1	0.1931763070640622	0.3863526141281244	0.2463960375585167	0.4927920751170334	1.0	0.17150476574897766	13785720.18487894	4493545.230113641	4493545.230113641	3.8832704413183095e-11	0.022467726111735503	0.13928394556279358	31881600.0	0.105	0.1805119934493805
Saltmarsh_2_000000001	31968000.0	1	1	0.1931763070809564	0.3863526141619128	0.24639603758026224	0.4927920751605245	1.0	0.17150476574897766	13785720.18742556	4493545.230953635	4493545.230953635	3.6768615929716475e-11	0.02246772611799956	0.13928394559956223	31968000.0	0.105	0.18051199349703267
Saltmarsh_2_000000001	32054400.0	1	1	0.19317630709695263	0.38635261419390526	0.2463960376008519	0.4927920752017038	1.0	0.17150476574897766	13785720.189836817	4493545.231748978	4493545.231748978	3.4814224419976725e-11	0.022467726123930665	0.13928394563437646	32054400.0	0.105	0.1805119935421519
Saltmarsh_2_000000001	32140800.0	1	1	0.1931763071120986	0.3863526142241972	0.24639603762034717	0.49279207524069435	1.0	0.17150476574897766	13785720.192119908	4493545.232502046	4493545.232502046	3.2963722029766274e-11	0.02246772612954651	0.1392839456673402	32140800.0	0.105	0.1805119935848729
Saltmarsh_2_000000001	32227200.0	1	1	0.19317630712643952	0.38635261425287903	0.2463960376388062	0.4927920752776124	1.0	0.17150476574897766	13785720.194281645	4493545.233215086	4493545.233215086	3.121158193009066e-11	0.02246772613486385	0.1392839456985518	32227200.0	0.105	0.1805119936253231
Saltmarsh_2_000000001	32313600.0	1	1	0.19317630714001816	0.3863526142800363	0.24639603765628404	0.4927920753125681	1.0	0.17150476574897766	13785720.196328478	4493545.233890225	4493545.233890225	2.9552572194946336e-11	0.022467726139898555	0.13928394572810437	32313600.0	0.105	0.18051199366362328
Saltmarsh_2_000000001	32400000.0	1	1	0.19317630715287504	0.3863526143057501	0.2463960376728329	0.4927920753456658	1.0	0.17150476574897766	13785720.19826651	4493545.234529479	4493545.234529479	2.798175233187372e-11	0.022467726144665644	0.13928394575608616	32400000.0	0.105	0.18051199369988766
Saltmarsh_2_000000001	32486400.0	1	1	0.19317630716504852	0.38635261433009704	0.24639603768850213	0.49279207537700426	1.0	0.17150476574897766	13785720.200101534	4493545.235134755	4493545.235134755	2.649442470969987e-11	0.022467726149179353	0.13928394578258058	32486400.0	0.105	0.18051199373422444
Saltmarsh_2_000000001	32572800.0	1	1	0.19317630717657494	0.3863526143531499	0.24639603770333846	0.4927920754066769	1.0	0.17150476574897766	13785720.201839017	4493545.235707856	4493545.235707856	2.508614496687933e-11	0.022467726153453136	0.13928394580766673	32572800.0	0.105	0.1805119937667361
Saltmarsh_2_000000001	32659200.0	1	1	0.1931763071874887	0.3863526143749774	0.2463960377173862	0.4927920754347724	1.0	0.17150476574897766	13785720.203484148	4493545.2362504965	4493545.2362504965	2.3752728950388047e-11	0.022467726157499753	0.13928394583141945	32659200.0	0.105	0.18051199379751964
Saltmarsh_2_000000001	32745600.0	1	1	0.19317630719782236	0.3863526143956447	0.24639603773068725	0.4927920754613745	1.0	0.17150476574897766	13785720.205041835	4493545.236764291	4493545.236764291	2.2490179857337367e-11	0.02246772616133128	0.13928394585390969	32745600.0	0.105	0.18051199382666697
Saltmarsh_2_000000001	32832000.0	1	1	0.19317630720760676	0.3863526144152135	0.2463960377432813	0.4927920754865626	1.0	0.17150476574897766	13785720.206516724	4493545.237250781	4493545.237250781	2.1294757623913085e-11	0.022467726164959147	0.13928394587520443	32832000.0	0.105	0.18051199385426495
Saltmarsh_2_000000001	32918400.0	1	1	0.19317630721687107	0.38635261443374214	0.24639603775520594	0.4927920755104119	1.0	0.17150476574897766	13785720.20791322	4493545.237711407	4493545.237711407	2.0162864433626027e-11	0.022467726168394174	0.1392839458953673	32918400.0	0.105	0.18051199388039602
Saltmarsh_2_000000001	33004800.0	1	1	0.19317630722564294	0.3863526144512859	0.24639603776649674	0.4927920755329935	1.0	0.17150476574897766	13785720.209235484	4493545.23814755	4493545.23814755	1.909112451459194e-11	0.022467726171646628	0.13928394591445847	33004800.0	0.105	0.1805119939051382
Saltmarsh_2_000000001	33091200.0	1	1	0.19317630723394857	0.38635261446789715	0.2463960377771874	0.4927920755543748	1.0	0.17150476574897766	13785720.210487464	4493545.238560514	4493545.238560514	1.807637026174369e-11	0.0224677261747262	0.13928394593253487	33091200.0	0.105	0.1805119939285652
Saltmarsh_2_000000001	33177600.0	1	1	0.1931763072418127	0.3863526144836254	0.2463960377873098	0.4927920755746196	1.0	0.17150476574897766	13785720.211672902	4493545.238951525	4493545.238951525	1.7115541622869657e-11	0.022467726177642082	0.13928394594965043	33177600.0	0.105	0.18051199395074696
Saltmarsh_2_000000001	33264000.0	1	1	0.19317630724925883	0.38635261449851765	0.24639603779689417	0.49279207559378835	1.0	0.17150476574897766	13785720.212795323	4493545.239321752	4493545.239321752	1.6205793651469236e-11	0.02246772618040297	0.1392839459658562	33264000.0	0.105	0.18051199397174963
Saltmarsh_2_000000001	33350400.0	1	1	0.1931763072563092	0.3863526145126184	0.24639603780596908	0.49279207561193816	1.0	0.17150476574897766	13785720.213858085	4493545.239672301	4493545.239672301	1.5344402831685144e-11	0.022467726183017105	0.1392839459812006	33350400.0	0.105	0.180511993991636
Saltmarsh_2_000000001	33436800.0	1	1	0.1931763072629848	0.3863526145259696	0.24639603781456165	0.4927920756291233	1.0	0.17150476574897766	13785720.21486436	4493545.240004216	4493545.240004216	1.4528787894985129e-11	0.022467726185492295	0.1392839459957294	33436800.0	0.105	0.1805119940104653
Saltmarsh_2_000000001	33523200.0	1	1	0.19317630726930557	0.38635261453861114	0.24639603782269748	0.49279207564539496	1.0	0.17150476574897766	13785720.21581715	4493545.240318489	4493545.240318489	1.3756527167396726e-11	0.02246772618783592	0.13928394600948596	33523200.0	0.105	0.1805119940282938
Saltmarsh_2_000000001	33609600.0	1	1	0.19317630727529037	0.38635261455058073	0.24639603783040087	0.49279207566080174	1.0	0.17150476574897766	13785720.216719294	4493545.240616057	4493545.240616057	1.3025313466696886e-11	0.022467726190054972	0.13928394602251132	33609600.0	0.105	0.18051199404517465
Saltmarsh_2_000000001	33696000.0	1	1	0.19317630728095705	0.3863526145619141	0.2463960378376948	0.4927920756753896	1.0	0.17150476574897766	13785720.217573484	4493545.240897811	4493545.240897811	1.233298185798759e-11	0.022467726192156073	0.13928394603484429	33696000.0	0.105	0.1805119940611582
Saltmarsh_2_000000001	33782400.0	1	1	0.19317630728632254	0.3863526145726451	0.246396037844601	0.492792075689202	1.0	0.17150476574897766	13785720.218382273	4493545.241164585	4493545.241164585	1.1677433325862907e-11	0.02246772619414549	0.13928394604652175	33782400.0	0.105	0.1805119940762922
Saltmarsh_2_000000001	33868800.0	1	1	0.19317630729140284	0.3863526145828057	0.24639603785114014	0.4927920757022803	1.0	0.17150476574897766	13785720.219148073	4493545.241417181	4493545.241417181	1.105673885781755e-11	0.022467726196029165	0.13928394605757852	33868800.0	0.105	0.18051199409062174
Saltmarsh_2_000000001	33955200.0	1	1	0.19317630729621307	0.38635261459242615	0.24639603785733172	0.49279207571466344	1.0	0.17150476574897766	13785720.219873166	4493545.241656349	4493545.241656349	1.0469024952497463e-11	0.02246772619781272	0.13928394606804756	33955200.0	0.105	0.18051199410418964
Saltmarsh_2_000000001	34041600.0	1	1	0.19317630730076765	0.3863526146015353	0.24639603786319417	0.49279207572638833	1.0	0.17150476574897766	13785720.220559716	4493545.241882808	4493545.241882808	9.912567294767527e-12	0.02246772619950147	0.13928394607796013	34041600.0	0.105	0.18051199411703633
Saltmarsh_2_000000001	34128000.0	1	1	0.19317630730508015	0.3863526146101603	0.246396037868745	0.49279207573749	1.0	0.17150476574897766	13785720.22120978	4493545.242097226	4493545.242097226	9.385672794515187e-12	0.022467726201100456	0.13928394608734584	34128000.0	0.105	0.18051199412920022
Saltmarsh_2_000000001	34214400.0	1	1	0.19317630730916338	0.38635261461832676	0.24639603787400077	0.49279207574800155	1.0	0.17150476574897766	13785720.221825285	4493545.242300246	4493545.242300246	8.886773261718162e-12	0.022467726202614457	0.13928394609623262	34214400.0	0.105	0.18051199414071747
Saltmarsh_2_000000001	34300800.0	1	1	0.1931763073130296	0.3863526146260592	0.2463960378789772	0.4927920757579544	1.0	0.17150476574897766	13785720.222408073	4493545.242492478	4493545.242492478	8.414418467550533e-12	0.022467726204047973	0.13928394610464706	34300800.0	0.105	0.18051199415162258
Saltmarsh_2_000000001	34387200.0	1	1	0.1931763073166903	0.3863526146333806	0.24639603788368913	0.49279207576737827	1.0	0.17150476574897766	13785720.222959887	4493545.242674491	4493545.242674491	7.96716859152724e-12	0.02246772620540529	0.13928394611261424	34387200.0	0.105	0.18051199416194808
Saltmarsh_2_000000001	34473600.0	1	1	0.19317630732015642	0.38635261464031284	0.2463960378881506	0.4927920757763012	1.0	0.17150476574897766	13785720.223482365	4493545.242846829	4493545.242846829	7.543674018783975e-12	0.02246772620669047	0.13928394612015793	34473600.0	0.105	0.18051199417172467
Saltmarsh_2_000000001	34560000.0	1	1	0.19317630732343832	0.38635261464687665	0.2463960378923749	0.4927920757847498	1.0	0.17150476574897766	13785720.223977076	4493545.243010008	4493545.243010008	7.1427065650997434e-12	0.022467726207907334	0.13928394612730066	34560000.0	0.105	0.18051199418098166
Saltmarsh_2_000000001	34646400.0	1	1	0.19317630732654575	0.3863526146530915	0.24639603789637468	0.49279207579274936	1.0	0.17150476574897766	13785720.22444549	4493545.243164511	4493545.243164511	6.7630380462535555e-12	0.02246772620905952	0.1392839461340637	34646400.0	0.105	0.18051199418974653
Saltmarsh_2_000000001	34732800.0	1	1	0.19317630732948804	0.3863526146589761	0.24639603790016187	0.49279207580032375	1.0	0.17150476574897766	13785720.224889005	4493545.243310805	4493545.243310805	6.4035755864555455e-12	0.022467726210150453	0.1392839461404673	34732800.0	0.105	0.18051199419804562
Saltmarsh_2_000000001	34819200.0	1	1	0.19317630733227392	0.38635261466454784	0.24639603790374776	0.4927920758074955	1.0	0.17150476574897766	13785720.225308945	4493545.243449321	4493545.243449321	6.06319508489328e-12	0.02246772621118341	0.1392839461465305	34819200.0	0.105	0.18051199420590355
Saltmarsh_2_000000001	34905600.0	1	1	0.19317630733491173	0.38635261466982346	0.246396037907143	0.492792075814286	1.0	0.17150476574897766	13785720.225706568	4493545.2435804745	4493545.2435804745	5.740914688079357e-12	0.02246772621216146	0.1392839461522714	34905600.0	0.105	0.18051199421334377
Saltmarsh_2_000000001	34992000.0	1	1	0.19317630733740934	0.3863526146748187	0.2463960379103578	0.4927920758207156	1.0	0.17150476574897766	13785720.226083053	4493545.243704657	4493545.243704657	5.435766420314181e-12	0.02246772621308752	0.1392839461577072	34992000.0	0.105	0.18051199422038852
Saltmarsh_2_000000001	35078400.0	1	1	0.19317630733977417	0.38635261467954835	0.24639603791340173	0.49279207582680346	1.0	0.17150476574897766	13785720.226439528	4493545.243822239	4493545.243822239	5.146837817049388e-12	0.02246772621396436	0.13928394616285406	35078400.0	0.105	0.18051199422705885
Saltmarsh_2_000000001	35164800.0	1	1	0.19317630734201333	0.38635261468402665	0.24639603791628384	0.4927920758325677	1.0	0.17150476574897766	13785720.226777054	4493545.24393357	4493545.24393357	4.8732580471000375e-12	0.022467726214794592	0.1392839461677273	35164800.0	0.105	0.18051199423337458
Saltmarsh_2_000000001	35251200.0	1	1	0.19317630734413344	0.38635261468826687	0.24639603791901277	0.49279207583802553	1.0	0.17150476574897766	13785720.227096641	4493545.244038982	4493545.244038982	4.614222198773277e-12	0.02246772621558069	0.13928394617234155	35251200.0	0.105	0.18051199423935466
Saltmarsh_2_000000001	35337600.0	1	1	0.19317630734614089	0.38635261469228177	0.24639603792159664	0.4927920758431933	1.0	0.17150476574897766	13785720.227399237	4493545.244138794	4493545.244138794	4.368960054845772e-12	0.02246772621632501	0.13928394617671053	35337600.0	0.105	0.18051199424501685
Saltmarsh_2_000000001	35424000.0	1	1	0.19317630734804161	0.38635261469608323	0.2463960379240432	0.4927920758480864	1.0	0.17150476574897766	13785720.227685753	4493545.244233298	4493545.244233298	4.136729153669805e-12	0.022467726217029763	0.13928394618084727	35424000.0	0.105	0.18051199425037806
Saltmarsh_2_000000001	35510400.0	1	1	0.19317630734984131	0.38635261469968263	0.24639603792635967	0.49279207585271934	1.0	0.17150476574897766	13785720.22795704	4493545.24432278	4493545.24432278	3.916842544748889e-12	0.022467726217697055	0.13928394618476414	35510400.0	0.105	0.18051199425545433
Saltmarsh_2_000000001	35596800.0	1	1	0.19317630735154537	0.38635261470309074	0.24639603792855302	0.49279207585710605	1.0	0.17150476574897766	13785720.228213906	4493545.244407506	4493545.244407506	3.708644502609104e-12	0.022467726218328883	0.13928394618847278	35596800.0	0.105	0.18051199426026074
Saltmarsh_2_000000001	35683200.0	1	1	0.19317630735315883	0.38635261470631765	0.24639603793062978	0.49279207586125956	1.0	0.17150476574897766	13785720.22845712	4493545.244487727	4493545.244487727	3.5115209351399557e-12	0.022467726218927116	0.1392839461919843	35683200.0	0.105	0.18051199426481168
Saltmarsh_2_000000001	35769600.0	1	1	0.19317630735468652	0.38635261470937304	0.24639603793259618	0.49279207586519236	1.0	0.17150476574897766	13785720.228687402	4493545.244563684	4493545.244563684	3.3248612196778993e-12	0.02246772621949356	0.1392839461953092	35769600.0	0.105	0.18051199426912073
Saltmarsh_2_000000001	35856000.0	1	1	0.193176307356133	0.386352614712266	0.24639603793445805	0.4927920758689161	1.0	0.17150476574897766	13785720.228905445	4493545.244635606	4493545.244635606	3.148138000286238e-12	0.022467726220029894	0.13928394619845735	35856000.0	0.105	0.18051199427320075
Saltmarsh_2_000000001	35942400.0	1	1	0.1931763073575026	0.3863526147150052	0.24639603793622095	0.4927920758724419	1.0	0.17150476574897766	13785720.229111899	4493545.2447037045	4493545.2447037045	2.9808031043465633e-12	0.02246772622053772	0.13928394620143816	35942400.0	0.105	0.18051199427706385
Saltmarsh_2_000000001	36028800.0	1	1	0.19317630735879943	0.38635261471759885	0.24639603793789017	0.49279207587578033	1.0	0.17150476574897766	13785720.229307376	4493545.244768183	4493545.244768183	2.8223638703916976e-12	0.02246772622101855	0.13928394620426057	36028800.0	0.105	0.18051199428072173
Saltmarsh_2_000000001	36115200.0	1	1	0.1931763073600273	0.3863526147200546	0.24639603793947065	0.4927920758789413	1.0	0.17150476574897766	13785720.22949247	4493545.244829234	4493545.244829234	2.6723415147422713e-12	0.02246772622147383	0.13928394620693293	36115200.0	0.105	0.1805119942841851
Saltmarsh_2_000000001	36201600.0	1	1	0.1931763073611899	0.3863526147223798	0.2463960379409671	0.4927920758819342	1.0	0.17150476574897766	13785720.22966772	4493545.24488704	4493545.24488704	2.5302954176353865e-12	0.022467726221904905	0.13928394620946322	36201600.0	0.105	0.18051199428746434
Saltmarsh_2_000000001	36288000.0	1	1	0.19317630736229072	0.38635261472458143	0.24639603794238402	0.49279207588476803	1.0	0.17150476574897766	13785720.229833653	4493545.244941773	4493545.244941773	2.3958057759898566e-12	0.02246772622231306	0.13928394621185902	36288000.0	0.105	0.1805119942905693
Saltmarsh_2_000000001	36374400.0	1	1	0.19317630736333302	0.38635261472666604	0.24639603794372564	0.4927920758874513	1.0	0.17150476574897766	13785720.229990767	4493545.244993596	4493545.244993596	2.268456256171447e-12	0.022467726222699526	0.13928394621412754	36374400.0	0.105	0.18051199429350928
Saltmarsh_2_000000001	36460800.0	1	1	0.19317630736431993	0.38635261472863985	0.24639603794499593	0.49279207588999185	1.0	0.17150476574897766	13785720.230139533	4493545.245042667	4493545.245042667	2.1478790968032513e-12	0.022467726223065455	0.1392839462162754	36460800.0	0.105	0.18051199429629294
Saltmarsh_2_000000001	36547200.0	1	1	0.19317630736525437	0.38635261473050875	0.24639603794619871	0.49279207589239743	1.0	0.17150476574897766	13785720.230280392	4493545.245089129	4493545.245089129	2.0337204142961696e-12	0.022467726223411925	0.13928394621830917	36547200.0	0.105	0.18051199429892867
Saltmarsh_2_000000001	36633600.0	1	1	0.19317630736613917	0.38635261473227833	0.24639603794733758	0.49279207589467516	1.0	0.17150476574897766	13785720.230413763	4493545.245133121	4493545.245133121	1.925615916720247e-12	0.02246772622373999	0.13928394622023482	36633600.0	0.105	0.18051199430142434
Saltmarsh_2_000000001	36720000.0	1	1	0.1931763073669769	0.3863526147339538	0.2463960379484159	0.4927920758968318	1.0	0.17150476574897766	13785720.230540046	4493545.245174774	4493545.245174774	1.8232498844028555e-12	0.02246772622405062	0.1392839462220581	36720000.0	0.105	0.1805119943037873
Saltmarsh_2_000000001	36806400.0	1	1	0.19317630736777014	0.3863526147355403	0.2463960379494369	0.4927920758988738	1.0	0.17150476574897766	13785720.230659613	4493545.245214214	4493545.245214214	1.7263378226939352e-12	0.02246772622434473	0.13928394622378448	36806400.0	0.105	0.18051199430602471
Saltmarsh_2_000000001	36892800.0	1	1	0.1931763073685212	0.3863526147370424	0.24639603795040363	0.49279207590080726	1.0	0.17150476574897766	13785720.23077283	4493545.245251557	4493545.245251557	1.634577889708666e-12	0.022467726224623206	0.1392839462254191	36892800.0	0.105	0.18051199430814316
Saltmarsh_2_000000001	36979200.0	1	1	0.19317630736923233	0.38635261473846466	0.24639603795131898	0.49279207590263796	1.0	0.17150476574897766	13785720.230880026	4493545.2452869145	4493545.2452869145	1.5476890602439397e-12	0.022467726224886884	0.1392839462269668	36979200.0	0.105	0.18051199431014897
Saltmarsh_2_000000001	37065600.0	1	1	0.19317630736990568	0.38635261473981136	0.24639603795218568	0.49279207590437135	1.0	0.17150476574897766	13785720.230981525	4493545.245320395	4493545.245320395	1.4654284730131195e-12	0.022467726225136545	0.13928394622843226	37065600.0	0.105	0.18051199431204823
Saltmarsh_2_000000001	37152000.0	1	1	0.19317630737054323	0.38635261474108645	0.2463960379530063	0.4927920759060126	1.0	0.17150476574897766	13785720.231077626	4493545.245352093	4493545.245352093	1.387528980600905e-12	0.022467726225372936	0.13928394622981982	37152000.0	0.105	0.1805119943138465
Saltmarsh_2_000000001	37238400.0	1	1	0.19317630737114688	0.38635261474229377	0.2463960379537833	0.4927920759075666	1.0	0.17150476574897766	13785720.231168622	4493545.245382108	4493545.245382108	1.313778946743227e-12	0.02246772622559676	0.1392839462311336	37238400.0	0.105	0.18051199431554915
Saltmarsh_2_000000001	37324800.0	1	1	0.19317630737171845	0.3863526147434369	0.246396037954519	0.492792075909038	1.0	0.17150476574897766	13785720.23125478	4493545.245410526	4493545.245410526	1.2439459184943047e-12	0.022467726225808685	0.13928394623237758	37324800.0	0.105	0.18051199431716136
Saltmarsh_2_000000001	37411200.0	1	1	0.19317630737225963	0.38635261474451926	0.24639603795521559	0.49279207591043117	1.0	0.17150476574897766	13785720.23133636	4493545.245437434	4493545.245437434	1.1778182595900688e-12	0.02246772622600935	0.13928394623355542	37411200.0	0.105	0.18051199431868784
Saltmarsh_2_000000001	37497600.0	1	1	0.19317630737277205	0.3863526147455441	0.24639603795587514	0.4927920759117503	1.0	0.17150476574897766	13785720.2314136	4493545.245462912	4493545.245462912	1.1152155587890178e-12	0.022467726226199344	0.13928394623467064	37497600.0	0.105	0.18051199432013315
Saltmarsh_2_000000001	37584000.0	1	1	0.19317630737325725	0.3863526147465145	0.24639603795649967	0.49279207591299934	1.0	0.17150476574897766	13785720.231486736	4493545.245487036	4493545.245487036	1.0559435270618422e-12	0.02246772622637924	0.13928394623572662	37584000.0	0.105	0.1805119943215017
Saltmarsh_2_000000001	37670400.0	1	1	0.19317630737371663	0.38635261474743327	0.24639603795709097	0.49279207591418195	1.0	0.17150476574897766	13785720.231555987	4493545.245509878	4493545.245509878	9.998113448261847e-13	0.022467726226549578	0.13928394623672644	37670400.0	0.105	0.18051199432279744
Saltmarsh_2_000000001	37756800.0	1	1	0.19317630737415162	0.38635261474830324	0.24639603795765086	0.4927920759153017	1.0	0.17150476574897766	13785720.231621552	4493545.245531505	4493545.245531505	9.466663564161593e-13	0.02246772622671086	0.13928394623767312	37756800.0	0.105	0.18051199432402437
Saltmarsh_2_000000001	37843200.0	1	1	0.19317630737456348	0.38635261474912697	0.246396037958181	0.492792075916362	1.0	0.17150476574897766	13785720.231683638	4493545.245551983	4493545.245551983	8.96345497825024e-13	0.02246772622686357	0.1392839462385695	37843200.0	0.105	0.18051199432518605
