plant	time	x	y	r_ag	h_ag	r_bg	h_bg	aboveground_resources	belowground_resources	res_ag	res_bg	res_eff	grow	maint	volume	age	salinity	transpiration
Saltmarsh_3_000000001	36892800.0	1	1	0.5111863074706594	1.0223726149413188	0.5542654540317178	1.1085309080634356	1.0	0.6106392741203308	96533969.56578249	73088517.41470227	73088517.41470227	2.3486768085945187e-13	0.3654425870732765	1.9091761907957154	36979200.0	0.07	2.474292343271247
