plant	time	x	y	r_ag	h_ag	r_bg	h_bg	aboveground_resources	belowground_resources	res_ag	res_bg	res_eff	grow	maint	volume	age	salinity	transpiration
Saltmarsh_3_000000001	0.0	1	1	0.05	0.1	0.05	0.1	NaN	NaN	NaN	NaN	NaN	NaN	NaN	NaN	NaN	NaN	NaN
Saltmarsh_3_000000001	86400.0	1	1	0.07055297072250037	0.14110594144500074	0.07300437528595038	0.14600875057190077	1.0	0.7322306632995605	923552.841931713	676253.7100398525	676253.7100398525	0.0030805201155599273	0.00030074843463933525	0.0046513164423548255	86400.0	0.057645118	0.006028106109291854
Saltmarsh_3_000000001	172800.0	1	1	0.09409289923451077	0.18818579846902153	0.09827952040906955	0.1965590408181391	1.0	0.7386289834976196	1838875.6007398295	1487573.4319199522	1487573.4319199522	0.0065473149503870445	0.0008905522092127166	0.011198631392741873	172800.0	0.056914342	0.014513426284993467
Saltmarsh_3_000000001	259200.0	1	1	0.11897217776086272	0.23794435552172544	0.12459804872805687	0.24919609745611374	1.0	0.7450034022331238	3270660.3136006147	2736013.8114158446	2736013.8114158446	0.01153595221390952	0.0021441168431697018	0.0227345836066514	259200.0	0.056174699	0.029464020354220216
Saltmarsh_3_000000001	345600.0	1	1	0.1442959539267207	0.2885919078534414	0.1511992797094608	0.3023985594189216	1.0	0.7513474822044373	5228926.810474499	4442820.256146029	4442820.256146029	0.017861283340400012	0.0043528179403301325	0.04059586694705142	345600.0	0.055426409	0.05261224356337864
Saltmarsh_3_000000001	432000.0	1	1	0.16954219555823852	0.33908439111647704	0.1776057337717386	0.3552114675434772	1.0	0.75765460729599	7691836.560425354	6599589.267020876	6599589.267020876	0.025225364219341243	0.007772582115763138	0.06582123116639266	432000.0	0.054669694	0.08530431559164489
Saltmarsh_3_000000001	518400.0	1	1	0.19439215003867116	0.3887843000773423	0.20351551892817799	0.40703103785635597	1.0	0.7639186978340149	10618846.58114482	9179751.41459755	9179751.41459755	0.033296466182915416	0.012602290890072337	0.09911769734930809	518400.0	0.053904776	0.12845653576470328
Saltmarsh_3_000000001	604800.0	1	1	0.2186478359595231	0.4372956719190462	0.22873879899335886	0.4574775979867177	1.0	0.7701334953308105	13959799.696841467	12146747.468945717	12146747.468945717	0.04175642512775642	0.018977312216972166	0.14087412247706455	604800.0	0.053131885	0.18257286273027565
Saltmarsh_3_000000001	691200.0	1	1	0.24218721952047242	0.48437443904094485	0.2531590282179493	0.5063180564358986	1.0	0.7762932181358337	17660870.540192053	15459362.817189436	15459362.817189436	0.05032471649859446	0.026972097587352722	0.19119883897565904	691200.0	0.052351247	0.24779369531245413
Saltmarsh_3_000000001	777600.0	1	1	0.26493783316701125	0.5298756663340225	0.27670854202506295	0.5534170840501259	1.0	0.7823920249938965	21668267.221061002	19075061.09543503	19075061.09543503	0.05876791688968193	0.036607388587493225	0.24996675586534098	777600.0	0.051563094	0.32395691560148193
Saltmarsh_3_000000001	864000.0	1	1	0.28686041259969347	0.5737208251993869	0.2993527899672027	0.5987055799344054	1.0	0.788424551486969	25930428.914249774	22952030.80185	22952030.80185	0.06690091901105774	0.04785923499819226	0.3168676748763988	864000.0	0.050767662	0.41066050663981285
Saltmarsh_3_000000001	950400.0	1	1	0.30793830565135893	0.6158766113027179	0.3210798779838706	0.6421597559677412	1.0	0.7943856120109558	30399257.62114641	27050383.792118154	27050383.792118154	0.07458367344633576	0.06066824551425501	0.39145134832273454	950400.0	0.049965184	0.507320947426264
Saltmarsh_3_000000001	1036800.0	1	1	0.32817041399572294	0.6563408279914459	0.34189348924963947	0.6837869784992789	1.0	0.8002703189849854	35030728.747905046	31332824.720461015	31332824.720461015	0.08171590896919835	0.07494821463310673	0.47316725729193276	1036800.0	0.049155898	0.6132247654503449
Saltmarsh_3_000000001	1123200.0	1	1	0.3475663561842288	0.6951327123684576	0.3618079886315199	0.7236159772630398	1.0	0.8060738444328308	39785112.479892306	35764966.290689714	35764966.290689714	0.08823109277091762	0.09059373868253096	0.5613983500628504	1123200.0	0.048340045	0.7275722616814542
Saltmarsh_3_000000001	1209600.0	1	1	0.366143117287923	0.732286234575846	0.3808450074569335	0.761690014913867	1.0	0.8117918968200684	44626949.57104248	40315452.632577635	40315452.632577635	0.09409058770381468	0.1074866754590735	0.6554889377666652	1209600.0	0.047517866	0.8495136633455981
Saltmarsh_3_000000001	1296000.0	1	1	0.3839226689761199	0.7678453379522397	0.3990310125871353	0.7980620251742706	1.0	0.8174205422401428	49524886.60768743	44955928.38805029	44955928.38805029	0.09927815674199508	0.12550148519825635	0.7547670945086602	1296000.0	0.046689604	0.9781781544832235
Saltmarsh_3_000000001	1382400.0	1	1	0.40093023828934327	0.8018604765786865	0.4163955420290672	0.8327910840581344	1.0	0.8229557275772095	54451425.34819602	49660899.326378025	49660899.326378025	0.10379497727623524	0.1445095193556549	0.8585620717848956	1382400.0	0.045855507	1.1126964450332248
Saltmarsh_3_000000001	1468800.0	1	1	0.4171930912431762	0.8343861824863524	0.43296995982597253	0.8659399196519451	1.0	0.8283940553665161	59382621.30878091	54407606.01414747	54407606.01414747	0.10765567525782893	0.16438235481290842	0.9662177470427247	1468800.0	0.045015818	1.2522182001673712
Saltmarsh_3_000000001	1555200.0	1	1	0.4327396322312169	0.8654792644624338	0.44878654078869373	0.8975730815773875	1.0	0.8337324261665344	64297776.70263429	59175823.42667183	59175823.42667183	0.11088474836196621	0.18499436877139297	1.0771024954046908	1555200.0	0.04417079	1.3959248340444792
Saltmarsh_3_000000001	1641600.0	1	1	0.4475987467287269	0.8951974934574538	0.4638778062862164	0.9277556125724328	1.0	0.83896803855896	69179128.03667244	63947662.52182874	63947662.52182874	0.11351368379297261	0.2062246288161711	1.1906161791976633	1641600.0	0.043320671	1.5430385682401715
Saltmarsh_3_000000001	1728000.0	1	1	0.46179931582365746	0.9235986316473149	0.4782760386110355	0.956552077222071	1.0	0.8440982699394226	74011543.94328678	68707361.28816344	68707361.28816344	0.1155785752928025	0.2279582311480147	1.3061947544904657	1728000.0	0.042465714	1.6928284018196438
Saltmarsh_3_000000001	1814400.0	1	1	0.47536987561981825	0.9507397512396365	0.4920129425758066	0.9840258851516132	1.0	0.8491209149360657	78782237.42908865	73441107.0870384	73441107.0870384	0.11711835287303668	0.25008718256215534	1.4233131073635028	1814400.0	0.041606172	1.8446137871430996
Saltmarsh_3_000000001	1900800.0	1	1	0.4883383586960322	0.9766767173920644	0.50511939456115	1.0102387891223	1.0	0.854033887386322	83480502.40243529	78136829.69481179	78136829.69481179	0.11817320498678507	0.2725109434872739	1.5414863123502878	1900800.0	0.040742299	1.997766260805973
Saltmarsh_3_000000001	1987200.0	1	1	0.5007319385601724	1.0014638771203448	0.5176252928356575	1.035250585671315	1.0	0.858835756778717	88097466.41899307	82784073.71372113	82784073.71372113	0.11878369963886992	0.2951366689297357	1.6602700119891574	1987200.0	0.039874351	2.151709935537948
Saltmarsh_3_000000001	2073600.0	1	1	0.5125769000771802	1.0251538001543603	0.5295594392770792	1.0591188785541583	1.0	0.8635252118110657	92625875.67960186	87373798.57904628	87373798.57904628	0.11898971175175854	0.31787928114347286	1.7792597237409158	2073600.0	0.039002587	2.305920601968227
Saltmarsh_3_000000001	2160000.0	1	1	0.5238985625758862	1.0477971251517724	0.5409494731867284	1.0818989463734567	1.0	0.8681012392044067	97059891.36684556	91898244.50400127	91898244.50400127	0.11882988558923369	0.3406613369307727	1.8980896093301494	2160000.0	0.038127263	2.4599241336918736
Saltmarsh_3_000000001	2246400.0	1	1	0.5347212194833839	1.0694424389667678	0.5518218237927899	1.1036436475855798	1.0	0.872562825679779	101394910.01297769	96350766.61900103	96350766.61900103	0.11834104107759241	0.3634127920174128	2.0164306504077416	2246400.0	0.03724864	2.613294122928433
Saltmarsh_3_000000001	2332800.0	1	1	0.5450681444441854	1.0901362888883708	0.5622017246154886	1.1244034492309771	1.0	0.8769097328186035	105627397.04921322	100725792.34653588	100725792.34653588	0.11755830997205219	0.38607065176062716	2.133988960379793	2332800.0	0.036366977	2.7656496926522123
Saltmarsh_3_000000001	2419200.0	1	1	0.5549615699764394	1.1099231399528788	0.5721132054375824	1.1442264108751647	1.0	0.8811416625976562	109754754.52323385	105018632.2075549	105018632.2075549	0.11651451310995453	0.40857864792782006	2.250503473489748	2419200.0	0.035482537	2.9166525016427136
Saltmarsh_3_000000001	2505600.0	1	1	0.5644227004916801	1.1288454009833602	0.5815791160340018	1.1631582320680036	1.0	0.8852586150169373	113775187.6820733	109225413.56606065	109225413.56606065	0.11524027158761974	0.43088679624268356	2.3657437450773675	2505600.0	0.034595581	3.0660038936202683
Saltmarsh_3_000000001	2592000.0	1	1	0.5734717356885772	1.1469434713771545	0.5906211599235568	1.1812423198471136	1.0	0.8892608880996704	117687594.20108451	113342994.51934236	113342994.51934236	0.11376399737921083	0.45295097521750094	2.479507742456579	2592000.0	0.033706371	3.2134420342237258
Saltmarsh_3_000000001	2678400.0	1	1	0.582127892208397	1.164255784416794	0.5992599268109415	1.198519853621883	1.0	0.8931488990783691	121491467.05235174	117368863.99500029	117368863.99500029	0.112111816785683	0.4747325031893184	2.591619559242261	2678400.0	0.032815173	3.3587389487779706
Saltmarsh_3_000000001	2764800.0	1	1	0.5904094471477784	1.1808188942955569	0.607514944824767	1.215029889649534	1.0	0.8969234824180603	125186805.61754927	121301107.78850585	121301107.78850585	0.11030783824306378	0.49619770069946545	2.701927397485325	2764800.0	0.031922248	3.501697907140981
Saltmarsh_3_000000001	2851200.0	1	1	0.5983337598814601	1.1966675197629202	0.6154047128387057	1.2308094256774114	1.0	0.900585412979126	128774044.59122595	125138287.38711683	125138287.38711683	0.1083739327872899	0.5173175041482942	2.8103013302726154	2851200.0	0.031027863	3.6421505240333096
Saltmarsh_3_000000001	2937600.0	1	1	0.6059173165750202	1.2118346331500405	0.6229467530708068	1.2458935061416136	1.0	0.9041357636451721	132253981.70033255	128879425.4718168	128879425.4718168	0.10633008994189641	0.5380670374171875	2.916631420214512	2937600.0	0.030132282	3.7799543205980073
Saltmarsh_3_000000001	3024000.0	1	1	0.6131757822966146	1.2263515645932292	0.6301576702891298	1.2603153405782597	1.0	0.9075760245323181	135627722.56354332	132523978.00095372	132523978.00095372	0.10419463837508958	0.558425251629679	3.020826058589601	3024000.0	0.029235771	3.914990571932123
Saltmarsh_3_000000001	3110400.0	1	1	0.6201240096396146	1.2402480192792291	0.6370531705678326	1.2741063411356652	1.0	0.9109072685241699	138896636.17393216	136071674.5188238	136071674.5188238	0.10198376543401333	0.5783746071601057	3.122809824023615	3110400.0	0.028338594	4.047161531934605
Saltmarsh_3_000000001	3196800.0	1	1	0.6267761093810169	1.2535522187620338	0.6436481365291491	1.2872962730582982	1.0	0.9141312837600708	142062297.2662489	139522630.6038132	139522630.6038132	0.09971248936792709	0.5979006636511389	3.2225223133915426	3196800.0	0.027441019	4.176388918155439
Saltmarsh_3_000000001	3283200.0	1	1	0.633106726760741	1.266213453521482	0.6499207800726542	1.2998415601453084	1.0	0.9165070056915283	145126462.34785596	142761510.86360174	142761510.86360174	0.09681569814251179	0.6169918561754969	3.3193380115340543	3283200.0	0.026759841	4.301862062948135
Saltmarsh_3_000000001	3369600.0	1	1	0.639095717992556	1.278191435985112	0.6558538314871853	1.3117076629743707	1.0	0.9180929660797119	148072904.81577608	145775652.5287086	145775652.5287086	0.0933498405440053	0.6355284220995377	3.4126878520780597	3369600.0	0.026295262	4.422843456293165
Saltmarsh_3_000000001	3456000.0	1	1	0.6447643123683858	1.2895286247367717	0.6614682858895548	1.3229365717791095	1.0	0.9196506142616272	150887601.77178565	148668995.01475897	148668995.01475897	0.08994356846408469	0.6534014066097102	3.502631420542144	3456000.0	0.025830891	4.539410321022618
Saltmarsh_3_000000001	3542400.0	1	1	0.6501323278177926	1.3002646556355852	0.6667837764230721	1.3335675528461441	1.0	0.9211801290512085	153576131.2360009	151446086.35260332	151446086.35260332	0.08660821367060845	0.6706222180924082	3.5892396342127517	3542400.0	0.025366863	4.651654565939726
Saltmarsh_3_000000001	3628800.0	1	1	0.6552182605539013	1.3104365211078026	0.6718186538663264	1.3436373077326529	1.0	0.9226815104484558	156143986.8560025	154111423.92408967	154111423.92408967	0.08335268507895288	0.6872044345414955	3.672592319291704	3628800.0	0.024903317	4.7596796458020485
Saltmarsh_3_000000001	3715200.0	1	1	0.6600393704478549	1.3200787408957098	0.6765900638974218	1.3531801277948436	1.0	0.9241546392440796	158596546.1833979	156669428.05000842	156669428.05000842	0.08018380057688612	0.703163339673156	3.75277611986859	3715200.0	0.02444039	4.8635978513496925
Saltmarsh_3_000000001	3801600.0	1	1	0.6646117751156988	1.3292235502313976	0.6811140338877079	1.3622280677754157	1.0	0.9255995750427246	160939046.1945907	159124464.75810504	159124464.75810504	0.07710680121779723	0.718515522572728	3.8298829210863876	3801600.0	0.023978219	4.963528265727959
Saltmarsh_3_000000001	3888000.0	1	1	0.6689505306483764	1.3379010612967528	0.685405548212614	1.370811096425228	1.0	0.9270164370536804	163176571.31207374	161480811.76150846	161480811.76150846	0.0741254830173318	0.7332785757902105	3.9040084041037186	3888000.0	0.023516941	5.05959489171842
Saltmarsh_3_000000001	3974400.0	1	1	0.673069706338628	1.346139412677256	0.6894786186978696	1.3789572373957393	1.0	0.9284054040908813	165314042.31691122	163742645.02110392	163742645.02110392	0.07124240643565172	0.7474708186698679	3.97525081053937	3974400.0	0.023056693	5.151925050459024
Saltmarsh_3_000000001	4060800.0	1	1	0.6769824416295954	1.3539648832591908	0.6933463388208938	1.3866926776417876	1.0	0.9297664761543274	167356208.69139954	165913986.21372262	165913986.21372262	0.06845887028080011	0.761111060787813	4.043709680820169	4060800.0	0.022597612	5.240647746342939
Saltmarsh_3_000000001	4147200.0	1	1	0.6807010175237401	1.3614020350474803	0.6970209520451465	1.394041904090293	1.0	0.9310998320579529	169307637.6792877	167998752.3059365	167998752.3059365	0.06577540113661884	0.7742183603930636	4.109485081956787	4147200.0	0.022139831	5.325892666215997
Saltmarsh_3_000000001	4233600.0	1	1	0.6842369106127614	1.3684738212255227	0.7005139040121894	1.4010278080243788	1.0	0.9324055910110474	171172715.32578582	170000711.79873478	170000711.79873478	0.06319168243803075	0.7868118765556432	4.172676764394818	4233600.0	0.02168349	5.407789086655684
Saltmarsh_3_000000001	4320000.0	1	1	0.6876008556946186	1.3752017113892372	0.7038359031505464	1.407671806301093	1.0	0.9336840510368347	172955643.17010757	171923522.4021321	171923522.4021321	0.06070690427539405	0.7989107077352664	4.233383668670212	4320000.0	0.021228721	5.486465234596596
Saltmarsh_3_000000001	4406400.0	1	1	0.6908028855843233	1.3816057711686467	0.7069969597364234	1.4139939194728468	1.0	0.9349353313446045	174660442.99528322	173770668.00549582	173770668.00549582	0.05831954270307538	0.8105337973244037	4.291703211373287	4406400.0	0.02077566	5.56204736193978
Saltmarsh_3_000000001	4492800.0	1	1	0.6938523805741199	1.3877047611482398	0.7100064342551622	1.4200128685103244	1.0	0.936159610748291	176290953.36492994	175545496.5110547	175545496.5110547	0.056027685618036616	0.8216997969372368	4.347730896991324	4492800.0	0.020324441	5.634659242500756
Saltmarsh_3_000000001	4579200.0	1	1	0.6967581176164255	1.393516235232851	0.7128730855963454	1.4257461711926909	1.0	0.9373571872711182	177850833.85515556	177251233.4688983	177251233.4688983	0.053829175252379846	0.8324269920921117	4.4015600722437025	4579200.0	0.019875199	5.704421853627838
Saltmarsh_3_000000001	4665600.0	1	1	0.6995283100304629	1.3990566200609258	0.7156051102428924	1.4312102204857848	1.0	0.9385283589363098	179343571.73579928	178890964.5469463	178890964.5469463	0.05172156755877866	0.8427332551759528	4.45328163980248	4665600.0	0.019428064	5.771453005184014
Saltmarsh_3_000000001	4752000.0	1	1	0.7021706353435151	1.4043412706870302	0.7182101701001105	1.436420340200221	1.0	0.9396732449531555	180772486.06900084	180467603.24582583	180467603.24582583	0.049702025596610744	0.8526359906325184	4.502983665399091	4752000.0	0.018983171	5.835866830357222
Saltmarsh_3_000000001	4838400.0	1	1	0.7046922859140432	1.4093845718280864	0.7206954421737408	1.4413908843474816	1.0	0.9407922625541687	182140727.6111627	181983980.2680367	181983980.2680367	0.04776784160207659	0.8621520597381069	4.550751507001167	4838400.0	0.018540652	5.897773953073513
Saltmarsh_3_000000001	4924800.0	1	1	0.7070999915506837	1.4141999831013674	0.7230676413767699	1.4461352827535399	1.0	0.9418856501579285	183451292.2008937	183442763.58021516	183442763.58021516	0.045916012567015496	0.8712978053340603	4.596667519568182	4924800.0	0.018100637	5.957281105360364
Saltmarsh_3_000000001	5011200.0	1	1	0.7093638308405438	1.4187276616810875	0.7252973731356844	1.4505947462713689	1.0	0.9429536461830139	184707021.22341928	184846491.42428288	184707021.22341928	0.04344611081852534	0.8800889952985711	4.640113630386706	5011200.0	0.017663257	6.0135872649811715
Saltmarsh_3_000000001	5097600.0	1	1	0.7114902572979129	1.4229805145958259	0.7273910833301838	1.4547821666603675	1.0	0.9439966082572937	185891624.2016082	186179513.2413933	185891624.2016082	0.04105082906148938	0.8884072919465517	4.681164459448196	5097600.0	0.017228641	6.066789139444862
Saltmarsh_3_000000001	5184000.0	1	1	0.7134875728905069	1.4269751457810138	0.729357032195214	1.458714064390428	1.0	0.9450148940086365	187007771.69626555	187444219.55621365	187007771.69626555	0.03877187628067347	0.8962669822006543	4.719936335728869	5184000.0	0.016796917	6.117037491104615
Saltmarsh_3_000000001	5270400.0	1	1	0.7153635848900292	1.4307271697800583	0.7312029862512331	1.4624059725024663	1.0	0.9460088014602661	188059192.43856838	188644015.4725311	188059192.43856838	0.03660562350698693	0.903690338685855	4.756541959235856	5270400.0	0.016368216	6.16447837916967
Saltmarsh_3_000000001	5356800.0	1	1	0.7171256342486075	1.434251268497215	0.7329362465315914	1.4658724930631828	1.0	0.9469785690307617	189049441.28090826	189782147.02293748	189049441.28090826	0.03454826718854198	0.9106989392159993	4.791090226424398	5356800.0	0.015942662	6.209252933446019
Saltmarsh_3_000000001	5443200.0	1	1	0.7187806226416941	1.4375612452833881	0.7345636752648167	1.4691273505296334	1.0	0.9479246735572815	189981903.3451724	190861763.3776778	189981903.3451724	0.03259588335810326	0.9173136333677587	4.823686109782501	5443200.0	0.015520382	6.251497198278122
Saltmarsh_3_000000001	5529600.0	1	1	0.7203350378515145	1.440670075703029	0.7360917214473555	1.472183442894711	1.0	0.9488472938537598	190859798.75968298	191885812.4118871	190859798.75968298	0.030744474372793817	0.9235545194256212	4.854430584155295	5529600.0	0.015101502	6.291342037065262
Saltmarsh_3_000000001	5616000.0	1	1	0.7217949780388838	1.4435899560777676	0.7375264448079135	1.475052889615827	1.0	0.9497469067573547	191686187.6627308	192857164.0735695	191686187.6627308	0.028990008037879322	0.9294409302757748	4.883420592193174	5616000.0	0.014686145	6.328913087482353
Saltmarsh_3_000000001	5702400.0	1	1	0.7231661745113087	1.4463323490226174	0.7388735387115336	1.4777470774230672	1.0	0.9506238102912903	192463975.6297264	193778518.2127844	192463975.6297264	0.027328451357905847	0.9349914267907262	4.91074904355108	5702400.0	0.014274435	6.3643307604422
Saltmarsh_3_000000001	5788800.0	1	1	0.724454013330503	1.448908026661006	0.7401383517199458	1.4802767034398916	1.0	0.9514783620834351	193195919.19818696	194652456.88833752	193195919.19818696	0.02575579831494057	0.9402237976759943	4.93650484186602	5788800.0	0.013866494	6.397710275058362
Saltmarsh_3_000000001	5875200.0	1	1	0.7256635556998137	1.4513271113996273	0.7413259079976336	1.4826518159952673	1.0	0.9523109197616577	193884631.56775963	195481436.72691196	193884631.56775963	0.024268093203509644	0.9451550646352885	4.960772935069531	5875200.0	0.013462442	6.429161723850111
Saltmarsh_3_000000001	5961600.0	1	1	0.726799557227757	1.453599114455514	0.7424409265685907	1.4848818531371815	1.0	0.9531219005584717	194532588.3509062	196267805.72256202	194532588.3509062	0.022861449751074403	0.9498014920034565	4.983634384820604	5961600.0	0.013062398	6.458790162727503
Saltmarsh_3_000000001	6048000.0	1	1	0.7278664860171129	1.4557329720342258	0.7434878395805082	1.4869756791610165	1.0	0.9539114832878113	195142133.3431583	197013746.46308687	195142133.3431583	0.021532066675515105	0.9541786000402764	5.00516645149612	6048000.0	0.012666483	6.486695721138972
Saltmarsh_3_000000001	6134400.0	1	1	0.7288685398903885	1.457737079780777	0.7444708093572432	1.4889416187144864	1.0	0.9546802043914795	195715484.2126728	197721403.5804336	195715484.2126728	0.020276239860433254	0.9583011812029307	5.025442691356553	6134400.0	0.012274813	6.5129737279980935
Saltmarsh_3_000000001	6220800.0	1	1	0.729809662483759	1.459619324967518	0.7453937446436348	1.4907874892872697	1.0	0.955428421497345	196254738.21117234	198392777.94120443	196254738.21117234	0.01909037230627675	0.962183318749585	5.044533063662829	6220800.0	0.011887504	6.537714850507027
Saltmarsh_3_000000001	6307200.0	1	1	0.7306935584178235	1.461387116835647	0.7462603158960658	1.4925206317921316	1.0	0.956156313419342	196761877.70532405	199029730.79886976	196761877.70532405	0.017970981278382148	0.9658384072482381	5.062504044941212	6307200.0	0.01150467	6.561005242243811
Saltmarsh_3_000000001	6393600.0	1	1	0.7315237076850594	1.4630474153701187	0.7470739695840504	1.4941479391681007	1.0	0.9568642973899841	197238775.58946115	199634075.00576732	197238775.58946115	0.01691470349315327	0.9692791744541525	5.079418748434364	6393600.0	0.011126426	6.582926697970935
Saltmarsh_3_000000001	6480000.0	1	1	0.7323033791562149	1.4646067583124298	0.7478379417150385	1.495675883430077	1.0	0.9575528502464294	197687200.61039722	200207542.62754214	197687200.61039722	0.01591829887174656	0.9725177041802395	5.095337047306111	6480000.0	0.010752883	6.60355681330872
Saltmarsh_3_000000001	6566400.0	1	1	0.7330356432253661	1.4660712864507321	0.7485552706361185	1.497110541272237	1.0	0.9582221508026123	198108822.5121306	200751714.49084637	198108822.5121306	0.014978652674511483	0.9755654598861415	5.110315699980621	6566400.0	0.010384152	6.622969147174885
Saltmarsh_3_000000001	6652800.0	1	1	0.7337233838152514	1.4674467676305027	0.7492288089657082	1.4984576179314164	1.0	0.9588726162910461	198505216.9757676	201268136.4745693	198505216.9757676	0.014092776202868418	0.9784333086759697	5.124408476183491	6652800.0	0.010020342	6.641233385133804
Saltmarsh_3_000000001	6739200.0	1	1	0.7343693096188109	1.4687386192376217	0.7498612348855128	1.4997224697710256	1.0	0.9595046043395996	198877870.44348636	201758261.41532558	198877870.44348636	0.013257806786997839	0.981131545430434	5.137666282970488	6739200.0	0.009661562	6.658415502729753
Saltmarsh_3_000000001	6825600.0	1	1	0.7349759646856728	1.4699519293713457	0.7504550627479022	1.5009101254958044	1.0	0.9601184725761414	199228184.73217267	202223465.5534287	199228184.73217267	0.012471006724254607	0.9836699169366088	5.150137289694743	6825600.0	0.009307918	6.674577927444386
Saltmarsh_3_000000001	6912000.0	1	1	0.7355457383620336	1.4710914767240673	0.7510126530676714	1.5020253061353428	1.0	0.9607144594192505	199557481.4713192	202665027.24493498	199557481.4713192	0.011729761542145223	0.9860576458144508	5.161867051236888	6912000.0	0.008959513	6.689779698403006
Saltmarsh_3_000000001	6998400.0	1	1	0.7360808746824489	1.4721617493648977	0.751536221869128	1.503072443738256	1.0	0.9612929821014404	199867006.34839585	203084193.47092292	199867006.34839585	0.01103157763124174	0.9883034541107375	5.172898628868129	6998400.0	0.008616452	6.704076623013096
Saltmarsh_3_000000001	7084800.0	1	1	0.7365834811666228	1.4731669623332455	0.752027849512428	1.504055699024856	1.0	0.9618543982505798	200157933.19630465	203482133.22714204	200157933.19630465	0.01037407954172187	0.9904155864398013	5.18327270840985	7084800.0	0.008278835	6.717521430099167
Saltmarsh_3_000000001	7171200.0	1	1	0.737055537083139	1.474111074166278	0.7524894889923012	1.5049789779846023	1.0	0.9623989462852478	200431367.88080767	203859928.24232718	200431367.88080767	0.009755006797388166	0.9924018326066502	5.193027715207238	7171200.0	0.007946764	6.730163918908581
Saltmarsh_3_000000001	7257600.0	1	1	0.7374989012400281	1.4749978024800563	0.7529229737106932	1.5058459474213863	1.0	0.9629269242286682	200688352.00681058	204218614.04354972	200688352.00681058	0.009172210413958548	0.9942695496200943	5.202199925621197	7257600.0	0.007620337	6.742051103605071
Saltmarsh_3_000000001	7344000.0	1	1	0.7379153193000174	1.4758306386000348	0.7533300247889083	1.5066600495778166	1.0	0.9634386301040649	200929866.4631065	204559170.51965603	200929866.4631065	0.00862364927627668	0.9960256830392559	5.210823574897473	7344000.0	0.00729965	6.753227353067126
Saltmarsh_3_000000001	7430400.0	1	1	0.7383064306554655	1.476612861310931	0.7537122579369693	1.5074245158739386	1.0	0.9639343619346619	201156834.79297057	204882524.92494604	201156834.79297057	0.0081073863384028	0.99767678762645	5.218930961235876	7430400.0	0.006984798	6.763734525761696
Saltmarsh_3_000000001	7516800.0	1	1	0.7386737749002712	1.4773475498005424	0.7540711898952414	1.5081423797904827	1.0	0.9644145369529724	201370126.39953357	205189580.10683322	201370126.39953357	0.007621584725139963	0.9992290472725278	5.226552545961017	7516800.0	0.006675875	6.773612099565478
Saltmarsh_3_000000001	7603200.0	1	1	0.7390187978882303	1.4780375957764607	0.7544082445093934	1.5088164890187867	1.0	0.9648794531822205	201570559.59733284	205481166.56995225	201570559.59733284	0.0071645038108576475	1.0006882941758066	5.233717049771873	7603200.0	0.006372972	6.782897296504348
Saltmarsh_3_000000001	7689600.0	1	1	0.7393428574262807	1.4786857148525614	0.7547247584310839	1.5094495168621678	1.0	0.9653292894363403	201758904.49641368	205758044.9595626	201758904.49641368	0.00673449521182623	1.0020600272702422	5.240451544983699	7689600.0	0.006076179	6.791625202298874
Saltmarsh_3_000000001	7776000.0	1	1	0.7396472286338187	1.4792944572676374	0.7550219864585008	1.5100439729170017	1.0	0.9657642245292664	201935885.7384267	206020933.8651601	201935885.7384267	0.006329998805846282	1.003349429886287	5.246781543789545	7776000.0	0.005785584	6.799828880751251
Saltmarsh_3_000000001	7862400.0	1	1	0.7399331089996342	1.4798662179992683	0.755301106530279	1.510602213060558	1.0	0.9661847352981567	202102185.09561887	206270575.80116406	202102185.09561887	0.005949538828442957	1.0045613866496514	5.252731082617988	7862400.0	0.005501273	6.807539483072913
Saltmarsh_3_000000001	7948800.0	1	1	0.7402016230837937	1.4804032461675873	0.7555632244669885	1.511126448933977	1.0	0.966590940952301	202258443.94455793	206507599.5778003	202258443.94455793	0.005591720090151409	1.0057004996326382	5.258322802708138	7948800.0	0.00522333	6.814786352309747
Saltmarsh_3_000000001	8035200.0	1	1	0.740453826979937	1.480907653959874	0.7558093783714886	1.5116187567429773	1.0	0.9669832587242126	202405265.58102736	206732662.33272648	202405265.58102736	0.005255224123910329	1.0067711037812266	5.2635780268320485	8035200.0	0.004951838	6.821597122774334
Saltmarsh_3_000000001	8121600.0	1	1	0.740690712471291	1.481381424942582	0.7560405427995496	1.5120810855990992	1.0	0.9673618674278259	202543217.43496674	206946336.97195786	202543217.43496674	0.004938805570305238	1.0077772816045285	5.2685168324023515	8121600.0	0.004686876	6.827997814793448
Saltmarsh_3_000000001	8208000.0	1	1	0.7409132109459998	1.4818264218919996	0.7562576326593036	1.5125152653186071	1.0	0.9677268862724304	202672833.14529645	207149152.19368547	202672833.14529645	0.004641288554330103	1.0087228771721521	5.273158120956682	8208000.0	0.004428524	6.834012924759859
Saltmarsh_3_000000001	8294400.0	1	1	0.7411221970974579	1.4822443941949157	0.7564615068490697	1.5129230136981393	1.0	0.9680787920951843	202794614.52720386	207341683.6197926	202794614.52720386	0.004361563218162612	1.0096115094178566	5.277519684174845	8294400.0	0.004176858	6.839665510690598
Saltmarsh_3_000000001	8380800.0	1	1	0.7413184923516642	1.4826369847033285	0.7566529717234892	1.5133059434469784	1.0	0.9684175252914429	202909033.44307548	207524364.09825042	202909033.44307548	0.004098582436019571	1.0104465847793578	5.281618266610863	8380800.0	0.003931953	6.844977273527678
Saltmarsh_3_000000001	8467200.0	1	1	0.741502868140328	1.483005736280656	0.7568327842871164	1.5136655685742328	1.0	0.9687435626983643	203016533.5427832	207697715.06235978	203016533.5427832	0.0038513585047603716	1.0112313092091556	5.285469625115622	8467200.0	0.003693881	6.849968634149846
Saltmarsh_3_000000001	8553600.0	1	1	0.7416760489315928	1.4833520978631856	0.7570016552408788	1.5140033104817576	1.0	0.969057023525238	203117531.93606678	207862156.5361292	203117531.93606678	0.0036189601285965267	1.0119686995517374	5.289088585244219	8553600.0	0.003462713	6.8546588064765075
Saltmarsh_3_000000001	8640000.0	1	1	0.7418387150954293	1.4836774301908586	0.7571602518181721	1.5143205036363443	1.0	0.9693580865859985	203212420.7467839	208018097.94122598	203212420.7467839	0.003400509390456774	1.0126615943434627	5.292489094634676	8640000.0	0.003238517	6.85906586664654
Saltmarsh_3_000000001	8726400.0	1	1	0.7419915055988713	1.4839830111977426	0.7573092004435055	1.514618400887011	1.0	0.9696471095085144	203301568.5894608	208165965.07629347	203301568.5894608	0.0031951789147219856	1.013312664032582	5.295684273549398	8726400.0	0.00302136	6.86320681852002
Saltmarsh_3_000000001	8812800.0	1	1	0.7421350205139267	1.4842700410278533	0.7574490892518858	1.5148981785037716	1.0	0.9699240326881409	203385321.96397159	208306073.45913485	203385321.96397159	0.0030021891638336573	1.0139244206560243	5.29868646271323	8812800.0	0.002811306	6.867097655676347
Saltmarsh_3_000000001	8899200.0	1	1	0.7422698234034466	1.4845396468068932	0.7575804704195254	1.5151609408390507	1.0	0.9701892137527466	203464006.55756888	208438808.66201437	203464006.55756888	0.002820805789258918	1.0144992269985855	5.301507268502489	8899200.0	0.002608417	6.870753419979225
Saltmarsh_3_000000001	8985600.0	1	1	0.7423964435403331	1.4847928870806661	0.7577038623760204	1.5154077247520408	1.0	0.9704428315162659	203537928.48884907	208564499.5039996	203537928.48884907	0.002650337199314512	1.015039305244931	5.3041576057018025	8985600.0	0.002412754	6.874188256989536
Saltmarsh_3_000000001	9072000.0	1	1	0.7425153779938023	1.4850307559876046	0.7578197518764468	1.5156395037528936	1.0	0.9706849455833435	203607375.4681367	208683431.88115823	203607375.4681367	0.0024901321747627936	1.0155467451659208	5.306647737876565	9072000.0	0.002224374	6.877415468288029
Saltmarsh_3_000000001	9158400.0	1	1	0.7426270936025928	1.4852541872051856	0.7579285959316104	1.5158571918632209	1.0	0.9709159731864929	203672617.8918362	208795952.29270327	203672617.8918362	0.0023395776107630883	1.016023511848418	5.308987315487327	9158400.0	0.002043333	6.880447560871576
Saltmarsh_3_000000001	9244800.0	1	1	0.7427320288023147	1.4854640576046294	0.7580308236470263	1.5160616472940527	1.0	0.9711357951164246	203733909.8808383	208902276.57881743	203733909.8808383	0.002198096411430761	1.0164714529927608	5.311185411898757	9244800.0	0.001869685	6.883296293820789
Saltmarsh_3_000000001	9331200.0	1	1	0.7428305953687477	1.4856611907374955	0.7581268379184362	1.5162536758368723	1.0	0.9713447690010071	203791490.24426076	209002708.70317224	203791490.24426076	0.002065145414179126	1.0168923058071246	5.313250557312935	9331200.0	0.001703482	6.885972722277565
Saltmarsh_3_000000001	9417600.0	1	1	0.7429231800320115	1.485846360064023	0.7582170170486037	1.5164340340972073	1.0	0.9715428352355957	203845583.40178835	209097449.3065904	203845583.40178835	0.0019402135044697122	1.017287703504472	5.315190770817406	9417600.0	0.001544772	6.888487238979358
Saltmarsh_3_000000001	9504000.0	1	1	0.7430101460120992	1.4860202920241985	0.7583017162428705	1.516603432485741	1.0	0.9717303514480591	203896400.2393187	209186776.04615685	203896400.2393187	0.0018228197580429928	1.0176591814385505	5.317013590575449	9504000.0	0.001393603	6.890849613385782
Saltmarsh_3_000000001	9590400.0	1	1	0.7430918344407775	1.486183668881555	0.7583812690346968	1.5167625380693937	1.0	0.9719071984291077	203944138.9251195	209270851.93650424	203944138.9251195	0.001712511741404521	1.018008182884193	5.3187261023168535	9590400.0	0.001250019	6.893069028602642
Saltmarsh_3_000000001	9676800.0	1	1	0.743168565717928	1.486337131435856	0.7584559886004368	1.5169119772008737	1.0	0.9720737934112549	203988985.66685236	209349944.18483117	203988985.66685236	0.001608863842031516	1.0183360644922304	5.3203349661588835	9676800.0	0.001114063	6.895154116141914
Saltmarsh_3_000000001	9763200.0	1	1	0.7432406407672911	1.4864812815345823	0.7585261690135481	1.5170523380270962	1.0	0.9722301959991455	204031115.4354634	209424232.38227785	204031115.4354634	0.001511475752618452	1.0186441014246985	5.321846441911502	9763200.0	0.000985775	6.897112988717307
Saltmarsh_3_000000001	9849600.0	1	1	0.7433083422183595	1.486616684436719	0.7585920864170869	1.5171841728341737	1.0	0.9723762273788452	204070692.63636398	209493834.74928465	204070692.63636398	0.0014199709819830986	1.0189334921998368	5.323266412893485	9849600.0	0.000865194	6.898953271109956
Saltmarsh_3_000000001	9936000.0	1	1	0.7433719355303733	1.4867438710607466	0.7586540001096205	1.517308000219241	1.0	0.9725123047828674	204107871.74228305	209558988.50426862	204107871.74228305	0.0013339954594377978	1.0192053632519775	5.3246004083529215	9936000.0	0.000752354	6.900682129225387
Saltmarsh_3_000000001	10022400.0	1	1	0.7434316700301015	1.486863340060203	0.758712153584239	1.517424307168478	1.0	0.9726383686065674	204142797.89628565	209619819.29931355	204142797.89628565	0.0012532162571978755	1.0194607732242305	5.325853624610119	10022400.0	0.000647291	6.9023062974947145
Saltmarsh_3_000000001	10108800.0	1	1	0.7434877798983297	1.4869755597966594	0.7587667754900842	1.5175335509801684	1.0	0.9727546572685242	204175607.46917573	209676508.69219	204175607.46917573	0.0011773203293261592	1.0197007170165524	5.327030944939445	10108800.0	0.000550034	6.903832104641521
Saltmarsh_3_000000001	10195200.0	1	1	0.7435404850875827	1.4870809701751655	0.7588180805443969	1.5176361610887938	1.0	0.972861111164093	204206428.59025064	209729166.19155434	204206428.59025064	0.0011060133588793875	1.0199261295923738	5.328136958298324	10195200.0	0.000460611	6.905265497954629
Saltmarsh_3_000000001	10281600.0	1	1	0.7435899921904098	1.4871799843808196	0.7588662703811938	1.5177325407623876	1.0	0.9729578495025635	204235381.641631	209777932.49317774	204235381.641631	0.001039018643657963	1.020137889564497	5.329175976941981	10281600.0	0.000379051	6.906612066116807
Saltmarsh_3_000000001	10368000.0	1	1	0.7436364952508927	1.4872729905017854	0.7589115343522853	1.5178230687045706	1.0	0.9730448722839355	204262579.7266204	209822915.67944333	204262579.7266204	0.0009760760654458078	1.0203368225676563	5.330152053007426	10368000.0	0.000305377	6.907877060697624
Saltmarsh_3_000000001	10454400.0	1	1	0.7436801765308607	1.4873603530617214	0.7589540502747689	1.5179081005495378	1.0	0.9731224179267883	204288129.107922	209864268.74508688	204288129.107922	0.0009169411058809196	1.020523704433729	5.331068994113306	10454400.0	0.00023961	6.9090654163708445
Saltmarsh_3_000000001	10540800.0	1	1	0.7437212072227676	1.4874424144455352	0.7589939851398015	1.517987970279603	1.0	0.9731903672218323	204312129.62189427	209902061.45534137	204312129.62189427	0.000861383930952142	1.0206992641785193	5.331930378044257	10540800.0	0.000181772	6.910181769945358
Saltmarsh_3_000000001	10627200.0	1	1	0.743759748126639	1.487519496253278	0.7590314957696312	1.5180629915392625	1.0	0.9732489585876465	204334675.0643178	209936434.95921457	204334675.0643178	0.0008091885083283401	1.0208641868132606	5.3327395665525845	10627200.0	0.000131877	6.91123047825215
Saltmarsh_3_000000001	10713600.0	1	1	0.7437959502786804	1.4875919005573608	0.7590667294421986	1.518133458884397	1.0	0.9732980728149414	204355853.55713758	209967447.86971867	204355853.55713758	0.0007601517985702522	1.0210191159871176	5.333499718351154	10713600.0	8.99e-05	6.912215634983096
Saltmarsh_3_000000001	10800000.0	1	1	0.7438299555461186	1.4876599110922373	0.7590998244721588	1.5181996489443177	1.0	0.973337709903717	204375747.8892782	209995179.43024713	204375747.8892782	0.0007140829715550634	1.021164656474836	5.334213801322708	10800000.0	5.6e-05	6.91314108651423
Saltmarsh_3_000000001	10886400.0	1	1	0.7438618971856935	1.487723794371387	0.7591309107567951	1.5182618215135901	1.0	0.9733679890632629	204394435.83946353	210019729.831045	204394435.83946353	0.0006708026829489455	1.0213013765143688	5.334884604005657	10886400.0	3e-05	6.914010446791331
Saltmarsh_3_000000001	10972800.0	1	1	0.7438919003670859	1.4877838007341717	0.7591601102897763	1.5183202205795525	1.0	0.9733890295028687	204411990.479553	210041194.7822861	204411990.479553	0.0006301423917924875	1.0214298100059727	5.3355147463974495	10972800.0	1.2e-05	6.914827111331095
Saltmarsh_3_000000001	11059200.0	1	1	0.7439200826622777	1.4878401653245554	0.7591875376455235	1.518375075291047	1.0	0.9734006524085999	204428480.45904464	210059601.4695816	204428480.45904464	0.0005919437145762707	1.021550458580647	5.336106690112025	11059200.0	2.01e-06	6.915594270385185
Saltmarsh_3_000000001	11145600.0	1	1	0.7439465545094183	1.4878931090188365	0.7592133004292096	1.5184266008584193	1.0	0.9734029769897461	204443970.27123812	210075037.42166093	204443970.27123812	0.0005560578112859815	1.0216637935449047	5.336662747923311	11145600.0	0.0	6.916314921308612
Saltmarsh_3_000000001	11232000.0	1	1	0.7439714196455443	1.4879428392910885	0.7592374997026253	1.5184749994052507	1.0	0.9733960032463074	204458520.50572467	210087560.71878523	204458520.50572467	0.000522344820631071	1.0217702577079923	5.337185092743942	11232000.0	6.03e-06	6.916991880196149
Saltmarsh_3_000000001	11318400.0	1	1	0.7439947755137464	1.4879895510274928	0.7592602303829991	1.5185204607659981	1.0	0.9733797311782837	204472188.08405757	210097225.93925035	204472188.08405757	0.0004906733193099644	1.0218702671009778	5.337675766063254	11318400.0	2e-05	6.917627792817977
Saltmarsh_3_000000001	11404800.0	1	1	0.744016713644532	1.488033427289064	0.7592815816184153	1.5185631632368306	1.0	0.9733539819717407	204485026.48164004	210104045.77216345	204485026.48164004	0.0004609198158911365	1.0219642125923092	5.338136685879145	11404800.0	4.2e-05	6.918225144899372
Saltmarsh_3_000000001	11491200.0	1	1	0.744037320017261	1.488074640034522	0.7593016371368769	1.5186032742737539	1.0	0.9733189940452576	204497085.93566257	210108119.87298298	204497085.93566257	0.0004329682718455796	1.0220524614064672	5.33856965415099	11491200.0	7.2e-05	6.918786271779684
Saltmarsh_3_000000001	11577600.0	1	1	0.7440566753957635	1.488113350791527	0.7593204755783302	1.5186409511566603	1.0	0.9732747077941895	204508413.6422918	210109480.66356832	204508413.6422918	0.00040670966054046076	1.0221353585509185	5.338976363811531	11577600.0	0.000109914	6.919313367499744
Saltmarsh_3_000000001	11664000.0	1	1	0.7440748556439661	1.4881497112879323	0.7593381708055303	1.5186763416110607	1.0	0.9732208251953125	204519053.9398483	210108106.3595882	204519053.9398483	0.00038204154061260986	1.022213228158629	5.339358405352143	11664000.0	0.00015583	6.919808493336377
Saltmarsh_3_000000001	11750400.0	1	1	0.7440919320261258	1.4881838640522516	0.7593547921919975	1.518709584383995	1.0	0.9731576442718506	204529048.48115414	210104101.28503424	204529048.48115414	0.0003588676568766491	1.0222863747488942	5.339717273009018	11750400.0	0.000209699	6.920273585819688
Saltmarsh_3_000000001	11836800.0	1	1	0.7441079714833241	1.4882159429666482	0.7593704048983926	1.5187408097967852	1.0	0.9730848073959351	204538436.39755952	210097425.80130902	204538436.39755952	0.00033709757603572754	1.022355084411762	5.3400543705850545	11836800.0	0.000271504	6.920710464278231
Saltmarsh_3_000000001	11923200.0	1	1	0.7441230368983093	1.4882460737966186	0.7593850701262844	1.5187701402525688	1.0	0.973002552986145	204547254.45004365	210088166.68828005	204547254.45004365	0.00031664632751415844	1.022419625922704	5.340371016912567	11923200.0	0.000341226	6.9211208379186875
Saltmarsh_3_000000001	12009600.0	1	1	0.7441371873400574	1.4882743746801148	0.7593988453611111	1.5187976907222223	1.0	0.9729106426239014	204555537.1740187	210076305.64172384	204555537.1740187	0.0002974340815729004	1.0224802517885208	5.340668450994139	12009600.0	0.000418847	6.921506312488404
Saltmarsh_3_000000001	12096000.0	1	1	0.7441504782963084	1.4883009565926169	0.759411784597073	1.518823569194146	1.0	0.9728091359138489	204563317.01308107	210061886.7020892	204563317.01308107	0.0002793858337850619	1.0225371992316203	5.340947836827924	12096000.0	0.000504341	6.92186839652899
Saltmarsh_3_000000001	12182400.0	1	1	0.7441629618899324	1.4883259237798647	0.7594239385505647	1.5188478771011293	1.0	0.9726977944374084	204570624.44623643	210044887.67530164	204570624.44623643	0.00026243111729939983	1.0225906911138827	5.341210267945224	12182400.0	0.000597684	6.92220850725701
Saltmarsh_3_000000001	12268800.0	1	1	0.7441746870836913	1.4883493741673826	0.7594353548588364	1.5188707097176728	1.0	0.9725765585899353	204577488.10631076	210025323.20836335	204577488.10631076	0.0002465037261181191	1.0226409368054357	5.341456771671342	12268800.0	0.000698849	6.92252797608606
Saltmarsh_3_000000001	12355200.0	1	1	0.744185699872501	1.488371399745002	0.7594460782667701	1.5188921565335403	1.0	0.972445547580719	204583934.89204696	210003244.90188965	204583934.89204696	0.0002315414597877652	1.0226881330004471	5.341688313131129	12355200.0	0.000807804	6.922828053817943
Saltmarsh_3_000000001	12441600.0	1	1	0.7441960434621943	1.4883920869243885	0.7594561508041395	1.518912301608279	1.0	0.9723044037818909	204589990.07338792	209978599.82106215	204589990.07338792	0.00021748588290226856	1.0227324644840374	5.3419057990140315	12441600.0	0.000924519	6.923109915522185
Saltmarsh_3_000000001	12528000.0	1	1	0.7442057584398057	1.4884115168796115	0.7594656119494193	1.5189312238988386	1.0	0.9721531867980957	204595677.38938913	209951423.6651453	204595677.38938913	0.00020428209380152218	1.0227741048531442	5.342110081107833	12528000.0	0.001048958	6.923374665115753
Saltmarsh_3_000000001	12614400.0	1	1	0.7442148829319947	1.4884297658639893	0.7594744987853866	1.5189489975707733	1.0	0.971991777420044	204601019.1415158	209921712.13840836	204601019.1415158	0.00019187851447854953	1.0228132171931004	5.342301959622311	12614400.0	0.001181085	6.923623339670516
Saltmarsh_3_000000001	12700800.0	1	1	0.7442234527542819	1.4884469055085638	0.759482846144691	1.518965692289382	1.0	0.971820056438446	204606036.28045747	209889459.64841053	204606036.28045747	0.0001802266882964254	1.0228499547139909	5.3424821863106065	12700800.0	0.00132086	6.923856913458546
Saltmarsh_3_000000001	12787200.0	1	1	0.7442315015513471	1.4884630031026942	0.759490686746444	1.518981373492888	1.0	0.9716379642486572	204610748.48792782	209854672.25776055	204610748.48792782	0.00016928109136338243	1.0228844613482757	5.34265146740197	12787200.0	0.001468242	6.924076301752954
Saltmarsh_3_000000001	12873600.0	1	1	0.744239060927974	1.488478121855948	0.7594980513253261	1.5189961026506522	1.0	0.9714450836181641	204615174.25358012	209817277.64307418	204615174.25358012	0.00015899895559767785	1.022916872312303	5.342810466357568	12873600.0	0.001623188	6.924282364399408
Saltmarsh_3_000000001	12960000.0	1	1	0.7442461605738764	1.4884923211477528	0.7595049687508912	1.5190099375017825	1.0	0.9712415933609009	204619330.94680795	209777331.1402537	204619330.94680795	0.0001493401001007033	1.0229473146339392	5.342959806457668	12960000.0	0.00178565	6.924475909169138
Saltmarsh_3_000000001	13046400.0	1	1	0.7442528283789738	1.4885056567579475	0.75951146614182	1.51902293228364	1.0	0.9710271954536438	204623234.88520595	209734784.0855866	204623234.88520595	0.0001402667781091882	1.0229759076479206	5.343100073235776	13046400.0	0.001955582	6.9246576949135665
Saltmarsh_3_000000001	13132800.0	1	1	0.744259090543012	1.488518181086024	0.7595175689716851	1.5190351379433702	1.0	0.9708018898963928	204626901.39780018	209689651.23530096	204626901.39780018	0.00013174352710332293	1.0230027634618977	5.343231816762879	13132800.0	0.002132933	6.9248284345246915
Saltmarsh_3_000000001	13219200.0	1	1	0.7442649716775693	1.4885299433551387	0.7595233011693473	1.5190466023386946	1.0	0.9705653786659241	204630344.8851884	209641882.0820149	204630344.8851884	0.00012373703216095322	1.023027987393781	5.343355553795041	13219200.0	0.00231765	6.924988797718372
Saltmarsh_3_000000001	13305600.0	1	1	0.7442704949025176	1.4885409898050352	0.7595286852124951	1.5190573704249901	1.0	0.9703174829483032	204633578.87550965	209591451.02751613	204633578.87550965	0.0001162159946206387	1.0230516783829275	5.3434717697896605	13305600.0	0.002509679	6.9251394136474005
Saltmarsh_3_000000001	13392000.0	1	1	0.7442756819364522	1.4885513638729044	0.7595337422157257	1.5190674844314513	1.0	0.970058023929596	204636616.07737958	209538331.6854004	204636616.07737958	0.0001091510107220639	1.023073929376176	5.343580920800383	13392000.0	0.002708962	6.925280873357297
Saltmarsh_3_000000001	13478400.0	1	1	0.7442805531818603	1.4885611063637205	0.7595384920130563	1.5190769840261127	1.0	0.9697870016098022	204639468.4295229	209482535.55411184	204639468.4295229	0.00010251445696329853	1.0230948276906513	5.343683435257347	13478400.0	0.002915441	6.925413732093522
Saltmarsh_3_000000001	13564800.0	1	1	0.7442851278045297	1.4885702556090594	0.759542953236046	1.519085906472092	1.0	0.9695041179656982	204642147.1475228	209424009.0615983	204642147.1475228	9.628038299780428e-05	1.0231144553546163	5.343779715640345	13564800.0	0.003129055	6.925538511469887
Saltmarsh_3_000000001	13651200.0	1	1	0.7442894238085769	1.4885788476171538	0.7595471433866486	1.5190942867732973	1.0	0.9692091345787048	204644662.76741493	209362710.85635933	204644662.76741493	9.042440925677298e-05	1.023132889427818	5.343870140049601	13651200.0	0.003349739	6.925655701504283
Saltmarsh_3_000000001	13737600.0	1	1	0.744293458106917	1.488586916213834	0.7595510789056715	1.519102157811343	1.0	0.9689018726348877	204647025.1868799	209298611.84775656	204647025.1868799	8.492363216672238e-05	1.0231502023022327	5.343955063681767	13737600.0	0.00357743	6.92576576253157
Saltmarsh_3_000000001	13824000.0	1	1	0.744297246587395	1.48859449317479	0.7595547752371574	1.5191095504743148	1.0	0.9685821533203125	204649243.70393836	209231682.36810657	204649243.70393836	7.975653502789726e-05	1.0231664619846639	5.344034820216795	13824000.0	0.003812058	6.925869127000966
Saltmarsh_3_000000001	13910400.0	1	1	0.744300804174849	1.488601608349698	0.7595582468889084	1.5191164937778168	1.0	0.9682497382164001	204651327.05326608	209161879.3317346	204651327.05326608	7.490290405431921e-05	1.023181732362276	5.34410972312085	13910400.0	0.004053556	6.925966201164622
Saltmarsh_3_000000001	13996800.0	1	1	0.7443041448895207	1.4886082897790414	0.7595615074892136	1.5191230149784272	1.0	0.9679044485092163	204653283.44027922	209089172.01911065	204653283.44027922	7.034374934256071e-05	1.0231960734520535	5.344180066870191	13996800.0	0.00430185	6.926057366663768
Saltmarsh_3_000000001	14083200.0	1	1	0.7443072819018202	1.4886145638036403	0.7595645698402472	1.5191291396804945	1.0	0.9675460457801819	204655120.57321548	209013516.35608423	204655120.57321548	6.606123095020955e-05	1.0232095416351272	5.34424612810114	14083200.0	0.004556869	6.926142982019078
Saltmarsh_3_000000001	14169600.0	1	1	0.7443102275838207	1.4886204551676414	0.7595674459681612	1.5191348919363223	1.0	0.9671742916107178	204656845.6932158	208934867.81850055	204656845.6932158	6.203858912723348e-05	1.0232221898769518	5.344308166690267	14169600.0	0.004818535	6.926223384030585
Saltmarsh_3_000000001	14256000.0	1	1	0.7443129935576317	1.4886259871152634	0.7595701471701382	1.5191402943402763	1.0	0.9667889475822449	204658465.60261136	208853181.45942715	204658465.60261136	5.8260078938277005e-05	1.0232340679341185	5.344366426769206	14256000.0	0.005086772	6.92629888909289
Saltmarsh_3_000000001	14342400.0	1	1	0.7443155907407583	1.4886311814815165	0.7595726840586676	1.5191453681173352	1.0	0.9663896560668945	204659986.69149852	208768386.1820431	204659986.69149852	5.4710908836241856e-05	1.0232452225486564	5.34442113767804	14342400.0	0.0053615	6.92636979443074
Saltmarsh_3_000000001	14428800.0	1	1	0.7443180293889855	1.488636058777971	0.7595750666028508	1.5191501332057016	1.0	0.965976357460022	204661414.9626588	208680474.8978929	204661414.9626588	5.137718272596459e-05	1.023255697630568	5.344472514860766	14428800.0	0.005642638	6.9264363792595525
Saltmarsh_3_000000001	14515200.0	1	1	0.7443203191362155	1.488640638272431	0.7595773041676831	1.5191546083353662	1.0	0.965548574924469	204662756.0551218	208589350.03326362	204662756.0551218	4.8245846331118614e-05	1.023265534429278	5.3445207607070975	14515200.0	0.005930101	6.926498905876398
Saltmarsh_3_000000001	14601600.0	1	1	0.7443224690323179	1.4886449380646358	0.7595794055504709	1.5191588111009418	1.0	0.9651061296463013	204664015.26605335	208494978.06687692	204664015.26605335	4.5304635460263754e-05	1.0232747716948065	5.344566065342558	14601600.0	0.006223806	6.926557620683956
Saltmarsh_3_000000001	14688000.0	1	1	0.7443244875785426	1.4886489751570853	0.7595813790152278	1.5191627580304556	1.0	0.9646489024162292	204665197.57155502	208397338.0449493	204665197.57155502	4.2542028732217574e-05	1.023283445829043	5.344608607371289	14688000.0	0.006523666	6.926612755153192
Saltmarsh_3_000000001	14774400.0	1	1	0.7443263827606066	1.4886527655212132	0.7595832323251646	1.5191664646503291	1.0	0.9641764760017395	204666307.64612424	208296344.33986023	204666307.64612424	3.994720265643181e-05	1.0232915910279647	5.344648554573945	14774400.0	0.00682959	6.9266645267278335
Saltmarsh_3_000000001	14860800.0	1	1	0.7443281620799834	1.4886563241599668	0.7595849727729634	1.5191699455459269	1.0	0.9636885523796082	204667349.88083673	208191936.80372164	204667349.88083673	3.750998892493307e-05	1.0232992394152587	5.344686064562869	14860800.0	0.007141489	6.9267131396734785
Saltmarsh_3_000000001	14947200.0	1	1	0.744329832583189	1.488659665166378	0.7595866072093419	1.5191732144186838	1.0	0.9631847143173218	204668328.400543	208084029.2781623	204668328.400543	3.522083495322015e-05	1.0233064211677618	5.3447212853978225	14947200.0	0.00745927	6.926758785875578
Saltmarsh_3_000000001	15033600.0	1	1	0.7443314008894933	1.4886628017789867	0.7595881420696775	1.519176284139355	1.0	0.9626649022102356	204669247.0799636	207972612.62452284	204669247.0799636	3.3070766465748136e-05	1.0233131646333522	5.344754356164287	15033600.0	0.00778284	6.926801645588917
Saltmarsh_3_000000001	15120000.0	1	1	0.7443328732166851	1.4886657464333701	0.7595895833993183	1.5191791667986365	1.0	0.962128758430481	204670109.55892017	207857613.09352288	204670109.55892017	3.105135293179906e-05	1.0233194964416692	5.344785407517218	15120000.0	0.008112101	6.926841888142315
Saltmarsh_3_000000001	15206400.0	1	1	0.7443342554053723	1.4886685108107447	0.7595909368772282	1.5191818737544565	1.0	0.9615758657455444	204670919.25649652	207738943.8457516	204670919.25649652	2.9154674257902968e-05	1.0233254416082247	5.344814562191475	15206400.0	0.008446957	6.926879672600151
Saltmarsh_3_000000001	15292800.0	1	1	0.7443355529418763	1.4886711058837525	0.7595922078381355	1.519184415676271	1.0	0.9610059261322021	204671679.38439643	207616543.59548768	204671679.38439643	2.737328985302767e-05	1.0233310236321291	5.344841935481327	15292800.0	0.008787308	6.9269151483838
Saltmarsh_3_000000001	15379200.0	1	1	0.7443367709797132	1.4886735419594264	0.759593401293373	1.519186802586746	1.0	0.960418701171875	204672392.95952713	207490363.7461581	204672392.95952713	2.570020973569065e-05	1.0233362645879	5.344867635691063	15379200.0	0.009133054	6.926948455855618
Saltmarsh_3_000000001	15465600.0	1	1	0.74433791435972	1.48867582871944	0.7595945219505145	1.519189043901029	1.0	0.9598138332366943	204673062.8158085	207360329.77053088	204673062.8158085	2.412886730596142e-05	1.0233411852117367	5.344891764558369	15465600.0	0.009484091	6.926979726867646
Saltmarsh_3_000000001	15552000.0	1	1	0.7443389876289809	1.4886779752579617	0.7595955742317897	1.5191911484635794	1.0	0.9591909050941467	204673691.61523584	207226354.0981955	204673691.61523584	2.2653093598945517e-05	1.0233458049825803	5.344914417651967	15552000.0	0.009840317	6.92700908527695
Saltmarsh_3_000000001	15638400.0	1	1	0.7443399950586892	1.4886799901173784	0.7595965622913035	1.519193124582607	1.0	0.9585497379302979	204674281.85828504	207088400.51142517	204674281.85828504	2.1267093177179675e-05	1.023350142198248	5.344935684745144	15638400.0	0.010201626	6.9270366474297065
Saltmarsh_3_000000001	15724800.0	1	1	0.744340940660771	1.488681881321542	0.7595974900313772	1.5191949800627544	1.0	0.9578897953033447	204674835.89373136	206946355.38297883	204674835.89373136	1.9965421708345588e-05	1.0233542140469485	5.3449556501668525	15724800.0	0.010567909	6.92706252261624
Saltmarsh_3_000000001	15811200.0	1	1	0.7443418282036935	1.488683656407387	0.7595983611176926	1.5191967222353853	1.0	0.9572109580039978	204675355.92778876	206800195.08842373	204675355.92778876	1.8742964437823417e-05	1.023358036674506	5.34497439313129	15811200.0	0.01093906	6.927086813498152
Saltmarsh_3_000000001	15897600.0	1	1	0.7443426612271349	1.4886853224542698	0.7595991789937191	1.5191983579874382	1.0	0.9565127491950989	204675844.03280073	206649818.61072218	204675844.03280073	1.7594916543517414e-05	1.0233616252474602	5.344991988047834	15897600.0	0.011314968	6.927109616509993
Saltmarsh_3_000000001	15984000.0	1	1	0.7443434430558844	1.4886868861117688	0.7595999468941299	1.5191998937882598	1.0	0.9557948708534241	204676302.15530547	206495163.4430821	204676302.15530547	1.6516764117735505e-05	1.0233649940124097	5.345008504811951	15984000.0	0.01169552	6.927131022236289
Saltmarsh_3_000000001	16070400.0	1	1	0.7443441768128284	1.4886883536256568	0.7596006678574869	1.5192013357149738	1.0	0.9550568461418152	204676732.12367824	206336128.33265427	204676732.12367824	1.550426668361915e-05	1.0233681563517076	5.345024009078634	16070400.0	0.012080606	6.92715111576591
Saltmarsh_3_000000001	16156800.0	1	1	0.7443448654312393	1.4886897308624787	0.7596013447380608	1.5192026894761217	1.0	0.9542984962463379	204677135.65527076	206172676.3060119	204677135.65527076	1.4553440536690943e-05	1.023371124835817	5.345038562519171	16156800.0	0.01247011	6.927169977024846
Saltmarsh_3_000000001	16243200.0	1	1	0.7443455116662034	1.4886910233324069	0.759601980217064	1.519203960434128	1.0	0.9535192847251892	204677514.36316827	206004693.02493116	204677514.36316827	1.3660543370708211e-05	1.0233739112724707	5.345052223062542	16243200.0	0.012863917	6.927187681089054
Saltmarsh_3_000000001	16329600.0	1	1	0.7443461181054868	1.4886922362109736	0.7596025768130595	1.519205153626119	1.0	0.9527190923690796	204677869.7624723	205832154.19817665	204677869.7624723	1.2822059471950809e-05	1.0233765267528896	5.3450650451220145	16329600.0	0.013261912	6.927204298478131
Saltmarsh_3_000000001	16416000.0	1	1	0.7443466871796105	1.488693374359221	0.7596031368918863	1.5192062737837726	1.0	0.951897382736206	204678203.27627546	205654945.30391085	204678203.27627546	1.2034686208250989e-05	1.023378981695169	5.345077079808224	16416000.0	0.013663974	6.927219895431459
Saltmarsh_3_000000001	16502400.0	1	1	0.7443472211714152	1.4886944423428303	0.7596036626758698	1.5192073253517395	1.0	0.9510538578033447	204678516.24120092	205473003.24635097	204678516.24120092	1.1295320930582164e-05	1.0233812858850742	5.345088375129153	16502400.0	0.014069986	6.927234534167382
Saltmarsh_3_000000001	16588800.0	1	1	0.7443477222250032	1.4886954444500065	0.7596041562525262	1.5192083125050524	1.0	0.950188159942627	204678809.9126617	205286251.97385398	204678809.9126617	1.0601048980429795e-05	1.023383448514328	5.345098976178134	16588800.0	0.014479827	6.927248273126861
Saltmarsh_3_000000001	16675200.0	1	1	0.7443481923541553	1.4886963847083106	0.7596046195827217	1.5192092391654435	1.0	0.9492999911308289	204679085.46977723	205094628.23854518	204679085.46977723	9.949132277808914e-06	1.0233854782166083	5.34510892531041	16675200.0	0.014893376	6.927261167202293
Saltmarsh_3_000000001	16761600.0	1	1	0.744348633450215	1.48869726690043	0.7596050545083609	1.5192101090167218	1.0	0.948388934135437	204679344.02000156	204898042.96836227	204679344.02000156	9.33699865601767e-06	1.0233873831013518	5.345118262309066	16761600.0	0.015310509	6.92727326795255
Saltmarsh_3_000000001	16848000.0	1	1	0.7443490472895045	1.488698094579009	0.7596054627595973	1.5192109255191946	1.0	0.9474545121192932	204679586.6034587	204696394.14861867	204679586.6034587	8.762231770154116e-06	1.0233891707855234	5.345127024540836	16848000.0	0.015731105	6.9272846238049235
Saltmarsh_3_000000001	16934400.0	1	1	0.7443039216963396	1.4886078433926793	0.7595621317823555	1.519124263564711	1.0	0.9464966654777527	204679814.1970202	204489669.84608436	204489669.84608436	-0.000942499193025581	1.0233908484234473	5.344184525347809	16934400.0	0.016155038	6.926063144850762
Saltmarsh_3_000000001	17020800.0	1	1	0.7442111758842581	1.4884223517685162	0.759473075386182	1.518946150772364	1.0	0.9455148577690125	204654997.8340884	204254730.516409	204254730.516409	-0.0019367426839072	1.0232103952659524	5.342247782663902	17020800.0	0.016582181	6.9235531263324175
Saltmarsh_3_000000001	17107200.0	1	1	0.7440728920015144	1.4881457840030288	0.7593402948532534	1.5186805897065068	1.0	0.9445088505744934	204603997.9378443	203990559.48018074	203990559.48018074	-0.002886784462605485	1.0228395818635092	5.339360998201297	17107200.0	0.017012409	6.919811853668881
Saltmarsh_3_000000001	17193600.0	1	1	0.7438909872261713	1.4877819744523426	0.7591656338726233	1.5183312677452465	1.0	0.9434782862663269	204527968.96236855	203698220.029716	203698220.029716	-0.0037957710334357575	1.0222868711820159	5.33556522716786	17193600.0	0.017445595	6.914892534409547
Saltmarsh_3_000000001	17280000.0	1	1	0.7436672254520271	1.4873344509040543	0.7589507896498535	1.517901579299707	1.0	0.9424228072166443	204427978.57995456	203378695.31403166	203378695.31403166	-0.004666647179945471	1.0215601237501037	5.330898579987914	17280000.0	0.017881609	6.908844559664336
Saltmarsh_3_000000001	17366400.0	1	1	0.7434032343042812	1.4868064686085625	0.7586973291529117	1.5173946583058233	1.0	0.9413421750068665	204305013.5536152	203032919.64667165	203032919.64667165	-0.005502038047719537	1.020666636281078	5.3253965419401945	17366400.0	0.018320323	6.901713918354493
Saltmarsh_3_000000001	17452800.0	1	1	0.7431005086058008	1.4862010172116016	0.7584066923646755	1.516813384729351	1.0	0.9402360320091248	204159988.62808564	202661735.3819783	202661735.3819783	-0.006304525961678742	1.0196132028715703	5.319092015978514	17452800.0	0.018761606	6.893543252708154
Saltmarsh_3_000000001	17539200.0	1	1	0.742760422839489	1.485520845678978	0.7580802041870057	1.5161604083740114	1.0	0.9391040802001953	203993748.05117676	202265933.08986983	202265933.08986983	-0.007076457750735621	1.0184061232000847	5.3120155582277775	17539200.0	0.019205329	6.8843721634632
Saltmarsh_3_000000001	17625600.0	1	1	0.7423842427265922	1.4847684854531844	0.7577190855069096	1.5154381710138192	1.0	0.937946081161499	203807072.1056354	201846257.67855227	201846257.67855227	-0.007819959222868711	1.0170512476156301	5.304195599004908	17625600.0	0.01965136	6.874237496310361
Saltmarsh_3_000000001	17712000.0	1	1	0.7419731328978011	1.4839462657956022	0.7573244605209495	1.514648921041899	1.0	0.9367617964744568	203600683.20749068	201403401.27008075	201403401.27008075	-0.008537013104513491	1.0155540194549173	5.295658585900394	17712000.0	0.020099565	6.863173527326911
Saltmarsh_3_000000001	17798400.0	1	1	0.7415281547541545	1.483056309508309	0.7568973546519769	1.5137947093039539	1.0	0.9355508089065552	203375249.90403286	200937968.60350394	200937968.60350394	-0.009229659419575986	1.0139195024370957	5.286428926480816	17798400.0	0.020549812	6.851211888719138
Saltmarsh_3_000000001	17884800.0	1	1	0.7410502891705364	1.4821005783410728	0.7564387163190056	1.5128774326380112	1.0	0.9343129992485046	203131385.53633815	200450578.5043342	200450578.5043342	-0.009899477171769533	1.0121523696934407	5.276529449309047	17884800.0	0.021001969	6.838382166304525
Saltmarsh_3_000000001	17971200.0	1	1	0.7405404452579891	1.4810808905159782	0.7559494253273807	1.5118988506547615	1.0	0.9330483078956604	202869660.5564836	199941823.81954172	199941823.81954172	-0.010547872937679892	1.0102569920353885	5.265981576371367	17971200.0	0.0214559	6.824712122977292
Saltmarsh_3_000000001	18057600.0	1	1	0.7399994376130724	1.4799988752261448	0.7554302710233314	1.5108605420466628	1.0	0.9317561388015747	202590607.2119691	199412148.13661897	199412148.13661897	-0.011176730284750303	1.0082374709678452	5.254804846086615	18057600.0	0.021911472	6.810227080528253
Saltmarsh_3_000000001	18144000.0	1	1	0.7394280300294058	1.4788560600588117	0.7548819942359974	1.5097639884719949	1.0	0.9304366111755371	202294707.01556447	198862102.84532097	198862102.84532097	-0.011787033136769098	1.006097547363374	5.243017812949846	18144000.0	0.02236855	6.794951085583
Saltmarsh_3_000000001	18230400.0	1	1	0.738826917446759	1.477653834893518	0.7543052699489811	1.5086105398979621	1.0	0.9290894269943237	201982414.61354667	198292126.1909963	198292126.1909963	-0.012380142755147205	1.0038407737101287	5.230637670194697	18230400.0	0.022826998	6.778906420572327
Saltmarsh_3_000000001	18316800.0	1	1	0.7381967369675511	1.4763934739351021	0.7537007178708911	1.5074014357417822	1.0	0.9277144074440002	201654147.85981318	197702649.33589655	197702649.33589655	-0.01295719518640226	1.001470441865885	5.217680475008294	18316800.0	0.02328668	6.7621138956107485
Saltmarsh_3_000000001	18403200.0	1	1	0.7375380811964567	1.4750761623929134	0.7530689152328873	1.5061378304657747	1.0	0.9263115525245667	201310293.81526405	197094114.41693595	197094114.41693595	-0.013519054093548033	0.9989896261782278	5.204161420914746	18403200.0	0.02374746	6.744593201505511
Saltmarsh_3_000000001	18489600.0	1	1	0.7368514890011997	1.4737029780023994	0.7524103879275092	1.5048207758550185	1.0	0.9248806238174438	200951216.0068495	196466892.2548284	196466892.2548284	-0.014066774361605416	0.9964012356357475	5.19009464655314	18489600.0	0.024209202	6.72636266193287
Saltmarsh_3_000000001	18576000.0	1	1	0.7361374585632863	1.4722749171265725	0.7517256230324272	1.5034512460648544	1.0	0.9234215617179871	200577249.37510863	195821366.79194322	195821366.79194322	-0.014601143296499752	0.9937079772562158	5.175493503256641	18576000.0	0.024671768	6.7074395802206075
Saltmarsh_3_000000001	18662400.0	1	1	0.7353964533326436	1.4707929066652872	0.7510150745250733	1.5020301490501466	1.0	0.9219343662261963	200188707.39067462	195157916.03785473	195157916.03785473	-0.015122827128650762	0.9909124073179244	5.1603706761279895	18662400.0	0.025135021	6.687840396261875
Saltmarsh_3_000000001	18748800.0	1	1	0.7346288982816161	1.4692577965632323	0.750279159695856	1.500558319391712	1.0	0.920418918132782	199785885.29089063	194476877.13958162	194476877.13958162	-0.01563256884317954	0.9880169545410876	5.14473810728481	18748800.0	0.025598825	6.667580587041114
Saltmarsh_3_000000001	18835200.0	1	1	0.7338351949896528	1.4676703899793055	0.7495182736177873	1.4990365472355747	1.0	0.9188753366470337	199369058.04496887	193778620.2757369	193778620.2757369	-0.016130804013522626	0.9850239053922072	5.128607303271287	18835200.0	0.026063042	6.646675065039587
Saltmarsh_3_000000001	18921600.0	1	1	0.7330157078126921	1.4660314156253842	0.7487327758929674	1.4974655517859348	1.0	0.9173034429550171	198938488.55397242	193063442.65148196	193063442.65148196	-0.016618249684438702	0.9819354629418485	5.111989053586847	18921600.0	0.026527535	6.625137813448554
Saltmarsh_3_000000001	19008000.0	1	1	0.7321707912721841	1.4643415825443682	0.7479230169138337	1.4958460338276673	1.0	0.915703535079956	198494420.1485072	192331725.21908626	192331725.21908626	-0.01709506687803508	0.9787536929734664	5.094893986708812	19008000.0	0.026992164	6.602982606774621
Saltmarsh_3_000000001	19094400.0	1	1	0.7312205613629502	1.4624411227259004	0.7470124648721412	1.4940249297442825	1.0	0.9125325679779053	198037091.44424424	191260371.18394685	191260371.18394685	-0.019178774521102948	0.9754806304408372	5.075715212187709	19094400.0	0.02788984	6.578126914995271
Saltmarsh_3_000000001	19180800.0	1	1	0.7301668360147097	1.4603336720294193	0.7460029107844961	1.4920058215689922	1.0	0.9092551469802856	197523389.84136066	190119833.8429515	190119833.8429515	-0.021209447027210504	0.971808616241968	5.054505765160498	19180800.0	0.028787249	6.550639471648005
Saltmarsh_3_000000001	19267200.0	1	1	0.729011215701784	1.458022431403568	0.7448959419496491	1.4897918838992983	1.0	0.9058696031570435	196954517.88403106	188911537.28041112	188911537.28041112	-0.02319011820940986	0.9677478046114655	5.031315646951088	19267200.0	0.029684126	6.52058507844861
Saltmarsh_3_000000001	19353600.0	1	1	0.7277551112123456	1.4555102224246912	0.7436929685876238	1.4873859371752476	1.0	0.9023745059967041	196331579.35071018	187636892.54723606	187636892.54723606	-0.025123306186627725	0.963307768922808	5.00619234076446	19353600.0	0.030580206	6.48802527363074
Saltmarsh_3_000000001	19440000.0	1	1	0.7263997601344765	1.452799520268953	0.7423952397080966	1.4847904794161932	1.0	0.8987684845924377	195655593.81638458	186297273.80217138	186297273.80217138	-0.02701123141352446	0.9584976004243814	4.979181109350935	19440000.0	0.031475222	6.4530187177188125
Saltmarsh_3_000000001	19526400.0	1	1	0.7249462483660143	1.4498924967320286	0.7410038638245384	1.4820077276490768	1.0	0.8950503468513489	194927505.2546068	184894051.23110765	184894051.23110765	-0.028855709075454206	0.9533259652309924	4.9503254002754815	19526400.0	0.03236891	6.4156217187570235
Saltmarsh_3_000000001	19612800.0	1	1	0.7233955332117936	1.4467910664235872	0.739519831210814	1.479039662421628	1.0	0.8912191390991211	194148193.44837925	183428613.46687233	183428613.46687233	-0.030658114583342666	0.9478011819177043	4.919667285692139	19612800.0	0.033261005	6.375888802257012
Saltmarsh_3_000000001	19699200.0	1	1	0.721748458639172	1.443496917278344	0.7379440286698004	1.4758880573396007	1.0	0.8872740268707275	193318486.30204752	181902353.54615676	181902353.54615676	-0.03241953798931885	0.9419313057201026	4.88724774770282	19699200.0	0.034151241	6.333873081022855
Saltmarsh_3_000000001	19785600.0	1	1	0.7200057756785652	1.4400115513571303	0.7362772592414489	1.4725545184828979	1.0	0.8832144141197205	192439167.9755691	180316700.1949063	180316700.1949063	-0.03414068219524491	0.9357241831697763	4.853107065507575	19785600.0	0.035039357	6.2896267568978175
Saltmarsh_3_000000001	19872000.0	1	1	0.7181681676336773	1.4363363352673546	0.7345202665134033	1.4690405330268066	1.0	0.8790400624275208	191510989.78243062	178673150.61480844	178673150.61480844	-0.03582177314499546	0.9291875262190377	4.81728529236258	19872000.0	0.035925088	6.243201738901904
Saltmarsh_3_000000001	19958400.0	1	1	0.7162362517321054	1.4324725034642107	0.7326737364051831	1.4653474728103661	1.0	0.8747506737709045	190534683.5991464	176973195.81072932	176973195.81072932	-0.03746302450679473	0.9223290035604413	4.779822267855785	19958400.0	0.036808172	6.194649659141097
Saltmarsh_3_000000001	20044800.0	1	1	0.714210599349861	1.428421198699722	0.7307383167249456	1.4614766334498912	1.0	0.8703462481498718	189510962.69361892	175218393.23048675	175218393.23048675	-0.03906427682467761	0.9151562429771114	4.740757991031106	20044800.0	0.037688348	6.144022356376314
Saltmarsh_3_000000001	20131200.0	1	1	0.7120917767033375	1.424183553406675	0.7287146562584387	1.4574293125168774	1.0	0.8658275008201599	188440532.41432127	173410457.44015002	173410457.44015002	-0.04062461558124408	0.9076769027819942	4.7001333754498615	20131200.0	0.038565353	6.09137285458302
Saltmarsh_3_000000001	20217600.0	1	1	0.7098803202925228	1.4197606405850456	0.72660338150961	1.45320676301922	1.0	0.8611946702003479	187324111.52951726	171551035.9266365	171551035.9266365	-0.04214363675054911	0.8998988163837316	4.657989738699311	20217600.0	0.03943893	6.036754701354307
Saltmarsh_3_000000001	20304000.0	1	1	0.7075767827733097	1.4151535655466194	0.7244051407152552	1.4488102814305104	1.0	0.8564488291740417	186162418.99512488	169641959.0639086	169641959.0639086	-0.04362009922719989	0.891829894546743	4.614369639472111	20304000.0	0.040308818	5.980223052755855
Saltmarsh_3_000000001	20390400.0	1	1	0.7051817381835467	1.4103634763670934	0.7221206090022273	1.4442412180044546	1.0	0.851591169834137	184956197.80048144	167685113.10111922	167685113.10111922	-0.04505272015486905	0.8834782856604652	4.569316919317242	20390400.0	0.041174761	5.9218347274351455
Saltmarsh_3_000000001	20476800.0	1	1	0.7026957930771929	1.4053915861543858	0.7197504991733468	1.4395009983466935	1.0	0.8466231226921082	183706217.1821374	165682462.67225534	165682462.67225534	-0.04644007037180864	0.8748523837330854	4.522876848945433	20476800.0	0.0420365	5.8616483962332815
Saltmarsh_3_000000001	20563200.0	1	1	0.7001196063177533	1.4002392126355065	0.7172955807207323	1.4345911614414646	1.0	0.8415465354919434	182413277.83327216	163636086.27149665	163636086.27149665	-0.04778042504604685	0.8659608564035302	4.475096423899386	20563200.0	0.042893781	5.799724965373604
Saltmarsh_3_000000001	20649600.0	1	1	0.6974538855799872	1.3949077711599744	0.7147566766074933	1.4295133532149866	1.0	0.8363632559776306	181078221.44605055	161548098.38132942	161548098.38132942	-0.049072209644546616	0.8568127015511937	4.426024214254838	20649600.0	0.043746351	5.73612738167427
Saltmarsh_3_000000001	20736000.0	1	1	0.6946994280754314	1.3893988561508628	0.712134702145254	1.424269404290508	1.0	0.8310759663581848	179701927.9877644	159420804.59548816	159420804.59548816	-0.05031319554190461	0.8474172185193455	4.375711018712934	20736000.0	0.044593956	5.6709214802519625
Saltmarsh_3_000000001	20822400.0	1	1	0.69185710196707	1.38371420393414	0.7094306473261163	1.4188612946522325	1.0	0.8256871104240417	178285335.66976005	157256504.78218275	157256504.78218275	-0.05150160943830939	0.8377841333492232	4.324209409274625	20822400.0	0.045436345	5.604175394419914
Saltmarsh_3_000000001	20908800.0	1	1	0.6889278857051396	1.3778557714102793	0.7066456142576404	1.4132912285152808	1.0	0.8201999664306641	176829430.04062414	155057685.319534	155057685.319534	-0.052635085004631876	0.8279235116023019	4.2715743242699915	20908800.0	0.04627327	5.535960324253909
Saltmarsh_3_000000001	20995200.0	1	1	0.6859128511898349	1.3718257023796698	0.703780801085984	1.407561602171968	1.0	0.8146176338195801	175335262.72031644	152826834.44399253	152826834.44399253	-0.05371169968314826	0.8178458719031109	4.217862624586842	20995200.0	0.04710448	5.466349961464548
Saltmarsh_3_000000001	21081600.0	1	1	0.6828131890934533	1.3656263781869067	0.7008375259756547	1.4016750519513095	1.0	0.8089438080787659	173803941.07802388	150566575.59956935	150566575.59956935	-0.054729222975848923	0.8075621009736957	4.163133401610992	21081600.0	0.047929731	5.395420888487846
Saltmarsh_3_000000001	21168000.0	1	1	0.6796302167394506	1.3592604334789011	0.6978172344192622	1.3956344688385245	1.0	0.8031824827194214	172236639.31220064	148279612.69704014	148279612.69704014	-0.055685449107403584	0.7970835125926043	4.1074479525035885	21168000.0	0.048748777	5.3232525464446505
Saltmarsh_3_000000001	21254400.0	1	1	0.6763653791673659	1.3527307583347319	0.6947215000198137	1.3894430000396274	1.0	0.7973378300666809	170634600.3348487	145968703.095669	145968703.095669	-0.05657832738307811	0.7864218428614231	4.0508696251205105	21254400.0	0.049561377	5.2499270341561814
Saltmarsh_3_000000001	21340800.0	1	1	0.6730202596647973	1.3460405193295946	0.6915520341926386	1.383104068385277	1.0	0.7914143800735474	168999134.0367841	143636682.82597926	143636682.82597926	-0.057405806382776925	0.7755892205126732	3.9934638187377334	21340800.0	0.050367288	5.175529109084103
Saltmarsh_3_000000001	21427200.0	1	1	0.6695965864753735	1.339193172950747	0.6883106921541211	1.3766213843082422	1.0	0.7854169607162476	167331620.14189243	141286450.66381022	141286450.66381022	-0.058165913729640306	0.7645981670486914	3.935297905008092	21427200.0	0.051166273	5.100146084890487
Saltmarsh_3_000000001	21513600.0	1	1	0.6660962295830903	1.3321924591661807	0.6849994694399947	1.3699989388799894	1.0	0.7793505191802979	165633508.91073895	138920929.69013762	138920929.69013762	-0.05885693315713314	0.7534615816078213	3.876440971850959	21513600.0	0.051958095	5.023867499518843
Saltmarsh_3_000000001	21600000.0	1	1	0.6625212200156743	1.3250424400313485	0.6816205196515481	1.3632410393030963	1.0	0.7732205390930176	163906316.75354648	136543131.9973	136543131.9973	-0.05947703194241705	0.742192691928917	3.8169639399085415	21600000.0	0.05274252	4.94678526612147
Saltmarsh_3_000000001	21686400.0	1	1	0.6588737456453737	1.3177474912907474	0.6781761498526332	1.3563522997052664	1.0	0.7670326232910156	162151632.81504703	134156081.49567242	134156081.49567242	-0.06002466916998306	0.7308050766483452	3.7569392707385587	21686400.0	0.053519313	4.868993294877172
Saltmarsh_3_000000001	21772800.0	1	1	0.6551561441301137	1.3103122882602274	0.6746688132115691	1.3493376264231383	1.0	0.7607924342155457	160371113.71355045	131762793.91699025	131762793.91699025	-0.060498639844903	0.7193126094298543	3.6964406308936555	21772800.0	0.054288246	4.790587057638177
Saltmarsh_3_000000001	21859200.0	1	1	0.6513709155377948	1.3027418310755896	0.6711011201404776	1.3422022402809552	1.0	0.7545060515403748	158566476.86483562	129366328.22129011	129366328.22129011	-0.06089775354196292	0.7077293946484134	3.6355428773516927	21859200.0	0.055049091	4.7116635690477935
Saltmarsh_3_000000001	21945600.0	1	1	0.6475207150138583	1.2950414300277167	0.6674758304934444	1.3349516609868888	1.0	0.7481796145439148	156739503.3093298	126969720.05188604	126969720.05188604	-0.061221164341230594	0.6960697646006608	3.574321713010462	21945600.0	0.055801621	4.632320940061559
Saltmarsh_3_000000001	22032000.0	1	1	0.6436083556020148	1.2872167112040296	0.6637958552538725	1.327591710507745	1.0	0.7418195009231567	154892030.70291442	124576002.00052838	124576002.00052838	-0.061468203542452415	0.6843482135450943	3.512853509468009	22032000.0	0.056545616	4.552658148270539
Saltmarsh_3_000000001	22118400.0	1	1	0.6396368141580139	1.2792736283160278	0.6600642610066135	1.320128522013227	1.0	0.7354323863983154	153025951.1906369	122188206.02414379	122188206.02414379	-0.061638333650448796	0.6725793637711678	3.45121517581756	22118400.0	0.057280852	4.472774867859558
Saltmarsh_3_000000001	22204800.0	1	1	0.6356092080091205	1.271218416018241	0.6562842468215364	1.3125684936430728	1.0	0.7290247082710266	151143210.63614514	119809268.4299273	119809268.4299273	-0.061731598328815585	0.6607779404784521	3.3894835774887437	22204800.0	0.058007113	4.392770716425412
Saltmarsh_3_000000001	22291200.0	1	1	0.6315288086207647	1.2630576172415293	0.6524591558439953	1.3049183116879906	1.0	0.7226033210754395	149245793.96043792	117442125.03620288	117442125.03620288	-0.0617480353255665	0.6489586605065809	3.3277355421631767	22291200.0	0.058724184	4.312745262643477
Saltmarsh_3_000000001	22377600.0	1	1	0.6273990286328693	1.2547980572657387	0.6485924617592158	1.2971849235184316	1.0	0.7161750197410583	147335728.1321973	115089630.10379073	115089630.10379073	-0.06168808294890937	0.6371362334678631	3.2660474592142665	22377600.0	0.059431852	4.232797507141689
Saltmarsh_3_000000001	22464000.0	1	1	0.6232234162640622	1.2464468325281244	0.6446877621079602	1.2893755242159204	1.0	0.7097466588020325	145415072.55135852	112754566.72966267	112754566.72966267	-0.06155245140675236	0.6253252850550657	3.2044950078075134	22464000.0	0.060129907	4.153025530118537
Saltmarsh_3_000000001	22550400.0	1	1	0.6190056598594647	1.2380113197189293	0.6407487809853739	1.2814975619707478	1.0	0.7033253312110901	143485913.0580809	110439668.37521467	110439668.37521467	-0.06134196310677198	0.6135403049828453	3.143153044700741	22550400.0	0.060818144	4.0735263459321605
Saltmarsh_3_000000001	22636800.0	1	1	0.6147495694917595	1.229499138983519	0.6367793501914539	1.2735587003829079	1.0	0.6969179511070251	141550360.69797903	108147549.58865127	108147549.58865127	-0.06105787756245484	0.6017956255057112	3.082095167138287	22636800.0	0.061496357	3.99439533661122
Saltmarsh_3_000000001	22723200.0	1	1	0.6104590663062625	1.220918132612525	0.6327833975998081	1.2655667951996161	1.0	0.6905313730239868	139610540.00692257	105880717.03837469	105880717.03837469	-0.06070175253682408	0.5901053377286976	3.021393414601462	22723200.0	0.062164345	3.9157258653234948
Saltmarsh_3_000000001	22809600.0	1	1	0.6061381791211508	1.2122763582423015	0.6287649422287338	1.2575298844574676	1.0	0.684172511100769	137668581.17760915	103641582.51858903	103641582.51858903	-0.060275321910845725	0.5784832345037909	2.961118092690616	22809600.0	0.062821911	3.8376090481270384
Saltmarsh_3_000000001	22896000.0	1	1	0.6017910412969861	1.2035820825939723	0.6247280894673317	1.2494561789346634	1.0	0.6778483390808105	135726615.73845774	101432459.66017665	101432459.66017665	-0.059780478409084514	0.5669427767099677	2.9013376142815313	22896000.0	0.06346886	3.7601335481088647
Saltmarsh_3_000000001	22982400.0	1	1	0.5974218747605886	1.1948437495211772	0.6206770143042198	1.2413540286084397	1.0	0.6715656518936157	133786772.49230298	99255526.03155863	99255526.03155863	-0.05921943268282309	0.5554970628406163	2.8421181815987087	22982400.0	0.064105	3.6833851633519266
Saltmarsh_3_000000001	23068800.0	1	1	0.593034981647762	1.186069963295524	0.6166159516238751	1.2332319032477501	1.0	0.6653311848640442	131851167.93260393	97112837.03640644	97112837.03640644	-0.05859458295049241	0.5441587681325246	2.783523598648216	23068800.0	0.064730143	3.607446583848088
Saltmarsh_3_000000001	23155200.0	1	1	0.5886347299331455	1.177269459866291	0.6125491809152065	1.225098361830413	1.0	0.6591514945030212	129921900.4077022	95006307.12201935	95006307.12201935	-0.057908573043727485	0.5329401086538242	2.7256150256044878	23155200.0	0.065344103	3.5323970731834162
Saltmarsh_3_000000001	23241600.0	1	1	0.5842255498837436	1.1684510997674873	0.6084810209887944	1.2169620419775888	1.0	0.6530331373214722	128001041.94594702	92937733.74728242	92937733.74728242	-0.0571641255418846	0.5218527942782967	2.6684509000626035	23241600.0	0.065946699	3.458312366481134
Saltmarsh_3_000000001	23328000.0	1	1	0.5798119142324404	1.1596238284648808	0.6044158096537783	1.2088316193075566	1.0	0.6469823718070984	126090635.15733346	90908756.0592859	90908756.0592859	-0.056364233311716694	0.5109080136081462	2.6120866667508866	23328000.0	0.066537751	3.3852643201091492
Saltmarsh_3_000000001	23414400.0	1	1	0.5753983394831836	1.1507966789663673	0.6003579029170422	1.2007158058340843	1.0	0.6410055160522461	124192683.36371532	88920903.9912655	88920903.9912655	-0.05551186226779736	0.5001163822241249	2.5565748044830894	23414400.0	0.067117086	3.3133209466100837
Saltmarsh_3_000000001	23500800.0	1	1	0.5709893672053065	1.141978734410613	0.5963116557532702	1.1926233115065403	1.0	0.6351085901260376	122309150.24152954	86975551.82585798	86975551.82585798	-0.05461018871657314	0.4894879478458631	2.501964615766516	23500800.0	0.06768453	3.242546142033405
Saltmarsh_3_000000001	23587200.0	1	1	0.566589549820342	1.133179099640684	0.5922814071204083	1.1845628142408167	1.0	0.6292973756790161	120441951.14413312	85073927.24033417	85073927.24033417	-0.0536625138480642	0.47903215004973504	2.4483021019184523	23587200.0	0.068239917	3.1729995240863142
Saltmarsh_3_000000001	23673600.0	1	1	0.5622034472670508	1.1244068945341017	0.5882714750216539	1.1765429500433078	1.0	0.6235775947570801	118592946.82185245	83217137.47307134	83217137.47307134	-0.05267210899299485	0.4687577963583515	2.395629992925457	23673600.0	0.06878308	3.1047364708313925
Saltmarsh_3_000000001	23760000.0	1	1	0.5578356171397358	1.1156712342794717	0.5842861456322203	1.1685722912644405	1.0	0.6179547905921936	116763942.0914948	81406157.57477605	81406157.57477605	-0.051642280083610825	0.4586730679574911	2.3439877128418463	23760000.0	0.069313861	3.037808075843033
Saltmarsh_3_000000001	23846400.0	1	1	0.5534905919689104	1.1069811839378207	0.5803296508315683	1.1606593016631366	1.0	0.6124340891838074	114956682.03502174	79641803.11609747	79641803.11609747	-0.050576497490723404	0.44878551307121073	2.2934112153511235	23846400.0	0.0698321	2.972260935095056
Saltmarsh_3_000000001	23932800.0	1	1	0.5491728881457497	1.0983457762914994	0.5764061747290712	1.1528123494581424	1.0	0.6070207357406616	113172843.28516273	77924802.15679468	77924802.15679468	-0.049478004694069544	0.43910201547804295	2.2439332106570538	23932800.0	0.070337645	2.908137441011542
Saltmarsh_3_000000001	24019200.0	1	1	0.5448869737070559	1.0897739474141117	0.5725198228579171	1.1450396457158343	1.0	0.6017193794250488	111414038.73833719	76255711.08268946	76255711.08268946	-0.04835028253865775	0.4296288379521051	2.1955829281183954	24019200.0	0.070830347	2.8454754748414404
Saltmarsh_3_000000001	24105600.0	1	1	0.5406372786584028	1.0812745573168057	0.5686746302440151	1.1373492604880302	1.0	0.596534788608551	109681805.6804699	74635007.0806295	74635007.0806295	-0.047196541413427995	0.4203715768165755	2.148386386704967	24105600.0	0.071310057	2.784308757169638
Saltmarsh_3_000000001	24192000.0	1	1	0.5364281773830627	1.0728563547661254	0.5648745442556771	1.1297490885113541	1.0	0.5914713740348816	107977611.65667982	73063036.51539597	73063036.51539597	-0.0460200311488812	0.41133521372586107	2.102366355556086	24192000.0	0.071776635	2.7246667968006872
Saltmarsh_3_000000001	24278400.0	1	1	0.532263978842512	1.064527957685024	0.5611234147686038	1.1222468295372077	1.0	0.5865333080291748	106302849.21382535	71540034.27164339	71540034.27164339	-0.04482393675580465	0.40252410811402156	2.0575424188002813	24278400.0	0.072229943	2.666574974765165
Saltmarsh_3_000000001	24364800.0	1	1	0.5281489206702201	1.0562978413404402	0.5574249880617048	1.1148499761234096	1.0	0.5817245841026306	104658834.16038746	70066136.73946919	70066136.73946919	-0.043611325907961074	0.393942009605307	2.01393109289232	24364800.0	0.072669846	2.610054696388447
Saltmarsh_3_000000001	24451200.0	1	1	0.5240871566403729	1.0481743132807457	0.5537828949882501	1.1075657899765001	1.0	0.5770488977432251	103046805.63892949	68641373.88783024	68641373.88783024	-0.04238521104063525	0.3855920804797865	1.9715458818516844	24451200.0	0.073096214	2.555123462879783
Saltmarsh_3_000000001	24537600.0	1	1	0.5200827585051703	1.0401655170103405	0.5502006522976005	1.100401304595201	1.0	0.5725098848342896	101467923.8421349	67265703.02787988	67265703.02787988	-0.041148391110040594	0.37747690624943997	1.9303974907416437	24537600.0	0.07350892	2.50179514800117
Saltmarsh_3_000000001	24624000.0	1	1	0.5161396934326794	1.0322793868653588	0.5466816423569603	1.0933632847139205	1.0	0.5681107044219971	99923273.56418835	65938967.36056397	65938967.36056397	-0.039903699728553066	0.3695985365313729	1.8904937910130903	24624000.0	0.073907842	2.450079953152965
Saltmarsh_3_000000001	24710400.0	1	1	0.5122618441620462	1.0245236883240925	0.5432291313365738	1.0864582626731476	1.0	0.5638547539710999	98413858.4908409	64660982.86370355	64660982.86370355	-0.038653564093946935	0.3619584784124647	1.8518402269191436	24710400.0	0.074292862	2.39998493408721
Saltmarsh_3_000000001	24796800.0	1	1	0.5084529722357769	1.0169059444715538	0.5398462368439647	1.0796924736879294	1.0	0.5597447156906128	96940612.1129581	63431438.61937829	63431438.61937829	-0.03740058116559242	0.35455777426248386	1.8144396457535512	24796800.0	0.074663866	2.3515137808966022
Saltmarsh_3_000000001	24883200.0	1	1	0.5047167355432542	1.0094334710865085	0.5365359443104349	1.0730718886208699	1.0	0.5557834506034851	95504386.95791548	62250000.31645499	62250000.31645499	-0.03614696764884978	0.34739696923112473	1.7782926781047013	24883200.0	0.075020743	2.304667310823693
Saltmarsh_3_000000001	24969600.0	1	1	0.5010566731608049	1.0021133463216099	0.5333010945084409	1.0666021890168818	1.0	0.5519734621047974	94105964.7309507	61116258.85830191	61116258.85830191	-0.03489488976084404	0.3404761840523536	1.7433977883438572	24969600.0	0.075363388	2.259443533693639
Saltmarsh_3_000000001	25056000.0	1	1	0.4974762049700783	0.9949524099401565	0.5301443845136169	1.0602887690272338	1.0	0.5483171343803406	92746054.07362102	60029761.316436514	60029761.316436514	-0.03364631812882435	0.3337951247110069	1.709751470215033	25056000.0	0.0756917	2.2158379053986828
Saltmarsh_3_000000001	25142400.0	1	1	0.4939786240957562	0.9879572481915124	0.5270683626036333	1.0541367252072666	1.0	0.5448166131973267	91425294.00744373	58990004.00515816	58990004.00515816	-0.032403099865107865	0.3273531198908987	1.6773483703499248	25142400.0	0.076005582	2.1738434879735027
Saltmarsh_3_000000001	25228800.0	1	1	0.490567096691646	0.981134193383292	0.5240754299353834	1.0481508598707667	1.0	0.541473925113678	90144254.7519432	57996450.35889974	57996450.35889974	-0.031166892828786708	0.3211491446232854	1.646181477521138	25228800.0	0.07630494	2.133451194867395
Saltmarsh_3_000000001	25315200.0	1	1	0.48724465803566286	0.9744893160713257	0.5211678392383287	1.0423356784766573	1.0	0.5382909178733826	88903441.29886156	57048530.11864497	57048530.11864497	-0.029939205928518287	0.31518185652174313	1.6162422715926197	25315200.0	0.076589685	2.094649983984035
Saltmarsh_3_000000001	25401600.0	1	1	0.4840142122577669	0.9680284245155338	0.5183476969611865	1.036695393922373	1.0	0.5352693200111389	87703295.62145089	56145650.472266	56145650.472266	-0.02872137193924479	0.3094496243005748	1.5875208996533752	25401600.0	0.076859734	2.057427085950774
Saltmarsh_3_000000001	25488000.0	1	1	0.4808785283830869	0.9617570567661738	0.5156169624446755	1.031233924889351	1.0	0.5324106812477112	86544200.1889918	55287194.790824525	55287194.790824525	-0.027514587543671754	0.30395056149779437	1.5600063121097034	25488000.0	0.077115005	2.021768180494176
Saltmarsh_3_000000001	25574400.0	1	1	0.47784023650494856	0.9556804730098971	0.5129774474740956	1.0259548949481911	1.0	0.5297163724899292	85426480.11194572	54472526.93272513	54472526.93272513	-0.02631991786804727	0.2986825525316729	1.533686394241656	25574400.0	0.077355424	1.9876575669371863
Saltmarsh_3_000000001	25660800.0	1	1	0.47490183838426087	0.9498036767685217	0.5104308285698349	1.0208616571396698	1.0	0.5271878242492676	84350405.31218301	53701019.57595907	53701019.57595907	-0.025138180009058264	0.29364327788885364	1.508548214232598	25660800.0	0.07758092	1.9550784856454473
Saltmarsh_3_000000001	25747200.0	1	1	0.4720656849978913	0.9441313699957826	0.5079786307898474	1.0159572615796948	1.0	0.5248259902000427	83316197.71707928	52972005.11327682	52972005.11327682	-0.023970236046303273	0.2888302616126874	1.4845779781862949	25747200.0	0.077791425	1.9240130597294383
Saltmarsh_3_000000001	25833600.0	1	1	0.4693340058351473	0.9386680116702946	0.5056222565575197	1.0112445131150394	1.0	0.5226321816444397	82324026.69134128	52284860.83816387	52284860.83816387	-0.022816558499876294	0.28424086269069565	1.4617614196864184	25833600.0	0.077986876	1.8944427999135982
Saltmarsh_3_000000001	25920000.0	1	1	0.4667088785000429	0.9334177570000858	0.5033629629649968	1.0067259259299937	1.0	0.5206071138381958	81374022.5870006	51638920.6351926	51638920.6351926	-0.02167774646460585	0.2798723496405689	1.4400836732218125	25920000.0	0.078167218	1.866348440495469
Saltmarsh_3_000000001	26006400.0	1	1	0.4641922509667598	0.9283845019335196	0.5012018847160041	1.0024037694320083	1.0	0.5187517404556274	80466269.23598453	51033557.351912364	51033557.351912364	-0.020554089516302165	0.275721876275864	1.4195295837055104	26006400.0	0.078332394	1.8397103404823416
Saltmarsh_3_000000001	26092800.0	1	1	0.4617859369355982	0.9235718738711964	0.499140033878813	0.998280067757626	1.0	0.5170668363571167	79600814.73417431	50468147.234506294	50468147.234506294	-0.019445804794726407	0.2717865409672579	1.4000837789107838	26092800.0	0.078482358	1.8145085774683758
Saltmarsh_3_000000001	26179200.0	1	1	0.4594916115563062	0.9189832231126124	0.4971783000711107	0.9943566001422214	1.0	0.5155529975891113	78777672.66066478	49942072.115778014	49942072.115778014	-0.018353039932437976	0.26806340051132804	1.3817307389783458	26179200.0	0.078617064	1.7907230377159362
Saltmarsh_3_000000001	26265600.0	1	1	0.45731082207781765	0.9146216441556353	0.4953174634471767	0.9906349268943534	1.0	0.5142108798027039	77996823.33939932	49454744.34932566	49454744.34932566	-0.017275761691939368	0.26454948343856766	1.3644549772864063	26265600.0	0.078736473	1.7683336505631826
Saltmarsh_3_000000001	26352000.0	1	1	0.4552449759541752	0.9104899519083504	0.49355818839851145	0.9871163767970229	1.0	0.5130408406257629	77258220.04397285	49005575.921454184	49005575.921454184	-0.016213945035929905	0.26124182464320084	1.348241032250476	26352000.0	0.078840549	1.747320377796617
Saltmarsh_3_000000001	26438400.0	1	1	0.45329536283580635	0.9065907256716127	0.49190104611941277	0.9838020922388255	1.0	0.5120434761047363	76561787.3693972	48594030.07609259	48594030.07609259	-0.015167313432690593	0.25813746381315356	1.3330737188177855	26438400.0	0.07892926	1.72766353958785
Saltmarsh_3_000000001	26524800.0	1	1	0.4514631421412811	0.9029262842825622	0.4903465077284194	0.9806930154568388	1.0	0.5112190842628479	75907430.91074713	48219574.76842899	48219574.76842899	-0.014135619739633426	0.2552334935817784	1.318938099078152	26524800.0	0.079002581	1.7093437764052852
Saltmarsh_3_000000001	26611200.0	1	1	0.4497493464289665	0.899498692857933	0.4888949507904954	0.9777899015809908	1.0	0.5105679035186768	75295035.11745243	47881705.18642273	47881705.18642273	-0.01311852796882712	0.25252705390094077	1.3058195711093252	26611200.0	0.079060491	1.6923421641576857
Saltmarsh_3_000000001	26697600.0	1	1	0.4481548884151999	0.8963097768303998	0.4875466687704348	0.9750933375408696	1.0	0.510090172290802	74724466.3517365	47579951.011583075	47579951.011583075	-0.0121155939936467	0.2500153490515621	1.2937039771156784	26697600.0	0.079102972	1.6766403543419195
Saltmarsh_3_000000001	26784000.0	1	1	0.44668056770326453	0.8933611354065291	0.48630188003941605	0.9726037600788321	1.0	0.5097861289978027	74195576.97015047	47313878.33688403	47313878.33688403	-0.01112627666369273	0.24769566834811288	1.2825777004519856	26784000.0	0.079130011	1.6622206997857734
Saltmarsh_3_000000001	26870400.0	1	1	0.44532706252774107	0.8906541250554821	0.4851607240386214	0.9703214480772429	1.0	0.509655773639679	73708209.10432447	47083069.36052997	47083069.36052997	-0.010150057912368421	0.24556540471501825	1.2724276425396175	26870400.0	0.079141601	1.6490662247313441
Saltmarsh_3_000000001	26956800.0	1	1	0.44409494828546864	0.8881898965709373	0.48412327984547554	0.9682465596909511	1.0	0.509699285030365	73262193.31795849	46887160.6106055	46887160.6106055	-0.009186247213949783	0.24362205026697728	1.2632413953256676	26956800.0	0.079137737	1.6371608483420654
Saltmarsh_3_000000001	27043200.0	1	1	0.44298467797866764	0.8859693559573353	0.4831895523912132	0.9663791047824264	1.0	0.5099164247512817	72857355.95157155	46725791.16158003	46725791.16158003	-0.008234273520500934	0.2418632293284011	1.2550071218051666	27043200.0	0.079118422	1.626489229859496
Saltmarsh_3_000000001	27129600.0	1	1	0.4419966163613877	0.8839932327227754	0.48235950364579855	0.9647190072915971	1.0	0.5103073716163635	72493513.75044473	46598676.98894997	46598676.98894997	-0.0072932906131596975	0.24028667555790956	1.2477138311920069	27129600.0	0.079083661	1.6170371252248408
Saltmarsh_3_000000001	27216000.0	1	1	0.44113101614246625	0.8822620322849325	0.481633034761924	0.963266069523848	1.0	0.5108718276023865	72170485.97963002	46505534.14157126	46505534.14157126	-0.006362613925360194	0.23889028463321652	1.2413512172666465	27216000.0	0.079033464	1.6087911775775738
Saltmarsh_3_000000001	27302400.0	1	1	0.44038803358518935	0.8807760671703787	0.4810100010919013	0.9620200021838026	1.0	0.5116096138954163	71888087.35856298	46446130.14525257	46446130.14525257	-0.005441432574530725	0.2376720833007936	1.2359097846921159	27302400.0	0.078967846	1.6017390809609822
Saltmarsh_3_000000001	27388800.0	1	1	0.4397677394894476	0.8795354789788952	0.4804902229871574	0.9609804459743148	1.0	0.5125206112861633	71646133.7741248	46420280.72492512	46420280.72492512	-0.00452884993601016	0.23663025356063577	1.2313809347561055	27388800.0	0.078886826	1.5958696914439128
Saltmarsh_3_000000001	27475200.0	1	1	0.43927010370276665	0.8785402074055333	0.48007347411853274	0.9601469482370655	1.0	0.5136043429374695	71444446.29877926	46427813.5719506	46427813.5719506	-0.003624081222894371	0.23576314908264737	1.227756853533211	27475200.0	0.078790429	1.5911728821790414
Saltmarsh_3_000000001	27561600.0	1	1	0.43889501104251966	0.8777900220850393	0.4797594958350284	0.9595189916700568	1.0	0.5148604512214661	71282846.46231891	46468609.275183365	46468609.275183365	-0.0027262274180002433	0.23506927379391707	1.225030626115211	27561600.0	0.078678683	1.5876396914453135
Saltmarsh_3_000000001	27648000.0	1	1	0.43864226513437976	0.8772845302687595	0.47954800107664225	0.9590960021532845	1.0	0.5162885189056396	71161161.61904168	46542587.18862991	46542587.18862991	-0.0018343678063714175	0.23454730374952099	1.2231962583088396	27648000.0	0.078551621	1.585262350768256
Saltmarsh_3_000000001	27734400.0	1	1	0.43851158492226583	0.8770231698445317	0.4794386718600009	0.9588773437200018	1.0	0.5178879499435425	71079226.24376297	46649695.00311969	46649695.00311969	-0.0009476162712318825	0.23419609128683036	1.222248642037608	27734400.0	0.078409281	1.58403424008074
Saltmarsh_3_000000001	27820800.0	1	1	0.4385026130272711	0.8770052260545422	0.47943116638617633	0.9588623327723527	1.0	0.5196581482887268	71036880.73597889	46789924.0389142	46789924.0389142	-6.50382066902655e-05	0.2340146584012613	1.222183603830918	27820800.0	0.078251705	1.5839499505648698
Saltmarsh_3_000000001	27907200.0	1	1	0.4385972688045046	0.8771945376090092	0.4795398893656726	0.9590797787313452	1.0	0.5215984582901001	71033973.95341384	46963304.67801869	46963304.67801869	0.0008143173599766962	0.23400220603011676	1.2229979211908946	27907200.0	0.07807894	1.5850053058633995
Saltmarsh_3_000000001	27993600.0	1	1	0.4387969009680147	0.8775938019360294	0.47976875477487385	0.9595375095497477	1.0	0.5237080454826355	71064644.24598013	47174967.7385356	47174967.7385356	0.0017167215064584629	0.23415811718621954	1.2247146426973534	27993600.0	0.077891036	1.5872301769357702
Saltmarsh_3_000000001	28080000.0	1	1	0.4391043167160876	0.8782086334321751	0.48012046089670185	0.9602409217934037	1.0	0.5259860157966614	71129350.61021115	47426077.94212086	47426077.94212086	0.002643584904626517	0.23448680480597778	1.22735822760198	28080000.0	0.07768805	1.5906562629721663
Saltmarsh_3_000000001	28166400.0	1	1	0.4395221127777361	0.8790442255554722	0.4805973889742759	0.9611947779485518	1.0	0.5284312963485718	71229050.23026188	47717443.27022847	47717443.27022847	0.003594264434720995	0.23499295191642136	1.2309524920367012	28166400.0	0.077470042	1.5953144296795647
Saltmarsh_3_000000001	28252800.0	1	1	0.44005268588679236	0.8801053717735847	0.48120161728454863	0.9624032345690973	1.0	0.5310428738594055	71364659.80219613	48049885.03563619	48049885.03563619	0.004568306766853214	0.23568111841132772	1.2355207988035541	28252800.0	0.077237076	1.6012349552494063
Saltmarsh_3_000000001	28339200.0	1	1	0.44069822962296334	0.8813964592459267	0.48193492050786446	0.9638698410157289	1.0	0.5338195562362671	71537060.79119985	48424220.19130582	48424220.19130582	0.0055653235676834945	0.23655577738884562	1.2410861223712377	28339200.0	0.076989221	1.608447614593124
Saltmarsh_3_000000001	28425600.0	1	1	0.4414607246615819	0.8829214493231639	0.4827987626227987	0.9655975252455974	1.0	0.5367598533630371	71747100.06840442	48841250.81581535	48841250.81581535	0.006584926483185871	0.23762132759589089	1.2476710488544236	28425600.0	0.076726552	1.616981679315333
Saltmarsh_3_000000001	28512000.0	1	1	0.4423419481386573	0.8846838962773146	0.4837943121199961	0.9675886242399921	1.0	0.539862334728241	71995588.17637476	49301795.04578685	49301795.04578685	0.007626881804749047	0.2388820934241852	1.255297930659173	28512000.0	0.076449145	1.626866118134288
Saltmarsh_3_000000001	28598400.0	1	1	0.4433434727670022	0.8866869455340044	0.4849224463193939	0.9698448926387878	1.0	0.5431254506111145	72283303.57749765	49806673.56516608	49806673.56516608	0.008691013306791562	0.24034235451903885	1.2639889439659644	28598400.0	0.076157082	1.63812967137989
Saltmarsh_3_000000001	28684800.0	1	1	0.44446664992256263	0.8889332998451253	0.4861837386681653	0.9723674773363306	1.0	0.5465472340583801	72610993.33705483	50356682.13576776	50356682.13576776	0.009777053893649718	0.2420063567851891	1.273765997859614	28684800.0	0.075850451	1.65080073322606
Saltmarsh_3_000000001	28771200.0	1	1	0.44571262854733495	0.8914252570946699	0.4875784863841762	0.9751569727683524	1.0	0.5501259565353394	72979368.29100391	50952647.56030225	50952647.56030225	0.010884942812914689	0.2438782949885966	1.2846509406725286	28771200.0	0.075529342	1.664907619111597
Saltmarsh_3_000000001	28857600.0	1	1	0.4470823347898489	0.8941646695796978	0.4891066951762686	0.9782133903525372	1.0	0.5538594126701355	73389109.65880391	51595365.72886408	51595365.72886408	0.012014476380900474	0.24596235226341995	1.296665417053429	28857600.0	0.075193851	1.680478380501244
Saltmarsh_3_000000001	28944000.0	1	1	0.44857647519850635	0.8971529503970127	0.4907680905329929	0.9815361810659858	1.0	0.5577453374862671	73840862.51495162	52285634.191590734	52285634.191590734	0.013165498211903243	0.24826267274605043	1.3098309152653327	28944000.0	0.074844076	1.6975408661838711
Saltmarsh_3_000000001	29030400.0	1	1	0.4501955335503463	0.9003910671006926	0.492562122354446	0.985124244708892	1.0	0.5617812871932983	74335236.66455275	53024240.4790238	53024240.4790238	0.014337831764221765	0.25078337063089723	1.3241687470295544	29030400.0	0.074480122	1.7161226961503027
Saltmarsh_3_000000001	29116800.0	1	1	0.4519397681522722	0.9038795363045444	0.49448797040840164	0.9889759408168033	1.0	0.5659646391868591	74872805.12448503	53811959.474538594	53811959.474538594	0.015531271061421603	0.2535285263112714	1.3397000180909757	29116800.0	0.074102097	1.7362512234459047
Saltmarsh_3_000000001	29203200.0	1	1	0.45380920968420957	0.9076184193684191	0.4965445505810168	0.9930891011620336	1.0	0.570292592048645	75454102.43785816	54649550.46838294	54649550.46838294	0.01674557159817308	0.25650218074374165	1.356445589689149	29203200.0	0.073710111	1.7579534842371372
Saltmarsh_3_000000001	29289600.0	1	1	0.45580365640830456	0.9116073128166091	0.4987305184409856	0.9974610368819712	1.0	0.5747621059417725	76079622.84070429	55537748.144741684	55537748.144741684	0.017980412652408684	0.25970832807129973	1.3744260023415578	29289600.0	0.073304282	1.7812560990346589
Saltmarsh_3_000000001	29376000.0	1	1	0.45792266695465333	0.9158453339093067	0.5010442703533428	1.0020885407066855	1.0	0.579369843006134	76749817.21021558	56477252.195627935	56477252.195627935	0.019235359947419428	0.26315090103072025	1.3936613622889769	29376000.0	0.07288473	1.8061851255265142
Saltmarsh_3_000000001	29462400.0	1	1	0.46016557364617533	0.9203311472923507	0.5034839663026075	1.006967932605215	1.0	0.5841125249862671	77465088.83251747	57468756.56176658	57468756.56176658	0.02051003359771586	0.266833749211117	1.4141713958866933	29462400.0	0.072451579	1.8327661290691546
Saltmarsh_3_000000001	29548800.0	1	1	0.46253146974146486	0.9250629394829297	0.5060475248459219	1.0120950496918437	1.0	0.5889864563941956	78225795.76086734	58512902.18674124	58512902.18674124	0.021803861465889807	0.2707606494678164	1.4359752573525832	29548800.0	0.072004957	1.8610239335289478
Saltmarsh_3_000000001	29635200.0	1	1	0.4650192079190415	0.930038415838083	0.5087326299002372	1.0174652598004743	1.0	0.5939877033233643	79032244.07222737	59610286.22439027	59610286.22439027	0.02311616200860811	0.27493526911334326	1.4590914193611915	29635200.0	0.071544997	1.8909824794921042
Saltmarsh_3_000000001	29721600.0	1	1	0.4676274094777927	0.9352548189555854	0.5115367483598079	1.0230734967196158	1.0	0.5991122722625732	79884684.53946686	60761474.383155935	60761474.383155935	0.024446226945479488	0.2793611449703002	1.483537646306671	29721600.0	0.071071835	1.9226647896134457
Saltmarsh_3_000000001	29808000.0	1	1	0.470354454157291	0.940708908314582	0.5144571271364987	1.0289142542729974	1.0	0.6043557524681091	80783312.67075703	61966961.59592812	61966961.59592812	0.02579312972741421	0.28404167825222637	1.509330776034085	29808000.0	0.070585611	1.9560926857401741
Saltmarsh_3_000000001	29894400.0	1	1	0.4731984911226588	0.9463969822453177	0.5174908117791637	1.0349816235583273	1.0	0.6097136735916138	81728261.81258349	63227199.31777946	63227199.31777946	0.027155903815548887	0.2889800927733484	1.536486679849634	29894400.0	0.070086469	1.9912867370851255
Saltmarsh_3_000000001	29980800.0	1	1	0.476157440289625	0.95231488057925	0.5206346545072879	1.0412693090145757	1.0	0.6151813268661499	82719603.23183678	64542573.709557876	64542573.709557876	0.02853344125574686	0.29417942729204255	1.565020121105381	29980800.0	0.069574558	2.028266076952574
Saltmarsh_3_000000001	30067200.0	1	1	0.47922899441801164	0.9584579888360233	0.5238853225400272	1.0477706450800544	1.0	0.6207537651062012	83757342.64818422	65913398.823247924	65913398.823247924	0.029924485681112722	0.2996425084351269	1.5949446067864936	30067200.0	0.069050029	2.0670482103952956
Saltmarsh_3_000000001	30153600.0	1	1	0.48241061860265366	0.9648212372053073	0.5272393032814402	1.0544786065628804	1.0	0.6264257431030273	84841416.78646244	67339903.14463674	67339903.14463674	0.031327593440785284	0.3053719222823984	1.626272200227279	30153600.0	0.068513037	2.1076487714945533
Saltmarsh_3_000000001	30240000.0	1	1	0.48569956056711516	0.9713991211342303	0.5306929198911607	1.0613858397823215	1.0	0.6321918964385986	85971688.77489951	68822240.53127253	68822240.53127253	0.03274122414756725	0.3113699785087954	1.6590134243748462	30240000.0	0.067963741	2.150081397989801
Saltmarsh_3_000000001	30326400.0	1	1	0.48909285779335526	0.9781857155867105	0.5342423429489047	1.0684846858978094	1.0	0.6380466818809509	87147947.17265978	70360478.69759941	70360478.69759941	0.03416370162497051	0.31763869186302657	1.6931771259998167	30326400.0	0.067402305	2.194357555295763
Saltmarsh_3_000000001	30412800.0	1	1	0.4925873416148129	0.9851746832296258	0.5378835984561724	1.0757671969123448	1.0	0.643984317779541	88369903.78326555	71954586.19311427	71954586.19311427	0.03559317479654406	0.3241797561690273	1.7287703007963606	30412800.0	0.066828894	2.2404863098320833
Saltmarsh_3_000000001	30499200.0	1	1	0.4961796484144111	0.9923592968288222	0.541612582318751	1.083225164637502	1.0	0.6499989032745361	89637190.27552235	73604438.07412246	73604438.07412246	0.03702767953141922	0.33099451083919307	1.7657979803277797	30499200.0	0.066243679	2.2884741825048027
Saltmarsh_3_000000001	30585600.0	1	1	0.4998662207155698	0.9997324414311396	0.5454250641717455	1.090850128343491	1.0	0.6560842394828796	90949357.30090088	75309790.08802392	75309790.08802392	0.03846503121141015	0.33808391922870945	1.80426301153919	30585600.0	0.065646833	2.3383248629547904
Saltmarsh_3_000000001	30672000.0	1	1	0.5036433221690536	1.0072866443381072	0.5493167044025765	1.098633408805153	1.0	0.6622340679168701	92305869.90933247	77070296.94402328	77070296.94402328	0.03990295829959539	0.34544852642052104	1.8441659698387851	30672000.0	0.065038532	2.3900390969110656
Saltmarsh_3_000000001	30758400.0	1	1	0.5075070487265378	1.0150140974530757	0.5532830667206209	1.1065661334412418	1.0	0.6684420108795166	93706108.03145775	78885501.22444873	78885501.22444873	0.04133906353858219	0.35308844258366145	1.885505033377367	30758400.0	0.064418958	2.443614523257068
Saltmarsh_3_000000001	30844800.0	1	1	0.5114533327997411	1.0229066655994823	0.5573196233119561	1.1146392466239121	1.0	0.674701452255249	95149365.68406337	80754813.64633432	80754813.64633432	0.042770749329160807	0.3610033189025108	1.9282757827065282	30844800.0	0.063788293	2.4990454143876604
Saltmarsh_3_000000001	30931200.0	1	1	0.5154779542411523	1.0309559084823046	0.5614217661985945	1.122843532397189	1.0	0.6810056567192078	96634847.64920738	82677519.16637458	82677519.16637458	0.04419528661300254	0.36919230921887036	1.9724710693195309	30931200.0	0.063146725	2.556322505838112
Saltmarsh_3_000000001	31017600.0	1	1	0.5195765643630238	1.0391531287260476	0.5655848306555906	1.1311696613111812	1.0	0.6873480081558228	98161668.78225929	84652800.84351736	84652800.84351736	0.04560995935510309	0.3776540448624837	2.018081028674634	31017600.0	0.062494443	2.615433013162326
Saltmarsh_3_000000001	31104000.0	1	1	0.5237446849585455	1.047489369917091	0.5698040938716562	1.1396081877433124	1.0	0.6937215924263	99728858.50237224	86679688.17957261	86679688.17957261	0.047011803753348846	0.3863866371445142	2.0650928324279825	31104000.0	0.061831641	2.676360310826665
Saltmarsh_3_000000001	31190400.0	1	1	0.5279777210506651	1.0559554421013302	0.5740747865724177	1.1481495731448355	1.0	0.7001194357872009	101335356.05755219	88757077.42225555	88757077.42225555	0.04839775719181838	0.39538762991945936	2.113490589619801	31190400.0	0.061158516	2.7390838041472625
Saltmarsh_3_000000001	31276800.0	1	1	0.5322709863713007	1.0645419727426013	0.5783921163633247	1.1567842327266493	1.0	0.706534743309021	102980011.16498142	90883758.41183841	90883758.41183841	0.04976481139316985	0.4046539806660222	2.163255401012971	31276800.0	0.060475266	2.8035789997128107
Saltmarsh_3_000000001	31363200.0	1	1	0.5366197000489181	1.0732394000978362	0.5827512630904154	1.1655025261808307	1.0	0.712960422039032	104661589.95319068	93058354.84615268	93058354.84615268	0.05110970333985754	0.41418207089090586	2.214365104352829	31363200.0	0.059782094	2.8698171752412667
Saltmarsh_3_000000001	31449600.0	1	1	0.5410190139544244	1.0820380279088488	0.5871474032113764	1.1742948064227527	1.0	0.7193896174430847	106378770.05624087	95279385.47404276	95279385.47404276	0.052429270014570706	0.42396765735564307	2.2667943743673997	31449600.0	0.059079207	2.9377655091801502
Saltmarsh_3_000000001	31536000.0	1	1	0.5454640143249816	1.0909280286499632	0.5915757093208565	1.183151418641713	1.0	0.7258152961730957	108130148.00282726	97545212.57195629	97545212.57195629	0.05372017163690063	0.43400589122288086	2.3205145460043	31536000.0	0.058366811	3.0073868516215727
Saltmarsh_3_000000001	31622400.0	1	1	0.5499497468525386	1.0998994937050772	0.5960313717062806	1.1920627434125612	1.0	0.7322306632995605	109914236.89207162	99854092.3573465	99854092.3573465	0.0549791775738388	0.4442912842128937	2.3754937235781393	31622400.0	0.057645118	3.0786398657572684
Saltmarsh_3_000000001	31708800.0	1	1	0.5544712296041192	1.1089424592082384	0.6005096080599183	1.2010192161198365	1.0	0.7386289834976196	111729473.77431785	102204155.34936915	102204155.34936915	0.05620304724563857	0.4548177295012072	2.4316967708237773	31708800.0	0.056914342	3.1514790149876153
Saltmarsh_3_000000001	31795200.0	1	1	0.5590234546115698	1.1180469092231395	0.6050056624001641	1.2100113248003281	1.0	0.7450034022331238	113574222.69744676	104593381.68305889	104593381.68305889	0.05738840860112404	0.46557849981417043	2.489085179424901	31795200.0	0.056174699	3.2258543925346714
Saltmarsh_3_000000001	31881600.0	1	1	0.563601419609715	1.12720283921943	0.6095148321633341	1.2190296643266683	1.0	0.7513474822044373	115446773.49861333	107019673.14443411	107019673.14443411	0.05853214346504837	0.47656622225712214	2.5476173228899492	31881600.0	0.055426409	3.3017120504653743
Saltmarsh_3_000000001	31968000.0	1	1	0.5682001232120916	1.1364002464241831	0.6140324608394668	1.2280649216789337	1.0	0.75765460729599	117345353.35587707	109480778.10903355	109480778.10903355	0.05963096362308323	0.48777292692208457	2.607248286513032	31968000.0	0.054669694	3.3789937793208895
Saltmarsh_3_000000001	32054400.0	1	1	0.5728146008397162	1.1456292016794325	0.6185539686332469	1.2371079372664937	1.0	0.7639186978340149	119268123.81496696	111974390.6410457	111974390.6410457	0.060681938873555774	0.49919001433167276	2.6679302253865886	32054400.0	0.053904776	3.4576375721010186
Saltmarsh_3_000000001	32140800.0	1	1	0.5774399168925187	1.1548798337850374	0.6230748421754722	1.2461496843509443	1.0	0.7701334953308105	121213195.15113896	114498059.37418488	114498059.37418488	0.061681972885867076	0.5108083239850573	2.7296121982724557	32140800.0	0.053131885	3.5375774089611025
Saltmarsh_3_000000001	32227200.0	1	1	0.5820711944819139	1.1641423889638278	0.627590659207673	1.255181318415346	1.0	0.7762932181358337	123178622.9842023	117049280.91848351	117049280.91848351	0.0626283020418974	0.5226181025505202	2.792240500314353	32227200.0	0.052351247	3.618743688407402
Saltmarsh_3_000000001	32313600.0	1	1	0.5867036119978835	1.173407223995767	0.6320970824072919	1.2641941648145838	1.0	0.7823920249938965	125162421.07351588	119625432.00781243	119625432.00781243	0.06351809247167539	0.5346090675673868	2.855758592786028	32313600.0	0.051563094	3.7010631362506925
Saltmarsh_3_000000001	32400000.0	1	1	0.59133243009484	1.18266486018968	0.6365898814314765	1.273179762862953	1.0	0.788424551486969	127162560.52934848	122223851.05003111	122223851.05003111	0.06434886125471984	0.5467703939954357	2.9201074540407475	32400000.0	0.050767662	3.784459260436809
Saltmarsh_3_000000001	32486400.0	1	1	0.595952999250316	1.191905998500632	0.6410649369402338	1.2821298738804676	1.0	0.7943856120109558	129176982.42132069	124841806.0627489	124841806.0627489	0.06511824890521334	0.5590907814085312	2.985225702945961	32486400.0	0.049965184	3.8688525110179652
Saltmarsh_3_000000001	32572800.0	1	1	0.6005607731359446	1.2011215462718892	0.6455182500415269	1.2910365000830537	1.0	0.8002703189849854	131203602.55603358	127476519.56256704	127476519.56256704	0.06582412018511452	0.5715584776277207	3.051049823131075	32572800.0	0.049155898	3.9541605707778738
Saltmarsh_3_000000001	32659200.0	1	1	0.6051513070201897	1.2103026140403794	0.649945938036046	1.299891876072092	1.0	0.8060738444328308	133240319.14796495	130125139.8087626	130125139.8087626	0.06646437738756183	0.5841613216562511	3.1175142005186363	32659200.0	0.048340045	4.0402984038721526
Saltmarsh_3_000000001	32745600.0	1	1	0.6097202830311769	1.2194405660623537	0.6543442549460534	1.3086885098921068	1.0	0.8117918968200684	135285014.21847525	132784821.32632883	132784821.32632883	0.0670373557662648	0.5968867508653793	3.184551556284901	32745600.0	0.047517866	4.127178816945232
Saltmarsh_3_000000001	32832000.0	1	1	0.6142635228918619	1.2285270457837238	0.6587096005356624	1.3174192010713248	1.0	0.8174205422401428	137335567.1972819	135452712.78171167	135452712.78171167	0.06754168001851613	0.6097218838900422	3.2520932363034163	32832000.0	0.046689604	4.2147128342492275
Saltmarsh_3_000000001	32918400.0	1	1	0.6187769722322646	1.2375539444645292	0.6630385034252448	1.3260770068504897	1.0	0.8229557275772095	139389863.4704213	138125888.88433003	138125888.88433003	0.06797586837523095	0.6226535760464192	3.3200691046786472	32918400.0	0.045855507	4.302809559663527
Saltmarsh_3_000000001	33004800.0	1	1	0.6232567298016396	1.2465134596032792	0.6673276454773033	1.3346552909546066	1.0	0.8283940553665161	141445790.2921749	140801479.06854355	140801479.06854355	0.06833899639509278	0.6356683989476251	3.3884081010737397	33004800.0	0.045015818	4.391376898991567
Saltmarsh_3_000000001	33091200.0	1	1	0.627699053727625	1.25539810745525	0.6715738652111115	1.343147730422223	1.0	0.8337324261665344	143501253.14635897	143476627.64198828	143476627.64198828	0.06863039099892054	0.6487527472110208	3.45703849207266	33091200.0	0.04417079	4.480321885726167
Saltmarsh_3_000000001	33177600.0	1	1	0.6319116658451064	1.2638233316902128	0.6755939486809317	1.3511878973618634	1.0	0.83896803855896	145554182.11489096	146148503.93845865	145554182.11489096	0.06587802398984244	0.6618928865846124	3.5229165160625024	33177600.0	0.043320671	4.565699804817003
Saltmarsh_3_000000001	33264000.0	1	1	0.6358987686029595	1.271797537205919	0.6793926391893214	1.3587852783786427	1.0	0.8440982699394226	147514423.53190702	148738020.4311757	147514423.53190702	0.0630660664945698	0.6745060511649653	3.585982582557073	33264000.0	0.042465714	4.647433426993967
Saltmarsh_3_000000001	33350400.0	1	1	0.6396723086399189	1.2793446172798377	0.6829820352406754	1.3659640704813507	1.0	0.8491209149360657	149381806.91915068	151243056.06738225	149381806.91915068	0.060328202981178136	0.6865808316145753	3.64631078553825	33350400.0	0.041606172	4.725618778057573
Saltmarsh_3_000000001	33436800.0	1	1	0.6432436285203953	1.2864872570407906	0.6863736154159504	1.3727472308319009	1.0	0.854033887386322	151159985.4642525	153664885.70825416	151159985.4642525	0.0576685131762239	0.6981314141450387	3.703979298714474	33436800.0	0.040742299	4.8003571711339585
Saltmarsh_3_000000001	33523200.0	1	1	0.6466234923876956	1.2932469847753911	0.689578261356405	1.37915652271281	1.0	0.858835756778717	152852563.46556	156004955.8788401	152852563.46556	0.05509005124560984	0.7091727660821902	3.7590693499600834	33523200.0	0.039874351	4.871753877548268
Saltmarsh_3_000000001	33609600.0	1	1	0.6498221109232497	1.2996442218464994	0.692606282067781	1.385212564135562	1.0	0.8635252118110657	154463082.71970937	158264774.54271075	154463082.71970937	0.05259497408874936	0.7197204395097975	3.8116643240488326	33609600.0	0.039002587	4.939916963967287
Saltmarsh_3_000000001	33696000.0	1	1	0.6528491661720064	1.3056983323440128	0.695467438329632	1.390934876659264	1.0	0.8681012392044067	155995011.1961771	160445930.0372694	155995011.1961771	0.050184656504118186	0.7297903994767673	3.86184898055295	33696000.0	0.038127263	5.004956278796623
Saltmarsh_3_000000001	33782400.0	1	1	0.655713835645746	1.311427671291492	0.6981709673548687	1.3963419347097374	1.0	0.872562825679779	157451734.02205974	162550024.56168377	157451734.02205974	0.04785979585607758	0.7393988742542211	3.909708776409028	33782400.0	0.03724864	5.0669825742261
Saltmarsh_3_000000001	33868800.0	1	1	0.6584248164934644	1.3168496329869288	0.7007256065990534	1.4014512131981067	1.0	0.8769097328186035	158836546.2748204	164578808.2622843	158836546.2748204	0.045620505741766126	0.7485622256323359	3.9553292821507933	33868800.0	0.036366977	5.126106749667428
Saltmarsh_3_000000001	33955200.0	1	1	0.6609903483164088	1.3219806966328176	0.7031396178957863	1.4062792357915725	1.0	0.8811416625976562	160152647.75931865	166534016.47343034	160152647.75931865	0.04346640164572513	0.7572968371508682	3.998795683796519	33955200.0	0.035482537	5.182439206200288
Saltmarsh_3_000000001	34041600.0	1	1	0.66341823553762	1.32683647107524	0.7054208107168158	1.4108416214336317	1.0	0.8852586150169373	161403138.89578024	168417428.749403	161403138.89578024	0.041396675749578615	0.7656190187293226	4.040192359546096	34041600.0	0.034595581	5.236089297971741
Saltmarsh_3_000000001	34128000.0	1	1	0.665715868990338	1.331431737980676	0.7075765647998624	1.4151531295997248	1.0	0.8892608880996704	162591017.98284578	170230863.15389976	162591017.98284578	0.03941016429387034	0.7735449256203586	4.0796025238399665	34128000.0	0.033706371	5.287164870896596
Saltmarsh_3_000000001	34214400.0	1	1	0.6678902465851915	1.335780493170383	0.7096138521626223	1.4192277043252446	1.0	0.8931488990783691	163719179.51709777	171976137.05663309	163719179.51709777	0.037505407325031714	0.7810904902604572	4.117107931164998	34214400.0	0.032815173	5.3357718787898385
Saltmarsh_3_000000001	34300800.0	1	1	0.6699479933433885	1.339895986686777	0.7115392581491625	1.423078516298325	1.0	0.8969234824180603	164790413.35626456	173655120.02083978	164790413.35626456	0.035680701221437405	0.7882713655598854	4.152788632386436	34300800.0	0.031922248	5.382014067572821
Saltmarsh_3_000000001	34387200.0	1	1	0.6718953803247328	1.3437907606494657	0.7133590019385025	1.426718003877005	1.0	0.900585412979126	165807404.73643398	175269638.4042044	165807404.73643398	0.0339341454327452	0.7951028782494247	4.18672277781918	34387200.0	0.031027863	5.4259927200536575
Saltmarsh_3_000000001	34473600.0	1	1	0.6737383429427531	1.3474766858855063	0.7150789559834355	1.430157911966871	1.0	0.9041357636451721	166772734.79294488	176821541.18301725	166772734.79294488	0.03226368278879732	0.8015999911759271	4.2189864606079786	34473600.0	0.030132282	5.46780645294794
Saltmarsh_3_000000001	34560000.0	1	1	0.6754824985190293	1.3509649970380586	0.7167046645737766	1.4334093291475531	1.0	0.9075760245323181	167688881.71987647	178312721.5024052	167688881.71987647	0.030667135283873326	0.8077772733155091	4.249653595891853	34560000.0	0.029235771	5.507551060275841
Saltmarsh_3_000000001	34646400.0	1	1	0.6771331626378952	1.3542663252757905	0.7182413619381295	1.436482723876259	1.0	0.9109072685241699	168558222.39945406	179744951.081466	168558222.39945406	0.02914223535918603	0.8136488766380843	4.278795831251038	34646400.0	0.028338594	5.545319397301347
Saltmarsh_3_000000001	34732800.0	1	1	0.678695365256071	1.357390730512142	0.7196939889538705	1.439387977907741	1.0	0.9141312837600708	169383034.19458267	181120100.93176475	169383034.19458267	0.02768665201159448	0.8192285189613189	4.306482483262633	34732800.0	0.027441019	5.581201298308374
Saltmarsh_3_000000001	34819200.0	1	1	0.6801735608909273	1.3603471217818546	0.7210674806388406	1.4421349612776813	1.0	0.9165070056915283	170165497.30075592	182292247.52229938	170165497.30075592	0.026298014700355976	0.8245294718034236	4.33278049796299	34819200.0	0.026759841	5.615283525360034
Saltmarsh_3_000000001	34905600.0	1	1	0.6815719798487566	1.3631439596975132	0.7223664044358085	1.444732808871617	1.0	0.9180929660797119	170907543.97571486	183273126.00343204	170907543.97571486	0.024973167065385105	0.8295645528131892	4.357753665028374	34905600.0	0.026295262	5.647648749876773
Saltmarsh_3_000000001	34992000.0	1	1	0.6828949001484537	1.3657898002969073	0.7235947683270252	1.4471895366540504	1.0	0.9196506142616272	171611029.24037492	184215482.18110934	171611029.24037492	0.023709170886745956	0.8343459753151287	4.381462835915119	34992000.0	0.025830891	5.678375835345994
Saltmarsh_3_000000001	35078400.0	1	1	0.6841463757581229	1.3682927515162457	0.7247563724752972	1.4495127449505945	1.0	0.9211801290512085	172277864.29091066	185120889.3322195	172277864.29091066	0.02250393137943829	0.838885390075115	4.403966767294557	35078400.0	0.025366863	5.707540930413746
Saltmarsh_3_000000001	35164800.0	1	1	0.6853302474741438	1.3706604949482877	0.7258548189287968	1.4517096378575935	1.0	0.9226815104484558	172909876.92206752	185990824.4104698	172909876.92206752	0.021355337823880216	0.8431940467864574	4.425322105118438	35164800.0	0.024903317	5.735217448233495
Saltmarsh_3_000000001	35251200.0	1	1	0.6864501534028946	1.3729003068057892	0.7268935209975378	1.4537870419950756	1.0	0.9241546392440796	173508813.7368072	186826680.49500316	173508813.7368072	0.020261277665007627	0.8472827910190284	4.445583382783445	35251200.0	0.02444039	5.761476064087345
Saltmarsh_3_000000001	35337600.0	1	1	0.6875095391114452	1.3750190782228904	0.727875712236781	1.455751424473562	1.0	0.9255995750427246	174076342.50092697	187629828.02276474	174076342.50092697	0.019219648636797815	0.8511620638678371	4.464803031420243	35337600.0	0.023978219	5.786384728720636
Saltmarsh_3_000000001	35424000.0	1	1	0.6885116673187562	1.3770233346375125	0.7288044551685794	1.4576089103371588	1.0	0.9270164370536804	174614054.64174643	188401592.29632866	174614054.64174643	0.01822836928573701	0.8548419039229952	4.48303140070598	35424000.0	0.023516941	5.81000869531495
Saltmarsh_3_000000001	35510400.0	1	1	0.6894596271704045	1.378919254340809	0.7296826496878718	1.4593652993757436	1.0	0.9284054040908813	175123467.79447725	189143255.01817626	175123467.79447725	0.017285387717857592	0.8583319512545287	4.500316788423837	35510400.0	0.023056693	5.832410557797293
Saltmarsh_3_000000001	35596800.0	1	1	0.6903563430461072	1.3807126860922143	0.7305130412005171	1.4610260824010342	1.0	0.9297664761543274	175606028.38939336	189856007.22512415	175606028.38939336	0.016388688875046742	0.8616414530719201	4.516705477298883	35596800.0	0.022597612	5.853650298579353
Saltmarsh_3_000000001	35683200.0	1	1	0.6912045830586538	1.3824091661173077	0.7312982283435502	1.4625964566871004	1.0	0.9310998320579529	176063114.22808683	190541023.67289966	176063114.22808683	0.015536300363644395	0.8647792707767897	4.532241777662527	35683200.0	0.022139831	5.873785343850635
Saltmarsh_3_000000001	35769600.0	1	1	0.6920069671081089	1.3840139342162179	0.7320406704453867	1.4640813408907734	1.0	0.9324055910110474	176496037.10621458	191199415.9408882	176496037.10621458	0.014726297399539012	0.8677538881315339	4.546968075062065	35769600.0	0.02168349	5.892870625280436
Saltmarsh_3_000000001	35856000.0	1	1	0.6927659746111111	1.3855319492222222	0.7327426946160196	1.4654853892320392	1.0	0.9336840510368347	176906045.3924918	191832282.97049683	176906045.3924918	0.013956806587695936	0.870573420374763	4.560924881649761	35856000.0	0.021228721	5.910958646618091
Saltmarsh_3_000000001	35942400.0	1	1	0.6934839517914053	1.3869679035828106	0.7334065025989142	1.4668130051978283	1.0	0.9349353313446045	177294326.60603574	192440639.45660233	177294326.60603574	0.013226008969799419	0.8732456240603793	4.574150890619562	35942400.0	0.02077566	5.9280995542429515
Saltmarsh_3_000000001	36028800.0	1	1	0.6941631186673827	1.3883262373347653	0.7340341772605102	1.4680683545210205	1.0	0.936159610748291	177662009.91682544	193025466.3978967	177662009.91682544	0.012532142103968358	0.8757779074801588	4.5866830327235295	36028800.0	0.020324441	5.944341210409694
