plant	time	x	y	r_ag	h_ag	r_bg	h_bg	aboveground_resources	belowground_resources	res_ag	res_bg	res_eff	grow	maint	volume	age	salinity	transpiration
Saltmarsh_3_000000001	36028800.0	1	1	0.6949821110912526	1.3899642221825053	0.7348093623510721	1.4696187247021442	1.0	0.9373571872711182	178100440.246107	193682440.17195672	178100440.246107	0.011889651895618858	0.8786125493349162	4.602011929538079	36115200.0	0.019875199	5.96420746068135
