plant	time	x	y	r_ag	h_ag	r_bg	h_bg	aboveground_resources	belowground_resources	res_ag	res_bg	res_eff	grow	maint	volume	age	salinity	transpiration
Saltmarsh_3_000000001	27302400.0	1	1	0.0	0.0	0.45391942668546514	0.9078388533709303	1.0	0.6385889649391174	9342691.890857924	90288318.443192	9342691.890857924	-0.07807998937366507	0.12479344882795469	0.5876465328492079	27388800.0	0.067350109	0.7615899065725735
