plant	time	x	y	r_ag	h_ag	r_bg	h_bg	aboveground_resources	belowground_resources	res_ag	res_bg	res_eff	grow	maint	volume	age	salinity	transpiration
Saltmarsh_4_000000001	36201600.0	1	1	0.267916800855007	0.535833601710014	0.3168657448158059	0.6337314896316119	1.0	0.3373781442642212	26516832.04455157	13950503.592792796	13950503.592792796	1.5126788710517758e-15	0.06975251796396247	0.3207281289426883	36288000.0	0.105	0.41566365510972403
