plant	time	x	y	r_ag	h_ag	r_bg	h_bg	aboveground_resources	belowground_resources	res_ag	res_bg	res_eff	grow	maint	volume	age	salinity	transpiration
Saltmarsh_4_000000001	0.0	1	1	0.05	0.1	0.05	0.1	NaN	NaN	NaN	NaN	NaN	NaN	NaN	NaN	NaN	NaN	NaN
Saltmarsh_4_000000001	86400.0	1	1	0.05826652185643484	0.11653304371286968	0.06263884872161807	0.12527769744323614	1.0	0.3373781442642212	923552.841931713	311586.543940869	311586.543940869	0.001216333527471851	0.0003415991922324941	0.0027871298542667487	86400.0	0.105	0.003612120291129706
Saltmarsh_4_000000001	172800.0	1	1	0.06804424602161678	0.13608849204323356	0.07607146460892657	0.15214292921785313	1.0	0.3373781442642212	1254180.1671601401	512886.60908675875	512886.60908675875	0.001958319260582229	0.0006061137848515648	0.004745449114848979	172800.0	0.105	0.006150102052844277
Saltmarsh_4_000000001	259200.0	1	1	0.07859446679801164	0.1571889335960233	0.08974867816277991	0.17949735632555983	1.0	0.3373781442642212	1710427.0361785628	775821.5801177849	775821.5801177849	0.002847120776121655	0.0010319871244672697	0.007592569890970637	259200.0	0.105	0.009839970578697945
Saltmarsh_4_000000001	345600.0	1	1	0.08938995297979956	0.1787799059595991	0.10330267527693365	0.2066053505538673	1.0	0.3373781442642212	2281947.6877924823	1094603.618165504	1094603.618165504	0.0038218710277220045	0.0016511470631055153	0.011414440918692646	345600.0	0.105	0.014793115430625668
Saltmarsh_4_000000001	432000.0	1	1	0.100101560210711	0.200203120421422	0.1165046446420954	0.2330092892841908	1.0	0.3373781442642212	2951883.1231925697	1461229.3187276607	1461229.3187276607	0.004823861824379317	0.002482284769258987	0.016238302743071965	432000.0	0.105	0.021044840355021268
Saltmarsh_4_000000001	518400.0	1	1	0.11053354259251584	0.22106708518503168	0.12921783618399418	0.25843567236798837	1.0	0.3373781442642212	3701718.8758107945	1866942.5212012352	1866942.5212012352	0.005803388394433607	0.003531324211572569	0.02204169113750558	518400.0	0.105	0.02856603171420723
Saltmarsh_4_000000001	604800.0	1	1	0.12057275036203005	0.2411455007240601	0.14136442235627728	0.28272884471255455	1.0	0.3373781442642212	4513463.337643745	2303063.382350443	2303063.382350443	0.006721936790108241	0.004793380121643973	0.02876362792761383	604800.0	0.105	0.037277661794187525
Saltmarsh_4_000000001	691200.0	1	1	0.1301567218532044	0.2603134437064088	0.15290440324658738	0.30580880649317477	1.0	0.3373781442642212	5370566.2170949625	2761452.662167145	2761452.662167145	0.007552071661771058	0.006255191649064668	0.036315699589384895	691200.0	0.105	0.047065146667842825
Saltmarsh_4_000000001	777600.0	1	1	0.139254540728438	0.278509081456876	0.16382234539624152	0.32764469079248304	1.0	0.3373781442642212	6258279.340027675	3234750.9275978534	3234750.9275978534	0.00827622302712524	0.007897531610864027	0.04459192261651014	777600.0	0.105	0.057791131710997146
Saltmarsh_4_000000001	864000.0	1	1	0.1478552644175538	0.2957105288351076	0.17411891478438313	0.34823782956876626	1.0	0.3373781442642212	7163750.816364187	3716477.9613554114	3716477.9613554114	0.008885037905671736	0.00969735190110532	0.05347696052218189	864000.0	0.105	0.06930614083674773
Saltmarsh_4_000000001	950400.0	1	1	0.15596075668104997	0.31192151336209994	0.18380534823707995	0.3676106964741599	1.0	0.3373781442642212	8075981.677160487	4201047.241745537	4201047.241745537	0.009375665776321415	0.01162957043240627	0.06285262629850331	950400.0	0.105	0.0814570036828603
Saltmarsh_4_000000001	1036800.0	1	1	0.16358112342707629	0.32716224685415257	0.1928997638738863	0.3857995277477726	1.0	0.3373781442642212	8985710.192235542	4683730.736352619	4683730.736352619	0.009750168463779137	0.013668485217983958	0.07260279476228246	1036800.0	0.105	0.09409322201191807
Saltmarsh_4_000000001	1123200.0	1	1	0.17073173046154294	0.3414634609230859	0.2014246525412601	0.4028493050825202	1.0	0.3373781442642212	9885260.382384324	5160596.428568515	5160596.428568515	0.010014139489242724	0.015788842653599852	0.08261693425152522	1123200.0	0.105	0.10707154678997668
Saltmarsh_4_000000001	1209600.0	1	1	0.17743121195001194	0.35486242390002387	0.20940514707978175	0.4188102941595635	1.0	0.3373781442642212	10768376.329324357	5628432.690006683	5628432.690006683	0.010175557898675323	0.01796660555135809	0.09279249215020054	1209600.0	0.105	0.12025906982665989
Saltmarsh_4_000000001	1296000.0	1	1	0.18370011749699944	0.3674002349939989	0.21686781580888656	0.4337356316177731	1.0	0.3373781442642212	11630055.263803652	6084668.260125151	6084668.260125151	0.010243869383712224	0.020179471916913532	0.10303636153391277	1296000.0	0.105	0.13353512454795097
Saltmarsh_4_000000001	1382400.0	1	1	0.18955998176669248	0.37911996353338495	0.22383981648531132	0.44767963297062263	1.0	0.3373781442642212	12466387.108302245	6527293.150176775	6527293.150176775	0.0102292718517377	0.022407193899146173	0.11326563338565047	1382400.0	0.105	0.14679226086780303
Saltmarsh_4_000000001	1468800.0	1	1	0.19503268013836444	0.3900653602767289	0.2303483024375094	0.4606966048750188	1.0	0.3373781442642212	13274404.789692929	6954783.572587545	6954783.572587545	0.010142176489320375	0.024631741373617348	0.12340780987497088	1468800.0	0.105	0.15993652159796226
Saltmarsh_4_000000001	1555200.0	1	1	0.20013998180774734	0.40027996361549467	0.23642000767095242	0.47284001534190484	1.0	0.3373781442642212	14051947.486527115	7366032.57409277	7366032.57409277	0.009992814546325782	0.02683734832413807	0.1334006244212967	1555200.0	0.105	0.1728872092500005
Saltmarsh_4_000000001	1641600.0	1	1	0.2049032414252381	0.4098064828504762	0.24208096048828737	0.48416192097657473	1.0	0.3373781442642212	14797537.605098248	7760287.143318033	7760287.143318033	0.009790962004440077	0.029010473712150087	0.14319158642573676	1641600.0	0.105	0.18557629600775485
Saltmarsh_4_000000001	1728000.0	1	1	0.20934318923594147	0.41868637847188295	0.2473562902437696	0.4947125804875392	1.0	0.3373781442642212	15510271.419775484	8137091.992187589	8137091.992187589	0.009545757490836679	0.03113970247010127	0.15273734391657345	1728000.0	0.105	0.1979475977158792
Saltmarsh_4_000000001	1814400.0	1	1	0.21347979198440517	0.42695958396881034	0.252270102043948	0.504540204087896	1.0	0.3373781442642212	16189722.792870846	8496239.859692138	8496239.859692138	0.009265592401736161	0.03321560689672453	0.16200293631830964	1814400.0	0.105	0.20995580546852932
Saltmarsh_4_000000001	1900800.0	1	1	0.21733216503955674	0.4346643300791135	0.2568454012241358	0.5136908024482716	1.0	0.3373781442642212	16835859.09303929	8837727.980361408	8837727.980361408	0.008958055744187822	0.03523058415761922	0.17096099206249749	1900800.0	0.105	0.22156544571299674
Saltmarsh_4_000000001	1987200.0	1	1	0.2209185217640921	0.4418370435281842	0.2611040543417788	0.5222081086835576	1.0	0.3373781442642212	17448968.282402888	9161720.248281782	9161720.248281782	0.008629919450768055	0.037178681790640856	0.17959091151326562	1987200.0	0.105	0.23274982132119226
Saltmarsh_4_000000001	2073600.0	1	1	0.22425615000719087	0.44851230001438175	0.26506677691674435	0.5301335538334887	1.0	0.3373781442642212	18029596.089713052	9468514.557479078	9468514.557479078	0.008287152769699331	0.03905542001769606	0.18787806428296494	2073600.0	0.105	0.24348997131072256
Saltmarsh_4_000000001	2160000.0	1	1	0.22736140831157253	0.45472281662314507	0.2687531406601661	0.5375062813203322	1.0	0.3373781442642212	18578492.19509576	9758514.788793974	9758514.788793974	0.007934956758030617	0.04085761718593925	0.19581302104099557	2160000.0	0.105	0.25377367526913025
Saltmarsh_4_000000001	2246400.0	1	1	0.23024973636241503	0.46049947272483005	0.272181594763336	0.544363189526672	1.0	0.3373781442642212	19096564.397721257	10032206.92718404	10032206.92718404	0.007577811925760139	0.04258322271016006	0.20339083296675575	2246400.0	0.105	0.26359451952491547
Saltmarsh_4_000000001	2332800.0	1	1	0.23293567560663297	0.46587135121326595	0.2753694971656656	0.5507389943313312	1.0	0.3373781442642212	19584839.80523767	10290138.821772683	10290138.821772683	0.007219533732582599	0.04423116037628082	0.2106103666993384	2332800.0	0.105	0.2729510352423426
Saltmarsh_4_000000001	2419200.0	1	1	0.23543289699648431	0.47086579399296863	0.2783331527225945	0.556666305445189	1.0	0.3373781442642212	20044432.16239714	10532903.137324516	10532903.137324516	0.006863331972957493	0.04580118371366509	0.21747369867229588	2419200.0	0.105	0.28184591347929544
Saltmarsh_4_000000001	2505600.0	1	1	0.23775423356990802	0.47550846713981604	0.28108785594549746	0.5621757118909949	1.0	0.3373781442642212	20476514.51897918	10761123.085797466	10761123.085797466	0.006511871147161556	0.04729374428182578	0.2239855698194575	2505600.0	0.105	0.2902852984860169
Saltmarsh_4_000000001	2592000.0	1	1	0.23991171614606852	0.47982343229213703	0.28364793655303755	0.5672958731060751	1.0	0.3373781442642212	20882296.519352175	10975440.56737148	10975440.56737148	0.006167329750903762	0.04870987308595364	0.23015289957036128	2592000.0	0.105	0.29827815784318823
Saltmarsh_4_000000001	2678400.0	1	1	0.24191661084044716	0.4838332216808943	0.2860268065047379	0.5720536130094758	1.0	0.3373781442642212	21263005.674983904	11176506.390089726	11176506.390089726	0.005831457064361646	0.05005107488608698	0.23598435663472295	2678400.0	0.105	0.30583572619860094
Saltmarsh_4_000000001	2764800.0	1	1	0.24377945742639354	0.4875589148527871	0.2882370075172084	0.5764740150344168	1.0	0.3373781442642212	21619872.05525008	11364972.274887208	11364972.274887208	0.005505626518310804	0.05131923485612524	0.24148998315303372	2764800.0	0.105	0.3129710181663317
Saltmarsh_4_000000001	2851200.0	1	1	0.24551010781578303	0.49102021563156606	0.29029025831654376	0.5805805166330875	1.0	0.3373781442642212	21954115.900117893	11541484.387717068	11541484.387717068	0.005190885090274877	0.052516536848310466	0.2466808682433086	2851200.0	0.105	0.31969840524332793
Saltmarsh_4_000000001	2937600.0	1	1	0.2471177641194926	0.4942355282389852	0.2921975010753696	0.5843950021507393	1.0	0.3373781442642212	22266937.720348183	11706678.172432525	11706678.172432525	0.004887998462332191	0.05364539239983043	0.2515688667056408	2937600.0	0.105	0.3260332512505105
Saltmarsh_4_000000001	3024000.0	1	1	0.24861101589285126	0.4972220317857025	0.29396894663356177	0.5879378932671235	1.0	0.3373781442642212	22559510.506757982	11861174.286968023	11861174.286968023	0.004597491875004446	0.054708379559835665	0.2561663585806453	3024000.0	0.105	0.3319916007205163
Saltmarsh_4_000000001	3110400.0	1	1	0.24999787628243034	0.4999957525648607	0.29561411821808004	0.5912282364361601	1.0	0.3373781442642212	22832973.72002883	12005575.471249323	12005575.471249323	0.004319686755343978	0.05570819060090264	0.2604860453359893	3110400.0	0.105	0.3375899147554421
Saltmarsh_4_000000001	3196800.0	1	1	0.25128581687626755	0.5025716337525351	0.29714189346739256	0.5942837869347851	1.0	0.3373781442642212	23088428.776879597	12140464.198294796	12140464.198294796	0.004054733295510787	0.056647587695963196	0.26454077863150016	3196800.0	0.105	0.34284484910642427
Saltmarsh_4_000000001	3283200.0	1	1	0.2524818011257014	0.5049636022514028	0.2985605446355217	0.5971210892710433	1.0	0.3373781442642212	23326935.787564427	12266400.980343172	12266400.980343172	0.003802639221657876	0.05752936568005799	0.2683434178531581	3283200.0	0.105	0.3477730695376928
Saltmarsh_4_000000001	3369600.0	1	1	0.25359231625785567	0.5071846325157113	0.2998777769043344	0.5997555538086689	1.0	0.3373781442642212	23549511.334055584	12383923.219774546	12383923.219774546	0.0035632950304478606	0.05835632106842487	0.2719067128836059	3369600.0	0.105	0.3523910998971533
Saltmarsh_4_000000001	3456000.0	1	1	0.254623403636837	0.509246807273674	0.3011007647738066	0.6022015295476132	1.0	0.3373781442642212	23757127.10838335	12493544.510307305	12493544.510307305	0.003336495988794201	0.05913122656274232	0.2752432088724001	3456000.0	0.105	0.35671519869863055
Saltmarsh_4_000000001	3542400.0	1	1	0.2555806875614903	0.5111613751229807	0.30223618653130646	0.6044723730626129	1.0	0.3373781442642212	23950709.256872453	12595754.307676474	12595754.307676474	0.0031219611967521627	0.05985681034163021	0.2783651700691523	3542400.0	0.105	0.36076126040962136
Saltmarsh_4_000000001	3628800.0	1	1	0.2564694025101073	0.5129388050202146	0.3032902568245702	0.6065805136491405	1.0	0.3373781442642212	24131138.298857126	12691017.900942478	12691017.900942478	0.002919350007977918	0.06053573949673447	0.28128452007713023	3628800.0	0.105	0.3645447380199608
Saltmarsh_4_000000001	3715200.0	1	1	0.25729441885936116	0.5145888377187223	0.3042687573806178	0.6085375147612356	1.0	0.3373781442642212	24299249.50826437	12779776.625942929	12779776.625942929	0.0027282760899652245	0.06117060703974942	0.28401279616709546	3715200.0	0.105	0.3680805838325557
Saltmarsh_4_000000001	3801600.0	1	1	0.2580602671171706	0.5161205342343412	0.3051770659256751	0.6103541318513502	1.0	0.3373781442642212	24455833.663585987	12862448.271368545	12862448.271368545	0.0025483193897398795	0.06176392196710285	0.28656111555683533	3801600.0	0.105	0.37138320576165856
Saltmarsh_4_000000001	3888000.0	1	1	0.2587711607181303	0.5175423214362606	0.30602018337024217	0.6120403667404843	1.0	0.3373781442642212	24601638.08653947	12939427.635685323	12939427.635685323	0.002379036251620309	0.06231810192680631	0.2889401518084556	3888000.0	0.105	0.37446643674375846
Saltmarsh_4_000000001	3974400.0	1	1	0.2594310174363398	0.5188620348726796	0.30680275932958273	0.6136055186591655	1.0	0.3373781442642212	24737367.90243827	13011087.199790226	13011087.199790226	0.0022199679133484557	0.06283546808560268	0.2911601197218041	3974400.0	0.105	0.3773435151594582
Saltmarsh_4_000000001	4060800.0	1	1	0.2600434794745132	0.5200869589490263	0.30752911605374456	0.6150582321074891	1.0	0.3373781442642212	24863687.46621502	13077777.886013335	13077777.886013335	0.002070647586309593	0.06331824184375708	0.2932307673081137	4060800.0	0.105	0.38002707443131534
Saltmarsh_4_000000001	4147200.0	1	1	0.260611932290626	0.521223864581252	0.30820327084326055	0.6164065416865211	1.0	0.3373781442642212	24981221.90739963	13139829.87898566	13139829.87898566	0.0019306063053535771	0.06376854308957472	0.2951613736134674	4147200.0	0.105	0.3825291402030538
Saltmarsh_4_000000001	4233600.0	1	1	0.2611395222244353	0.5222790444488706	0.3088289570273296	0.6176579140546592	1.0	0.3373781442642212	25090558.755353324	13197553.488087177	13197553.488087177	0.001799377714363462	0.06418838972607242	0.2969607513278308	4233600.0	0.105	0.3848611337208687
Saltmarsh_4_000000001	4320000.0	1	1	0.26162917298627975	0.5232583459725595	0.30940964358085743	0.6188192871617149	1.0	0.3373781442642212	25192249.612881195	13251240.03476723	13251240.03476723	0.0016765019354743615	0.06457969823836178	0.29863725326330515	4320000.0	0.105	0.3870338802292435
Saltmarsh_4_000000001	4406400.0	1	1	0.26208360106987816	0.5241672021397563	0.3099485534555056	0.6198971069110112	1.0	0.3373781442642212	25286811.852148402	13301162.751073955	13301162.751073955	0.0015615286529027106	0.06494428510246707	0.30019878191620786	4406400.0	0.105	0.3890576213634054
Saltmarsh_4_000000001	4492800.0	1	1	0.262505330149577	0.525010660299154	0.31044868069805703	0.6208973613961141	1.0	0.3373781442642212	25374730.311749212	13347577.678312443	13347577.678312443	0.001454019526782785	0.06528386886477944	0.3016528014429907	4492800.0	0.105	0.39094203067011596
Saltmarsh_4_000000001	4579200.0	1	1	0.26289670452080216	0.5257934090416043	0.31091280642712277	0.6218256128542455	1.0	0.3373781442642212	25456458.97794413	13390724.5569376	13390724.5569376	0.0013535500382425292	0.06560007274644547	0.3030063514812333	4579200.0	0.105	0.39269623151967836
Saltmarsh_4_000000001	4665600.0	1	1	0.2632599016404697	0.5265198032809394	0.3113435137366143	0.6226870274732286	1.0	0.3373781442642212	25532422.63659571	13430827.700632025	13430827.700632025	0.0012597108541581026	0.06589442764900202	0.3042660623353914	4665600.0	0.105	0.3943288167866672
Saltmarsh_4_000000001	4752000.0	1	1	0.26359694382189575	0.5271938876437915	0.3117432015915939	0.6234864031831878	1.0	0.3373781442642212	25603018.485289473	13468096.849070475	13468096.849070475	0.0011721087885496057	0.06616837545680276	0.30543817112394106	4752000.0	0.105	0.3958478697766276
Saltmarsh_4_000000001	4838400.0	1	1	0.2639097091363935	0.527819418272787	0.3121140977791734	0.6242281955583469	1.0	0.3373781442642212	25668617.69760364	13502727.995172158	13502727.995172158	0.0010903674273426839	0.06642327254851811	0.3065285385512838	4838400.0	0.105	0.39726098596246384
Saltmarsh_4_000000001	4924800.0	1	1	0.2641999415713148	0.5283998831426296	0.31245827097412116	0.6249165419482423	1.0	0.3373781442642212	25729566.933558628	13534904.18372699	13534904.18372699	0.0010141274741335138	0.06666039344450143	0.30754266602541735	4924800.0	0.105	0.39857529516894086
Saltmarsh_4_000000001	5011200.0	1	1	0.2644692604918305	0.528938520983661	0.31277764197581104	0.6255552839516221	1.0	0.3373781442642212	25786189.791995272	13564796.279183168	13564796.279183168	0.0009430468665675568	0.06688093452934829	0.308485712891985	5011200.0	0.105	0.39979748390801256
Saltmarsh_4_000000001	5097600.0	1	1	0.2647191694512841	0.5294383389025682	0.31307399417014287	0.6261479883402857	1.0	0.3373781442642212	25838788.20205029	13592563.701128012	13592563.701128012	0.0008768007058755495	0.06708601779976452	0.30936251359786054	5097600.0	0.105	0.4009338176228273
Saltmarsh_4_000000001	5184000.0	1	1	0.2649510643925249	0.5299021287850498	0.31334898326710964	0.6266979665342193	1.0	0.3373781442642212	25887643.752064258	13618355.126606243	13618355.126606243	0.0008150810359207894	0.06727669459711043	0.3101775946337814	5184000.0	0.105	0.4019901626453807
Saltmarsh_4_000000001	5270400.0	1	1	0.26516624128024985	0.5303324825604997	0.31360414636180844	0.6272082927236169	1.0	0.3373781442642212	25933018.955208965	13642309.15891845	13642309.15891845	0.0007575965026973552	0.0674539492918949	0.31093519113647883	5270400.0	0.105	0.40297200771287656
Saltmarsh_4_000000001	5356800.0	1	1	0.2653659032020751	0.5307318064041502	0.3138409103639033	0.6276818207278066	1.0	0.3373781442642212	25975158.451890744	13664554.96294631	13664554.96294631	0.0007040719205108625	0.06761870289422069	0.3116392630569897	5356800.0	0.105	0.40388448492185863
Saltmarsh_4_000000001	5443200.0	1	1	0.2655511669738292	0.5311023339476584	0.31406059983786094	0.6281211996757219	1.0	0.3373781442642212	26014290.149602797	13685212.867373908	13685212.867373908	0.0006542477669816554	0.06777181656988789	0.3122935108239714	5443200.0	0.105	0.40473239002786693
Saltmarsh_4_000000001	5529600.0	1	1	0.2657230692824159	0.5314461385648318	0.31426444429370276	0.6285288885874055	1.0	0.3373781442642212	26050626.30138653	13704394.93442953	13704394.93442953	0.0006078796254715829	0.06791409504667607	0.31290139044944293	5529600.0	0.105	0.405520202022478
Saltmarsh_4_000000001	5616000.0	1	1	0.2658825723975456	0.5317651447950912	0.3144535849655574	0.6289071699311148	1.0	0.3373781442642212	26084364.52444049	13722205.497970555	13722205.497970555	0.0005647375904809515	0.06804628989937182	0.3134661280399239	5616000.0	0.105	0.4062521019397414
Saltmarsh_4_000000001	5702400.0	1	1	0.2660305694816779	0.5320611389633558	0.31462908111294957	0.6292581622258991	1.0	0.3373781442642212	26115688.76070351	13738741.670884373	13738741.670884373	0.0005246056489332518	0.06816910270548861	0.31399073368885716	5702400.0	0.105	0.4069319908607589
Saltmarsh_4_000000001	5788800.0	1	1	0.2661678895256589	0.5323357790513178	0.31479191587753785	0.6295838317550757	1.0	0.3373781442642212	26144770.181451164	13754093.822889265	13754093.822889265	0.00048728104801097627	0.06828318806643535	0.31447801473686815	5788800.0	0.105	0.40756350709898115
Saltmarsh_4_000000001	5875200.0	1	1	0.266295301935773	0.532590603871546	0.31494300172590395	0.6298860034518079	1.0	0.3373781442642212	26171768.038094148	13768346.029897215	13768346.029897215	0.00045257365827704177	0.06838915649120904	0.3149305883951452	5875200.0	0.105	0.40815004256010823
Saltmarsh_4_000000001	5961600.0	1	1	0.2664135207962621	0.5328270415925243	0.3150831855070014	0.6301663710140027	1.0	0.3373781442642212	26196830.46146564	13781576.496151276	13781576.496151276	0.0004203053391702155	0.06848757714158617	0.3153508937343155	5961600.0	0.105	0.40869475827967294
Saltmarsh_4_000000001	6048000.0	1	1	0.2665232088297876	0.5330464176595752	0.31521325315099086	0.6304265063019817	1.0	0.3373781442642212	26220095.21194038	13793857.950379016	13793857.950379016	0.0003903093125659507	0.06857898043932913	0.3157412030468815	6048000.0	0.105	0.4092005991487585
Saltmarsh_4_000000001	6134400.0	1	1	0.26662498107682636	0.5332499621536527	0.31533393403441795	0.6306678680688359	1.0	0.3373781442642212	26241690.382749453	13805258.01721399	13805258.01721399	0.0003624295489082774	0.06866386053716168	0.31610363259578983	6134400.0	0.105	0.40967030784414366
Saltmarsh_4_000000001	6220800.0	1	1	0.2667194083135948	0.5334388166271896	0.31544590503501985	0.6308918100700397	1.0	0.3373781442642212	26261735.058848433	13815839.56513335	13815839.56513335	0.0003365201694194436	0.06874267765624731	0.3164401527652093	6220800.0	0.105	0.41010643798371127
Saltmarsh_4_000000001	6307200.0	1	1	0.26680702022677877	0.5336140404535575	0.3155497942978834	0.6310995885957668	1.0	0.3373781442642212	26280339.933667783	13825661.032143844	13825661.032143844	0.00031244486705245267	0.06881586029366676	0.3167525976322618	6307200.0	0.105	0.41051136653141135
Saltmarsh_4_000000001	6393600.0	1	1	0.26688830836211497	0.5337766167242299	0.31564618473320566	0.6312923694664113	1.0	0.3373781442642212	26297607.88602828	13834776.7304239	13834776.7304239	0.0002900763481486768	0.06888380730397083	0.3170426739804105	6393600.0	0.105	0.4108873054786121
Saltmarsh_4_000000001	6480000.0	1	1	0.26696372886271247	0.5339274577254249	0.3157356172645312	0.6314712345290624	1.0	0.3373781442642212	26313634.519444603	13843237.131097531	13843237.131097531	0.0002692957961765441	0.0689468898593111	0.3173119697765871	6480000.0	0.105	0.41123631283045686
Saltmarsh_4_000000001	6566400.0	1	1	0.2670337050119176	0.5340674100238352	0.3158185938450487	0.6316371876900974	1.0	0.3373781442642212	26328508.665970165	13851089.130278513	13851089.130278513	0.0002499923584418917	0.06900545329295067	0.317561962135029	6566400.0	0.105	0.41156030292699763
Saltmarsh_4_000000001	6652800.0	1	1	0.2670986295945113	0.5341972591890226	0.3158955802583229	0.6317911605166457	1.0	0.3373781442642212	26342312.856659207	13858376.29748234	13858376.29748234	0.0002320626562614947	0.0690598188311502	0.3177940247912905	6652800.0	0.105	0.41186105612951246
Saltmarsh_4_000000001	6739200.0	1	1	0.26715886708907916	0.5343177341781583	0.31596700871870814	0.6319340174374163	1.0	0.3373781442642212	26355123.760639053	13865139.107459426	13865139.107459426	0.00021541031876493033	0.0691102852185322	0.3180094351100554	6739200.0	0.105	0.4121402279026319
Saltmarsh_4_000000001	6825600.0	1	1	0.2672147557035054	0.5344295114070108	0.31603328028563377	0.6320665605712675	1.0	0.3373781442642212	26367012.59469998	13871415.156457594	13871415.156457594	0.0001999455402263567	0.06915713024206162	0.3182093806502818	6825600.0	0.105	0.4123993573227652
Saltmarsh_4_000000001	6912000.0	1	1	0.26726660926471446	0.5345332185294289	0.31609476710496653	0.6321895342099331	1.0	0.3373781442642212	26378045.505221967	13877239.363875275	13877239.363875275	0.0001855846606163697	0.06920061215876001	0.3183949653108982	6912000.0	0.105	0.4126398750429241
Saltmarsh_4_000000001	6998400.0	1	1	0.26731471897300924	0.5346294379460185	0.31615181448973556	0.6323036289794711	1.0	0.3373781442642212	26388283.924169477	13882644.160220165	13882644.160220165	0.0001722497688981528	0.06924097103220267	0.31856721507979646	6998400.0	0.105	0.41286311074341625
Saltmarsh_4_000000001	7084800.0	1	1	0.267359355030632	0.534718710061264	0.31620474285164557	0.6324094857032911	1.0	0.3373781442642212	26397784.90079731	13887659.662241371	13887659.662241371	0.00015986832846161259	0.06927842998274525	0.3187270834082581	7084800.0	0.105	0.41307030009710255
Saltmarsh_4_000000001	7171200.0	1	1	0.2674007681535022	0.5348015363070044	0.316253849494005	0.63250769898801	1.0	0.3373781442642212	26406601.410623774	13892313.836057363	13892313.836057363	0.00014837282399300655	0.06931319635629381	0.3188754562322513	7171200.0	0.105	0.4132625912769976
Saltmarsh_4_000000001	7257600.0	1	1	0.26743919097445473	0.5348783819489095	0.31629941027594843	0.6325988205518969	1.0	0.3373781442642212	26414782.64314294	13896632.649056992	13896632.649056992	0.000137700429004739	0.06934546281628022	0.319013156661256	7257600.0	0.105	0.4134410510329878
Saltmarsh_4_000000001	7344000.0	1	1	0.2674748393457193	0.5349496786914386	0.3163416811571387	0.6326833623142774	1.0	0.3373781442642212	26422374.269664384	13900640.211307205	13900640.211307205	0.0001277926932006651	0.06937540836333536	0.3191409493544567	7344000.0	0.105	0.4136066703633759
Saltmarsh_4_000000001	7430400.0	1	1	0.2675079135478345	0.535015827095669	0.3163808996314839	0.6327617992629678	1.0	0.3373781442642212	26429418.69258978	13904358.907158872	13904358.907158872	0.00011859524881989436	0.06940319928697447	0.31925954460327655	7430400.0	0.105	0.4137603698058464
Saltmarsh_4_000000001	7516800.0	1	1	0.2675385994116829	0.5350771988233658	0.3164172860578052	0.6328345721156104	1.0	0.3373781442642212	26435955.277357925	13907809.517701393	13907809.517701393	0.00011005753508594451	0.06942899005342103	0.31936960213836246	7516800.0	0.105	0.4139030043713178
Saltmarsh_4_000000001	7603200.0	1	1	0.2675670693598611	0.5351341387197222	0.31645104489482573	0.6329020897896515	1.0	0.3373781442642212	26442020.568216715	13911011.334677773	13911011.334677773	0.00010213253988174131	0.06945292413350712	0.31947173467824425	7603200.0	0.105	0.41403536814300457
Saltmarsh_4_000000001	7689600.0	1	1	0.26759348337315714	0.5351869667463143	0.31648236584733147	0.6329647316946629	1.0	0.3373781442642212	26447648.488909133	13913982.266434442	13913982.266434442	9.477655777605232e-05	0.06947513477439617	0.3195665112360203	7689600.0	0.105	0.41415819856188235
Saltmarsh_4_000000001	7776000.0	1	1	0.2676179898875005	0.535235979775001	0.3165114249298676	0.6330228498597352	1.0	0.3373781442642212	26452870.529293746	13916738.936444657	13916738.936444657	8.794896353941928e-05	0.06949574571868386	0.31965446019955973	7776000.0	0.105	0.4142721804186294
Saltmarsh_4_000000001	7862400.0	1	1	0.26764072662636584	0.5352814532527317	0.31653838545388135	0.6330767709077627	1.0	0.3373781442642212	26457715.918855704	13919296.774910334	13919296.774910334	8.161200030565308e-05	0.06951487187424601	0.31973607219986544	7862400.0	0.105	0.41437794957102564
Saltmarsh_4_000000001	7948800.0	1	1	0.26766182137325994	0.5353236427465199	0.3165633989438016	0.6331267978876032	1.0	0.3373781442642212	26462211.788003653	13921670.103915216	13921670.103915216	7.573058155799228e-05	0.0695326199380181	0.3198118027814235	7948800.0	0.105	0.41447609640472494
Saltmarsh_4_000000001	8035200.0	1	1	0.2676813926885902	0.5353627853771804	0.31658660598715577	0.6331732119743115	1.0	0.3373781442642212	26466383.317990422	13923872.216571754	13923872.216571754	7.027210614593549e-05	0.06954908897671283	0.3198820748875695	8035200.0	0.105	0.4145671690542901
Saltmarsh_4_000000001	8121600.0	1	1	0.26769955057490735	0.5353991011498147	0.3166081370234589	0.6332162740469178	1.0	0.3373781442642212	26470253.880241074	13925915.450575514	13925915.450575514	6.52062855676927e-05	0.06956437096730987	0.3199472811731371	8121600.0	0.105	0.41465167640038564
Saltmarsh_4_000000001	8208000.0	1	1	0.2677163970942293	0.5354327941884586	0.3166281130762731	0.6332562261525462	1.0	0.3373781442642212	26473845.16582056	13927811.2565537	13927811.2565537	6.05049827837878e-05	0.06957855129998472	0.3200077861559209	8208000.0	0.105	0.41473009085807355
Saltmarsh_4_000000001	8294400.0	1	1	0.26773202694088927	0.5354640538817785	0.3166466464325206	0.6332932928650412	1.0	0.3373781442642212	26477177.305724807	13929570.261569018	13929570.261569018	5.6142061860359194e-05	0.06959170924598473	0.3200639282177813	8294400.0	0.105	0.41480285097024455
Saltmarsh_4_000000001	8380800.0	1	1	0.26774652797310494	0.5354930559462099	0.31666384127284275	0.6333276825456855	1.0	0.3373781442642212	26480268.982633848	13931202.328115797	13931202.328115797	5.2093247771944906e-05	0.06960391839280704	0.3201160214655533	8380800.0	0.105	0.4148703638193571
Saltmarsh_4_000000001	8467200.0	1	1	0.26775998170623594	0.5355199634124719	0.31667979425652426	0.6333595885130485	1.0	0.3373781442642212	26483137.534722622	13932716.608923178	13932716.608923178	4.833599572777458e-05	0.06961524704888812	0.320164357461281	8467200.0	0.105	0.41493300726982024
Saltmarsh_4_000000001	8553600.0	1	1	0.26777246377048575	0.5355449275409715	0.31669459506425174	0.6333891901285035	1.0	0.3373781442642212	26485799.052085124	13934121.597858531	13934121.597858531	4.484936941683004e-05	0.06962575861987583	0.320209206830698	8553600.0	0.105	0.41499113205258464
Saltmarsh_4_000000001	8640000.0	1	1	0.2677840443356059	0.5355680886712118	0.31670832690174	0.63341665380348	1.0	0.3373781442642212	26488268.466289867	13935425.177204723	13935425.177204723	4.161392759990945e-05	0.0696355119584237	0.3202508207582979	8640000.0	0.105	0.4150450637027541
Saltmarsh_4_000000001	8726400.0	1	1	0.2677947885049771	0.5355895770099542	0.31672106696704294	0.6334421339340859	1.0	0.3373781442642212	26490559.63354943	13936634.661565999	13936634.661565999	3.8611618507863876e-05	0.06964456168932213	0.32028943237680585	8726400.0	0.105	0.41509510436034036
Saltmarsh_4_000000001	8812800.0	1	1	0.26780475668127207	0.5356095133625441	0.31673288688416334	0.6334657737683267	1.0	0.3373781442642212	26492685.41195393	13937756.838640066	13937756.838640066	3.582568153520649e-05	0.06965295851166513	0.320325258058341	8812800.0	0.105	0.4151415344436099
Saltmarsh_4_000000001	8899200.0	1	1	0.26781400490574553	0.5356280098114911	0.31674385310538866	0.6334877062107773	1.0	0.3373781442642212	26494657.733186964	13938798.00707742	13938798.00707742	3.324055574935314e-05	0.06966074947963775	0.3203584986140904	8899200.0	0.105	0.41518461420386116
Saltmarsh_4_000000001	8985600.0	1	1	0.26782258517305174	0.5356451703461035	0.3167540272846049	0.6335080545692098	1.0	0.3373781442642212	26496487.66911448	13939764.01163385	13939764.01163385	3.084179476135762e-05	0.0696679782634079	0.3203893404088518	8985600.0	0.105	0.41522458516987193
Saltmarsh_4_000000001	9072000.0	1	1	0.26783054572335185	0.5356610914467037	0.3167634666236796	0.6335269332473592	1.0	0.3373781442642212	26498185.493609104	13940660.27580775	13940660.27580775	2.861598753423067e-05	0.06967468539150452	0.32041795639638604	9072000.0	0.105	0.41526167148971627
Saltmarsh_4_000000001	9158400.0	1	1	0.2678379313133474	0.5356758626266948	0.3167722241938549	0.6335444483877098	1.0	0.3373781442642212	26499760.739948075	13941491.832140611	13941491.832140611	2.6550684728662843e-05	0.0696809084759744	0.3204445070811147	9158400.0	0.105	0.4152960811771247
Saltmarsh_4_000000001	9244800.0	1	1	0.26784478346775853	0.5356895669355171	0.3167803492339509	0.6335606984679018	1.0	0.3373781442642212	26501222.254098933	13942263.350346604	13942263.350346604	2.463433021149264e-05	0.06968668242152153	0.3204691414113262	9244800.0	0.105	0.41532800726907876
Saltmarsh_4_000000001	9331200.0	1	1	0.26785114071265703	0.5357022814253141	0.31678788742705094	0.6335757748541019	1.0	0.3373781442642212	26502578.24418527	13942979.1634256	13942979.1634256	2.285619737658895e-05	0.06969203961975141	0.32049199760870284	9331200.0	0.105	0.4153576289008789
Saltmarsh_4_000000001	9417600.0	1	1	0.267857038791961	0.535714077583922	0.31679488115722093	0.6335897623144419	1.0	0.3373781442642212	26503836.326404523	13943643.291903129	13943643.291903129	2.120632994816185e-05	0.06969701012956749	0.320513203938651	9417600.0	0.105	0.41538511230449177
Saltmarsh_4_000000001	9504000.0	1	1	0.26786251086830637	0.5357250217366127	0.316801369747701	0.633602739495402	1.0	0.3373781442642212	26505003.567650527	13944259.466330778	13944259.466330778	1.9675486960163413e-05	0.06970162184469372	0.3205328794256112	9504000.0	0.105	0.41541061173559213
Saltmarsh_4_000000001	9590400.0	1	1	0.26786758770942104	0.5357351754188421	0.3168073896819065	0.633614779363813	1.0	0.3373781442642212	26506086.525075886	13944831.148171136	13944831.148171136	1.8255091623314845e-05	0.06970590064923236	0.32055113451723455	9590400.0	0.105	0.415434270334336
Saltmarsh_4_000000001	9676800.0	1	1	0.26787229786104755	0.5357445957220951	0.31681297480847764	0.6336259496169553	1.0	0.3373781442642212	26507091.282812685	13945361.54918251	13945361.54918251	1.6937183810974976e-05	0.06970987056210158	0.3205680717010455	9676800.0	0.105	0.41545622092455503
Saltmarsh_4_000000001	9763200.0	1	1	0.26787666780738395	0.5357533356147679	0.31681815653152845	0.6336363130630569	1.0	0.3373781442642212	26508023.48605446	13945853.649410713	13945853.649410713	1.5714375913244982e-05	0.06971355387114032	0.3205837860769589	9763200.0	0.105	0.41547658675573873
Saltmarsh_4_000000001	9849600.0	1	1	0.26788072211994385	0.5357614442398877	0.3168229639871627	0.6336459279743254	1.0	0.3373781442642212	26508888.372688223	13946310.213887522	13946310.213887522	1.4579811824649846e-05	0.06971697125761296	0.3205983658887836	9849600.0	0.105	0.41549548219186355
Saltmarsh_4_000000001	9936000.0	1	1	0.2678844835956706	0.5357689671913411	0.31682742420724747	0.6336548484144949	1.0	0.3373781442642212	26509690.80265181	13946733.808128241	13946733.808128241	1.3527128846502201e-05	0.06972014191179471	0.3206118930176301	9936000.0	0.105	0.4155130133508486
Saltmarsh_4_000000001	10022400.0	1	1	0.267887973385081	0.535775946770162	0.31683156227136383	0.6336631245427277	1.0	0.3373781442642212	26510435.285179492	13947126.812514586	13947126.812514586	1.255042230054182e-05	0.0697230836402724	0.3206244434399307	10022400.0	0.105	0.41552927869815015
Saltmarsh_4_000000001	10108800.0	1	1	0.2678912111111582	0.5357824222223164	0.3168354014477874	0.6336708028955748	1.0	0.3373781442642212	26511126.004087098	13947491.435642537	13947491.435642537	1.1644212663086684e-05	0.0697258129655496	0.32063608765259377	10108800.0	0.105	0.4155443695977616
Saltmarsh_4_000000001	10195200.0	1	1	0.2678942149796606	0.5357884299593212	0.3168389633242907	0.6336779266485814	1.0	0.3373781442642212	26511766.841237232	13947829.726709511	13947829.726709511	1.0803415043170173e-05	0.06972834521850439	0.32064689106763705	10195200.0	0.105	0.41555837082365765
Saltmarsh_4_000000001	10281600.0	1	1	0.267897001881467	0.535794003762934	0.31684226792950154	0.6336845358590031	1.0	0.3373781442642212	26512361.39831521	13948143.587009735	13948143.587009735	1.0023310838935817e-05	0.06973069462420975	0.32065691437847593	10281600.0	0.105	0.41557136103450476
Saltmarsh_4_000000001	10368000.0	1	1	0.26789958748753234	0.5357991749750647	0.3168453338454996	0.6336906676909992	1.0	0.3373781442642212	26512913.01703682	13948434.780601796	13948434.780601796	9.299521419064982e-06	0.06973287438158991	0.320666213899895	10368000.0	0.105	0.41558341321426395
Saltmarsh_4_000000001	10454400.0	1	1	0.26790198633698736	0.5358039726739747	0.3168481783122827	0.6336963566245654	1.0	0.3373781442642212	26513424.797900666	13948704.944207886	13948704.944207886	8.627983685935425e-06	0.0697348967373535	0.3206748418835811	10454400.0	0.105	0.41559459508112107
Saltmarsh_4_000000001	10540800.0	1	1	0.2679042119188768	0.5358084238377536	0.31685081732468984	0.6337016346493797	1.0	0.3373781442642212	26513899.617589474	13948955.59639984	13948955.59639984	8.004927387075811e-06	0.06973677305461212	0.32068284681096826	10540800.0	0.105	0.41560496946701486
Saltmarsh_4_000000001	10627200.0	1	1	0.267906276747996	0.535812553495992	0.31685326572232647	0.6337065314446529	1.0	0.3373781442642212	26514340.14511763	13949188.146123271	13949188.146123271	7.426854051265086e-06	0.0697385138765651	0.32069027366501957	10627200.0	0.105	0.41561459466986533
Saltmarsh_4_000000001	10713600.0	1	1	0.26790819243525105	0.5358163848705021	0.3168555372729956	0.6337110745459912	1.0	0.3373781442642212	26514748.856814954	13949403.900607426	13949403.900607426	6.890517433716381e-06	0.06974012898560342	0.3206971641824533	10713600.0	0.105	0.41562352478045955
Saltmarsh_4_000000001	10800000.0	1	1	0.26790996975293846	0.5358199395058769	0.3168576447501047	0.6337152895002094	1.0	0.3373781442642212	26515128.050230462	13949604.072704844	13949604.072704844	6.392905363111767e-06	0.0697416274581611	0.3207035570878164	10800000.0	0.105	0.41563180998581006
Saltmarsh_4_000000001	10886400.0	1	1	0.26791161869531105	0.5358232373906221	0.3168596000044827	0.6337192000089654	1.0	0.3373781442642212	26515479.85703381	13949789.787701964	13949789.787701964	5.931222890886989e-06	0.06974301771561893	0.3207094883107073	10886400.0	0.105	0.41563949685067664
Saltmarsh_4_000000001	10972800.0	1	1	0.26791314853476966	0.5358262970695393	0.31686141403101087	0.6337228280620217	1.0	0.3373781442642212	26515806.254986513	13949962.089638576	13949962.089638576	5.502876649340904e-06	0.06974430757154354	0.32071499118735664	10972800.0	0.105	0.41564662857881424
Saltmarsh_4_000000001	11059200.0	1	1	0.2679145678739976	0.5358291357479952	0.31686309703044196	0.6337261940608839	1.0	0.3373781442642212	26516109.07904992	13950121.947171671	13950121.947171671	5.105460333318379e-06	0.06974550427552503	0.32072009664769	11059200.0	0.105	0.41565324525540626
Saltmarsh_4_000000001	11145600.0	1	1	0.2679158846943297	0.5358317693886594	0.31686465846675516	0.6337293169335103	1.0	0.3373781442642212	26516390.03169211	13950270.259016354	13950270.259016354	4.736741224586893e-06	0.06974661455385718	0.3207248333889146	11145600.0	0.105	0.41565938407203334
Saltmarsh_4_000000001	11232000.0	1	1	0.2679171064006288	0.5358342128012576	0.31686610712036894	0.6337322142407379	1.0	0.3373781442642212	26516650.69245136	13950407.858994305	13950407.858994305	4.394647684313746e-06	0.06974764464728721	0.320729228036599	11232000.0	0.105	0.4156650795354323
Saltmarsh_4_000000001	11318400.0	1	1	0.2679182398629211	0.5358364797258423	0.31686745113751086	0.6337349022750217	1.0	0.3373781442642212	26516892.526809804	13950535.52071812	13950535.52071812	4.077257545059831e-06	0.06974860034604555	0.3207333052941441	11318400.0	0.105	0.41567036366121074
Saltmarsh_4_000000001	11404800.0	1	1	0.26791929145502447	0.5358385829100489	0.31686869807602214	0.6337373961520443	1.0	0.3373781442642212	26517116.894426864	13950653.961937625	13950653.961937625	3.7827873369533638e-06	0.06974948702235118	0.32073708808148105	11404800.0	0.105	0.4156752661535994
Saltmarsh_4_000000001	11491200.0	1	1	0.2679202670903874	0.5358405341807748	0.31686985494785425	0.6337397098957085	1.0	0.3373781442642212	26517325.0567787	13950763.848572731	13950763.848572731	3.509582289659696e-06	0.069750309660574	0.3207405976637708	11491200.0	0.105	0.4156798145722469
Saltmarsh_4_000000001	11577600.0	1	1	0.2679211722553397	0.5358423445106794	0.3168709282584961	0.6337418565169922	1.0	0.3373781442642212	26517518.18424646	13950865.798455214	13950865.798455214	3.256107053040136e-06	0.06975107288522303	0.3207438537708238	11577600.0	0.105	0.41568403448698765
Saltmarsh_4_000000001	11664000.0	1	1	0.26792201203994115	0.5358440240798823	0.31687192404355413	0.6337438480871083	1.0	0.3373781442642212	26517697.362693004	13950960.384800501	13950960.384800501	3.020937085970732e-06	0.06975178098691653	0.3207468747079098	11664000.0	0.105	0.41568794962145117
Saltmarsh_4_000000001	11750400.0	1	1	0.26792279116660334	0.5358455823332067	0.31687284790269016	0.6337456958053803	1.0	0.3373781442642212	26517863.599565033	13951048.139428966	13951048.139428966	2.8027506653316436e-06	0.06975243794647949	0.32074967745857524	11750400.0	0.105	0.4156915819863135
Saltmarsh_4_000000001	11836800.0	1	1	0.26792351401664305	0.5358470280332861	0.3168737050311083	0.6337474100622166	1.0	0.3373781442642212	26518017.829554856	13951129.555754658	13951129.555754658	2.600321469869993e-06	0.06975304745730342	0.32075227778004517	11836800.0	0.105	0.41569495200293854
Saltmarsh_4_000000001	11923200.0	1	1	0.267924184654919	0.535848369309838	0.31687450024876795	0.6337490004975359	1.0	0.3373781442642212	26518160.91985349	13951205.091558428	13951205.091558428	2.4125116990653117e-06	0.06975361294609309	0.32075469029174436	11923200.0	0.105	0.4156980786181007
Saltmarsh_4_000000001	12009600.0	1	1	0.26792480685268855	0.5358496137053771	0.3168752380274866	0.6337504760549733	1.0	0.3373781442642212	26518293.675024636	13951275.171560809	13951275.171560809	2.2382656867520057e-06	0.0697541375921173	0.3207569285574311	12009600.0	0.105	0.41570097941043066
Saltmarsh_4_000000001	12096000.0	1	1	0.2679253841088138	0.5358507682176276	0.31687592251608554	0.6337518450321711	1.0	0.3373781442642212	26518416.8415268	13951340.189809207	13951340.189809207	2.076603975761926e-06	0.06975462434507028	0.320759005161407	12096000.0	0.105	0.4157036706891835
Saltmarsh_4_000000001	12182400.0	1	1	0.2679259196694362	0.5358518393388724	0.3168765575637188	0.6337531151274376	1.0	0.3373781442642212	26518531.111909032	13951400.511892805	13951400.511892805	1.926617819031362e-06	0.069755075941645	0.32076093177922604	12182400.0	0.105	0.4157061675858769
Saltmarsh_4_000000001	12268800.0	1	1	0.26792641654623006	0.5358528330924601	0.316877146741518	0.633754293483036	1.0	0.3373781442642212	26518637.128703743	13951456.476997524	13951456.476997524	1.787464077473988e-06	0.06975549492091015	0.3207627192433036	12268800.0	0.105	0.41570848413932143
Saltmarsh_4_000000001	12355200.0	1	1	0.2679268775333377	0.5358537550666754	0.3168776933626732	0.6337553867253464	1.0	0.3373781442642212	26518735.48803851	13951508.399812685	13951508.399812685	1.6583604852821177e-06	0.06975588363857814	0.32076437760378884	12355200.0	0.105	0.41571063337451036
Saltmarsh_4_000000001	12441600.0	1	1	0.26792730522308145	0.5358546104461629	0.3168782005010635	0.633756401002127	1.0	0.3373781442642212	26518826.742987126	13951556.572299935	13951556.572299935	1.5385812568435853e-06	0.06975624428024284	0.3207659161850457	12441600.0	0.105	0.4157126273758192
Saltmarsh_4_000000001	12528000.0	1	1	0.2679277020205407	0.5358554040410815	0.31687867100854267	0.6337573420170853	1.0	0.3373781442642212	26518911.406678736	13951601.2653346	13951601.2653346	1.4274530105301553e-06	0.06975657887366248	0.3207673436380562	12528000.0	0.105	0.41571447735492084
Saltmarsh_4_000000001	12614400.0	1	1	0.2679280701570764	0.5358561403141529	0.31687910753097515	0.6337582150619503	1.0	0.3373781442642212	26518989.955182426	13951642.730228376	13951642.730228376	1.3243509861537994e-06	0.06975688930015572	0.32076866798904236	12614400.0	0.105	0.4157161937137989
Saltmarsh_4_000000001	12700800.0	1	1	0.2679284117028785	0.535856823405757	0.31687951252311486	0.6337590250462297	1.0	0.3373781442642212	26519062.830183595	13951681.200142205	13951681.200142205	1.2286955355655937e-06	0.06975717730517546	0.320769896684578	12700800.0	0.105	0.4157177861032131
Saltmarsh_4_000000001	12787200.0	1	1	0.26792872857860706	0.5358574571572141	0.31687988826240876	0.6337597765248175	1.0	0.3373781442642212	26519130.441467118	13951716.891397059	13951716.891397059	1.139948866135665e-06	0.06975744450811916	0.3207710366334441	12787200.0	0.105	0.41571926347694355
Saltmarsh_4_000000001	12873600.0	1	1	0.2679290225661929	0.5358580451323858	0.3168802368618038	0.6337604737236076	1.0	0.3373781442642212	26519193.16922111	13951750.004690109	13951750.004690109	1.0576120194200067e-06	0.06975769241143112	0.32077209424546355	12873600.0	0.105	0.41572063414212074
Saltmarsh_4_000000001	12960000.0	1	1	0.2679292953188577	0.5358585906377153	0.31688056028162825	0.6337611205632565	1.0	0.3373781442642212	26519251.36617443	13951780.72622308	13951780.72622308	9.812220675281536e-07	0.06975792240904787	0.3207730754675311	12960000.0	0.105	0.4157219058059203
Saltmarsh_4_000000001	13046400.0	1	1	0.26792954837041066	0.5358590967408213	0.3168808603406158	0.6337617206812316	1.0	0.3373781442642212	26519305.35957978	13951809.228749104	13951809.228749104	9.103495120926786e-07	0.06975813579423343	0.32077398581704325	13046400.0	0.105	0.41572308561888804
Saltmarsh_4_000000001	13132800.0	1	1	0.2679297831438738	0.5358595662877476	0.3168811387261324	0.6337622774522648	1.0	0.3373781442642212	26519355.453053627	13951835.672544014	13951835.672544014	8.445958706443379e-07	0.06975833376684942	0.32077483041291394	13132800.0	0.105	0.41572418021513646
Saltmarsh_4_000000001	13219200.0	1	1	0.26793000095948366	0.5358600019189673	0.3168813970036652	0.6337627940073304	1.0	0.3373781442642212	26519401.928283293	13951860.20630746	13951860.20630746	7.835914373893749e-07	0.06975851744009991	0.3207756140043514	13219200.0	0.105	0.4157251957496394
Saltmarsh_4_000000001	13305600.0	1	1	0.2679302030421159	0.5358604060842318	0.31688163662562563	0.6337632732512513	1.0	0.3373781442642212	26519445.04661068	13951882.967998987	13951882.967998987	7.269932054410067e-07	0.0697586878467895	0.3207763409975569	13305600.0	0.105	0.4157261379328338
Saltmarsh_4_000000001	13392000.0	1	1	0.26793039052817286	0.5358607810563457	0.31688185893951704	0.6337637178790341	1.0	0.3373781442642212	26519485.05050171	13951904.085613705	13951904.085613705	6.744829390281648e-07	0.0697588459451295	0.320777015480496	13392000.0	0.105	0.4157270120627228
Saltmarsh_4_000000001	13478400.0	1	1	0.2679305644719742	0.5358611289439484	0.3168820651955121	0.6337641303910242	1.0	0.3373781442642212	26519522.164909627	13951923.677901976	13951923.677901976	6.257653849955913e-07	0.06975899262412488	0.32077764124588115	13478400.0	0.105	0.41572782305466194
Saltmarsh_4_000000001	13564800.0	1	1	0.26793072585168565	0.5358614517033713	0.31688225655348284	0.6337645131069657	1.0	0.3373781442642212	26519556.59853983	13951941.855037097	13951941.855037097	5.80566613200828e-07	0.06975912870857229	0.32077822181249444	13564800.0	0.105	0.4157285754689928
Saltmarsh_4_000000001	13651200.0	1	1	0.2679308755748195	0.535861751149639	0.3168824340895233	0.6337648681790466	1.0	0.3373781442642212	26519588.545023333	13951958.71923476	13951958.71923476	5.38632476801415e-07	0.069759254963697	0.3207787604449713	13651200.0	0.105	0.41572927353668276
Saltmarsh_4_000000001	13737600.0	1	1	0.26793101448333806	0.5358620289666761	0.3168825988020008	0.6337651976040016	1.0	0.3373781442642212	26519618.18400559	13951974.36532784	13951974.36532784	4.997271838280692e-07	0.06975937209945537	0.3207792601721551	13737600.0	0.105	0.415729921183113
Saltmarsh_4_000000001	13824000.0	1	1	0.2679311433583884	0.5358622867167768	0.31688275161717	0.63376550323434	1.0	0.3373781442642212	26519645.682156537	13951988.881299568	13951988.881299568	4.636319714812487e-07	0.06975948077452636	0.3207797238041266	13824000.0	0.105	0.4157305220501481
Saltmarsh_4_000000001	13910400.0	1	1	0.2679312629246948	0.5358625258493896	0.3168828933943817	0.6337657867887634	1.0	0.3373781442642212	26519671.194107823	13952002.34877829	13952002.34877829	4.301438766007859e-07	0.06975958160001486	0.3207801539480033	13910400.0	0.105	0.4157310795166123
Saltmarsh_4_000000001	13996800.0	1	1	0.26793137385463434	0.5358627477092687	0.31688302493091536	0.6337660498618307	1.0	0.3373781442642212	26519694.863322232	13952014.843496444	13952014.843496444	3.9907459467580786e-07	0.06975967514288754	0.32078055302259806	13996800.0	0.105	0.4157315967172871
Saltmarsh_4_000000001	14083200.0	1	1	0.26793147677201784	0.5358629535440357	0.3168831469664624	0.6337662939329248	1.0	0.3373781442642212	26519716.8229004	13952026.435716404	13952026.435716404	3.7024942123320415e-07	0.06975976192916078	0.3207809232720193	14083200.0	0.105	0.415732076560537
Saltmarsh_4_000000001	14169600.0	1	1	0.26793157225559805	0.5358631445111961	0.316883260187286	0.633766520374572	1.0	0.3373781442642212	26519737.196329247	13952037.190625556	13952037.190625556	3.4350626966495046e-07	0.06975984244685812	0.3207812667782889	14169600.0	0.105	0.4157325217446624
Saltmarsh_4_000000001	14256000.0	1	1	0.267931660842324	0.535863321684648	0.31688336523008015	0.6337667304601603	1.0	0.3373781442642212	26519756.098176356	13952047.168702874	13952047.168702874	3.1869476001256114e-07	0.06975991714875436	0.32078158547304897	14256000.0	0.105	0.41573293477307144
Saltmarsh_4_000000001	14342400.0	1	1	0.2679317430303606	0.5358634860607212	0.31688346268554984	0.6337669253710997	1.0	0.3373781442642212	26519773.634734176	13952056.426058974	13952056.426058974	2.9567537349062256e-07	0.06975998645492139	0.3207818811484225	14342400.0	0.105	0.41573331796835555
Saltmarsh_4_000000001	14428800.0	1	1	0.26793181928188986	0.5358636385637797	0.3168835531017333	0.6337671062034665	1.0	0.3373781442642212	26519789.904617727	13952065.01475163	13952065.01475163	2.7431866808647065e-07	0.06976005075509006	0.3207821554670906	14428800.0	0.105	0.41573367348534945
Saltmarsh_4_000000001	14515200.0	1	1	0.2679318900257102	0.5358637800514204	0.3168836369870834	0.6337672739741668	1.0	0.3373781442642212	26519804.999319084	13952072.98307854	13952072.98307854	2.5450455105879843e-07	0.06976011041084164	0.32078240997164176	14515200.0	0.105	0.41573400332324767
Saltmarsh_4_000000001	14601600.0	1	1	0.26793195565964767	0.5358639113192953	0.3168837148133272	0.6337674296266544	1.0	0.3373781442642212	26519819.003721952	13952080.37584884	13952080.37584884	2.3612160322816766e-07	0.06976016575764098	0.320782646093245	14601600.0	0.105	0.4157343093368456
Saltmarsh_4_000000001	14688000.0	1	1	0.2679320165527929	0.5358640331055858	0.3168837870181187	0.6337675740362374	1.0	0.3373781442642212	26519831.99657886	13952087.234635146	13952087.234635146	2.1906645304714534e-07	0.06976021710672269	0.32078286515969817	14688000.0	0.105	0.4157345932469688
Saltmarsh_4_000000001	14774400.0	1	1	0.26793207304757705	0.5358641460951541	0.31688385400749963	0.6337677080149993	1.0	0.3373781442642212	26519844.050954103	13952093.598007297	13952093.598007297	2.0324319510711675e-07	0.06976026474684138	0.32078306840289333	14774400.0	0.105	0.41573485665014975
Saltmarsh_4_000000001	14860800.0	1	1	0.26793212546169715	0.5358642509233943	0.3168839161581832	0.6337678323163664	1.0	0.3373781442642212	26519855.234634515	13952099.50174922	13952099.50174922	1.8856285095847358e-07	0.06976030894589513	0.32078325696574433	14860800.0	0.105	0.4157351010276047
Saltmarsh_4_000000001	14947200.0	1	1	0.2679321740899027	0.5358643481798054	0.3168839738196722	0.6337679476393444	1.0	0.3373781442642212	26519865.61051074	13952104.979060179	13952104.979060179	1.7494286883024124e-07	0.06976034995243206	0.32078343190861314	14947200.0	0.105	0.41573532775356264
Saltmarsh_4_000000001	15033600.0	1	1	0.26793221920565335	0.5358644384113067	0.31688402731622484	0.6337680546324497	1.0	0.3373781442642212	26519875.2369308	13952110.060741467	13952110.060741467	1.6230665952909895e-07	0.06976038799704781	0.32078359421527275	15033600.0	0.105	0.41573553810299346
Saltmarsh_4_000000001	15120000.0	1	1	0.2679322610626564	0.5358645221253128	0.3168840769486777	0.6337681538973554	1.0	0.3373781442642212	26519884.168028254	13952114.775369598	13952114.775369598	1.5058316568672403e-07	0.0697604232936823	0.32078374479843846	15120000.0	0.105	0.4157357332587763
Saltmarsh_4_000000001	15206400.0	1	1	0.2679322998962938	0.5358645997925876	0.3168841229961378	0.6337682459922755	1.0	0.3373781442642212	26519892.45402657	13952119.149456989	13952119.149456989	1.397064622876698e-07	0.06976045604082266	0.32078388450490075	15206400.0	0.105	0.4157359143183514
Saltmarsh_4_000000001	15292800.0	1	1	0.2679323359249457	0.5358646718498914	0.31688416571755196	0.6337683314351039	1.0	0.3373781442642212	26519900.1415216	13952123.207601072	13952123.207601072	1.296153859936533e-07	0.06976048642261937	0.3207840141202868	15292800.0	0.105	0.4157360822998917
Saltmarsh_4_000000001	15379200.0	1	1	0.26793236935121845	0.5358647387024369	0.3168842053531632	0.6337684107063264	1.0	0.3373781442642212	26519907.273743544	13952126.972622601	13952126.972622601	1.2025319118258437e-07	0.06976051460992183	0.32078413437347797	15379200.0	0.105	0.41573623814802746
Saltmarsh_4_000000001	15465600.0	1	1	0.26793240036308397	0.5358648007261679	0.3168842421258615	0.633768484251723	1.0	0.3373781442642212	26519913.890800096	13952130.465693975	13952130.465693975	1.1156723087046849e-07	0.06976054076123901	0.32078424594070887	15465600.0	0.105	0.4157363827391587
Saltmarsh_4_000000001	15552000.0	1	1	0.26793242913493676	0.5358648582698735	0.3168842762424375	0.633768552484875	1.0	0.3373781442642212	26519920.029901933	13952133.706458312	13952133.706458312	1.0350866072594833e-07	0.06976056502363083	0.3207843494493696	15552000.0	0.105	0.4157365168863831
Saltmarsh_4_000000001	15638400.0	1	1	0.26793245582857483	0.5358649116571497	0.3168843078947449	0.6337686157894898	1.0	0.3373781442642212	26519925.725572	13952136.7131399	13952136.7131399	9.603216441500528e-08	0.06976058753353508	0.32078444548153395	15638400.0	0.105	0.415736641344068
Saltmarsh_4_000000001	15724800.0	1	1	0.26793248059410935	0.5358649611882187	0.31688433726077997	0.6337686745215599	1.0	0.3373781442642212	26519931.00983965	13952139.502646675	13952139.502646675	8.909569876314194e-08	0.06976060841753462	0.32078453457723277	15724800.0	0.105	0.4157367568120937
Saltmarsh_4_000000001	15811200.0	1	1	0.2679325035708088	0.5358650071416176	0.3168843645056819	0.6337687290113638	1.0	0.3373781442642212	26519935.91242075	13952142.090665324	13952142.090665324	8.266025729175563e-08	0.06976062779306932	0.3207846172374901	15811200.0	0.105	0.41573686393978715
Saltmarsh_4_000000001	15897600.0	1	1	0.2679325248878821	0.5358650497757642	0.316884389782662	0.633768779565324	1.0	0.3373781442642212	26519940.46088476	13952144.49174944	13952144.49174944	7.66896509213355e-08	0.06976064576909628	0.32078469392714104	15897600.0	0.105	0.4157369633295748
Saltmarsh_4_000000001	15984000.0	1	1	0.26793254466520555	0.5358650893304111	0.31688441323386474	0.6337688264677295	1.0	0.3373781442642212	26519944.680809785	13952146.719401443	13952146.719401443	7.11503045647266e-08	0.06976066244670265	0.3207847650774457	15984000.0	0.105	0.41573705554036966
Saltmarsh_4_000000001	16070400.0	1	1	0.2679325630139964	0.5358651260279929	0.3168844349911676	0.6337688699823352	1.0	0.3373781442642212	26519948.595926423	13952148.786148448	13952148.786148448	6.601106820880442e-08	0.06976067791967402	0.3207848310885139	16070400.0	0.105	0.415737141090714
Saltmarsh_4_000000001	16156800.0	1	1	0.2679325800374388	0.5358651600748776	0.3168844551769223	0.6337689103538446	1.0	0.3373781442642212	26519952.228251174	13952150.70361273	13952150.70361273	6.124304184618179e-08	0.06976069227502181	0.3207848923315558	16156800.0	0.105	0.41573722046169637
Saltmarsh_4_000000001	16243200.0	1	1	0.2679325958312638	0.5358651916625276	0.31688447390464314	0.6337689478092863	1.0	0.3373781442642212	26519955.598210305	13952152.482577095	13952152.482577095	5.6819412827535665e-08	0.06976070559347265	0.32078494915096856	16243200.0	0.105	0.41573729409965526
Saltmarsh_4_000000001	16329600.0	1	1	0.26793261048428757	0.5358652209685751	0.3168844912796451	0.6337689825592902	1.0	0.3373781442642212	26519958.72475467	13952154.133045474	13952154.133045474	5.271530521822054e-08	0.06976071794992215	0.32078500186627384	16329600.0	0.105	0.4157373624186909
Saltmarsh_4_000000001	16416000.0	1	1	0.2679326240789112	0.5358652481578224	0.3168845073996361	0.6337690147992722	1.0	0.3373781442642212	26519961.62546629	13952155.664299237	13952155.664299237	4.8907639840778394e-08	0.06976072941385635	0.3207850507739136	16416000.0	0.105	0.415737425802992
Saltmarsh_4_000000001	16502400.0	1	1	0.26793263669158385	0.5358652733831677	0.31688452235526665	0.6337690447105333	1.0	0.3373781442642212	26519964.316657227	13952157.084949326	13952157.084949326	4.537500455925603e-08	0.06976074004974207	0.32078509614891826	16502400.0	0.105	0.41573748460899806
Saltmarsh_4_000000001	16588800.0	1	1	0.26793264839323255	0.5358652967864651	0.31688453623063956	0.6337690724612791	1.0	0.3373781442642212	26519966.813461315	13952158.402984744	13952158.402984744	4.2097533833884704e-08	0.06976074991738988	0.3207851382464521	16588800.0	0.105	0.4157375391674019
Saltmarsh_4_000000001	16675200.0	1	1	0.2679326592496614	0.5358653184993228	0.31688454910378266	0.6337690982075653	1.0	0.3373781442642212	26519969.129919257	13952159.625817422	13952159.625817422	3.905679706039944e-08	0.06976075907229005	0.32078517730324924	16675200.0	0.105	0.4157375897850111
Saltmarsh_4_000000001	16761600.0	1	1	0.26793266932192134	0.5358653386438427	0.3168845610470878	0.6337691220941756	1.0	0.3373781442642212	26519971.279057603	13952160.76032391	13952160.76032391	3.623569469479726e-08	0.06976076756592485	0.3207852135389439	16761600.0	0.105	0.4157376367464713
Saltmarsh_4_000000001	16848000.0	1	1	0.2679326786666535	0.535865357333307	0.31688457212771803	0.6337691442554361	1.0	0.3373781442642212	26519973.272961963	13952161.812884087	13952161.812884087	3.361836255211248e-08	0.06976077544605788	0.32078524715730655	16848000.0	0.105	0.41573768031586933
Saltmarsh_4_000000001	16934400.0	1	1	0.2679326873364078	0.5358653746728156	0.31688458240798506	0.6337691648159701	1.0	0.3373781442642212	26519975.12284501	13952162.789416999	13952162.789416999	3.1190082128151886e-08	0.06976078275700287	0.3207852783473887	16934400.0	0.105	0.41573772073821574
Saltmarsh_4_000000001	17020800.0	1	1	0.26793269537993847	0.5358653907598769	0.31688459194569973	0.6337691838913995	1.0	0.3373781442642212	26519976.839109506	13952163.695414146	13952163.695414146	2.89371981238018e-08	0.06976078953987261	0.3207853072845869	17020800.0	0.105	0.41573775824082454
Saltmarsh_4_000000001	17107200.0	1	1	0.26793270284247817	0.5358654056849563	0.3168846007944973	0.6337692015889946	1.0	0.3373781442642212	26519978.43140683	13952164.535970384	13952164.535970384	2.6847041562083618e-08	0.06976079583281036	0.32078533413162846	17107200.0	0.105	0.4157377930345905
Saltmarsh_4_000000001	17193600.0	1	1	0.26793270976599237	0.5358654195319847	0.3168846090041388	0.6337692180082776	1.0	0.3373781442642212	26519979.908691224	13952165.315812565	13952165.315812565	2.4907858525713422e-08	0.0697608016712043	0.320785359039487	17193600.0	0.105	0.41573782531517517
Saltmarsh_4_000000001	17280000.0	1	1	0.26793271618941533	0.5358654323788307	0.316884616620791	0.633769233241582	1.0	0.3373781442642212	26519981.279270165	13952166.039326109	13952166.039326109	2.3108744140465376e-08	0.0697608070878864	0.32078538214823127	17280000.0	0.105	0.4157378552641078
Saltmarsh_4_000000001	17366400.0	1	1	0.26793272214886904	0.5358654442977381	0.316884623687286	0.633769247374572	1.0	0.3373781442642212	26519982.55085107	13952166.710579682	13952166.710579682	2.14395811382051e-08	0.06976081211331728	0.3207854035878125	17366400.0	0.105	0.415737883049805
Saltmarsh_4_000000001	17452800.0	1	1	0.2679327276778664	0.5358654553557328	0.3168846302433621	0.6337692604867242	1.0	0.3373781442642212	26519983.730584644	13952167.333348058	13952167.333348058	1.989098301347081e-08	0.06976081677575728	0.3207854234787955	17452800.0	0.105	0.415737908828519
Saltmarsh_4_000000001	17539200.0	1	1	0.26793273280749963	0.5358654656149993	0.3168846363258873	0.6337692726517746	1.0	0.3373781442642212	26519984.825105093	13952167.911133358	13952167.911133358	1.8454241301757435e-08	0.0697608211014255	0.3207854419330368	17539200.0	0.105	0.41573793274521575
Saltmarsh_4_000000001	17625600.0	1	1	0.2679327375666151	0.5358654751332302	0.3168846419690666	0.6337692839381333	1.0	0.3373781442642212	26519985.840567425	13952168.447184756	13952168.447184756	1.712127659092566e-08	0.06976082511464719	0.32078545905431344	17625600.0	0.105	0.4157379549343902
Saltmarsh_4_000000001	17712000.0	1	1	0.2679327419819757	0.5358654839639514	0.31688464720463433	0.6337692944092687	1.0	0.3373781442642212	26519986.782682072	13952168.94451672	13952168.94451672	1.5884592918791185e-08	0.06976082883799069	0.3207854749389063	17712000.0	0.105	0.4157379755208226
Saltmarsh_4_000000001	17798400.0	1	1	0.26793274607841105	0.5358654921568221	0.3168846520620326	0.6337693041240652	1.0	0.3373781442642212	26519987.656747006	13952169.405925985	13952169.405925985	1.473723588996112e-08	0.06976083229239403	0.3207854896761422	17798400.0	0.105	0.41573799462028027
Saltmarsh_4_000000001	17884800.0	1	1	0.2679327498789575	0.535865499757915	0.3168846565685769	0.6337693131371538	1.0	0.3373781442642212	26519988.467677508	13952169.834007274	13952169.834007274	1.3672753346183342e-08	0.06976083549728303	0.32078550334889555	17884800.0	0.105	0.41573801234016866
Saltmarsh_4_000000001	17971200.0	1	1	0.26793275340498723	0.5358655068099745	0.3168846607496097	0.6337693214992194	1.0	0.3373781442642212	26519989.220033832	13952170.231167898	13952170.231167898	1.2685159186953676e-08	0.0697608384706803	0.32078551603405475	17971200.0	0.105	0.415738028780135
Saltmarsh_4_000000001	18057600.0	1	1	0.2679327566763289	0.5358655133526578	0.31688466462864295	0.6337693292572859	1.0	0.3373781442642212	26519989.91804684	13952170.599641284	13952170.599641284	1.1768899771391617e-08	0.06976084122930665	0.32078552780295444	18057600.0	0.105	0.415738044032629
Saltmarsh_4_000000001	18144000.0	1	1	0.26793275971137875	0.5358655194227575	0.3168846682274904	0.6337693364549808	1.0	0.3373781442642212	26519990.565641776	13952170.941499522	13952170.941499522	1.091882247117315e-08	0.06976084378867514	0.32078553872177695	18144000.0	0.105	0.4157380581834229
Saltmarsh_4_000000001	18230400.0	1	1	0.26793276252720444	0.5358655250544089	0.31688467156639005	0.6337693431327801	1.0	0.3373781442642212	26519991.1664604	13952171.258665066	13952171.258665066	1.0130146957387787e-08	0.06976084616317837	0.32078554885192395	18230400.0	0.105	0.41573807131209345
Saltmarsh_4_000000001	18316800.0	1	1	0.26793276513964065	0.5358655302792813	0.3168846746641182	0.6337693493282364	1.0	0.3373781442642212	26519991.723881394	13952171.552921476	13952171.552921476	9.398438097218964e-09	0.06976084836616929	0.32078555825036204	18316800.0	0.105	0.4157380834924692
Saltmarsh_4_000000001	18403200.0	1	1	0.2679327675633784	0.5358655351267568	0.3168846775380948	0.6337693550761896	1.0	0.3373781442642212	26519992.241039395	13952171.825923497	13952171.825923497	8.719581154337241e-09	0.06976085041003634	0.3207855669699432	18403200.0	0.105	0.4157380947930464
Saltmarsh_4_000000001	18489600.0	1	1	0.2679327698120475	0.535865539624095	0.3168846802044817	0.6337693604089634	1.0	0.3373781442642212	26519992.720842656	13952172.079206355	13952172.079206355	8.089758585239082e-09	0.06976085230627319	0.32078557505970184	18489600.0	0.105	0.4157381052773736
Saltmarsh_4_000000001	18576000.0	1	1	0.26793277189829334	0.5358655437965867	0.31688468267827313	0.6337693653565463	1.0	0.3373781442642212	26519993.165989324	13952172.314194383	13952172.314194383	7.505428611942477e-09	0.0697608540655433	0.3207855825651304	18576000.0	0.105	0.415738115004409
Saltmarsh_4_000000001	18662400.0	1	1	0.2679327738338479	0.5358655476676958	0.31688468497338057	0.6337693699467611	1.0	0.3373781442642212	26519993.578982662	13952172.53220903	13952172.53220903	6.963305307361445e-09	0.06976085569773983	0.32078558952843567	18662400.0	0.105	0.41573812402885263
Saltmarsh_4_000000001	18748800.0	1	1	0.2679327756295957	0.5358655512591914	0.3168846871027105	0.633769374205421	1.0	0.3373781442642212	26519993.962145157	13952172.734476293	13952172.734476293	6.460339985192576e-09	0.06976085721204148	0.32078559598877576	18748800.0	0.105	0.4157381324014534
Saltmarsh_4_000000001	18835200.0	1	1	0.26793277729563514	0.5358655545912703	0.31688468907823714	0.6337693781564743	1.0	0.3373781442642212	26519994.317631505	13952172.922133628	13952172.922133628	5.993704269013911e-09	0.06976085861696388	0.32078560198248	18835200.0	0.105	0.4157381401692941
Saltmarsh_4_000000001	18921600.0	1	1	0.26793277884133515	0.5358655576826703	0.3168846909110698	0.6337693818221396	1.0	0.3373781442642212	26519994.64744077	13952173.096236318	13952173.096236318	5.560774035684446e-09	0.06976085992040756	0.3207856075432541	18921600.0	0.105	0.4157381473760573
Saltmarsh_4_000000001	19008000.0	1	1	0.26793278027538797	0.5358655605507759	0.3168846926115154	0.6337693852230308	1.0	0.3373781442642212	26519994.953427643	13952173.257763423	13952173.257763423	5.159114691011268e-09	0.06976086112970242	0.3207856127023688	19008000.0	0.105	0.41573815406227
Saltmarsh_4_000000001	19094400.0	1	1	0.26793278160585793	0.5358655632117159	0.3168846941891364	0.6337693883782728	1.0	0.3373781442642212	26519995.23731283	13952173.407623291	13952173.407623291	4.7864675417619296e-09	0.06976086225164892	0.3207856174888363	19094400.0	0.105	0.4157381602655319
Saltmarsh_4_000000001	19180800.0	1	1	0.2679327828402269	0.5358655656804538	0.31688469565280447	0.6337693913056089	1.0	0.3373781442642212	26519995.50069275	13952173.546658646	13952173.546658646	4.44073697258851e-09	0.06976086329255626	0.3207856219295733	19180800.0	0.105	0.41573816602072694
Saltmarsh_4_000000001	19267200.0	1	1	0.2679327839854364	0.5358655679708728	0.31688469701075056	0.6337693940215011	1.0	0.3373781442642212	26519995.745048523	13952173.675651366	13952173.675651366	4.119978844197014e-09	0.06976086425827799	0.32078562604955213	19267200.0	0.105	0.41573817136021957
Saltmarsh_4_000000001	19353600.0	1	1	0.26793278504792645	0.5358655700958529	0.3168846982706111	0.6337693965412222	1.0	0.3373781442642212	26519995.971754264	13952173.795326833	13952173.795326833	3.822389321728181e-09	0.06976086515424484	0.32078562987194154	19353600.0	0.105	0.4157381763140362
Saltmarsh_4_000000001	19440000.0	1	1	0.26793278603367193	0.5358655720673439	0.31688469943947084	0.6337693988789417	1.0	0.3373781442642212	26519996.18208487	13952173.906358045	13952173.906358045	3.5462949382614184e-09	0.06976086598549529	0.32078563341823646	19440000.0	0.105	0.4157381809100345
Saltmarsh_4_000000001	19526400.0	1	1	0.2679327869482162	0.5358655738964324	0.31688470052390283	0.6337694010478057	1.0	0.3373781442642212	26519996.377223104	13952174.009369373	13952174.009369373	3.290143074652363e-09	0.06976086675670379	0.32078563670837956	19526400.0	0.105	0.4157381851740599
Saltmarsh_4_000000001	19612800.0	1	1	0.26793278779670215	0.5358655755934043	0.31688470153000536	0.6337694030600107	1.0	0.3373781442642212	26519996.558266353	13952174.104940109	13952174.104940109	3.0524932997932908e-09	0.06976086747220725	0.3207856397608728	19612800.0	0.105	0.4157381891300912
Saltmarsh_4_000000001	19699200.0	1	1	0.26793278858390124	0.5358655771678025	0.3168847024634363	0.6337694049268726	1.0	0.3373781442642212	26519996.72623269	13952174.19360769	13952174.19360769	2.8320091410849457e-09	0.0697608681360293	0.320785642592882	19699200.0	0.105	0.41573819280037505
Saltmarsh_4_000000001	19785600.0	1	1	0.2679327893142403	0.5358655786284806	0.31688470332944474	0.6337694066588895	1.0	0.3373781442642212	26519996.882066682	13952174.275870733	13952174.275870733	2.6274507153312143e-09	0.06976086875190295	0.3207856452203328	19785600.0	0.105	0.4157381962055513
Saltmarsh_4_000000001	19872000.0	1	1	0.26793278999182635	0.5358655799836527	0.31688470413290065	0.6337694082658013	1.0	0.3373781442642212	26519997.026644655	13952174.352191852	13952174.352191852	2.437667748211858e-09	0.06976086932329152	0.32078564765800066	19872000.0	0.105	0.41573819936476886
Saltmarsh_4_000000001	19958400.0	1	1	0.26793279062046976	0.5358655812409395	0.31688470487832227	0.6337694097566445	1.0	0.3373781442642212	26519997.16077963	13952174.423000237	13952174.423000237	2.261592968455517e-09	0.06976086985340822	0.32078564991959363	19958400.0	0.105	0.4157382022957934
Saltmarsh_4_000000001	20044800.0	1	1	0.2679327912037057	0.5358655824074114	0.31688470556990145	0.6337694111398029	1.0	0.3373781442642212	26519997.285225935	13952174.488694066	13952174.488694066	2.0982361959021034e-09	0.06976087034523414	0.3207856520178299	20044800.0	0.105	0.41573820501510755
Saltmarsh_4_000000001	20131200.0	1	1	0.26793279174481405	0.5358655834896281	0.31688470621152726	0.6337694124230545	1.0	0.3373781442642212	26519997.400683362	13952174.549642779	13952174.549642779	1.9466788458988304e-09	0.06976087080153505	0.32078565396450864	20131200.0	0.105	0.4157382075380032
Saltmarsh_4_000000001	20217600.0	1	1	0.2679327922468377	0.5358655844936754	0.3168847068068079	0.6337694136136158	1.0	0.3373781442642212	26519997.50780121	13952174.606189108	13952174.606189108	1.8060686002296933e-09	0.06976087122487694	0.32078565577057727	20217600.0	0.105	0.41573820987866816
Saltmarsh_4_000000001	20304000.0	1	1	0.26793279271259973	0.5358655854251995	0.3168847073590909	0.6337694147181818	1.0	0.3373781442642212	26519997.607181843	13952174.658651054	13952174.658651054	1.675614758056554e-09	0.06976087161764051	0.320785657446192	20304000.0	0.105	0.41573821205026484
Saltmarsh_4_000000001	20390400.0	1	1	0.2679327931447194	0.5358655862894388	0.31688470787148204	0.6337694157429641	1.0	0.3373781442642212	26519997.699384134	13952174.707323622	13952174.707323622	1.55458368400474e-09	0.06976087198203443	0.32078565900077566	20390400.0	0.105	0.4157382140650053
Saltmarsh_4_000000001	20476800.0	1	1	0.2679327935456267	0.5358655870912534	0.3168847083468627	0.6337694166937254	1.0	0.3373781442642212	26519997.784926575	13952174.75248053	13952174.75248053	1.4422947558490051e-09	0.06976087232010789	0.32078566044307044	20476800.0	0.105	0.41573821593421934
Saltmarsh_4_000000001	20563200.0	1	1	0.26793279391757613	0.5358655878351523	0.31688470878790626	0.6337694175758125	1.0	0.3373781442642212	26519997.86429021	13952174.794375721	13952174.794375721	1.3381166036330328e-09	0.069760872633762	0.320785661781187	20563200.0	0.105	0.4157382176684184
Saltmarsh_4_000000001	20649600.0	1	1	0.2679327942626593	0.5358655885253186	0.31688470919709283	0.6337694183941857	1.0	0.3373781442642212	26519997.93792135	13952174.833244782	13952174.833244782	1.241463307155577e-09	0.0697608729247606	0.3207856630226503	20649600.0	0.105	0.4157382192773548
Saltmarsh_4_000000001	20736000.0	1	1	0.2679327945828169	0.5358655891656338	0.31688470957672354	0.6337694191534471	1.0	0.3373781442642212	26519998.006234042	13952174.869306296	13952174.869306296	1.1517913428571447e-09	0.06976087319474014	0.32078566417444165	20736000.0	0.105	0.41573822077007644
Saltmarsh_4_000000001	20822400.0	1	1	0.26793279487984917	0.5358655897596983	0.3168847099289332	0.6337694198578664	1.0	0.3373781442642212	26519998.06961246	13952174.902763063	13952174.902763063	1.0685964890733146e-09	0.06976087344521882	0.3207856652430382	20822400.0	0.105	0.41573822215497747
Saltmarsh_4_000000001	20908800.0	1	1	0.26793279515542656	0.5358655903108531	0.3168847102557024	0.6337694205114048	1.0	0.3373781442642212	26519998.128412995	13952174.93380322	13952174.93380322	9.914108561881463e-10	0.06976087367760524	0.320785666234449	20908800.0	0.105	0.41573822343984584
Saltmarsh_4_000000001	20995200.0	1	1	0.26793279541109877	0.5358655908221975	0.31688471055886885	0.6337694211177377	1.0	0.3373781442642212	26519998.182966318	13952174.962601313	13952174.962601313	9.198004163879503e-10	0.06976087389320615	0.32078566715424944	20995200.0	0.105	0.4157382246319073
Saltmarsh_4_000000001	21081600.0	1	1	0.2679327956483036	0.5358655912966072	0.31688471084013736	0.6337694216802747	1.0	0.3373781442642212	26519998.233579203	13952174.9893193	13952174.9893193	8.533624501483317e-10	0.06976087409323405	0.320785668007612	21081600.0	0.105	0.4157382257378651
Saltmarsh_4_000000001	21168000.0	1	1	0.2679327958683749	0.5358655917367497	0.31688471110108957	0.6337694222021791	1.0	0.3373781442642212	26519998.280536283	13952175.014107427	13952175.014107427	7.917233535437163e-10	0.06976087427881378	0.3207856687993354	21168000.0	0.105	0.41573822676393873
Saltmarsh_4_000000001	21254400.0	1	1	0.2679327960725502	0.5358655921451004	0.31688471134319296	0.6337694226863859	1.0	0.3373781442642212	26519998.324101616	13952175.037105083	13952175.037105083	7.345365010680283e-10	0.06976087445098891	0.3207856695338719	21254400.0	0.105	0.41573822771589797
Saltmarsh_4_000000001	21340800.0	1	1	0.2679327962619778	0.5358655925239556	0.316884711567809	0.633769423135618	1.0	0.3373781442642212	26519998.36452018	13952175.058441598	13952175.058441598	6.81480316622185e-10	0.06976087461072768	0.32078567021535215	21340800.0	0.105	0.41573822859909637
Saltmarsh_4_000000001	21427200.0	1	1	0.2679327964377229	0.5358655928754458	0.31688471177620087	0.6337694235524017	1.0	0.3373781442642212	26519998.402019285	13952175.078236956	13952175.078236956	6.322564000127429e-10	0.06976087475892838	0.3207856708476086	21427200.0	0.105	0.4157382294185008
Saltmarsh_4_000000001	21513600.0	1	1	0.26793279660077374	0.5358655932015475	0.31688471196954043	0.6337694239390809	1.0	0.3373781442642212	26519998.43680979	13952175.096602485	13952175.096602485	5.865879865174506e-10	0.06976087489642444	0.3207856714341967	21513600.0	0.105	0.4157382301787189
Saltmarsh_4_000000001	21600000.0	1	1	0.2679327967520473	0.5358655935040946	0.31688471214891495	0.6337694242978299	1.0	0.3373781442642212	26519998.469087347	13952175.113641456	13952175.113641456	5.442182537951368e-10	0.06976087502398903	0.320785671978415	21600000.0	0.105	0.4157382308840259
Saltmarsh_4_000000001	21686400.0	1	1	0.26793279689239424	0.5358655937847885	0.31688471231533305	0.6337694246306661	1.0	0.3373781442642212	26519998.499033477	13952175.129449692	13952175.129449692	5.049089202291412e-10	0.06976087514233954	0.32078567248332396	21686400.0	0.105	0.41573823153838785
Saltmarsh_4_000000001	21772800.0	1	1	0.2679327970226038	0.5358655940452076	0.3168847124697306	0.6337694249394612	1.0	0.3373781442642212	26519998.526816573	13952175.144116076	13952175.144116076	4.684388849041099e-10	0.06976087525214149	0.3207856729517628	21772800.0	0.105	0.4157382321454846
Saltmarsh_4_000000001	21859200.0	1	1	0.26793279714340823	0.5358655942868165	0.3168847126129759	0.6337694252259518	1.0	0.3373781442642212	26519998.552592866	13952175.157723097	13952175.157723097	4.346031728941213e-10	0.06976087535401232	0.320785673386366	21859200.0	0.105	0.41573823270873034
Saltmarsh_4_000000001	21945600.0	1	1	0.26793279725548685	0.5358655945109737	0.3168847127458745	0.633769425491749	1.0	0.3373781442642212	26519998.576507315	13952175.170347273	13952175.170347273	4.032114087060279e-10	0.06976087544852495	0.32078567378957745	21945600.0	0.105	0.4157382332312924
Saltmarsh_4_000000001	22032000.0	1	1	0.2679327973594699	0.5358655947189398	0.3168847128691737	0.6337694257383474	1.0	0.3373781442642212	26519998.59869441	13952175.18205959	13952175.18205959	3.7408708075670205e-10	0.06976087553621087	0.32078567416366455	22032000.0	0.105	0.41573823371610924
Saltmarsh_4_000000001	22118400.0	1	1	0.26793279745594223	0.5358655949118845	0.31688471298356685	0.6337694259671337	1.0	0.3373781442642212	26519998.619278904	13952175.192925919	13952175.192925919	3.470664589055872e-10	0.06976087561756314	0.32078567451073103	22118400.0	0.105	0.41573823416590744
Saltmarsh_4_000000001	22204800.0	1	1	0.26793279754544624	0.5358655950908925	0.31688471308969735	0.6337694261793947	1.0	0.3373781442642212	26519998.638376568	13952175.203007365	13952175.203007365	3.219975536206121e-10	0.06976087569303926	0.3207856748327287	22204800.0	0.105	0.4157382345832164
Saltmarsh_4_000000001	22291200.0	1	1	0.2679327976284853	0.5358655952569706	0.3168847131881619	0.6337694263763238	1.0	0.3373781442642212	26519998.656094797	13952175.21236062	13952175.21236062	2.9873939433322505e-10	0.06976087576306371	0.32078567513146805	22291200.0	0.105	0.4157382349703826
Saltmarsh_4_000000001	22377600.0	1	1	0.2679327977055264	0.5358655954110528	0.31688471327951434	0.6337694265590287	1.0	0.3373781442642212	26519998.672533214	13952175.22103828	13952175.22103828	2.7716119677112516e-10	0.0697608758280302	0.32078567540862934	22377600.0	0.105	0.4157382353295836
Saltmarsh_4_000000001	22464000.0	1	1	0.26793279777700274	0.5358655955540055	0.31688471336426827	0.6337694267285365	1.0	0.3373781442642212	26519998.687784277	13952175.229089148	13952175.229089148	2.571415996799331e-10	0.06976087588830414	0.32078567566577093	22464000.0	0.105	0.41573823566283913
Saltmarsh_4_000000001	22550400.0	1	1	0.2679327978433163	0.5358655956866326	0.31688471344290037	0.6337694268858007	1.0	0.3373781442642212	26519998.701933738	13952175.236558491	13952175.236558491	2.385680542005275e-10	0.06976087594422441	0.32078567590433904	22550400.0	0.105	0.4157382359720234
Saltmarsh_4_000000001	22636800.0	1	1	0.26793279790484	0.53586559580968	0.3168847135158528	0.6337694270317056	1.0	0.3373781442642212	26519998.715061173	13952175.243488317	13952175.243488317	2.2133606059071553e-10	0.06976087599610553	0.32078567612567516	22636800.0	0.105	0.41573823625887507
Saltmarsh_4_000000001	22723200.0	1	1	0.2679327979619197	0.5358655959238394	0.31688471358353576	0.6337694271670715	1.0	0.3373781442642212	26519998.727240406	13952175.249917598	13952175.249917598	2.0534876576938643e-10	0.06976087604423922	0.32078567633102384	22723200.0	0.105	0.41573823652500697
Saltmarsh_4_000000001	22809600.0	1	1	0.2679327980148765	0.535865596029753	0.31688471364633	0.63376942729266	1.0	0.3373781442642212	26519998.738539916	13952175.255882481	13952175.255882481	1.9051624167154557e-10	0.06976087608889617	0.3207856765215401	22809600.0	0.105	0.41573823677191596
Saltmarsh_4_000000001	22896000.0	1	1	0.2679327980640082	0.5358655961280164	0.3168847137045885	0.633769427409177	1.0	0.3373781442642212	26519998.74902325	13952175.26141652	13952175.26141652	1.767550966702558e-10	0.06976087613032751	0.32078567669829516	22896000.0	0.105	0.4157382370009905
Saltmarsh_4_000000001	22982400.0	1	1	0.26793279810959114	0.5358655962191823	0.31688471375863897	0.6337694275172779	1.0	0.3373781442642212	26519998.75874936	13952175.266550835	13952175.266550835	1.6398796209848854e-10	0.06976087616876621	0.3207856768622832	22982400.0	0.105	0.41573823721351905
Saltmarsh_4_000000001	23068800.0	1	1	0.26793279815188153	0.5358655963037631	0.3168847138087853	0.6337694276175706	1.0	0.3373781442642212	26519998.76777296	13952175.271314288	13952175.271314288	1.521429371376115e-10	0.0697608762044285	0.3207856770144261	23068800.0	0.105	0.41573823741069627
Saltmarsh_4_000000001	23155200.0	1	1	0.26793279819111726	0.5358655963822345	0.31688471385530953	0.6337694277106191	1.0	0.3373781442642212	26519998.77614477	13952175.27573367	13952175.27573367	1.4115351942844967e-10	0.06976087623751483	0.3207856771555796	23155200.0	0.105	0.41573823759363115
Saltmarsh_4_000000001	23241600.0	1	1	0.267932798227519	0.535865596455038	0.3168847138984733	0.6337694277969466	1.0	0.3373781442642212	26519998.783911876	13952175.279833838	13952175.279833838	1.309578834263192e-10	0.06976087626821131	0.3207856772865376	23241600.0	0.105	0.4157382377633528
Saltmarsh_4_000000001	23328000.0	1	1	0.26793279826129135	0.5358655965225827	0.3168847139385193	0.6337694278770386	1.0	0.3373781442642212	26519998.79111797	13952175.283637853	13952175.283637853	1.214986722342104e-10	0.0697608762966906	0.3207856774080363	23328000.0	0.105	0.41573823792081505
Saltmarsh_4_000000001	23414400.0	1	1	0.26793279829262434	0.5358655965852487	0.31688471397567275	0.6337694279513455	1.0	0.3373781442642212	26519998.79780355	13952175.287167098	13952175.287167098	1.1272272004703154e-10	0.06976087632311277	0.32078567752075915	23414400.0	0.105	0.4157382380669039
Saltmarsh_4_000000001	23500800.0	1	1	0.2679327983216941	0.5358655966433882	0.31688471401014257	0.6337694280202851	1.0	0.3373781442642212	26519998.804006226	13952175.290441426	13952175.290441426	1.0458066357355023e-10	0.06976087634762647	0.32078567762533977	23500800.0	0.105	0.4157382382024404
Saltmarsh_4_000000001	23587200.0	1	1	0.2679327983486641	0.5358655966973283	0.3168847140421226	0.6337694280842452	1.0	0.3373781442642212	26519998.80976088	13952175.293479238	13952175.293479238	9.702669223621285e-11	0.0697608763703695	0.32078567772236655	23587200.0	0.105	0.41573823832818707
Saltmarsh_4_000000001	23673600.0	1	1	0.2679327983736861	0.5358655967473722	0.3168847140717927	0.6337694281435854	1.0	0.3373781442642212	26519998.81509987	13952175.29629763	13952175.29629763	9.001836775990313e-11	0.06976087639146979	0.320785677812385	23673600.0	0.105	0.41573823844485097
Saltmarsh_4_000000001	23760000.0	1	1	0.2679327983969007	0.5358655967938014	0.3168847140993197	0.6337694281986394	1.0	0.3373781442642212	26519998.82005322	13952175.298912447	13952175.298912447	8.351624947167124e-11	0.06976087641104599	0.3207856778959013	23760000.0	0.105	0.4157382385530881
Saltmarsh_4_000000001	23846400.0	1	1	0.2679327984184385	0.535865596836877	0.31688471412485836	0.6337694282497167	1.0	0.3373781442642212	26519998.824648786	13952175.301338397	13952175.301338397	7.748379715621923e-11	0.06976087642920818	0.3207856779733851	23846400.0	0.105	0.41573823865350706
Saltmarsh_4_000000001	23932800.0	1	1	0.26793279843842055	0.5358655968768411	0.31688471414855235	0.6337694282971047	1.0	0.3373781442642212	26519998.828912403	13952175.303589115	13952175.303589115	7.188707962235696e-11	0.0697608764460585	0.32078567804527214	23932800.0	0.105	0.4157382387466727
Saltmarsh_4_000000001	24019200.0	1	1	0.26793279845695933	0.5358655969139187	0.3168847141705349	0.6337694283410698	1.0	0.3373781442642212	26519998.832868055	13952175.30567726	13952175.30567726	6.669460816954853e-11	0.06976087646169168	0.32078567811196673	24019200.0	0.105	0.41573823883310884
Saltmarsh_4_000000001	24105600.0	1	1	0.267932798474159	0.535865596948318	0.3168847141909296	0.6337694283818592	1.0	0.3373781442642212	26519998.836537994	13952175.307614574	13952175.307614574	6.187719781003409e-11	0.06976087647619568	0.3207856781738439	24105600.0	0.105	0.4157382389133017
Saltmarsh_4_000000001	24192000.0	1	1	0.26793279849011636	0.5358655969802327	0.31688471420985126	0.6337694284197025	1.0	0.3373781442642212	26519998.839942843	13952175.309411958	13952175.309411958	5.740774522422498e-11	0.06976087648965204	0.32078567823125176	24192000.0	0.105	0.4157382389877023
Saltmarsh_4_000000001	24278400.0	1	1	0.2679327985049211	0.5358655970098422	0.31688471422740616	0.6337694284548123	1.0	0.3373781442642212	26519998.843101762	13952175.311079515	13952175.311079515	5.3261117738401254e-11	0.06976087650213646	0.3207856782845129	24278400.0	0.105	0.4157382390567287
Saltmarsh_4_000000001	24364800.0	1	1	0.2679327985186564	0.5358655970373128	0.316884714243693	0.633769428487386	1.0	0.3373781442642212	26519998.846032504	13952175.312626628	13952175.312626628	4.941405618019701e-11	0.06976087651371908	0.3207856783339269	24364800.0	0.105	0.41573823912076924
Saltmarsh_4_000000001	24451200.0	1	1	0.2679327985313997	0.5358655970627993	0.3168847142588035	0.633769428517607	1.0	0.3373781442642212	26519998.848751556	13952175.314061986	13952175.314061986	4.5844841811693016e-11	0.0697608765244651	0.32078567837977173	24451200.0	0.105	0.41573823918018415
Saltmarsh_4_000000001	24537600.0	1	1	0.2679327985432225	0.535865597086445	0.31688471427282255	0.6337694285456451	1.0	0.3373781442642212	26519998.851274207	13952175.31539367	13952175.31539367	4.253343510729479e-11	0.06976087653443491	0.32078567842230526	24537600.0	0.105	0.4157382392353076
Saltmarsh_4_000000001	24624000.0	1	1	0.26793279855419133	0.5358655971083827	0.316884714285829	0.633769428571658	1.0	0.3373781442642212	26519998.853614658	13952175.316629164	13952175.316629164	3.9461198197976444e-11	0.06976087654368462	0.32078567846176653	24624000.0	0.105	0.41573823928644943
Saltmarsh_4_000000001	24710400.0	1	1	0.2679327985643679	0.5358655971287358	0.31688471429789594	0.6337694285957919	1.0	0.3373781442642212	26519998.855786048	13952175.317775419	13952175.317775419	3.6610880993492856e-11	0.06976087655226622	0.32078567849837747	24710400.0	0.105	0.41573823933389725
Saltmarsh_4_000000001	24796800.0	1	1	0.2679327985738094	0.5358655971476188	0.3168847143090913	0.6337694286181826	1.0	0.3373781442642212	26519998.857800603	13952175.318838876	13952175.318838876	3.396641301556258e-11	0.06976087656022796	0.32078567853234397	24796800.0	0.105	0.4157382393779178
Saltmarsh_4_000000001	24883200.0	1	1	0.26793279858256897	0.5358655971651379	0.316884714319478	0.633769428638956	1.0	0.3373781442642212	26519998.859669648	13952175.31982552	13952175.31982552	3.1513000542382485e-11	0.06976087656761461	0.32078567856385704	24883200.0	0.105	0.4157382394187587
Saltmarsh_4_000000001	24969600.0	1	1	0.2679327985906958	0.5358655971813916	0.31688471432911447	0.6337694286582289	1.0	0.3373781442642212	26519998.86140369	13952175.320740897	13952175.320740897	2.923676578614476e-11	0.06976087657446772	0.32078567859309387	24969600.0	0.105	0.4157382394566496
Saltmarsh_4_000000001	25056000.0	1	1	0.2679327985982356	0.5358655971964712	0.3168847143380549	0.6337694286761097	1.0	0.3373781442642212	26519998.863012478	13952175.321590152	13952175.321590152	2.712494118206621e-11	0.06976087658082582	0.32078567862021884	25056000.0	0.105	0.4157382394918036
Saltmarsh_4_000000001	25142400.0	1	1	0.2679327986052308	0.5358655972104616	0.3168847143463495	0.633769428692699	1.0	0.3373781442642212	26519998.864505053	13952175.322378067	13952175.322378067	2.5165688977146772e-11	0.06976087658672465	0.32078567864538465	25142400.0	0.105	0.4157382395244185
Saltmarsh_4_000000001	25228800.0	1	1	0.2679327986117207	0.5358655972234414	0.316884714354045	0.63376942870809	1.0	0.3373781442642212	26519998.865889825	13952175.323109075	13952175.323109075	2.334794857450362e-11	0.06976087659219743	0.3207856786687326	25228800.0	0.105	0.4157382395546774
Saltmarsh_4_000000001	25315200.0	1	1	0.26793279861774183	0.5358655972354837	0.31688471436118465	0.6337694287223693	1.0	0.3373781442642212	26519998.867174566	13952175.323787281	13952175.323787281	2.1661519800098006e-11	0.06976087659727488	0.3207856786903941	25315200.0	0.105	0.41573823958275075
Saltmarsh_4_000000001	25401600.0	1	1	0.2679327986233281	0.5358655972466562	0.3168847143678086	0.6337694287356171	1.0	0.3373781442642212	26519998.868366506	13952175.32441649	13952175.32441649	2.0096868613705965e-11	0.06976087660198559	0.320785678710491	25401600.0	0.105	0.4157382396087964
Saltmarsh_4_000000001	25488000.0	1	1	0.2679327986285108	0.5358655972570217	0.3168847143739541	0.6337694287479082	1.0	0.3373781442642212	26519998.869472362	13952175.325000254	13952175.325000254	1.8645238131220765e-11	0.06976087660635603	0.3207856787291363	25488000.0	0.105	0.4157382396329607
Saltmarsh_4_000000001	25574400.0	1	1	0.2679327986333192	0.5358655972666384	0.3168847143796557	0.6337694287593114	1.0	0.3373781442642212	26519998.87049834	13952175.32554186	13952175.32554186	1.7298495968987027e-11	0.0697608766104108	0.3207856787464349	25574400.0	0.105	0.4157382396553796
Saltmarsh_4_000000001	25660800.0	1	1	0.26793279863778025	0.5358655972755605	0.3168847143849455	0.633769428769891	1.0	0.3373781442642212	26519998.87145021	13952175.326044343	13952175.326044343	1.604902322149826e-11	0.0697608766141727	0.3207856787624839	25660800.0	0.105	0.4157382396761791
Saltmarsh_4_000000001	25747200.0	1	1	0.2679327986419191	0.5358655972838382	0.31688471438985316	0.6337694287797063	1.0	0.3373781442642212	26519998.872333314	13952175.32651053	13952175.32651053	1.488979772812371e-11	0.06976087661766285	0.32078567877737374	25747200.0	0.105	0.41573823969547635
Saltmarsh_4_000000001	25833600.0	1	1	0.267932798645759	0.535865597291518	0.31688471439440635	0.6337694287888127	1.0	0.3373781442642212	26519998.873152647	13952175.326943044	13952175.326943044	1.3814283050805898e-11	0.06976087662090094	0.32078567879118797	25833600.0	0.105	0.41573823971337964
Saltmarsh_4_000000001	25920000.0	1	1	0.2679327986493215	0.535865597298643	0.3168847143986307	0.6337694287972614	1.0	0.3373781442642212	26519998.873912785	13952175.327344315	13952175.327344315	1.2816470107424038e-11	0.06976087662390511	0.3207856788040045	25920000.0	0.105	0.4157382397299898
Saltmarsh_4_000000001	26006400.0	1	1	0.26793279865262676	0.5358655973052535	0.3168847144025499	0.6337694288050998	1.0	0.3373781442642212	26519998.874618024	13952175.327716608	13952175.327716608	1.1890738393915967e-11	0.0697608766266923	0.32078567881589537	26006400.0	0.105	0.4157382397454004
Saltmarsh_4_000000001	26092800.0	1	1	0.2679327986556932	0.5358655973113864	0.316884714406186	0.633769428812372	1.0	0.3373781442642212	26519998.87527233	13952175.328062002	13952175.328062002	1.1031828228702523e-11	0.06976087662927818	0.3207856788269271	26092800.0	0.105	0.41573823975969754
Saltmarsh_4_000000001	26179200.0	1	1	0.2679327986585382	0.5358655973170764	0.31688471440955945	0.6337694288191189	1.0	0.3373781442642212	26519998.875879366	13952175.328382451	13952175.328382451	1.023500728614124e-11	0.06976087663167725	0.3207856788371622	26179200.0	0.105	0.41573823977296226
Saltmarsh_4_000000001	26265600.0	1	1	0.2679327986611777	0.5358655973223554	0.31688471441268923	0.6337694288253785	1.0	0.3373781442642212	26519998.876442563	13952175.328679752	13952175.328679752	9.495709774043348e-12	0.06976087663390305	0.32078567884665793	26265600.0	0.105	0.41573823978526864
Saltmarsh_4_000000001	26352000.0	1	1	0.2679327986636265	0.535865597327253	0.31688471441559296	0.6337694288311859	1.0	0.3373781442642212	26519998.876965076	13952175.32895558	13952175.32895558	8.809800111642119e-12	0.0697608766359681	0.3207856788554677	26352000.0	0.105	0.41573823979668617
Saltmarsh_4_000000001	26438400.0	1	1	0.2679327986658985	0.535865597331797	0.3168847144182869	0.6337694288365738	1.0	0.3373781442642212	26519998.877449844	13952175.329211483	13952175.329211483	8.173461907290402e-12	0.06976087663788395	0.32078567886364123	26438400.0	0.105	0.4157382398072791
Saltmarsh_4_000000001	26524800.0	1	1	0.26793279866800634	0.5358655973360127	0.3168847144207863	0.6337694288415726	1.0	0.3373781442642212	26519998.877899602	13952175.329448903	13952175.329448903	7.583086936158168e-12	0.06976087663966143	0.32078567887122433	26524800.0	0.105	0.4157382398171068
Saltmarsh_4_000000001	26611200.0	1	1	0.26793279866996195	0.5358655973399239	0.3168847144231051	0.6337694288462102	1.0	0.3373781442642212	26519998.87831688	13952175.32966917	13952175.32966917	7.035330651383731e-12	0.06976087664131052	0.3207856788782597	26611200.0	0.105	0.41573823982622454
Saltmarsh_4_000000001	26697600.0	1	1	0.2679327986717763	0.5358655973435525	0.3168847144252565	0.633769428850513	1.0	0.3373781442642212	26519998.87870401	13952175.329873525	13952175.329873525	6.5271399396493734e-12	0.06976087664284049	0.3207856788847869	26697600.0	0.105	0.4157382398346838
Saltmarsh_4_000000001	26784000.0	1	1	0.26793279867345954	0.5358655973469191	0.31688471442725247	0.6337694288545049	1.0	0.3373781442642212	26519998.87906317	13952175.330063125	13952175.330063125	6.055669854454493e-12	0.06976087664425995	0.32078567889084253	26784000.0	0.105	0.41573823984253194
Saltmarsh_4_000000001	26870400.0	1	1	0.26793279867502123	0.5358655973500425	0.31688471442910426	0.6337694288582085	1.0	0.3373781442642212	26519998.879396386	13952175.330239033	13952175.330239033	5.6182974939034125e-12	0.06976087664557687	0.3207856788964609	26870400.0	0.105	0.41573823984981334
Saltmarsh_4_000000001	26956800.0	1	1	0.26793279867647013	0.5358655973529403	0.3168847144308223	0.6337694288616446	1.0	0.3373781442642212	26519998.87970555	13952175.330402229	13952175.330402229	5.212469345039494e-12	0.06976087664679868	0.32078567890167337	26956800.0	0.105	0.4157382398565687
Saltmarsh_4_000000001	27043200.0	1	1	0.2679327986778144	0.5358655973556288	0.3168847144324162	0.6337694288648325	1.0	0.3373781442642212	26519998.87999237	13952175.33055364	13952175.33055364	4.835978839601296e-12	0.06976087664793222	0.32078567890650933	27043200.0	0.105	0.4157382398628361
Saltmarsh_4_000000001	27129600.0	1	1	0.2679327986790615	0.535865597358123	0.316884714433895	0.63376942886779	1.0	0.3373781442642212	26519998.880258482	13952175.330694105	13952175.330694105	4.486619409327375e-12	0.06976087664898391	0.3207856789109959	27129600.0	0.105	0.4157382398686507
Saltmarsh_4_000000001	27216000.0	1	1	0.2679327986802185	0.535865597360437	0.31688471443526695	0.6337694288705339	1.0	0.3373781442642212	26519998.880505357	13952175.330824431	13952175.330824431	4.1625591862270994e-12	0.0697608766499596	0.3207856789151584	27216000.0	0.105	0.41573823987404535
Saltmarsh_4_000000001	27302400.0	1	1	0.267932798681292	0.535865597362584	0.31688471443653987	0.6337694288730797	1.0	0.3373781442642212	26519998.8807344	13952175.330945347	13952175.330945347	3.861924668946415e-12	0.0697608766508648	0.32078567891902043	27302400.0	0.105	0.4157382398790505
Saltmarsh_4_000000001	27388800.0	1	1	0.2679327986822879	0.5358655973645758	0.3168847144377208	0.6337694288754416	1.0	0.3373781442642212	26519998.880946904	13952175.331057526	13952175.331057526	3.5829533784337286e-12	0.06976087665170468	0.32078567892260335	27388800.0	0.105	0.4157382398836939
Saltmarsh_4_000000001	27475200.0	1	1	0.2679327986832119	0.5358655973664238	0.3168847144388165	0.633769428877633	1.0	0.3373781442642212	26519998.881144058	13952175.331161601	13952175.331161601	3.3241603913936046e-12	0.06976087665248384	0.3207856789259275	27475200.0	0.105	0.4157382398880021
Saltmarsh_4_000000001	27561600.0	1	1	0.26793279868406916	0.5358655973681383	0.316884714439833	0.633769428879666	1.0	0.3373781442642212	26519998.88132697	13952175.331258168	13952175.331258168	3.0840885401062224e-12	0.06976087665320675	0.32078567892901166	27561600.0	0.105	0.4157382398919991
Saltmarsh_4_000000001	27648000.0	1	1	0.2679327986848645	0.535865597369729	0.3168847144407761	0.6337694288815522	1.0	0.3373781442642212	26519998.88149668	13952175.33134775	13952175.33134775	2.861308412427377e-12	0.06976087665387745	0.32078567893187293	27648000.0	0.105	0.4157382398957073
Saltmarsh_4_000000001	27734400.0	1	1	0.26793279868560244	0.5358655973712049	0.31688471444165106	0.6337694288833021	1.0	0.3373781442642212	26519998.881654125	13952175.331430867	13952175.331430867	2.654654274181212e-12	0.06976087665449969	0.3207856789345276	27734400.0	0.105	0.41573823989914777
Saltmarsh_4_000000001	27820800.0	1	1	0.26793279868628705	0.5358655973725741	0.31688471444246286	0.6337694288849257	1.0	0.3373781442642212	26519998.881800197	13952175.331507979	13952175.331507979	2.4628910022528316e-12	0.069760876655077	0.32078567893699056	27820800.0	0.105	0.4157382399023398
Saltmarsh_4_000000001	27907200.0	1	1	0.2679327986869222	0.5358655973738444	0.316884714443216	0.633769428886432	1.0	0.3373781442642212	26519998.88193573	13952175.331579516	13952175.331579516	2.2849638847688425e-12	0.06976087665561262	0.32078567893927556	27907200.0	0.105	0.4157382399053012
Saltmarsh_4_000000001	27993600.0	1	1	0.26793279868751146	0.5358655973750229	0.3168847144439147	0.6337694288878294	1.0	0.3373781442642212	26519998.882061463	13952175.33164589	13952175.33164589	2.1199014765826973e-12	0.06976087665610954	0.3207856789413954	27993600.0	0.105	0.4157382399080485
Saltmarsh_4_000000001	28080000.0	1	1	0.2679327986880582	0.5358655973761164	0.31688471444456295	0.6337694288891259	1.0	0.3373781442642212	26519998.882178113	13952175.331707466	13952175.331707466	1.9667878436990804e-12	0.06976087665657055	0.3207856789433623	28080000.0	0.105	0.41573823991059755
Saltmarsh_4_000000001	28166400.0	1	1	0.2679327986885654	0.5358655973771308	0.31688471444516436	0.6337694288903287	1.0	0.3373781442642212	26519998.882286347	13952175.331764597	13952175.331764597	1.824720929910484e-12	0.06976087665699827	0.32078567894518695	28166400.0	0.105	0.41573823991296227
Saltmarsh_4_000000001	28252800.0	1	1	0.26793279868903597	0.5358655973780719	0.31688471444572236	0.6337694288914447	1.0	0.3373781442642212	26519998.88238675	13952175.331817597	13952175.331817597	1.69292357909967e-12	0.06976087665739507	0.3207856789468799	28252800.0	0.105	0.4157382399151564
Saltmarsh_4_000000001	28339200.0	1	1	0.26793279868947256	0.5358655973789451	0.31688471444624006	0.6337694288924801	1.0	0.3373781442642212	26519998.882479902	13952175.331866777	13952175.331866777	1.570632512937209e-12	0.06976087665776325	0.3207856789484506	28339200.0	0.105	0.415738239917192
Saltmarsh_4_000000001	28425600.0	1	1	0.2679327986898776	0.5358655973797553	0.3168847144467204	0.6337694288934408	1.0	0.3373781442642212	26519998.882566333	13952175.331912404	13952175.331912404	1.4571954753961336e-12	0.06976087665810482	0.3207856789499079	28425600.0	0.105	0.41573823991908065
Saltmarsh_4_000000001	28512000.0	1	1	0.26793279869025344	0.5358655973805069	0.31688471444716604	0.6337694288943321	1.0	0.3373781442642212	26519998.88264652	13952175.331954734	13952175.331954734	1.3519463326616687e-12	0.06976087665842173	0.3207856789512599	28512000.0	0.105	0.41573823992083286
Saltmarsh_4_000000001	28598400.0	1	1	0.2679327986906021	0.5358655973812042	0.31688471444757943	0.6337694288951589	1.0	0.3373781442642212	26519998.88272091	13952175.33199401	13952175.33199401	1.2542883398580784e-12	0.06976087665871576	0.3207856789525142	28598400.0	0.105	0.4157382399224584
Saltmarsh_4_000000001	28684800.0	1	1	0.26793279869092557	0.5358655973818511	0.31688471444796296	0.6337694288959259	1.0	0.3373781442642212	26519998.882789932	13952175.33203044	13952175.33203044	1.16366638547305e-12	0.06976087665898853	0.3207856789536778	28684800.0	0.105	0.41573823992396647
Saltmarsh_4_000000001	28771200.0	1	1	0.26793279869122566	0.5358655973824513	0.31688471444831884	0.6337694288966377	1.0	0.3373781442642212	26519998.882853966	13952175.332064241	13952175.332064241	1.0796363802967335e-12	0.06976087665924158	0.3207856789547575	28771200.0	0.105	0.41573823992536574
Saltmarsh_4_000000001	28857600.0	1	1	0.2679327986915041	0.5358655973830082	0.31688471444864896	0.6337694288972979	1.0	0.3373781442642212	26519998.882913377	13952175.332095603	13952175.332095603	1.0016432128168162e-12	0.06976087665947638	0.32078567895575916	28857600.0	0.105	0.41573823992666387
Saltmarsh_4_000000001	28944000.0	1	1	0.2679327986917624	0.5358655973835248	0.3168847144489553	0.6337694288979105	1.0	0.3373781442642212	26519998.882968493	13952175.332124695	13952175.332124695	9.292705493990638e-13	0.0697608766596942	0.32078567895668847	28944000.0	0.105	0.41573823992786824
Saltmarsh_4_000000001	29030400.0	1	1	0.26793279869200204	0.5358655973840041	0.31688471444923944	0.6337694288984789	1.0	0.3373781442642212	26519998.88301963	13952175.332151694	13952175.332151694	8.621714453482809e-13	0.0697608766598963	0.3207856789575506	29030400.0	0.105	0.4157382399289856
Saltmarsh_4_000000001	29116800.0	1	1	0.2679327986922244	0.5358655973844488	0.3168847144495031	0.6337694288990062	1.0	0.3373781442642212	26519998.883067068	13952175.332176737	13952175.332176737	7.999156892424253e-13	0.06976087666008378	0.3207856789583506	29116800.0	0.105	0.4157382399300224
Saltmarsh_4_000000001	29203200.0	1	1	0.2679327986924307	0.5358655973848614	0.3168847144497477	0.6337694288994954	1.0	0.3373781442642212	26519998.883111086	13952175.332199972	13952175.332199972	7.421008252350703e-13	0.06976087666025776	0.3207856789590927	29203200.0	0.105	0.4157382399309842
Saltmarsh_4_000000001	29289600.0	1	1	0.2679327986926221	0.5358655973852442	0.3168847144499746	0.6337694288999492	1.0	0.3373781442642212	26519998.883151922	13952175.332221527	13952175.332221527	6.88490930933483e-13	0.06976087666041915	0.3207856789597812	29289600.0	0.105	0.4157382399318765
Saltmarsh_4_000000001	29376000.0	1	1	0.2679327986927997	0.5358655973855994	0.3168847144501852	0.6337694289003704	1.0	0.3373781442642212	26519998.88318982	13952175.332241524	13952175.332241524	6.387390616424682e-13	0.06976087666056888	0.32078567896042004	29376000.0	0.105	0.41573823993270437
Saltmarsh_4_000000001	29462400.0	1	1	0.26793279869296444	0.5358655973859289	0.3168847144503805	0.633769428900761	1.0	0.3373781442642212	26519998.883224968	13952175.332260082	13952175.332260082	5.926092949692929e-13	0.0697608766607078	0.32078567896101273	29462400.0	0.105	0.4157382399334725
Saltmarsh_4_000000001	29548800.0	1	1	0.2679327986931173	0.5358655973862346	0.3168847144505617	0.6337694289011234	1.0	0.3373781442642212	26519998.883257583	13952175.3322773	13952175.3322773	5.498101973699931e-13	0.06976087666083669	0.3207856789615626	29548800.0	0.105	0.4157382399341851
Saltmarsh_4_000000001	29635200.0	1	1	0.2679327986932591	0.5358655973865182	0.31688471445072985	0.6337694289014597	1.0	0.3373781442642212	26519998.883287847	13952175.332293266	13952175.332293266	5.100642130884125e-13	0.06976087666095628	0.32078567896207266	29635200.0	0.105	0.41573823993484615
Saltmarsh_4_000000001	29721600.0	1	1	0.26793279869339065	0.5358655973867813	0.31688471445088584	0.6337694289017717	1.0	0.3373781442642212	26519998.88331591	13952175.332308082	13952175.332308082	4.732186864586652e-13	0.06976087666106719	0.32078567896254595	29721600.0	0.105	0.41573823993545955
Saltmarsh_4_000000001	29808000.0	1	1	0.2679327986935127	0.5358655973870254	0.31688471445103056	0.6337694289020611	1.0	0.3373781442642212	26519998.88334196	13952175.33232183	13952175.33232183	4.3903769508801815e-13	0.06976087666117012	0.32078567896298504	29808000.0	0.105	0.41573823993602865
Saltmarsh_4_000000001	29894400.0	1	1	0.26793279869362596	0.5358655973872519	0.3168847144511648	0.6337694289023296	1.0	0.3373781442642212	26519998.883366123	13952175.33233458	13952175.33233458	4.072853165837387e-13	0.06976087666126561	0.32078567896339233	29894400.0	0.105	0.41573823993655645
Saltmarsh_4_000000001	29980800.0	1	1	0.267932798693731	0.535865597387462	0.31688471445128935	0.6337694289025787	1.0	0.3373781442642212	26519998.883388538	13952175.332346406	13952175.332346406	3.778505286433642e-13	0.06976087666135418	0.32078567896377025	29980800.0	0.105	0.4157382399370463
Saltmarsh_4_000000001	30067200.0	1	1	0.26793279869382847	0.5358655973876569	0.31688471445140487	0.6337694289028097	1.0	0.3373781442642212	26519998.883409332	13952175.332357386	13952175.332357386	3.50566797813201e-13	0.06976087666143636	0.3207856789641208	30067200.0	0.105	0.4157382399375006
Saltmarsh_4_000000001	30153600.0	1	1	0.2679327986939189	0.5358655973878378	0.3168847144515121	0.6337694289030242	1.0	0.3373781442642212	26519998.88342863	13952175.33236757	13952175.33236757	3.252537128517474e-13	0.0697608766615126	0.32078567896444615	30153600.0	0.105	0.4157382399379222
Saltmarsh_4_000000001	30240000.0	1	1	0.26793279869400277	0.5358655973880055	0.3168847144516116	0.6337694289032232	1.0	0.3373781442642212	26519998.883446526	13952175.33237702	13952175.33237702	3.0174474030530973e-13	0.06976087666158336	0.32078567896474797	30240000.0	0.105	0.4157382399383134
Saltmarsh_4_000000001	30326400.0	1	1	0.2679327986940806	0.5358655973881612	0.3168847144517039	0.6337694289034078	1.0	0.3373781442642212	26519998.88346313	13952175.332385788	13952175.332385788	2.7995661344704104e-13	0.06976087666164899	0.32078567896502796	30326400.0	0.105	0.4157382399386763
Saltmarsh_4_000000001	30412800.0	1	1	0.26793279869415276	0.5358655973883055	0.3168847144517895	0.633769428903579	1.0	0.3373781442642212	26519998.883478537	13952175.33239392	13952175.33239392	2.5972279882324756e-13	0.06976087666170988	0.3207856789652877	30412800.0	0.105	0.4157382399390129
Saltmarsh_4_000000001	30499200.0	1	1	0.26793279869421976	0.5358655973884395	0.31688471445186894	0.6337694289037379	1.0	0.3373781442642212	26519998.883492824	13952175.332401471	13952175.332401471	2.4098778528269804e-13	0.06976087666176636	0.3207856789655287	30499200.0	0.105	0.4157382399393252
Saltmarsh_4_000000001	30585600.0	1	1	0.26793279869428194	0.5358655973885639	0.3168847144519426	0.6337694289038852	1.0	0.3373781442642212	26519998.88350609	13952175.332408465	13952175.332408465	2.2355728379608308e-13	0.06976087666181877	0.3207856789657523	30585600.0	0.105	0.41573823993961495
Saltmarsh_4_000000001	30672000.0	1	1	0.26793279869433956	0.5358655973886791	0.316884714452011	0.633769428904022	1.0	0.3373781442642212	26519998.883518394	13952175.33241496	13952175.33241496	2.0740353878778706e-13	0.0697608766618674	0.3207856789659596	30672000.0	0.105	0.4157382399398837
Saltmarsh_4_000000001	30758400.0	1	1	0.26793279869439307	0.5358655973887861	0.3168847144520744	0.6337694289041488	1.0	0.3373781442642212	26519998.883529797	13952175.332420984	13952175.332420984	1.9244328353096307e-13	0.06976087666191248	0.32078567896615207	30758400.0	0.105	0.4157382399401331
Saltmarsh_4_000000001	30844800.0	1	1	0.2679327986944427	0.5358655973888854	0.31688471445213323	0.6337694289042665	1.0	0.3373781442642212	26519998.883540396	13952175.332426572	13952175.332426572	1.7852386235972517e-13	0.06976087666195434	0.3207856789663306	30844800.0	0.105	0.41573823994036446
Saltmarsh_4_000000001	30931200.0	1	1	0.26793279869448877	0.5358655973889775	0.31688471445218785	0.6337694289043757	1.0	0.3373781442642212	26519998.883550223	13952175.33243176	13952175.33243176	1.6564527527407336e-13	0.06976087666199315	0.32078567896649635	30931200.0	0.105	0.4157382399405793
Saltmarsh_4_000000001	31017600.0	1	1	0.2679327986945315	0.535865597389063	0.31688471445223854	0.6337694289044771	1.0	0.3373781442642212	26519998.88355934	13952175.332436573	13952175.332436573	1.5365486660812167e-13	0.06976087666202921	0.3207856789666501	31017600.0	0.105	0.4157382399407786
Saltmarsh_4_000000001	31104000.0	1	1	0.26793279869457115	0.5358655973891423	0.3168847144522855	0.633769428904571	1.0	0.3373781442642212	26519998.8835678	13952175.332441038	13952175.332441038	1.425526363618701e-13	0.06976087666206264	0.3207856789667926	31104000.0	0.105	0.4157382399409632
Saltmarsh_4_000000001	31190400.0	1	1	0.2679327986946079	0.5358655973892158	0.3168847144523291	0.6337694289046581	1.0	0.3373781442642212	26519998.883575648	13952175.332445176	13952175.332445176	1.3224144002066396e-13	0.06976087666209364	0.32078567896692484	31190400.0	0.105	0.4157382399411346
Saltmarsh_4_000000001	31276800.0	1	1	0.267932798694642	0.535865597389284	0.31688471445236954	0.6337694289047391	1.0	0.3373781442642212	26519998.88358292	13952175.332449015	13952175.332449015	1.226935220088876e-13	0.06976087666212238	0.32078567896704757	31276800.0	0.105	0.4157382399412937
Saltmarsh_4_000000001	31363200.0	1	1	0.2679327986946736	0.5358655973893472	0.31688471445240707	0.6337694289048141	1.0	0.3373781442642212	26519998.88358967	13952175.332452588	13952175.332452588	1.138533711753098e-13	0.06976087666214909	0.3207856789671614	31363200.0	0.105	0.4157382399414412
Saltmarsh_4_000000001	31449600.0	1	1	0.267932798694703	0.535865597389406	0.3168847144524419	0.6337694289048837	1.0	0.3373781442642212	26519998.883595936	13952175.332455896	13952175.332455896	1.0563772079308364e-13	0.06976087666217384	0.320785678967267	31449600.0	0.105	0.415738239941578
Saltmarsh_4_000000001	31536000.0	1	1	0.26793279869473025	0.5358655973894605	0.3168847144524742	0.6337694289049484	1.0	0.3373781442642212	26519998.883601747	13952175.33245896	13952175.33245896	9.800493749878569e-14	0.0697608766621968	0.32078567896736504	31536000.0	0.105	0.4157382399417051
Saltmarsh_4_000000001	31622400.0	1	1	0.26793279869475556	0.5358655973895111	0.31688471445250416	0.6337694289050083	1.0	0.3373781442642212	26519998.883607145	13952175.33246181	13952175.33246181	9.092726571680032e-14	0.06976087666221813	0.320785678967456	31622400.0	0.105	0.415738239941823
Saltmarsh_4_000000001	31708800.0	1	1	0.26793279869477904	0.5358655973895581	0.31688471445253197	0.6337694289050639	1.0	0.3373781442642212	26519998.88361216	13952175.33246445	13952175.33246445	8.434919429589627e-14	0.0697608766622379	0.32078567896754046	31708800.0	0.105	0.41573823994193243
Saltmarsh_4_000000001	31795200.0	1	1	0.2679327986948008	0.5358655973896016	0.3168847144525578	0.6337694289051156	1.0	0.3373781442642212	26519998.8836168	13952175.332466897	13952175.332466897	7.821521208484228e-14	0.06976087666225626	0.3207856789676188	31795200.0	0.105	0.41573823994203396
Saltmarsh_4_000000001	31881600.0	1	1	0.26793279869482095	0.5358655973896419	0.3168847144525817	0.6337694289051634	1.0	0.3373781442642212	26519998.883621108	13952175.332469177	13952175.332469177	7.258083023486961e-14	0.0697608766622733	0.32078567896769133	31881600.0	0.105	0.415738239942128
Saltmarsh_4_000000001	31968000.0	1	1	0.2679327986948397	0.5358655973896794	0.3168847144526039	0.6337694289052078	1.0	0.3373781442642212	26519998.8836251	13952175.332471285	13952175.332471285	6.734890423132356e-14	0.06976087666228908	0.3207856789677587	31968000.0	0.105	0.4157382399422153
Saltmarsh_4_000000001	32054400.0	1	1	0.2679327986948571	0.5358655973897142	0.3168847144526245	0.633769428905249	1.0	0.3373781442642212	26519998.88362881	13952175.332473237	13952175.332473237	6.245004513516506e-14	0.06976087666230374	0.32078567896782123	32054400.0	0.105	0.4157382399422963
Saltmarsh_4_000000001	32140800.0	1	1	0.2679327986948732	0.5358655973897464	0.3168847144526436	0.6337694289052872	1.0	0.3373781442642212	26519998.88363225	13952175.332475053	13952175.332475053	5.793976409762536e-14	0.06976087666231733	0.32078567896787913	32140800.0	0.105	0.4157382399423713
Saltmarsh_4_000000001	32227200.0	1	1	0.2679327986948881	0.5358655973897762	0.3168847144526613	0.6337694289053226	1.0	0.3373781442642212	26519998.883635443	13952175.332476735	13952175.332476735	5.374867217966539e-14	0.06976087666232993	0.32078567896793286	32227200.0	0.105	0.415738239942441
Saltmarsh_4_000000001	32313600.0	1	1	0.267932798694902	0.535865597389804	0.31688471445267774	0.6337694289053555	1.0	0.3373781442642212	26519998.883638393	13952175.332478296	13952175.332478296	4.989064716909297e-14	0.0697608766623416	0.32078567896798277	32313600.0	0.105	0.4157382399425057
Saltmarsh_4_000000001	32400000.0	1	1	0.2679327986949149	0.5358655973898298	0.316884714452693	0.633769428905386	1.0	0.3373781442642212	26519998.883641146	13952175.332479745	13952175.332479745	4.62685445512534e-14	0.06976087666235246	0.32078567896802906	32400000.0	0.105	0.4157382399425657
Saltmarsh_4_000000001	32486400.0	1	1	0.2679327986949268	0.5358655973898536	0.3168847144527071	0.6337694289054142	1.0	0.3373781442642212	26519998.883643694	13952175.332481086	13952175.332481086	4.29101199017623e-14	0.06976087666236253	0.3207856789680719	32486400.0	0.105	0.41573823994262127
Saltmarsh_4_000000001	32572800.0	1	1	0.2679327986949379	0.5358655973898758	0.31688471445272026	0.6337694289054405	1.0	0.3373781442642212	26519998.883646056	13952175.33248233	13952175.33248233	3.980149543281186e-14	0.06976087666237185	0.32078567896811183	32572800.0	0.105	0.4157382399426729
Saltmarsh_4_000000001	32659200.0	1	1	0.2679327986949482	0.5358655973898964	0.3168847144527324	0.6337694289054648	1.0	0.3373781442642212	26519998.883648258	13952175.332483487	13952175.332483487	3.6914915568786455e-14	0.06976087666238052	0.3207856789681487	32659200.0	0.105	0.4157382399427207
Saltmarsh_4_000000001	32745600.0	1	1	0.26793279869495773	0.5358655973899155	0.3168847144527437	0.6337694289054874	1.0	0.3373781442642212	26519998.883650284	13952175.33248456	13952175.33248456	3.425038030968608e-14	0.06976087666238855	0.320785678968183	32745600.0	0.105	0.4157382399427652
Saltmarsh_4_000000001	32832000.0	1	1	0.26793279869496656	0.5358655973899331	0.3168847144527542	0.6337694289055084	1.0	0.3373781442642212	26519998.883652177	13952175.332485555	13952175.332485555	3.1780134079895106e-14	0.069760876662396	0.3207856789682148	32832000.0	0.105	0.4157382399428064
Saltmarsh_4_000000001	32918400.0	1	1	0.26793279869497477	0.5358655973899495	0.3168847144527639	0.6337694289055278	1.0	0.3373781442642212	26519998.883653924	13952175.332486477	13952175.332486477	2.946254351599009e-14	0.06976087666240292	0.3207856789682443	32918400.0	0.105	0.4157382399428446
Saltmarsh_4_000000001	33004800.0	1	1	0.2679327986949824	0.5358655973899648	0.31688471445277294	0.6337694289055459	1.0	0.3373781442642212	26519998.883655548	13952175.332487334	13952175.332487334	2.7353119769202294e-14	0.06976087666240932	0.3207856789682717	33004800.0	0.105	0.4157382399428802
Saltmarsh_4_000000001	33091200.0	1	1	0.2679327986949894	0.5358655973899789	0.3168847144527813	0.6337694289055626	1.0	0.3373781442642212	26519998.883657057	13952175.332488129	13952175.332488129	2.5354718324877012e-14	0.06976087666241529	0.3207856789682971	33091200.0	0.105	0.4157382399429131
Saltmarsh_4_000000001	33177600.0	1	1	0.267932798694996	0.535865597389992	0.3168847144527891	0.6337694289055782	1.0	0.3373781442642212	26519998.883658454	13952175.332488872	13952175.332488872	2.353672812205332e-14	0.06976087666242083	0.3207856789683207	33177600.0	0.105	0.4157382399429437
Saltmarsh_4_000000001	33264000.0	1	1	0.26793279869500203	0.5358655973900041	0.3168847144527963	0.6337694289055926	1.0	0.3373781442642212	26519998.88365975	13952175.332489556	13952175.332489556	2.1815882433884326e-14	0.06976087666242596	0.32078567896834254	33264000.0	0.105	0.41573823994297193
Saltmarsh_4_000000001	33350400.0	1	1	0.2679327986950077	0.5358655973900154	0.316884714452803	0.633769428905606	1.0	0.3373781442642212	26519998.883660942	13952175.332490195	13952175.332490195	2.027544798721692e-14	0.0697608766624307	0.3207856789683628	33350400.0	0.105	0.41573823994299824
Saltmarsh_4_000000001	33436800.0	1	1	0.2679327986950129	0.5358655973900258	0.3168847144528092	0.6337694289056184	1.0	0.3373781442642212	26519998.883662064	13952175.332490778	13952175.332490778	1.877664690397296e-14	0.0697608766624351	0.32078567896838167	33436800.0	0.105	0.41573823994302267
Saltmarsh_4_000000001	33523200.0	1	1	0.26793279869501774	0.5358655973900355	0.3168847144528149	0.6337694289056298	1.0	0.3373781442642212	26519998.883663103	13952175.332491325	13952175.332491325	1.7416623698807143e-14	0.06976087666243921	0.320785678968399	33523200.0	0.105	0.41573823994304515
Saltmarsh_4_000000001	33609600.0	1	1	0.26793279869502223	0.5358655973900445	0.31688471445282024	0.6337694289056405	1.0	0.3373781442642212	26519998.883664057	13952175.33249183	13952175.33249183	1.6181500583911657e-14	0.06976087666244297	0.32078567896841514	33609600.0	0.105	0.4157382399430661
Saltmarsh_4_000000001	33696000.0	1	1	0.2679327986950264	0.5358655973900528	0.3168847144528252	0.6337694289056504	1.0	0.3373781442642212	26519998.883664943	13952175.332492298	13952175.332492298	1.5001888620247428e-14	0.06976087666244649	0.32078567896843013	33696000.0	0.105	0.41573823994308545
Saltmarsh_4_000000001	33782400.0	1	1	0.2679327986950303	0.5358655973900606	0.3168847144528298	0.6337694289056596	1.0	0.3373781442642212	26519998.88366577	13952175.332492735	13952175.332492735	1.3933298959045715e-14	0.06976087666244975	0.3207856789684441	33782400.0	0.105	0.4157382399431036
Saltmarsh_4_000000001	33868800.0	1	1	0.2679327986950339	0.5358655973900678	0.31688471445283406	0.6337694289056681	1.0	0.3373781442642212	26519998.883666538	13952175.332493143	13952175.332493143	1.2934098236883074e-14	0.06976087666245279	0.3207856789684571	33868800.0	0.105	0.4157382399431204
Saltmarsh_4_000000001	33955200.0	1	1	0.2679327986950372	0.5358655973900744	0.316884714452838	0.633769428905676	1.0	0.3373781442642212	26519998.883667253	13952175.33249352	13952175.33249352	1.1976530878143876e-14	0.06976087666245562	0.3207856789684691	33955200.0	0.105	0.41573823994313597
Saltmarsh_4_000000001	34041600.0	1	1	0.26793279869504033	0.5358655973900807	0.31688471445284166	0.6337694289056833	1.0	0.3373781442642212	26519998.883667912	13952175.332493864	13952175.332493864	1.1088352458443751e-14	0.06976087666245823	0.3207856789684802	34041600.0	0.105	0.41573823994315035
Saltmarsh_4_000000001	34128000.0	1	1	0.2679327986950432	0.5358655973900864	0.31688471445284505	0.6337694289056901	1.0	0.3373781442642212	26519998.883668523	13952175.332494186	13952175.332494186	1.0297318553398327e-14	0.06976087666246064	0.32078567896849053	34128000.0	0.105	0.4157382399431638
Saltmarsh_4_000000001	34214400.0	1	1	0.2679327986950459	0.5358655973900918	0.3168847144528482	0.6337694289056964	1.0	0.3373781442642212	26519998.8836691	13952175.332494484	13952175.332494484	9.547918011776346e-15	0.06976087666246288	0.32078567896850013	34214400.0	0.105	0.4157382399431762
Saltmarsh_4_000000001	34300800.0	1	1	0.2679327986950484	0.5358655973900968	0.31688471445285116	0.6337694289057023	1.0	0.3373781442642212	26519998.883669626	13952175.332494762	13952175.332494762	8.840150833577809e-15	0.06976087666246497	0.32078567896850907	34300800.0	0.105	0.41573823994318776
Saltmarsh_4_000000001	34387200.0	1	1	0.26793279869505066	0.5358655973901013	0.3168847144528539	0.6337694289057078	1.0	0.3373781442642212	26519998.883670118	13952175.33249502	13952175.33249502	8.18789480661053e-15	0.06976087666246691	0.3207856789685173	34387200.0	0.105	0.41573823994319836
Saltmarsh_4_000000001	34473600.0	1	1	0.26793279869505277	0.5358655973901055	0.31688471445285643	0.6337694289057129	1.0	0.3373781442642212	26519998.88367057	13952175.332495265	13952175.332495265	7.632783294297951e-15	0.06976087666246869	0.32078567896852506	34473600.0	0.105	0.41573823994320847
Saltmarsh_4_000000001	34560000.0	1	1	0.26793279869505476	0.5358655973901095	0.31688471445285876	0.6337694289057175	1.0	0.3373781442642212	26519998.88367099	13952175.33249549	13952175.33249549	7.0637939941775585e-15	0.06976087666247038	0.3207856789685321	34560000.0	0.105	0.4157382399432176
Saltmarsh_4_000000001	34646400.0	1	1	0.2679327986950566	0.5358655973901132	0.3168847144528609	0.6337694289057219	1.0	0.3373781442642212	26519998.883671384	13952175.332495697	13952175.332495697	6.564193633096238e-15	0.06976087666247192	0.3207856789685387	34646400.0	0.105	0.4157382399432262
Saltmarsh_4_000000001	34732800.0	1	1	0.2679327986950583	0.5358655973901166	0.3168847144528629	0.6337694289057259	1.0	0.3373781442642212	26519998.883671753	13952175.332495883	13952175.332495883	6.0645932720149176e-15	0.06976087666247335	0.32078567896854476	34732800.0	0.105	0.415738239943234
Saltmarsh_4_000000001	34819200.0	1	1	0.26793279869505987	0.5358655973901197	0.31688471445286476	0.6337694289057295	1.0	0.3373781442642212	26519998.883672085	13952175.332496054	13952175.332496054	5.6066262743570405e-15	0.06976087666247467	0.32078567896855037	34819200.0	0.105	0.4157382399432413
Saltmarsh_4_000000001	34905600.0	1	1	0.2679327986950613	0.5358655973901226	0.3168847144528665	0.633769428905733	1.0	0.3373781442642212	26519998.883672394	13952175.332496224	13952175.332496224	5.23192600354605e-15	0.06976087666247589	0.3207856789685556	34905600.0	0.105	0.41573823994324804
Saltmarsh_4_000000001	34992000.0	1	1	0.2679327986950627	0.5358655973901254	0.3168847144528681	0.6337694289057362	1.0	0.3373781442642212	26519998.883672684	13952175.332496373	13952175.332496373	4.829470157119431e-15	0.06976087666247703	0.3207856789685605	34992000.0	0.105	0.4157382399432544
Saltmarsh_4_000000001	35078400.0	1	1	0.267932798695064	0.535865597390128	0.31688471445286953	0.6337694289057391	1.0	0.3373781442642212	26519998.883672956	13952175.332496509	13952175.332496509	4.454769886308441e-15	0.06976087666247809	0.32078567896856497	35078400.0	0.105	0.4157382399432602
Saltmarsh_4_000000001	35164800.0	1	1	0.26793279869506514	0.5358655973901303	0.3168847144528709	0.6337694289057418	1.0	0.3373781442642212	26519998.88367321	13952175.332496637	13952175.332496637	4.121702978920894e-15	0.06976087666247907	0.3207856789685692	35164800.0	0.105	0.4157382399432657
Saltmarsh_4_000000001	35251200.0	1	1	0.2679327986950662	0.5358655973901324	0.3168847144528722	0.6337694289057444	1.0	0.3373781442642212	26519998.88367344	13952175.332496762	13952175.332496762	3.83026943495679e-15	0.06976087666247999	0.320785678968573	35251200.0	0.105	0.4157382399432706
Saltmarsh_4_000000001	35337600.0	1	1	0.2679327986950672	0.5358655973901344	0.3168847144528734	0.6337694289057468	1.0	0.3373781442642212	26519998.88367365	13952175.332496876	13952175.332496876	3.566591466608315e-15	0.06976087666248082	0.3207856789685766	35337600.0	0.105	0.4157382399432753
Saltmarsh_4_000000001	35424000.0	1	1	0.26793279869506814	0.5358655973901363	0.3168847144528745	0.633769428905749	1.0	0.3373781442642212	26519998.883673843	13952175.332496984	13952175.332496984	3.3306690738754696e-15	0.0697608766624816	0.32078567896858	35424000.0	0.105	0.4157382399432797
Saltmarsh_4_000000001	35510400.0	1	1	0.267932798695069	0.535865597390138	0.3168847144528755	0.633769428905751	1.0	0.3373781442642212	26519998.88367403	13952175.332497079	13952175.332497079	3.0531133177191805e-15	0.06976087666248235	0.32078567896858307	35510400.0	0.105	0.4157382399432836
Saltmarsh_4_000000001	35596800.0	1	1	0.26793279869506975	0.5358655973901395	0.31688471445287647	0.6337694289057529	1.0	0.3373781442642212	26519998.883674197	13952175.332497168	13952175.332497168	2.8449465006019636e-15	0.069760876662483	0.3207856789685859	35596800.0	0.105	0.41573823994328735
Saltmarsh_4_000000001	35683200.0	1	1	0.26793279869507053	0.5358655973901411	0.31688471445287736	0.6337694289057547	1.0	0.3373781442642212	26519998.883674353	13952175.33249725	13952175.33249725	2.6506574712925612e-15	0.06976087666248361	0.3207856789685887	35683200.0	0.105	0.41573823994329095
Saltmarsh_4_000000001	35769600.0	1	1	0.2679327986950712	0.5358655973901424	0.3168847144528782	0.6337694289057564	1.0	0.3373781442642212	26519998.883674506	13952175.33249733	13952175.33249733	2.42861286636753e-15	0.06976087666248422	0.3207856789685911	35769600.0	0.105	0.4157382399432941
Saltmarsh_4_000000001	35856000.0	1	1	0.26793279869507186	0.5358655973901437	0.31688471445287897	0.6337694289057579	1.0	0.3373781442642212	26519998.883674636	13952175.332497403	13952175.332497403	2.275957200481571e-15	0.06976087666248475	0.3207856789685935	35856000.0	0.105	0.41573823994329717
Saltmarsh_4_000000001	35942400.0	1	1	0.26793279869507247	0.5358655973901449	0.3168847144528797	0.6337694289057594	1.0	0.3373781442642212	26519998.883674767	13952175.332497474	13952175.332497474	2.095545958979983e-15	0.06976087666248527	0.3207856789685957	35942400.0	0.105	0.4157382399433001
Saltmarsh_4_000000001	36028800.0	1	1	0.267932798695073	0.535865597390146	0.3168847144528803	0.6337694289057606	1.0	0.3373781442642212	26519998.883674894	13952175.332497535	13952175.332497535	1.915134717478395e-15	0.06976087666248576	0.3207856789685976	36028800.0	0.105	0.4157382399433025
Saltmarsh_4_000000001	36115200.0	1	1	0.2679327986950735	0.535865597390147	0.3168847144528809	0.6337694289057618	1.0	0.3373781442642212	26519998.883675	13952175.33249759	13952175.33249759	1.790234627208065e-15	0.06976087666248616	0.32078567896859944	36115200.0	0.105	0.41573823994330483
Saltmarsh_4_000000001	36201600.0	1	1	0.26793279869507397	0.5358655973901479	0.31688471445288147	0.6337694289057629	1.0	0.3373781442642212	26519998.883675095	13952175.332497647	13952175.332497647	1.6653345369377348e-15	0.06976087666248657	0.32078567896860105	36201600.0	0.105	0.415738239943307
