plant	time	x	y	r_ag	h_ag	r_bg	h_bg	aboveground_resources	belowground_resources	res_ag	res_bg	res_eff	grow	maint	volume	age	salinity	transpiration
Saltmarsh_3_000000001	0.0	1	1	0.05	0.1	0.05	0.1	NaN	NaN	NaN	NaN	NaN	NaN	NaN	NaN	NaN	NaN	NaN
Saltmarsh_3_000000001	86400.0	1	1	0.0670345896442419	0.1340691792884838	0.07045207875312812	0.14090415750625623	1.0	0.6106392741203308	923552.841931713	563957.6370089499	563957.6370089499	0.0025190397504054143	0.00030074843463933525	0.004089836077200313	86400.0	0.07	0.005300427556051606
Saltmarsh_3_000000001	172800.0	1	1	0.08667693716990892	0.17335387433981783	0.09267243174985251	0.18534486349970503	1.0	0.6106392741203308	1660044.1964874163	1157099.506641265	1157099.506641265	0.005002447702258968	0.0007830498309473572	0.009092283779459283	172800.0	0.07	0.01178359977817923
Saltmarsh_3_000000001	259200.0	1	1	0.10736511845808176	0.21473023691616352	0.11556937266488598	0.23113874532977197	1.0	0.6106392741203308	2775420.8951640674	2024672.6749649926	2024672.6749649926	0.008382532900928618	0.001740830473896345	0.01747481668038791	259200.0	0.07	0.022647362417782733
Saltmarsh_3_000000001	345600.0	1	1	0.1282573889779586	0.2565147779559172	0.13848045968440684	0.2769609193688137	1.0	0.6106392741203308	4258416.692822103	3162626.7168064415	3162626.7168064415	0.012467363242845106	0.003345770341187102	0.029942179923233017	345600.0	0.07	0.038805065180509996
Saltmarsh_3_000000001	432000.0	1	1	0.14888499214921383	0.29776998429842766	0.1610020246700595	0.322004049340119	1.0	0.6106392741203308	6076962.120476863	4549894.831260922	4549894.831260922	0.017016672526970603	0.005732801629334009	0.04695885245020364	432000.0	0.07	0.060858672775463925
Saltmarsh_3_000000001	518400.0	1	1	0.16897617665933146	0.3379523533186629	0.18288670253617542	0.36577340507235084	1.0	0.6106392741203308	8188862.6171213845	6156371.6314553395	6156371.6314553395	0.02179100356591483	0.008990854591361869	0.0687498560161185	518400.0	0.07	0.08909981339688956
Saltmarsh_3_000000001	604800.0	1	1	0.18837153249146965	0.3767430649829393	0.20398490304600728	0.40796980609201455	1.0	0.6106392741203308	10548062.611220278	7948232.711886542	7948232.711886542	0.026578151126932226	0.013163012432500485	0.0953280071430507	604800.0	0.07	0.12354509725739372
Saltmarsh_3_000000001	691200.0	1	1	0.20697989643431278	0.41395979286862555	0.22421010265565305	0.4484202053113061	1.0	0.6106392741203308	13108478.386865078	9891201.862732738	9891201.862732738	0.031204280278838065	0.01825172903482563	0.1265322874218888	691200.0	0.07	0.16398584449876788
Saltmarsh_3_000000001	777600.0	1	1	0.2247534491684271	0.4495068983368542	0.2435174108457341	0.4870348216914682	1.0	0.6106392741203308	15826251.792490585	11952450.326420207	11952450.326420207	0.03553607620481639	0.02422617542728464	0.16206836362670518	777600.0	0.07	0.21004059926020993
Saltmarsh_3_000000001	864000.0	1	1	0.2416727253129823	0.4833454506259646	0.26188986875177	0.52377973750354	1.0	0.6106392741203308	18660981.01542293	14101629.897900749	14101629.897900749	0.039478151625462074	0.03102999786404168	0.2015465152521673	864000.0	0.07	0.2612042837668088
Saltmarsh_3_000000001	950400.0	1	1	0.2577371441805965	0.515474288361193	0.2793294334692099	0.5586588669384198	1.0	0.6106392741203308	21576302.363714058	16311368.255813044	16311368.255813044	0.04296826175724866	0.03858857952181656	0.244514777009416	950400.0	0.07	0.3168911510042032
Saltmarsh_3_000000001	1036800.0	1	1	0.27295880358523933	0.5459176071704787	0.2958509000625186	0.5917018001250371	1.0	0.6106392741203308	24540068.152883325	18557434.558683492	18557434.558683492	0.045971786751729846	0.04681538604168761	0.2904865637611459	1036800.0	0.07	0.3764705866344451
Saltmarsh_3_000000001	1123200.0	1	1	0.2873582948919124	0.5747165897838248	0.311477720611907	0.622955441223814	1.0	0.6106392741203308	27524279.050293513	20818706.336484287	20818706.336484287	0.048476277016959425	0.05561725466546202	0.33896284077810535	1123200.0	0.07	0.43929584164842456
Saltmarsh_3_000000001	1209600.0	1	1	0.3009618180753317	0.6019236361506634	0.3262390804066188	0.6524781608132376	1.0	0.6106392741203308	30504872.6587516	23077020.424132682	23077020.424132682	0.0504864631144695	0.06489863900619391	0.3894493038925749	1209600.0	0.07	0.5047262978447771
Saltmarsh_3_000000001	1296000.0	1	1	0.3137991590250307	0.6275983180500614	0.34016782640635856	0.6803356528127171	1.0	0.6106392741203308	33461433.614877004	25316960.369286366	25316960.369286366	0.052019903444830096	0.07456489840160174	0.44146920733740513	1296000.0	0.07	0.572144092709277
Saltmarsh_3_000000001	1382400.0	1	1	0.32590225353983704	0.6518045070796741	0.3532989851479868	0.7065979702959736	1.0	0.6106392741203308	36376866.90460982	27525613.542904504	27525613.542904504	0.05310331375160532	0.0845247539629172	0.4945725210890105	1382400.0	0.07	0.6409659873313576
Saltmarsh_3_000000001	1468800.0	1	1	0.33730415916080997	0.6746083183216199	0.36566869551337217	0.7313373910267443	1.0	0.6106392741203308	39237060.79654464	29692318.882947076	29692318.882947076	0.053769552552982824	0.09469204186175256	0.5483420736419934	1468800.0	0.07	0.7106513274400235
Saltmarsh_3_000000001	1555200.0	1	1	0.34803831567713467	0.6960766313542693	0.37731343795487443	0.7546268759097489	1.0	0.6106392741203308	42030555.800984785	31808418.247642294	31808418.247642294	0.05405520179773869	0.10498688944047278	0.6023972754397322	1555200.0	0.07	0.7807068689698929
Saltmarsh_3_000000001	1641600.0	1	1	0.3581380130852732	0.7162760261705464	0.38826947835835596	0.7765389567167119	1.0	0.6106392741203308	44748229.50628146	33867019.17230507	33867019.17230507	0.05399866775237315	0.11533642810915219	0.6563959431921053	1641600.0	0.07	0.8506891423769685
Saltmarsh_3_000000001	1728000.0	1	1	0.367636010536858	0.735272021073716	0.3985724690407089	0.7971449380814178	1.0	0.6106392741203308	47383002.83473421	35862773.434220925	35862773.434220925	0.0536387245372805	0.12567514263382412	0.7100346677293856	1728000.0	0.07	0.9202049293772838
Saltmarsh_3_000000001	1814400.0	1	1	0.3765642663317656	0.7531285326635312	0.4082571658496501	0.8165143316993002	1.0	0.6106392741203308	49929570.4349754	37791673.61528735	37791673.61528735	0.05301342650976601	0.13594494156667072	0.7630480942391518	1814400.0	0.07	0.9889103301339406
Saltmarsh_3_000000001	1900800.0	1	1	0.38495375026330825	0.7699075005266165	0.41735723168388594	0.8347144633677719	1.0	0.6106392741203308	52384156.09088159	39650868.415024094	39650868.415024094	0.05215932263666628	0.14609501943845418	0.8152074168758181	1900800.0	0.07	1.0565088122710604
Saltmarsh_3_000000001	1987200.0	1	1	0.3928343174235784	0.7856686348471568	0.42590510469828446	0.8518102093965689	1.0	0.6106392741203308	54744292.85300301	41438496.54862435	41438496.54862435	0.051110914210277136	0.15608156853284463	0.8663183310860951	1987200.0	0.07	1.1227485570875793
Saltmarsh_3_000000001	2073600.0	1	1	0.4002346280749186	0.8004692561498372	0.43393191510353496	0.8678638302070699	1.0	0.6106392741203308	57008626.87073928	43153538.49512565	43153538.49512565	0.04990030564188988	0.1658673868337384	0.916218636727985	2073600.0	0.07	1.1874193531994686
Saltmarsh_3_000000001	2160000.0	1	1	0.4071821021255492	0.8143642042510983	0.4414674385333684	0.8829348770667368	1.0	0.6106392741203308	59176743.47651061	44795685.02537192	44795685.02537192	0.04855700601419144	0.17542141911266815	0.9647756427421765	2160000.0	0.07	1.2503492329938608
Saltmarsh_3_000000001	2246400.0	1	1	0.4137028995971731	0.8274057991943462	0.44854007691362846	0.8970801538272569	1.0	0.6106392741203308	61249013.84832336	46365221.26114149	46365221.26114149	0.047107846284747734	0.1847182600209597	1.0118834890269244	2246400.0	0.07	1.3114010017788942
Saltmarsh_3_000000001	2332800.0	1	1	0.419821920562816	0.839643841125632	0.4551768599496338	0.9103537198992676	1.0	0.6106392741203308	63226460.48703824	47862924.943164594	47862924.943164594	0.04557698338635438	0.1937376413294686	1.0574604724132786	2332800.0	0.07	1.370468772247609
Saltmarsh_3_000000001	2419200.0	1	1	0.42556281958341924	0.8511256391668385	0.461403461972831	0.922806923945662	1.0	0.6106392741203308	65110639.74306929	49289977.58083064	49289977.58083064	0.043985967950773114	0.2024639199533801	1.1014464403640518	2419200.0	0.07	1.4274745867118113
Saltmarsh_3_000000001	2505600.0	1	1	0.4309480308327992	0.8618960616655984	0.46724423010849747	0.9344884602169949	1.0	0.6106392741203308	66903539.682338	50647887.195509754	50647887.195509754	0.04235385703399053	0.21088557894355825	1.1438002973980423	2505600.0	0.07	1.482365185427863
Saltmarsh_3_000000001	2592000.0	1	1	0.43599880097801746	0.8719976019560349	0.47272222065137665	0.9454444413027533	1.0	0.6106392741203308	68607491.67115462	51938421.435618915	51938421.435618915	0.04069735711755165	0.21899475006054295	1.184497654515594	2592000.0	0.07	1.5351089602522099
Saltmarsh_3_000000001	2678400.0	1	1	0.4407352275506319	0.8814704551012638	0.4778592412425882	0.9557184824851764	1.0	0.6106392741203308	70225094.16924782	53163549.92320833	53163549.92320833	0.03903098588811518	0.22678676372792647	1.2235286404037091	2678400.0	0.07	1.585693117963207
Saltmarsh_3_000000001	2764800.0	1	1	0.4451763010571875	0.890352602114375	0.48267589698436025	0.9653517939687205	1.0	0.6106392741203308	71759147.33915184	54325394.78100209	54325394.78100209	0.037367243944579354	0.2342597299604311	1.2608958843482885	2764800.0	0.07	1.6341210661153818
Saltmarsh_3_000000001	2851200.0	1	1	0.44933994947338246	0.8986798989467649	0.4871916390493678	0.9743832780987356	1.0	0.6106392741203308	73212597.20167673	55426188.38015315	55426188.38015315	0.035716789733320015	0.24141415216744574	1.2966126740816084	2851200.0	0.07	1.6804100256097645
Saltmarsh_3_000000001	2937600.0	1	1	0.45324308407394015	0.9064861681478803	0.49142481466832744	0.9828496293366549	1.0	0.6106392741203308	74588488.18667205	56468237.438942745	56468237.438942745	0.03408861274463118	0.24825257445008256	1.3307012868262396	2937600.0	0.07	1.7245888677268064
Saltmarsh_3_000000001	3024000.0	1	1	0.45690164579026954	0.9138032915805391	0.4953927176349269	0.9907854352698539	1.0	0.6106392741203308	75889923.04283503	57453892.68900947	57453892.68900947	0.032490201386207174	0.2547792620588402	1.363191488212447	3024000.0	0.07	1.7666961687233314
Saltmarsh_3_000000001	3110400.0	1	1	0.4603306514761151	0.9206613029522303	0.4991116386675664	0.9982232773351328	1.0	0.6106392741203308	77120029.17814857	58385523.40706561	58385523.40706561	0.03092770304260123	0.2609999139927268	1.3941191912550481	3110400.0	0.07	1.8067784718665425
Saltmarsh_3_000000001	3196800.0	1	1	0.463544239609316	0.927088479218632	0.5025969151251187	1.0051938302502375	1.0	0.6106392741203308	78281930.60270779	59265496.185697906	59265496.185697906	0.029406074684738992	0.26692140624375055	1.4235252659397872	3196800.0	0.07	1.8448887446579643
Saltmarsh_3_000000001	3283200.0	1	1	0.4665557150744144	0.9331114301488288	0.5058629796983714	1.0117259593967427	1.0	0.6106392741203308	79378724.73779385	60096157.38642688	60096157.38642688	0.027929223054664498	0.2725515638774699	1.4514544889944516	3283200.0	0.07	1.8810850177368093
Saltmarsh_3_000000001	3369600.0	1	1	0.46937759276296476	0.9387551855259295	0.508923407797183	1.017846815594366	1.0	0.6106392741203308	80413463.43905047	60879818.78167873	60879818.78167873	0.026500133954742378	0.27789895995365127	1.477954622949194	3369600.0	0.07	1.9154291913421555
Saltmarsh_3_000000001	3456000.0	1	1	0.4720216398012211	0.9440432796024422	0.5117909634312059	1.0235819268624118	1.0	0.6106392741203308	81389137.65772568	61618745.94985638	61618745.94985638	0.02512099054833411	0.2829727392009478	1.5030756134975278	3456000.0	0.07	1.947985995092796
Saltmarsh_3_000000001	3542400.0	1	1	0.47449891627246493	0.9489978325449299	0.5144776434435805	1.028955286887161	1.0	0.6106392741203308	82308665.2325273	62315149.03955691	62315149.03955691	0.023793280856075516	0.28778246434170907	1.5268688943536033	3542400.0	0.07	1.97882208708227
Saltmarsh_3_000000001	3628800.0	1	1	0.4768198143467228	0.9536396286934457	0.5169947200056546	1.0339894400113092	1.0	0.6106392741203308	83174881.36617495	62971175.56551852	62971175.56551852	0.022517894829305274	0.29233798299828734	1.549386789182909	3628800.0	0.07	2.00800527878105
Saltmarsh_3_000000001	3715200.0	1	1	0.4789940957664812	0.9579881915329624	0.5193527813191261	1.0387055626382522	1.0	0.6106392741203308	83990531.39572413	63588904.940475725	63588904.940475725	0.021295211517124824	0.2966493131852538	1.5706820007000335	3715200.0	0.07	2.0356038729072434
Saltmarsh_3_000000001	3801600.0	1	1	0.48103092766517047	0.9620618553303409	0.5215617705021366	1.0431235410042732	1.0	0.6106392741203308	84758265.51472504	64170344.48415917	64170344.48415917	0.020125176929965738	0.3007265454908301	1.5908071776299995	3801600.0	0.07	2.0616861022084794
Saltmarsh_3_000000001	3888000.0	1	1	0.48293891671719663	0.9658778334343933	0.5236310226593764	1.0472620453187529	1.0	0.6106392741203308	85480635.14878656	64717426.68359274	64717426.68359274	0.019007373251697712	0.304579760166266	1.6098145508816968	3888000.0	0.07	2.086319657942679
Saltmarsh_3_000000001	3974400.0	1	1	0.4847261416353693	0.9694522832707386	0.5255693001545141	1.0511386003090282	1.0	0.6106392741203308	86160090.72466026	65232007.50800339	65232007.50800339	0.01794108007328521	0.3082189574667318	1.6277556309549819	3974400.0	0.07	2.1095712977176566
Saltmarsh_3_000000001	4060800.0	1	1	0.48640018404467356	0.9728003680893471	0.5273848261172583	1.0547696522345167	1.0	0.6106392741203308	86798980.60702522	65715865.60743667	65715865.60743667	0.01692532832102822	0.31165399971615515	1.6446809592760103	4060800.0	0.07	2.1315065232217094
Saltmarsh_3_000000001	4147200.0	1	1	0.48796815777124763	0.9759363155424953	0.5290853162279499	1.0581706324558997	1.0	0.6106392741203308	87399551.0071975	66170702.24690471	66170702.24690471	0.015958947537236368	0.3148945636972872	1.6606399068132465	4147200.0	0.07	2.1521893192299677
Saltmarsh_3_000000001	4233600.0	1	1	0.489436736592778	0.978873473185556	0.5306780088304136	1.0613560176608272	1.0	0.6106392741203308	87963946.69443376	66598141.84790645	66598141.84790645	0.015040607145291707	0.3179501020942405	1.675680513958538	4233600.0	0.07	2.171681946090265
Saltmarsh_3_000000001	4320000.0	1	1	0.4908121805018133	0.9816243610036266	0.5321696934294322	1.0643393868588644	1.0	0.6106392741203308	88494212.36373022	66999733.026742056	66999733.026742056	0.014168852297975099	0.3208298128357352	1.6898493662565128	4320000.0	0.07	2.1900447786684407
Saltmarsh_3_000000001	4406400.0	1	1	0.49210036053713896	0.9842007210742779	0.5335667376330624	1.0671334752661248	1.0	0.6106392741203308	88992294.5343936	67376950.0344629	67376950.0344629	0.013342134870363564	0.32354261530195094	1.7031915011268766	4406400.0	0.07	2.207336185460432
Saltmarsh_3_000000001	4492800.0	1	1	0.49330678224066987	0.9866135644813397	0.5348751126024545	1.069750225204909	1.0	0.6106392741203308	89460043.8714982	67731194.51680063	67731194.51680063	0.012558840118648662	0.3260971324653545	1.715750341245525	4492800.0	0.07	2.2236124422542005
Saltmarsh_3_000000001	4579200.0	1	1	0.4944366077985822	0.9888732155971643	0.5361004170731494	1.0722008341462987	1.0	0.6106392741203308	89899217.83793412	68063797.52421641	68063797.52421641	0.011817309485394889	0.3285016781356872	1.7275676507309203	4579200.0	0.07	2.2389276753472727
Saltmarsh_3_000000001	4665600.0	1	1	0.4954946769258309	0.9909893538516618	0.5372479000122378	1.0744958000244755	1.0	0.6106392741203308	90311483.59835395	68376021.71251038	68376021.71251038	0.011115859991248145	0.33076424857130377	1.7386835107221683	4665600.0	0.07	2.2533338298959302
Saltmarsh_3_000000001	4752000.0	1	1	0.49648552655296535	0.9929710531059307	0.5383224819754763	1.0766449639509525	1.0	0.6106392741203308	90698421.10817575	68669063.68339701	68669063.68339701	0.010452800613693025	0.33289251780329204	1.7491363113358613	4752000.0	0.07	2.2668806594912763
Saltmarsh_3_000000001	4838400.0	1	1	0.4974134093734045	0.994826818746809	0.5393287752276068	1.0786575504552136	1.0	0.6106392741203308	91061526.33110319	68944056.42225437	68944056.42225437	0.00982644601576066	0.3348938360955112	1.7589627573516227	4838400.0	0.07	2.279615733527703
Saltmarsh_3_000000001	4924800.0	1	1	0.4982823113081858	0.9965646226163716	0.5402711026878536	1.0805422053757072	1.0	0.6106392741203308	91402214.53756848	69202071.79702309	69202071.79702309	0.00923512795195608	0.3367752310331594	1.7681978853035782	4924800.0	0.07	2.2915844593534374
Saltmarsh_3_000000001	5011200.0	1	1	0.4990959679437497	0.9981919358874994	0.5411535157609766	1.0823070315219532	1.0	0.6106392741203308	91721823.64425366	69444123.08809802	69444123.08809802	0.008677204645342274	0.3385434107951478	1.7768750899489205	5011200.0	0.07	2.302830116573801
Saltmarsh_3_000000001	5097600.0	1	1	0.4998578799966445	0.999715759993289	0.5419798111124198	1.0839596222248395	1.0	0.6106392741203308	92021617.56154726	69671167.5241292	69671167.5241292	0.008151068398809747	0.34020476922183623	1.7850261583477298	5097600.0	0.07	2.313393901218658
Saltmarsh_3_000000001	5184000.0	1	1	0.5005713278571962	1.0011426557143923	0.542753546444086	1.085507092888172	1.0	0.6106392741203308	92302789.52157691	69884108.8030239	69884108.8030239	0.007655151675083127	0.3417653923400364	1.7926813100228127	5184000.0	0.07	2.323314977789565
Saltmarsh_3_000000001	5270400.0	1	1	0.5012393852622399	1.0024787705244798	0.5434780553251392	1.0869561106502783	1.0	0.6106392741203308	92566465.36443922	70083799.58121537	70083799.58121537	0.007187931853965102	0.34323106605211173	1.7998692418767774	5270400.0	0.07	2.3326305374723035
Saltmarsh_3_000000001	5356800.0	1	1	0.5018649321449877	1.0037298642899755	0.5441564611300338	1.0883129222600676	1.0	0.6106392741203308	92813706.76452592	70271043.91749817	70271043.91749817	0.006747934851582593	0.3446072847359083	1.80661717672836	5356800.0	0.07	2.3413758610399547
Saltmarsh_3_000000001	5443200.0	1	1	0.5024506667080503	1.0049013334161006	0.5447916901337327	1.0895833802674655	1.0	0.6106392741203308	93045514.38251156	70446599.6605078	70446599.6605078	0.006333737764903036	0.345899260537636	1.8129509144932636	5443200.0	0.07	2.34958438518327
Saltmarsh_3_000000001	5529600.0	1	1	0.5029991167635661	1.0059982335271322	0.5453864838118249	1.0907729676236497	1.0	0.6106392741203308	93262830.93169852	70611180.77129155	70611180.77129155	0.005943970685382716	0.3471119331710751	1.8188948851786466	5529600.0	0.07	2.357287771191526
Saltmarsh_3_000000001	5616000.0	1	1	0.5035126503823357	1.0070253007646714	0.5459434103910186	1.0918868207820371	1.0	0.6106392741203308	93466544.15008382	70765459.57443579	70765459.57443579	0.005577317808150795	0.34824998006402813	1.8244722029867972	5616000.0	0.07	2.3645159750708893
Saltmarsh_3_000000001	5702400.0	1	1	0.5039934858918296	1.0079869717836591	0.5464648756932843	1.0929297513865686	1.0	0.6106392741203308	93657489.67177387	70910068.93292946	70910068.93292946	0.005232517947507953	0.34931782671713935	1.8297047209343051	5702400.0	0.07	2.3712973183308597
Saltmarsh_3_000000001	5788800.0	1	1	0.504443701260956	1.008887402521912	0.5469531333147598	1.0939062666295196	1.0	0.6106392741203308	93836453.79328693	71045604.34339029	71045604.34339029	0.004908364555539169	0.3503196571614123	1.8346130854898448	5788800.0	0.07	2.377658558794839
Saltmarsh_3_000000001	5875200.0	1	1	0.5048652429075365	1.009730485815073	0.5474102941784295	1.094820588356859	1.0	0.6106392741203308	94004176.13189197	71172625.94949836	71172625.94949836	0.004603705328200924	0.35125942441929087	1.8392167908180457	5875200.0	0.07	2.383624960900187
Saltmarsh_3_000000001	5961600.0	1	1	0.505259933962563	1.010519867925126	0.5478383354975499	1.0956766709950998	1.0	0.6106392741203308	94161352.17447868	71291660.47250117	71291660.47250117	0.004317441472184824	0.35214086089032104	1.8435342322902302	5961600.0	0.07	2.3892203650481383
Saltmarsh_3_000000001	6048000.0	1	1	0.505629482023493	1.011258964046986	0.5482391091848255	1.096478218369651	1.0	0.6106392741203308	94308635.71657398	71403203.05850168	71403203.05850168	0.004048526696063426	0.35296748859644494	1.8475827589862932	6048000.0	0.07	2.394467255646236
Saltmarsh_3_000000001	6134400.0	1	1	0.5059754864271003	1.0119509728542007	0.5486143497404411	1.0972286994808822	1.0	0.6106392741203308	94446641.19204322	71507719.04293993	71507719.04293993	0.0037959659805624213	0.35374262923413724	1.8513787249668556	6134400.0	0.07	2.399386827557045
Saltmarsh_3_000000001	6220800.0	1	1	0.506299445070715	1.01259889014143	0.548965681650239	1.097931363300478	1.0	0.6106392741203308	94575945.89477147	71605645.6332516	71605645.6332516	0.00355881417516396	0.3544694139910941	1.8549375391420195	6220800.0	0.07	2.4039990507280575
Saltmarsh_3_000000001	6307200.0	1	1	0.5066027608090884	1.0132055216181768	0.5492946263235873	1.0985892526471746	1.0	0.6106392741203308	94697092.09423134	71697393.5111495	71697393.5111495	0.003336174461522512	0.355150793094225	1.858273713603542	6307200.0	0.07	2.408322732830191
Saltmarsh_3_000000001	6393600.0	1	1	0.5068867474525808	1.0137734949051616	0.5496026085988186	1.0992052171976372	1.0	0.6106392741203308	94810589.04733272	71783348.35634348	71783348.35634348	0.003127196718270553	0.35578954506344684	1.8614009103218123	6393600.0	0.07	2.412375579777069
Saltmarsh_3_000000001	6480000.0	1	1	0.5071526353909092	1.0143052707818183	0.5498909628425338	1.0997819256850676	1.0	0.6106392741203308	94916914.90933163	71863872.2938045	71863872.2938045	0.0029310758166235518	0.35638828565239894	1.8643319861384362	6480000.0	0.07	2.4161742540354134
Saltmarsh_3_000000001	6566400.0	1	1	0.5074015768652987	1.0148031537305975	0.5501609386675522	1.1003218773351044	1.0	0.6106392741203308	95016518.54687013	71939305.26689932	71939305.26689932	0.002747049871664853	0.35694947646283176	1.8670790360101013	6566400.0	0.07	2.419734430669091
Saltmarsh_3_000000001	6652800.0	1	1	0.5076346509105604	1.0152693018211207	0.5504137062928542	1.1008274125857085	1.0	0.6106392741203308	95109821.2564337	72009966.33888787	72009966.33888787	0.002574398470258976	0.3574754332241804	1.8696534344803601	6652800.0	0.07	2.423070851086547
Saltmarsh_3_000000001	6739200.0	1	1	0.5078528679873571	1.0157057359747141	0.5506503615674992	1.1013007231349985	1.0	0.6106392741203308	95197218.39166905	72076154.92538951	72076154.92538951	0.002412440893095058	0.3579683337338525	1.8720658753734556	6739200.0	0.07	2.426197374483998
Saltmarsh_3_000000001	6825600.0	1	1	0.5080571743237321	1.0161143486474642	0.5508719306792057	1.1017438613584114	1.0	0.6106392741203308	95279080.90309982	72138151.96050005	72138151.96050005	0.0022605343453975246	0.35843022545710274	1.8743264097188534	6825600.0	0.07	2.429127026995634
Saltmarsh_3_000000001	6912000.0	1	1	0.5082484559838439	1.0164969119676879	0.5510793745670609	1.1021587491341218	1.0	0.6106392741203308	95355756.79383421	72196220.99928106	72196220.99928106	0.0021180722082503323	0.358863032788155	1.8764444819271036	6912000.0	0.07	2.4318720485775263
Saltmarsh_3_000000001	6998400.0	1	1	0.5084275426807827	1.0168550853615654	0.5512735930566643	1.1025471861133287	1.0	0.6106392741203308	95427572.49487332	72250609.25935581	72250609.25935581	0.0019844823202592177	0.35926856397651985	1.8784289642473624	6998400.0	0.07	2.434443937664582
Saltmarsh_3_000000001	7084800.0	1	1	0.5085952113493364	1.0171904226986728	0.5514554287349149	1.1029108574698299	1.0	0.6106392741203308	95494834.16361354	72301548.60433346	72301548.60433346	0.001859225297353162	0.35964851772431417	1.8802881895447148	7084800.0	0.07	2.4368534936499504
Saltmarsh_3_000000001	7171200.0	1	1	0.5087521894936172	1.0175043789872344	0.5516256705806182	1.1032513411612364	1.0	0.6106392741203308	95557828.90909673	72349256.47175328	72349256.47175328	0.001741792896880423	0.360004489461886	1.8820299824415958	7171200.0	0.07	2.4391108572443083
Saltmarsh_3_000000001	7257600.0	1	1	0.508899158323562	1.017798316647124	0.5517850573661112	1.1035701147322223	1.0	0.6106392741203308	95616825.94749983	72393936.74819423	72393936.74819423	0.0016317064307453943	0.36033797731022577	1.8836616888723414	7257600.0	0.07	2.441225548778555
Saltmarsh_3_000000001	7344000.0	1	1	0.5090367556934682	1.0180735113869364	0.5519342808441827	1.1038685616883654	1.0	0.6106392741203308	95672077.69127858	72435780.59413566	72435780.59413566	0.0015285152311264594	0.3606503877395518	1.8851902041034678	7344000.0	0.07	2.4432065045180944
Saltmarsh_3_000000001	7430400.0	1	1	0.5091655788549271	1.0183311577098542	0.5520739887336962	1.1041479774673923	1.0	0.6106392741203308	95723820.77529003	72474967.22108802	72474967.22108802	0.0014317951713003207	0.3609430409341398	1.8866219992747686	7430400.0	0.07	2.4450621110601003
Saltmarsh_3_000000001	7516800.0	1	1	0.5092861870357611	1.0185723740715222	0.5522047875165029	1.1044095750330059	1.0	0.6106392741203308	95772277.02311721	72511664.62343448	72511664.62343448	0.001341147243226981	0.3612171758739455	1.8879631465179951	7516800.0	0.07	2.446800237887322
Saltmarsh_3_000000001	7603200.0	1	1	0.509399103855861	1.018798207711722	0.5523272450574663	1.1046544901149327	1.0	0.6106392741203308	95817654.35671254	72546030.26734439	72546030.26734439	0.0012561961928349574	0.36147395514388697	1.8892193427108297	7603200.0	0.07	2.4484282681532354
Saltmarsh_3_000000001	7689600.0	1	1	0.5095048195901483	1.0190096391802965	0.5524418930586857	1.1048837861173715	1.0	0.6106392741203308	95860147.65236366	72578211.73903337	72578211.73903337	0.0011765892133288602	0.361714469481838	1.8903959319241586	7689600.0	0.07	2.4499531277737097
Saltmarsh_3_000000001	7776000.0	1	1	0.5096037932882611	1.0192075865765222	0.5525492293583297	1.1050984587166595	1.0	0.6106392741203308	95899939.54586892	72608347.35455683	72608347.35455683	0.0011019946963481408	0.36193974207643603	1.8914979266205072	7776000.0	0.07	2.4513813129001774
Saltmarsh_3_000000001	7862400.0	1	1	0.5096964547599654	1.0193929095199308	0.5526497200838444	1.1052994401676888	1.0	0.6106392741203308	95937201.18969175	72636566.73323463	72636566.73323463	0.0010321010403869235	0.36215073262578623	1.8925300276608938	7862400.0	0.07	2.4527189158485183
Saltmarsh_3_000000001	7948800.0	1	1	0.5097832064347394	1.0195664128694788	0.5527438016686975	1.105487603337395	1.0	0.6106392741203308	95972092.9647446	72662991.33671421	72662991.33671421	0.0009666155155499401	0.3623483411680211	1.8934966431764435	7948800.0	0.07	2.453971649556671
Saltmarsh_3_000000001	8035200.0	1	1	0.5098644251034542	1.0197288502069084	0.5528318827412508	1.1056637654825017	1.0	0.6106392741203308	96004765.1493356	72687734.9755905	72687734.9755905	0.0009052631834470248	0.3625334116945055	1.8944019063598905	8035200.0	0.07	2.455144870642418
Saltmarsh_3_000000001	8121600.0	1	1	0.5099404635495793	1.0198809270991587	0.5529143458938205	1.105828691787641	1.0	0.6106392741203308	96035358.54769225	72710904.28541183	72710904.28541183	0.0008477858708192954	0.3627067355562399	1.8952496922307098	8121600.0	0.07	2.4562436011310003
Saltmarsh_3_000000001	8208000.0	1	1	0.5100116520768828	1.0200233041537656	0.5529915493394817	1.1059830986789634	1.0	0.6106392741203308	96064005.0803638	72732599.1738144	72732599.1738144	0.0007939411953190034	0.362869054673753	1.8960436334260287	8208000.0	0.07	2.457272548920133
Saltmarsh_3_000000001	8294400.0	1	1	0.5100782999401586	1.0201565998803173	0.5530638284637043	1.1061276569274086	1.0	0.6106392741203308	96090828.33868963	72752913.24044257	72752913.24044257	0.0007435016417451923	0.3630210645604677	1.8967871350677743	8294400.0	0.07	2.4582361270478352
Saltmarsh_3_000000001	8380800.0	1	1	0.5101406966851061	1.0202813933702122	0.5531314972774612	1.1062629945549225	1.0	0.6106392741203308	96115944.105413	72771934.17122899	72771934.17122899	0.0006962536869447589	0.3631634171692002	1.8974833887547193	8380800.0	0.07	2.4591384718261162
Saltmarsh_3_000000001	8467200.0	1	1	0.5101991134031042	1.0203982268062084	0.5531948497780396	1.1063896995560791	1.0	0.6106392741203308	96139460.84341176	72789744.10852861	72789744.10852861	0.0006519969715315099	0.3632967235711116	1.8981353857262504	8467200.0	0.07	2.4599834599012205
Saltmarsh_3_000000001	8553600.0	1	1	0.5102538039062635	1.020507607812527	0.5532541612233894	1.1065083224467789	1.0	0.6106392741203308	96161480.1544161	72806419.99852245	72806419.99852245	0.0006105435165385531	0.36342155647607366	1.8987459292427888	8553600.0	0.07	2.460774724298654
Saltmarsh_3_000000001	8640000.0	1	1	0.5103050058277996	1.0206100116555992	0.5533096893254849	1.1066193786509697	1.0	0.6106392741203308	96182097.20948417	72822033.91723225	72822033.91723225	0.000571716983106707	0.3635384526030545	1.8993176462258958	8640000.0	0.07	2.461515669508761
Saltmarsh_3_000000001	8726400.0	1	1	0.5103529416524574	1.0207058833049147	0.5533616753678215	1.106723350735643	1.0	0.6106392741203308	96201401.15291055	72836653.37641484	72836653.37641484	0.0005353519733132805	0.3636479149087609	1.8998529981992087	8726400.0	0.07	2.4622094856661745
Saltmarsh_3_000000001	8812800.0	1	1	0.5103978196814175	1.020795639362835	0.5534103452518612	1.1068206905037223	1.0	0.6106392741203308	96219475.48115195	72850341.61053601	72850341.61053601	0.0005012933702638334	0.3637504146824162	1.900354291569473	8812800.0	0.07	2.462859161874037
Saltmarsh_3_000000001	8899200.0	1	1	0.510439834935836	1.020879669871672	0.5534559104769217	1.1069118209538433	1.0	0.6106392741203308	96236398.39826745	72863157.84595785	72863157.84595785	0.0004693957155981199	0.3638463935141911	1.9008236872850715	8899200.0	0.07	2.4634674987214527
Saltmarsh_3_000000001	8985600.0	1	1	0.5104791700029093	1.0209583400058186	0.5534985690577361	1.1069971381154722	1.0	0.6106392741203308	96252243.14928542	72875157.55340888	72875157.55340888	0.0004395226225951121	0.36393626514444927	1.9012632099076667	8985600.0	0.07	2.464037120040336
Saltmarsh_3_000000001	9072000.0	1	1	0.5105159958281102	1.0210319916562205	0.553538506383633	1.107077012767266	1.0	0.6106392741203308	96267078.33283186	72886392.68474863	72886392.68474863	0.0004115462231175093	0.36402041720062567	1.9016747561307845	9072000.0	0.07	2.4645704839454967
Saltmarsh_3_000000001	9158400.0	1	1	0.5105504724570095	1.021100944914019	0.553575896023042	1.107151792046084	1.0	0.6106392741203308	96280968.19427738	72896911.89497736	72896911.89497736	0.0003853466466721134	0.3640992128282147	1.9020601027774562	9158400.0	0.07	2.4650698931995834
Saltmarsh_3_000000001	9244800.0	1	1	0.5105827497298843	1.0211654994597685	0.5536109004767967	1.1072218009535935	1.0	0.6106392741203308	96293972.90058802	72906760.75039022	72906760.75039022	0.00036081152993266974	0.36417299222201843	1.902420914307389	9244800.0	0.07	2.4655375049423762
Saltmarsh_3_000000001	9331200.0	1	1	0.5106129679321109	1.0212259358642217	0.5536436718834848	1.1072873437669697	1.0	0.6106392741203308	96306148.79799788	72915981.92372115	72915981.92372115	0.0003378355551187373	0.364242074063487	1.9027587498625076	9331200.0	0.07	2.46597533982181
Saltmarsh_3_000000001	9417600.0	1	1	0.5106412584031503	1.0212825168063007	0.5536743526798924	1.1073487053597848	1.0	0.6106392741203308	96317548.6535544	72924615.37707327	72924615.37707327	0.0003163200156909851	0.3643067568696754	1.9030750698781984	9417600.0	0.07	2.4663852905621453
Saltmarsh_3_000000001	9504000.0	1	1	0.5106677441067579	1.0213354882135157	0.5537030762193946	1.1074061524387893	1.0	0.6106392741203308	96328221.88152735	72932698.53338598	72932698.53338598	0.00029617240788232246	0.36436732025904756	1.9033712422860805	9504000.0	0.07	2.4667691300027603
Saltmarsh_3_000000001	9590400.0	1	1	0.5106925401648801	1.0213850803297602	0.5537299673509669	1.1074599347019338	1.0	0.6106392741203308	96338214.75561328	72940266.43714416	72940266.43714416	0.00027730604664633063	0.3644240261390745	1.9036485483327268	9590400.0	0.07	2.467128518639214
Saltmarsh_3_000000001	9676800.0	1	1	0.5107157543575489	1.0214315087150978	0.5537551429613177	1.1075102859226353	1.0	0.6106392741203308	96347570.6078115	72947351.9049935	72947351.9049935	0.00025963970466769126	0.36447711982029984	1.903908188037394	9676800.0	0.07	2.4674650116964627
Saltmarsh_3_000000001	9763200.0	1	1	0.5107374875909338	1.0214749751818677	0.5537787124824903	1.1075574249649807	1.0	0.6106392741203308	96356330.01479647	72953985.66688658	72953985.66688658	0.00024309727314214546	0.3645268310612908	1.904151285310536	9763200.0	0.07	2.467780065762455
Saltmarsh_3_000000001	9849600.0	1	1	0.5107578343355776	1.0215156686711553	0.5538007783671282	1.1076015567342563	1.0	0.6106392741203308	96364530.97256151	72960196.49834584	72960196.49834584	0.00022760744308925052	0.36457337504863996	1.9043788927536256	9849600.0	0.07	2.468075045008699
Saltmarsh_3_000000001	9936000.0	1	1	0.5107768830367121	1.0215537660734242	0.5538214365334604	1.1076428730669208	1.0	0.6106392741203308	96372209.06006163	72966011.34439586	72966011.34439586	0.0002131034060275372	0.3646169533159518	1.904591996159653	9936000.0	0.07	2.4683512270229104
Saltmarsh_3_000000001	10022400.0	1	1	0.5107947164984308	1.0215894329968616	0.5538407767819362	1.1076815535638724	1.0	0.6106392741203308	96379397.59254046	72971455.4356825	72971455.4356825	0.00019952257289462816	0.3646577546055179	1.9047915187325475	10022400.0	0.07	2.4686098082773817
Saltmarsh_3_000000001	10108800.0	1	1	0.5108114122433816	1.0216228244867631	0.5538588831853095	1.107717766370619	1.0	0.6106392741203308	96386127.76518358	72976552.39726652	72976552.39726652	0.00018680631015410842	0.3646959556761785	1.904978325042701	10108800.0	0.07	2.4688519092553407
Saltmarsh_3_000000001	10195200.0	1	1	0.5108270428495376	1.0216540856990752	0.5538758344538658	1.1077516689077316	1.0	0.6106392741203308	96392428.7877025	72981324.35054782	72981324.35054782	0.00017489969208345224	0.3647317220606557	1.9051532247347847	10195200.0	0.07	2.4690785792562813
Saltmarsh_3_000000001	10281600.0	1	1	0.5108416762655051	1.0216833525310103	0.5538917042773718	1.1077834085547436	1.0	0.6106392741203308	96398328.0104154	72985792.00875074	72985792.00875074	0.00016375126829243358	0.36476520877546126	1.905316976003077	10281600.0	0.07	2.469290800899988
Saltmarsh_3_000000001	10368000.0	1	1	0.5108553761057356	1.0217107522114712	0.5539065616452319	1.1078131232904638	1.0	0.6106392741203308	96403851.04235749	72989974.76637255	72989974.76637255	0.00015331284557112967	0.3647965609862916	1.9054702888486483	10368000.0	0.07	2.4694894943478483
Saltmarsh_3_000000001	10454400.0	1	1	0.510868201926921	1.021736403853842	0.553920471146237	1.107840942292474	1.0	0.6106392741203308	96409021.86192003	72993890.78297405	72993890.78297405	0.0001435392832148108	0.3648259146316554	1.9056138281318633	10454400.0	0.07	2.469675521258895
Saltmarsh_3_000000001	10540800.0	1	1	0.5108802094867697	1.0217604189735394	0.5539334932492065	1.107866986498413	1.0	0.6106392741203308	96413862.920487	72997557.06166658	72997557.06166658	0.00013438830101880628	0.3648533970073141	1.9057482164328818	10540800.0	0.07	2.469849688497015
Saltmarsh_3_000000001	10627200.0	1	1	0.5108914509862884	1.0217829019725768	0.5539456845657404	1.107891369131481	1.0	0.6106392741203308	96418395.23950888	73000989.52262934	73000989.52262934	0.00012582029918767335	0.364879127313959	1.9058740367320697	10627200.0	0.07	2.4700127516047625
Saltmarsh_3_000000001	10713600.0	1	1	0.5109019752966156	1.0218039505932313	0.5539570980962203	1.1079141961924406	1.0	0.6106392741203308	96422638.50142655	73004203.07196867	73004203.07196867	0.00011779818943319365	0.3649032171704102	1.9059918349215024	10713600.0	0.07	2.470165418058267
Saltmarsh_3_000000001	10800000.0	1	1	0.510911828171396	1.021823656342792	0.5539677834601269	1.1079355669202537	1.0	0.6106392741203308	96426611.13483196	73007211.66621298	73007211.66621298	0.0001102872365902341	0.36492577109447466	1.9061021221580925	10800000.0	0.07	2.4703083503168877
Saltmarsh_3_000000001	10886400.0	1	1	0.5109210524456128	1.0218421048912256	0.5539777871116736	1.1079555742233471	1.0	0.6106392741203308	96430330.39422889	73010028.37271796	73010028.37271796	0.0001032549101082636	0.36494688695348154	1.9062053770682006	10886400.0	0.07	2.470442168680388
Saltmarsh_3_000000001	10972800.0	1	1	0.5109296882217434	1.021859376443487	0.5539871525416907	1.1079743050833815	1.0	0.6106392741203308	96433812.43473405	73012665.42624009	73012665.42624009	9.667074481772842e-05	0.3649666563863827	1.9063020478130182	10972800.0	0.07	2.4705674539656717
Saltmarsh_3_000000001	11059200.0	1	1	0.5109377730440456	1.0218755460880913	0.5539959204666376	1.1079918409332752	1.0	0.6106392741203308	96437072.38203746	73015134.28191984	73015134.28191984	9.050621040390672e-05	0.36498516519919527	1.9063925540234221	11059200.0	0.07	2.470684750014355
Saltmarsh_3_000000001	11145600.0	1	1	0.5109453420617295	1.021890684123459	0.5540041290055617	1.1080082580111235	1.0	0.6106392741203308	96440124.39792235	73017445.66490178	73017445.66490178	8.473458905489117e-05	0.365002493735454	1.9064772886124772	11145600.0	0.07	2.4707945660417705
Saltmarsh_3_000000001	11232000.0	1	1	0.510952428181725	1.02190485636345	0.5540118138457745	1.108023627691549	1.0	0.6106392741203308	96442981.74162364	73019609.61680333	73019609.61680333	7.933086077910323e-05	0.3650187172232376	1.9065566194732564	11232000.0	0.07	2.47089737883734
Saltmarsh_3_000000001	11318400.0	1	1	0.5109590622117078	1.0219181244234157	0.5540190083979609	1.1080380167959218	1.0	0.6106392741203308	96445656.82728957	73021635.53923218	73021635.53923218	7.427159592449106e-05	0.3650339061002364	1.9066308910691805	11318400.0	0.07	2.470993634825658
Saltmarsh_3_000000001	11404800.0	1	1	0.5109652729940036	1.0219305459880073	0.554025743941399	1.108051487882798	1.0	0.6106392741203308	96448161.27779196	73023532.23453844	73023532.23453844	6.953485444832763e-05	0.36504812631824385	1.9067004259236287	11404800.0	0.07	2.4710837519970226
Saltmarsh_3_000000001	11491200.0	1	1	0.5109710875309532	1.0219421750619064	0.5540320497599167	1.1080640995198334	1.0	0.6106392741203308	96450505.97511669	73025307.94397703	73025307.94397703	6.51000915249389e-05	0.3650614396283602	1.9067655260151537	11491200.0	0.07	2.4711681217156394
Saltmarsh_3_000000001	11577600.0	1	1	0.5109765311022826	1.0219530622045652	0.554037953269179	1.108075906538358	1.0	0.6106392741203308	96452701.10755068	73026970.38344358	73026970.38344358	6.0948069094124424e-05	0.36507390384812377	1.906826474084248	11577600.0	0.07	2.4712471104131857
Saltmarsh_3_000000001	11664000.0	1	1	0.510981627374987	1.021963254749974	0.5540434801358569	1.1080869602717138	1.0	0.6106392741203308	96454756.21386869	73028526.77693854	73028526.77693854	5.706077298478496e-05	0.3650855731117079	1.9068835348572328	11664000.0	0.07	2.471321061174974
Saltmarsh_3_000000001	11750400.0	1	1	0.5109863985062078	1.0219727970124155	0.5540486543891957	1.1080973087783914	1.0	0.6106392741203308	96456680.22470948	73029983.88790278	73029983.88790278	5.3421335264480785e-05	0.36509649810424943	1.9069369561924974	11750400.0	0.07	2.4713902952254765
Saltmarsh_3_000000001	11836800.0	1	1	0.5109908652395464	1.0219817304790928	0.554053498525468	1.108106997050936	1.0	0.6106392741203308	96458481.50132039	73031348.0485597	73031348.0485597	5.0013961488015735e-05	0.36510672628131047	1.9069869701539854	11836800.0	0.07	2.4714551133195655
Saltmarsh_3_000000001	11923200.0	1	1	0.5109950469952368	1.0219900939904736	0.5540580336057642	1.1081160672115284	1.0	0.6106392741203308	96460167.87183635	73032625.1873908	73032625.1873908	4.682386254362125e-05	0.3651163020744104	1.907033794016529	11923200.0	0.07	2.471515797045422
Saltmarsh_3_000000001	12009600.0	1	1	0.5109989619545653	1.0219979239091306	0.5540622793475456	1.1081245586950912	1.0	0.6106392741203308	96461746.66525069	73033820.8548625	73033820.8548625	4.383719080219839e-05	0.3651252670835103	1.907077631207331	12009600.0	0.07	2.471572610044701
Saltmarsh_3_000000001	12096000.0	1	1	0.5110026271389067	1.0220052542778133	0.5540662542103583	1.1081325084207165	1.0	0.6106392741203308	96463224.74322355	73034940.24751577	73034940.24751577	4.10409803083267e-05	0.3651336602572705	1.9071186721876399	12096000.0	0.07	2.471625799155181
Saltmarsh_3_000000001	12182400.0	1	1	0.5110060584837183	1.0220121169674365	0.5540699754760793	1.1081399509521586	1.0	0.6106392741203308	96464608.5298655	73035988.2305221	73035988.2305221	3.842309075169359e-05	0.3651415180618588	1.9071570952783912	12182400.0	0.07	2.471675595480795
Saltmarsh_3_000000001	12268800.0	1	1	0.5110092709078149	1.0220185418156298	0.5540734593240447	1.1081469186480895	1.0	0.6106392741203308	96465904.03962506	73036969.3588036	73036969.3588036	3.597215498857276e-05	0.36514887463902945	1.9071930674333792	12268800.0	0.07	2.4717222153936595
Saltmarsh_3_000000001	12355200.0	1	1	0.5110122783782246	1.0220245567564492	0.5540767209013855	1.108153441802771	1.0	0.6106392741203308	96467116.90340056	73037887.89680839	73037887.89680839	3.367752988525652e-05	0.36515576195415667	1.9072267449632643	12355200.0	0.07	2.4717658614723907
Saltmarsh_3_000000001	12441600.0	1	1	0.5110150939709077	1.0220301879418154	0.5540797743888762	1.1081595487777525	1.0	0.6106392741203308	96468252.3929889	73038747.83702618	73038747.83702618	3.152925027644082e-05	0.3651622099348545	1.9072582742135409	12441600.0	0.07	2.471806723380749
Saltmarsh_3_000000001	12528000.0	1	1	0.511017729927602	1.022035459855204	0.554082633062584	1.108165266125168	1.0	0.6106392741203308	96469315.44397753	73039552.91732515	73039552.91732515	2.9517985843108274e-05	0.3651682466007827	1.9072877921993843	12528000.0	0.07	2.471844978690402
Saltmarsh_3_000000001	12614400.0	1	1	0.5110201977090428	1.0220403954180857	0.5540853093515846	1.1081706187031692	1.0	0.6106392741203308	96470310.67717782	73040306.63718425	73040306.63718425	2.7635000725834136e-05	0.3651738981851954	1.9073154272001098	12614400.0	0.07	2.4718807936513425
Saltmarsh_3_000000001	12700800.0	1	1	0.5110225080447875	1.022045016089575	0.5540878148919973	1.1081756297839946	1.0	0.6106392741203308	96471242.41869353	73041012.27289125	73041012.27289125	2.5872115697933573e-05	0.36517918924875836	1.9073412993158083	12700800.0	0.07	2.4719143239132877
Saltmarsh_3_000000001	12787200.0	1	1	0.5110246709798617	1.0220493419597234	0.5540901605775718	1.1081803211551435	1.0	0.6106392741203308	96472114.71871032	73041672.89177318	73041672.89177318	2.4221672742907874e-05	0.365184142786123	1.907365520988551	12787200.0	0.07	2.471945715201162
Saltmarsh_3_000000001	12873600.0	1	1	0.5110266959184298	1.0220533918368595	0.5540923566070491	1.1081847132140983	1.0	0.6106392741203308	96472931.36908837	73042291.36551914	73042291.36551914	2.2676501877316735e-05	0.3651887803257184	1.907388197490428	12873600.0	0.07	2.471975103947595
Saltmarsh_3_000000001	12960000.0	1	1	0.5110285916646803	1.0220571833293606	0.5540944125285012	1.1081888250570024	1.0	0.6106392741203308	96473695.91983372	73042870.38265507	73042870.38265507	2.1229890083962477e-05	0.3651931220231914	1.9074094273805118	12960000.0	0.07	2.4720026178851433
Saltmarsh_3_000000001	13046400.0	1	1	0.511030366461102	1.022060732922204	0.5540963372808411	1.1081926745616821	1.0	0.6106392741203308	96474411.69452026	73043412.46022293	73043412.46022293	1.9875552216108705e-05	0.36519718674889856	1.9074293029327278	13046400.0	0.07	2.4720283766008153
Saltmarsh_3_000000001	13132800.0	1	1	0.5110320280243194	1.0220640560486387	0.5540981392326857	1.1081962784653714	1.0	0.6106392741203308	96475081.8047285	73043919.95471583	73043919.95471583	1.860760375199666e-05	0.36520099216982715	1.9074479105364794	13132800.0	0.07	2.4720524920552776
Saltmarsh_3_000000001	13219200.0	1	1	0.5110335835786408	1.0220671671572816	0.5540998262187395	1.108199652437479	1.0	0.6106392741203308	96475709.16356444	73044395.07231596	73044395.07231596	1.7420535280199267e-05	0.3652045548262996	1.9074653310717595	13219200.0	0.07	2.4720750690690005
Saltmarsh_3_000000001	13305600.0	1	1	0.5110350398874678	1.0220700797749356	0.5541014055738572	1.1082028111477145	1.0	0.6106392741203308	96476296.49831642	73044839.87848051	73044839.87848051	1.6309188608898406e-05	0.36520789020379363	1.9074816402603685	13305600.0	0.07	2.472096205777438
Saltmarsh_3_000000001	13392000.0	1	1	0.5110364032826995	1.022072806565399	0.5541028841649324	1.1082057683298647	1.0	0.6106392741203308	96476846.36230536	73045256.30691585	73045256.30691585	1.526873439250398e-05	0.36521101280018675	1.9074969089947609	13392000.0	0.07	2.4721159940572104
Saltmarsh_3_000000001	13478400.0	1	1	0.511037679692262	1.022075359384524	0.5541042684207531	1.1082085368415062	1.0	0.6106392741203308	96477361.14597964	73045646.16797997	73045646.16797997	1.4294651181356866e-05	0.3652139361887185	1.9075112036459423	13478400.0	0.07	2.472134519925141
Saltmarsh_3_000000001	13564800.0	1	1	0.5110388746658812	1.0220777493317623	0.5541055643599523	1.1082111287199046	1.0	0.6106392741203308	96477843.08730254	73046011.15654944	73046011.15654944	1.3382705806364026e-05	0.36521667307694083	1.9075245863517487	13564800.0	0.07	2.4721518639118663
Saltmarsh_3_000000001	13651200.0	1	1	0.5110399933992109	1.0220799867984218	0.5541067776171748	1.1082135552343495	1.0	0.6106392741203308	96478294.28147742	73046352.8593844	73046352.8593844	1.2528935008915276e-05	0.3652192353619131	1.907537115286758	13651200.0	0.07	2.4721681014116386
Saltmarsh_3_000000001	13737600.0	1	1	0.511041040756423	1.022082081512846	0.5541079134675755	1.108215826935151	1.0	0.6106392741203308	96478716.690053	73046672.76202442	73046672.76202442	1.1729628242751478e-05	0.36522163418187936	1.9075488449150007	13737600.0	0.07	2.472183303009841
Saltmarsh_3_000000001	13824000.0	1	1	0.5110420212913547	1.0220840425827094	0.5541089768497545	1.108217953699509	1.0	0.6106392741203308	96479112.1494479	73046972.25524423	73046972.25524423	1.0981311567237473e-05	0.3652238799646539	1.907559826226568	13824000.0	0.07	2.472197534789632
Saltmarsh_3_000000001	13910400.0	1	1	0.5110429392673084	1.0220858785346167	0.5541099723872285	1.108219944774457	1.0	0.6106392741203308	96479482.37893185	73047252.64109823	73047252.64109823	1.0280732569534212e-05	0.36522598247292165	1.9075701069591373	13910400.0	0.07	2.472210858619042
Saltmarsh_3_000000001	13996800.0	1	1	0.511043798675587	1.022087597351174	0.5541109044085334	1.1082218088170668	1.0	0.6106392741203308	96479828.98809785	73047515.13857934	73047515.13857934	9.624846243616592e-06	0.3652279508466531	1.9075797318053804	13996800.0	0.07	2.472223332419773
Saltmarsh_3_000000001	14083200.0	1	1	0.5110446032528476	1.0220892065056952	0.5541117769660435	1.108223553932087	1.0	0.6106392741203308	96480153.48385778	73047760.88891695	73047760.88891695	9.010801770348298e-06	0.36522979364281444	1.907588742607151	14083200.0	0.07	2.4722350104188675
Saltmarsh_3_000000001	14169600.0	1	1	0.5110453564973474	1.0220907129946948	0.5541125938535907	1.1082251877071814	1.0	0.6106392741203308	96480457.27699216	73047990.96053736	73047990.96053736	8.435930139383263e-06	0.3652315188725474	1.9075971785372907	14169600.0	0.07	2.472245943384329
Saltmarsh_3_000000001	14256000.0	1	1	0.5110460616841537	1.0220921233683073	0.5541133586229589	1.1082267172459177	1.0	0.6106392741203308	96480741.68828179	73048206.3537074	73048206.3537074	7.897732558825865e-06	0.3652331340359782	1.9076050762698493	14256000.0	0.07	2.4722561788457247
Saltmarsh_3_000000001	14342400.0	1	1	0.5110467218793835	1.022093443758767	0.5541140745993269	1.1082281491986539	1.0	0.6106392741203308	96481007.9542489	73048408.00488229	73048408.00488229	7.393869603078418e-06	0.3652346461548084	1.9076124701394526	14342400.0	0.07	2.4722657613007306
Saltmarsh_3_000000001	14428800.0	1	1	0.511047339953534	1.022094679907068	0.5541147448957261	1.1082294897914522	1.0	0.6106392741203308	96481257.23253179	73048596.79077609	73048596.79077609	6.922151052524139e-06	0.3652360618028279	1.907619392290505	14428800.0	0.07	2.4722747324084944
Saltmarsh_3_000000001	14515200.0	1	1	0.5110479185939635	1.022095837187927	0.5541153724265747	1.1082307448531494	1.0	0.6106392741203308	96481490.60691658	73048773.53217252	73048773.53217252	6.480526381025253e-06	0.36523738713448156	1.9076258728168858	14515200.0	0.07	2.472283131170684
Saltmarsh_3_000000001	14601600.0	1	1	0.5110484603165755	1.022096920633151	0.5541159599203497	1.1082319198406994	1.0	0.6106392741203308	96481709.09204859	73048938.9974928	73048938.9974928	6.067075848326109e-06	0.3652386279116157	1.9076319398927342	14601600.0	0.07	2.4722909941009834
Saltmarsh_3_000000001	14688000.0	1	1	0.5110489674767574	1.0220979349535149	0.5541165099314496	1.1082330198628991	1.0	0.6106392741203308	96481913.63784268	73049093.9061358	73049093.9061358	5.680002160335373e-06	0.36523978952851865	1.9076376198948939	14688000.0	0.07	2.4722983553837827
Saltmarsh_3_000000001	14774400.0	1	1	0.5110494422796218	1.0220988845592436	0.554117024851301	1.108234049702602	1.0	0.6106392741203308	96482105.13361245	73049238.93160534	73049238.93160534	5.317622662537325e-06	0.3652408770353642	1.9076429375175563	14774400.0	0.07	2.472305247022753
Saltmarsh_3_000000001	14860800.0	1	1	0.5110498867895934	1.0220997735791868	0.554117506918756	1.108235013837512	1.0	0.6106392741203308	96482284.41193637	73049374.70443791	73049374.70443791	4.978362028174033e-06	0.36524189516016137	1.907647915879585	14860800.0	0.07	2.4723116989799423
Saltmarsh_3_000000001	14947200.0	1	1	0.5110503029393856	1.0221006058787712	0.5541179582298266	1.1082359164596531	1.0	0.6106392741203308	96482452.25227669	73049501.81494369	73049501.81494369	4.6607454149971694e-06	0.3652428483293034	1.9076525766250003	14947200.0	0.07	2.4723177393060007
Saltmarsh_3_000000001	15033600.0	1	1	0.511050692538403	1.022101385076806	0.5541183807467974	1.1082367614935948	1.0	0.6106392741203308	96482609.38436826	73049620.8157726	73049620.8157726	4.3633920565055995e-06	0.3652437406868065	1.9076569400170564	15033600.0	0.07	2.472323394262105
Saltmarsh_3_000000001	15120000.0	1	1	0.5110510572806094	1.0221021145612188	0.5541187763067583	1.1082375526135166	1.0	0.6106392741203308	96482756.49139048	73049732.22431694	73049732.22431694	4.085009263021799e-06	0.3652445761123217	1.9076610250263197	15120000.0	0.07	2.4723286884341107
Saltmarsh_3_000000001	15206400.0	1	1	0.5110513987518921	1.0221027975037842	0.5541191466295915	1.108238293259183	1.0	0.6106392741203308	96482894.21293771	73049836.52496046	73049836.52496046	3.824386803130686e-06	0.3652453582379992	1.907664849413123	15206400.0	0.07	2.4723336448394075
Saltmarsh_3_000000001	15292800.0	1	1	0.5110517184369578	1.0221034368739157	0.5541194933254491	1.1082389866508982	1.0	0.6106392741203308	96483023.14779925	73049934.17118436	73049934.17118436	3.580391646662573e-06	0.36524609046427514	1.9076684298047695	15292800.0	0.07	2.4723382850269813
Saltmarsh_3_000000001	15379200.0	1	1	0.5110520177257878	1.0221040354515756	0.5541198179017546	1.1082396358035091	1.0	0.6106392741203308	96483143.85656287	73050025.58753845	73050025.58753845	3.351963039521788e-06	0.3652467759746527	1.9076717817678093	15379200.0	0.07	2.472342629171081
Saltmarsh_3_000000001	15465600.0	1	1	0.5110522979196813	1.0221045958393626	0.5541201217697566	1.1082402435395131	1.0	0.6106392741203308	96483256.86405173	73050111.171487	73050111.171487	3.1381078939851648e-06	0.36524741774954106	1.9076749198757033	15465600.0	0.07	2.472346696158912
Saltmarsh_3_000000001	15552000.0	1	1	0.5110525602369137	1.0221051204738274	0.5541204062506646	1.1082408125013292	1.0	0.6106392741203308	96483362.66160606	73050191.29513668	73050191.29513668	2.9378964735427004e-06	0.36524801857920985	1.9076778577721765	15552000.0	0.07	2.472350503672741
Saltmarsh_3_000000001	15638400.0	1	1	0.5110528058180334	1.0221056116360667	0.5541206725813943	1.1082413451627886	1.0	0.6106392741203308	96483461.70921928	73050266.30685413	73050266.30685413	2.7504583511306357e-06	0.3652485810759195	1.9076806082305273	15638400.0	0.07	2.4723540682667635
Saltmarsh_3_000000001	15724800.0	1	1	0.5110530357308207	1.0221060714616415	0.5541209219199449	1.1082418438398898	1.0	0.6106392741203308	96483554.43753761	73050336.5327808	73050336.5327808	2.574978627545299e-06	0.36524910768527646	1.907683183209155	15724800.0	0.07	2.472357405439065
Saltmarsh_3_000000001	15811200.0	1	1	0.5110532509749309	1.0221065019498619	0.554121155350434	1.108242310700868	1.0	0.6106392741203308	96483641.24973264	73050402.27825044	73050402.27825044	2.410694387722234e-06	0.36524960069686446	1.9076855939035422	15811200.0	0.07	2.4723605296989906
Saltmarsh_3_000000001	15897600.0	1	1	0.5110534524862402	1.0221069049724805	0.5541213738878121	1.1082427477756243	1.0	0.6106392741203308	96483722.52325392	73050463.82911691	73050463.82911691	2.256891386998028e-06	0.36525006225419754	1.907687850794929	15897600.0	0.07	2.472363454630228
Saltmarsh_3_000000001	15984000.0	1	1	0.511053641140915	1.02210728228183	0.5541215784822745	1.108243156964549	1.0	0.6106392741203308	96483798.61146994	73050521.45299673	73050521.45299673	2.112900944650775e-06	0.365250494364039	1.9076899636958737	15984000.0	0.07	2.4723661929498526
Saltmarsh_3_000000001	16070400.0	1	1	0.5110538177592217	1.0221076355184433	0.5541217700233934	1.1082435400467867	1.0	0.6106392741203308	96483869.84520458	73050575.40043274	73050575.40043274	1.9780970388350028e-06	0.36525089890512485	1.9076919417929126	16070400.0	0.07	2.4723687565636148
Saltmarsh_3_000000001	16156800.0	1	1	0.5110539831090926	1.0221079662181851	0.5541219493439852	1.1082438986879704	1.0	0.6106392741203308	96483936.53417529	73050625.90598316	73050625.90598316	1.8518935844813456e-06	0.36525127763633136	1.907693793686497	16156800.0	0.07	2.4723711566177005
Saltmarsh_3_000000001	16243200.0	1	1	0.5110541379094655	1.022108275818931	0.5541221172237322	1.1082442344474643	1.0	0.6106392741203308	96483998.96833968	73050673.18924165	73050673.18924165	1.7337418866114618e-06	0.3652516322043216	1.9076955274283836	16243200.0	0.07	2.472373403547185
Saltmarsh_3_000000001	16329600.0	1	1	0.5110542828334094	1.0221085656668187	0.5541222743925719	1.1082445487851438	1.0	0.6106392741203308	96484057.41915615	73050717.4557917	73050717.4557917	1.6231282543577308e-06	0.36525196415070416	1.9076971505566378	16329600.0	0.07	2.4723755071214026
Saltmarsh_3_000000001	16416000.0	1	1	0.5110544185110504	1.0221088370221008	0.5541224215338715	1.108244843067743	1.0	0.6106392741203308	96484112.14076415	73050758.8981007	73050758.8981007	1.5195717683047505e-06	0.36525227491873524	1.9076986701284062	16416000.0	0.07	2.4723774764864146
Saltmarsh_3_000000001	16502400.0	1	1	0.5110545455323124	1.0221090910646249	0.5541225592873983	1.1082451185747966	1.0	0.6106392741203308	96484163.37108903	73050797.69635673	73050797.69635673	1.4226221907165382e-06	0.3652525658595929	1.9077000927505974	16502400.0	0.07	2.4723793202047744
Saltmarsh_3_000000001	16588800.0	1	1	0.5110546644494813	1.0221093288989627	0.554122688252102	1.108245376504204	1.0	0.6106392741203308	96484211.33287656	73050834.01925169	73050834.01925169	1.3318580064369812e-06	0.365252838238252	1.907701424608604	16588800.0	0.07	2.4723810462927505
Saltmarsh_3_000000001	16675200.0	1	1	0.5110547757796068	1.0221095515592136	0.5541228089887187	1.1082456179774374	1.0	0.6106392741203308	96484256.23466127	73050868.02471513	73050868.02471513	1.2468845932978034e-06	0.36525309323898236	1.907702671493197	16675200.0	0.07	2.472382662255183
Saltmarsh_3_000000001	16761600.0	1	1	0.5110548800067501	1.0221097600135003	0.554122922022209	1.108245844044418	1.0	0.6106392741203308	96484298.27167323	73050899.86060053	73050899.86060053	1.1673325036043458e-06	0.3652533319704991	1.9077038388257008	16761600.0	0.07	2.4723841751181084
Saltmarsh_3_000000001	16848000.0	1	1	0.5110549775840892	1.0221099551681785	0.5541230278440405	1.108246055688081	1.0	0.6106392741203308	96484337.6266868	73050929.66532841	73050929.66532841	1.0928558601963623e-06	0.36525355547078187	1.9077049316815615	16848000.0	0.07	2.472385591459304
Saltmarsh_3_000000001	16934400.0	1	1	0.5110550689358885	1.022110137871777	0.5541231269143246	1.1082462538286493	1.0	0.6106392741203308	96484374.47081527	73050957.56848794	73050957.56848794	1.023130851929288e-06	0.36525376471158777	1.9077059548124136	16934400.0	0.07	2.472386917436888
Saltmarsh_3_000000001	17020800.0	1	1	0.5110551544593439	1.0221103089186878	0.5541232196638173	1.1082464393276346	1.0	0.6106392741203308	96484408.96425484	73050983.6914005	73050983.6914005	9.578543261890005e-07	0.3652539606026763	1.9077069126667399	17020800.0	0.07	2.472388158816095
Saltmarsh_3_000000001	17107200.0	1	1	0.5110552345263101	1.0221104690526202	0.5541233064957917	1.1082466129915833	1.0	0.6106392741203308	96484441.25698118	73051008.1476472	73051008.1476472	8.967424715566885e-07	0.36525414399576445	1.9077078094092117	17107200.0	0.07	2.4723893209943384
Saltmarsh_3_000000001	17193600.0	1	1	0.5110553094849168	1.0221106189698337	0.5541233877877918	1.1082467755755836	1.0	0.6106392741203308	96484471.48940141	73051031.04356253	73051031.04356253	8.395295824081828e-07	0.36525431568823025	1.9077086489387944	17193600.0	0.07	2.4723904090246775
Saltmarsh_3_000000001	17280000.0	1	1	0.5110553796610829	1.0221107593221659	0.5541234638932738	1.1082469277865477	1.0	0.6106392741203308	96484499.79296473	73051052.47869682	73051052.47869682	7.859669050591656e-07	0.36525447642657904	1.907709434905699	17280000.0	0.07	2.472391427637786
Saltmarsh_3_000000001	17366400.0	1	1	0.5110554453599332	1.0221108907198664	0.5541235351431432	1.1082470702862863	1.0	0.6106392741203308	96484526.29073362	73051072.54624906	73051072.54624906	7.358215564079451e-07	0.3652546269096889	1.9077101707272552	17366400.0	0.07	2.472392381262523
Saltmarsh_3_000000001	17452800.0	1	1	0.5110555068671252	1.0221110137342504	0.5541236018471932	1.1082472036943865	1.0	0.6106392741203308	96484551.09791932	73051091.33347215	73051091.33347215	6.888755107459232e-07	0.36525476779185	1.9077108596027657	17452800.0	0.07	2.472393274045184
Saltmarsh_3_000000001	17539200.0	1	1	0.5110555644500913	1.0221111289001825	0.5541236642954521	1.1082473285909042	1.0	0.6106392741203308	96484574.32238245	73051108.9220521	73051108.9220521	6.449246519601992e-07	0.36525489968560854	1.9077115045274171	17539200.0	0.07	2.472394109867533
Saltmarsh_3_000000001	17625600.0	1	1	0.5110556183592012	1.0221112367184024	0.554123722759444	1.108247445518888	1.0	0.6106392741203308	96484596.06510197	73051125.38846338	73051125.38846338	6.037778867429289e-07	0.36525502316443015	1.907712108305304	17625600.0	0.07	2.472394892363674
Saltmarsh_3_000000001	17712000.0	1	1	0.5110556688288511	1.0221113376577022	0.5541237774933693	1.1082475549867385	1.0	0.6106392741203308	96484616.42061453	73051140.80430134	73051140.80430134	5.652563132563238e-07	0.36525513876519344	1.9077126735616174	17712000.0	0.07	2.472395624935856
Saltmarsh_3_000000001	17798400.0	1	1	0.5110557160784821	1.0221114321569642	0.5541238287352103	1.1082476574704205	1.0	0.6106392741203308	96484635.47742507	73051155.23659347	73051155.23659347	5.291924434769335e-07	0.36525524699052386	1.9077132027540609	17798400.0	0.07	2.472396310769263
Saltmarsh_3_000000001	17884800.0	1	1	0.511055760313535	1.02211152062707	0.5541238767077658	1.1082477534155315	1.0	0.6106392741203308	96484653.31839196	73051168.74809086	73051168.74809086	4.954294752224087e-07	0.3652553483109791	1.907713698183536	17884800.0	0.07	2.472396952845863
Saltmarsh_3_000000001	17971200.0	1	1	0.511055801726343	1.022111603452686	0.5541239216196197	1.1082478432392393	1.0	0.6106392741203308	96484670.02108712	73051181.39754106	73051181.39754106	4.638206098639408e-07	0.36525544316709546	1.9077141620041465	17971200.0	0.07	2.472397553957374
Saltmarsh_3_000000001	18057600.0	1	1	0.5110558404969685	1.022111680993937	0.5541239636660481	1.1082479273320962	1.0	0.6106392741203308	96484685.6581334	73051193.2399435	73051193.2399435	4.342284148362019e-07	0.36525553197130267	1.9077145962325617	18057600.0	0.07	2.4723981167174
Saltmarsh_3_000000001	18144000.0	1	1	0.5110558767939856	1.0221117535879711	0.5541240030298683	1.1082480060597366	1.0	0.6106392741203308	96484700.2975201	73051204.32678857	73051204.32678857	4.06524225615712e-07	0.36525561510971727	1.9077150027567873	18144000.0	0.07	2.4723986435727965
Saltmarsh_3_000000001	18230400.0	1	1	0.5110559107752132	1.0221118215504263	0.5541240398822336	1.1082480797644672	1.0	0.6106392741203308	96484714.0028989	73051214.70628151	73051214.70628151	3.8058758644599067e-07	0.36525569294382115	1.907715383344374	18230400.0	0.07	2.472399136814309
Saltmarsh_3_000000001	18316800.0	1	1	0.5110559425884011	1.0221118851768023	0.5541240743833775	1.108248148766755	1.0	0.6106392741203308	96484726.83386037	73051224.42355208	73051224.42355208	3.563057265343339e-07	0.3652557658120339	1.9077157396501008	18316800.0	0.07	2.4723995985865304
Saltmarsh_3_000000001	18403200.0	1	1	0.5110559723718728	1.0221119447437457	0.5541241066833106	1.1082482133666212	1.0	0.6106392741203308	96484738.8461932	73051233.52085075	73051233.52085075	3.335730702214157e-07	0.3652558340311835	1.9077160732231717	18403200.0	0.07	2.4724000308972305
Saltmarsh_3_000000001	18489600.0	1	1	0.5110560002551263	1.0221120005102526	0.5541241369224724	1.1082482738449448	1.0	0.6106392741203308	96484750.09212671	73051242.03773223	73051242.03773223	3.122907770158889e-07	0.36525589789788415	1.9077163855139492	18489600.0	0.07	2.4724004356260783
Saltmarsh_3_000000001	18576000.0	1	1	0.5110560263593975	1.022112052718795	0.5541241652323425	1.108248330464685	1.0	0.6106392741203308	96484760.62055787	73051250.0112278	73051250.0112278	2.92366313103809e-07	0.36525595768982594	1.9077166778802626	18576000.0	0.07	2.4724008145328202
Saltmarsh_3_000000001	18662400.0	1	1	0.5110560507981875	1.022112101596375	0.5541241917360118	1.1082483834720236	1.0	0.6106392741203308	96484770.47726409	73051257.47600597	73051257.47600597	2.7371304789358675e-07	0.36525601366698196	1.9077169515933106	18662400.0	0.07	2.4724011692649306
Saltmarsh_3_000000001	18748800.0	1	1	0.5110560736777559	1.0221121473555117	0.5541242165487177	1.1082484330974354	1.0	0.6106392741203308	96484779.70510204	73051264.46452343	73051264.46452343	2.562498780944722e-07	0.3652560660727391	1.9077172078431885	18748800.0	0.07	2.4724015013647724
Saltmarsh_3_000000001	18835200.0	1	1	0.5110560950975825	1.022112190195165	0.5541242397783457	1.1082484795566914	1.0	0.6106392741203308	96484788.3441942	73051271.00716607	73051271.00716607	2.3990087472114396e-07	0.36525611513495565	1.907717447744063	18835200.0	0.07	2.472401812276306
Saltmarsh_3_000000001	18921600.0	1	1	0.5110561151508007	1.0221122303016015	0.5541242615258979	1.1082485230517958	1.0	0.6106392741203308	96484796.43210311	73051277.13238117	73051277.13238117	2.2459495296889287e-07	0.3652561610669529	1.9077176723390163	18921600.0	0.07	2.472402103351365
Saltmarsh_3_000000001	19008000.0	1	1	0.5110561339246015	1.022112267849203	0.5541242818859323	1.1082485637718646	1.0	0.6106392741203308	96484804.00399485	73051282.86680108	73051282.86680108	2.1026556373815453e-07	0.36525620406844167	1.90771788260458	19008000.0	0.07	2.472402375855536
Saltmarsh_3_000000001	19094400.0	1	1	0.5110561515006131	1.0221123030012262	0.5541243009469741	1.1082486018939481	1.0	0.6106392741203308	96484811.09279181	73051288.23535886	73051288.23535886	1.968504032001661e-07	0.36525624432639114	1.9077180794549833	19094400.0	0.07	2.4724026309736584
Saltmarsh_3_000000001	19180800.0	1	1	0.5110561679552559	1.0221123359105118	0.5541243187919004	1.1082486375838008	1.0	0.6106392741203308	96484817.729316	73051293.26139691	73051293.26139691	1.8429114279072678e-07	0.3652562820158418	1.9077182637461263	19180800.0	0.07	2.47240286981498
Saltmarsh_3_000000001	19267200.0	1	1	0.5110561833600743	1.0221123667201486	0.5541243354983006	1.1082486709966013	1.0	0.6106392741203308	96484823.94242284	73051297.96676835	73051297.96676835	1.7253317546872537e-07	0.3652563173006663	1.9077184362793016	19267200.0	0.07	2.472403093417975
Saltmarsh_3_000000001	19353600.0	1	1	0.5110561977820482	1.0221123955640965	0.5541243511388142	1.1082487022776284	1.0	0.6106392741203308	96484829.75912677	73051302.37193203	73051302.37193203	1.6152537801739086e-07	0.36525635033428216	1.9077185978046798	19353600.0	0.07	2.472403302754865
Saltmarsh_3_000000001	19440000.0	1	1	0.5110562112838843	1.0221124225677687	0.5541243657814457	1.1082487315628915	1.0	0.6106392741203308	96484835.20471872	73051306.49604157	73051306.49604157	1.5121988911070972e-07	0.36525638126031873	1.9077187490245686	19440000.0	0.07	2.472403498735841
Saltmarsh_3_000000001	19526400.0	1	1	0.5110562239242884	1.0221124478485768	0.5541243794898613	1.1082487589797225	1.0	0.6106392741203308	96484840.30287604	73051310.35702844	73051310.35702844	1.4157190064700842e-07	0.36525641021324157	1.9077188905964693	19526400.0	0.07	2.472403682213024
Saltmarsh_3_000000001	19612800.0	1	1	0.5110562357582208	1.0221124715164416	0.5541243923236647	1.1082487846473295	1.0	0.6106392741203308	96484845.07576542	73051313.97168021	73051313.97168021	1.3253946357094648e-07	0.3652564373189375	1.907719023135933	19612800.0	0.07	2.472403853984169
Saltmarsh_3_000000001	19699200.0	1	1	0.5110562468371352	1.0221124936742705	0.5541244043386574	1.1082488086773148	1.0	0.6106392741203308	96484849.54413933	73051317.35571328	73051317.35571328	1.2408330513080656e-07	0.36525646269526124	1.9077191472192379	19699200.0	0.07	2.4724040147961324
Saltmarsh_3_000000001	19785600.0	1	1	0.5110562572092027	1.0221125144184053	0.5541244155870803	1.1082488311741605	1.0	0.6106392741203308	96484853.72742616	73051320.52384137	73051320.52384137	1.1616665823721561e-07	0.3652564864525486	1.907719263385896	19785600.0	0.07	2.4724041653481215
Saltmarsh_3_000000001	19872000.0	1	1	0.5110562669195208	1.0221125338390415	0.5541244261178413	1.1082488522356826	1.0	0.6106392741203308	96484857.6438147	73051323.48983945	73051323.48983945	1.08755101480007e-07	0.36525650869409576	1.9077193721409973	19872000.0	0.07	2.4724043062947327
Saltmarsh_3_000000001	19958400.0	1	1	0.5110562760103099	1.0221125520206198	0.5541244359767282	1.1082488719534564	1.0	0.6106392741203308	96484861.31033343	73051326.26660365	73051326.26660365	1.018164098032237e-07	0.3652565295166085	1.9077194739574075	19958400.0	0.07	2.4724044382488004
Saltmarsh_3_000000001	20044800.0	1	1	0.5110562845210966	1.0221125690421933	0.5541244452066072	1.1082488904132144	1.0	0.6106392741203308	96484864.7429243	73051328.86620726	73051328.86620726	9.532041356230536e-08	0.3652565490106227	1.907719569277821	20044800.0	0.07	2.472404561784056
Saltmarsh_3_000000001	20131200.0	1	1	0.5110562924888857	1.0221125849777715	0.5541244538476098	1.1082489076952196	1.0	0.6106392741203308	96484867.95651212	73051331.29995334	73051331.29995334	8.92388687945278e-08	0.36525656726089795	1.9077196585166898	20131200.0	0.07	2.47240467743763
Saltmarsh_3_000000001	20217600.0	1	1	0.5110562999483211	1.0221125998966423	0.5541244619373068	1.1082489238746136	1.0	0.6106392741203308	96484870.96506953	73051333.57842378	73051333.57842378	8.354533298504663e-08	0.36525658434678593	1.907719742062023	20217600.0	0.07	2.4724047857123823
Saltmarsh_3_000000001	20304000.0	1	1	0.5110563069318363	1.0221126138636727	0.5541244695108722	1.1082489390217445	1.0	0.6106392741203308	96484873.78167771	73051335.71152532	73051335.71152532	7.821505071392565e-08	0.3652566003425759	1.9077198202770735	20304000.0	0.07	2.4724048870790876
Saltmarsh_3_000000001	20390400.0	1	1	0.5110563134697955	1.022112626939591	0.5541244766012358	1.1082489532024715	1.0	0.6106392741203308	96484876.4185832	73051337.70853263	73051337.70853263	7.322484602001467e-08	0.36525661531781717	1.907719893501919	20390400.0	0.07	2.472404981978487
Saltmarsh_3_000000001	20476800.0	1	1	0.5110563195906257	1.0221126391812514	0.5541244832392263	1.1082489664784525	1.0	0.6106392741203308	96484878.88725126	73051339.57812867	73051339.57812867	6.855302153718767e-08	0.3652566293376218	1.9077199620549403	20476800.0	0.07	2.4724050708232026
Saltmarsh_3_000000001	20563200.0	1	1	0.5110563253209401	1.0221126506418803	0.5541244894537057	1.1082489789074115	1.0	0.6106392741203308	96484881.19841559	73051341.32844247	73051341.32844247	6.417926456947498e-08	0.3652566424629478	1.9077200262342053	20563200.0	0.07	2.47240515399953
Saltmarsh_3_000000001	20649600.0	1	1	0.5110563306856541	1.0221126613713083	0.5541244952716945	1.108248990543389	1.0	0.6106392741203308	96484883.36212511	73051342.96708433	73051342.96708433	6.008455771810972e-08	0.36525665475086394	1.907720086318763	20649600.0	0.07	2.472405231869117
Saltmarsh_3_000000001	20736000.0	1	1	0.5110563357080935	1.022112671416187	0.5541245007184892	1.1082490014369784	1.0	0.6106392741203308	96484885.3877876	73051344.50117907	73051344.50117907	5.6251097835247066e-08	0.3652566662547975	1.9077201425698609	20736000.0	0.07	2.47240530477054
Saltmarsh_3_000000001	20822400.0	1	1	0.5110563404100957	1.0221126808201915	0.5541245058177723	1.1082490116355446	1.0	0.6106392741203308	96484887.28421058	73051345.93739688	73051345.93739688	5.2662216643017956e-08	0.3652566770247678	1.9077201952320775	20822400.0	0.07	2.4724053730207722
Saltmarsh_3_000000001	20908800.0	1	1	0.5110563448121049	1.0221126896242099	0.5541245105917155	1.108249021183431	1.0	0.6106392741203308	96484889.05963972	73051347.28198238	73051347.28198238	4.930230979027783e-08	0.3652566871076021	1.9077202445343873	20908800.0	0.07	2.472405436916566
Saltmarsh_3_000000001	20995200.0	1	1	0.5110563489332611	1.0221126978665223	0.5541245150610759	1.1082490301221517	1.0	0.6106392741203308	96484890.72179452	73051348.54078189	73051348.54078189	4.615676879593522e-08	0.36525669654714066	1.9077202906911557	20995200.0	0.07	2.472405496735738
Saltmarsh_3_000000001	21081600.0	1	1	0.511056352791483	1.022112705582966	0.5541245192452862	1.1082490384905723	1.0	0.6106392741203308	96484892.277902	73051349.71926858	73051349.71926858	4.321191654499401e-08	0.36525670538442634	1.9077203339030726	21081600.0	0.07	2.4724055527383824
Saltmarsh_3_000000001	21168000.0	1	1	0.511056356403546	1.022112712807092	0.5541245231625392	1.1082490463250785	1.0	0.6106392741203308	96484893.73472813	73051350.82256657	73051350.82256657	4.045494922388926e-08	0.36525671365788365	1.9077203743580218	21168000.0	0.07	2.4724056051679963
Saltmarsh_3_000000001	21254400.0	1	1	0.5110563597851554	1.0221127195703108	0.5541245268298672	1.1082490536597345	1.0	0.6106392741203308	96484895.09860714	73051351.85547292	73051351.85547292	3.7873879310534875e-08	0.3652567214034853	1.907720412231901	21254400.0	0.07	2.472405654252544
Saltmarsh_3_000000001	21340800.0	1	1	0.5110563629510144	1.0221127259020288	0.5541245302632156	1.1082490605264312	1.0	0.6106392741203308	96484896.37546918	73051352.82247871	73051352.82247871	3.5457484448553345e-08	0.3652567286549091	1.9077204476893859	21340800.0	0.07	2.472405700205444
Saltmarsh_3_000000001	21427200.0	1	1	0.5110563659148881	1.0221127318297762	0.5541245334775126	1.1082490669550251	1.0	0.6106392741203308	96484897.57086603	73051353.7277885	73051353.7277885	3.319525820888458e-08	0.36525673544368426	1.9077204808846435	21427200.0	0.07	2.472405743226498
Saltmarsh_3_000000001	21513600.0	1	1	0.5110563686896634	1.0221127373793268	0.5541245364867338	1.1082490729734675	1.0	0.6106392741203308	96484898.68999526	73051354.57533845	73051354.57533845	3.107736429308616e-08	0.365256741799328	1.9077205119620078	21513600.0	0.07	2.4724057835027624
Saltmarsh_3_000000001	21600000.0	1	1	0.511056371287405	1.02211274257481	0.5541245393039633	1.1082490786079267	1.0	0.6106392741203308	96484899.73772278	73051355.36881381	73051355.36881381	2.9094594400369544e-08	0.3652567477494747	1.9077205410566016	21600000.0	0.07	2.472405821209356
Saltmarsh_3_000000001	21686400.0	1	1	0.5110563737194078	1.0221127474388156	0.5541245419414506	1.108249083882901	1.0	0.6106392741203308	96484900.71860415	73051356.11166458	73051356.11166458	2.7238327371392757e-08	0.3652567533199955	1.9077205682949292	21686400.0	0.07	2.4724058565102283
Saltmarsh_3_000000001	21772800.0	1	1	0.5110563759962461	1.0221127519924922	0.5541245444106633	1.1082490888213266	1.0	0.6106392741203308	96484901.63690424	73051356.80712065	73051356.80712065	2.550049221783368e-08	0.365256758535111	1.9077205937954216	21772800.0	0.07	2.4724058895588668
Saltmarsh_3_000000001	21859200.0	1	1	0.5110563781278196	1.0221127562556391	0.5541245467223375	1.108249093444675	1.0	0.6106392741203308	96484902.49661571	73051357.4582059	73051357.4582059	2.3873532872809022e-08	0.3652567634174966	1.9077206176689545	21859200.0	0.07	2.4724059204989652
Saltmarsh_3_000000001	21945600.0	1	1	0.5110563801233964	1.0221127602467928	0.5541245488865243	1.1082490977730486	1.0	0.6106392741203308	96484903.30147666	73051358.06775115	73051358.06775115	2.2350375383783927e-08	0.3652567679883804	1.90772064001933	21945600.0	0.07	2.4724059494650517
Saltmarsh_3_000000001	22032000.0	1	1	0.5110563819916532	1.0221127639833063	0.5541245509126336	1.1082491018252671	1.0	0.6106392741203308	96484904.05498663	73051358.63840675	73051358.63840675	2.0924396826327296e-08	0.365256772267637	1.9077206609437272	22032000.0	0.07	2.4724059765830706
Saltmarsh_3_000000001	22118400.0	1	1	0.511056383740713	1.022112767481426	0.5541245528094748	1.1082491056189496	1.0	0.6106392741203308	96484904.76042183	73051359.1726539	73051359.1726539	1.958939715995811e-08	0.3652567762738723	1.9077206805331237	22118400.0	0.07	2.4724060019709286
Saltmarsh_3_000000001	22204800.0	1	1	0.511056385378181	1.022112770756362	0.5541245545852955	1.108249109170591	1.0	0.6106392741203308	96484905.42084943	73051359.67281547	73051359.67281547	1.8339572249725933e-08	0.3652567800245051	1.907720698872696	22204800.0	0.07	2.472406025739014
Saltmarsh_3_000000001	22291200.0	1	1	0.5110563869111766	1.0221127738223532	0.5541245562478169	1.1082491124956337	1.0	0.6106392741203308	96484906.03914107	73051360.1410662	73051360.1410662	1.7169487220858315e-08	0.36525678353584373	1.9077207160421827	22291200.0	0.07	2.472406047990669
Saltmarsh_3_000000001	22377600.0	1	1	0.5110563883463655	1.022112776692731	0.5541245578042675	1.108249115608535	1.0	0.6106392741203308	96484906.61798497	73051360.57944201	73051360.57944201	1.607405525350103e-08	0.3652567868231548	1.9077207321162377	22377600.0	0.07	2.472406068822644
Saltmarsh_3_000000001	22464000.0	1	1	0.5110563896899878	1.0221127793799756	0.5541245592614149	1.1082491185228298	1.0	0.6106392741203308	96484907.15989803	73051360.98984897	73051360.98984897	1.504851288025577e-08	0.36525678990073196	1.9077207471647508	22464000.0	0.07	2.472406088325517
Saltmarsh_3_000000001	22550400.0	1	1	0.5110563909478855	1.022112781895771	0.5541245606255947	1.1082491212511894	1.0	0.6106392741203308	96484907.66723648	73051361.37407148	73051361.37407148	1.4088401001366435e-08	0.3652567927819564	1.907720761253152	22550400.0	0.07	2.472406106584085
Saltmarsh_3_000000001	22636800.0	1	1	0.5110563921255279	1.0221127842510558	0.5541245619027382	1.1082491238054764	1.0	0.6106392741203308	96484908.14220613	73051361.73378019	73051361.73378019	1.3189545511327339e-08	0.36525679547935547	1.9077207744426972	22636800.0	0.07	2.4724061236777355
Saltmarsh_3_000000001	22723200.0	1	1	0.5110563932280354	1.0221127864560708	0.5541245630983986	1.1082491261967973	1.0	0.6106392741203308	96484908.58687222	73051362.07053906	73051362.07053906	1.2348037814469137e-08	0.3652567980046575	1.907720786790735	22723200.0	0.07	2.4724061396807926
Saltmarsh_3_000000001	22809600.0	1	1	0.5110563942602017	1.0221127885204033	0.5541245642177746	1.1082491284355491	1.0	0.6106392741203308	96484909.0031681	73051362.38581239	73051362.38581239	1.1560219503881086e-08	0.36525680036884245	1.907720798350954	22809600.0	0.07	2.4724061546628366
Saltmarsh_3_000000001	22896000.0	1	1	0.5110563952265146	1.0221127904530292	0.5541245652657331	1.1082491305314661	1.0	0.6106392741203308	96484909.39290383	73051362.68097089	73051362.68097089	1.0822664819887251e-08	0.3652568025821897	1.9077208091736186	22896000.0	0.07	2.4724061686890098
Saltmarsh_3_000000001	22982400.0	1	1	0.5110563961311757	1.0221127922623514	0.5541245662468307	1.1082491324936614	1.0	0.6106392741203308	96484909.75777398	73051362.95729797	73051362.95729797	1.013216682776985e-08	0.36525680465432303	1.9077208193057857	22982400.0	0.07	2.4724061818202983
Saltmarsh_3_000000001	23068800.0	1	1	0.5110563969781184	1.0221127939562369	0.5541245671653332	1.1082491343306664	1.0	0.6106392741203308	96484910.09936506	73051363.21599507	73051363.21599507	9.485723317936845e-09	0.3652568065942521	1.9077208287915086	23068800.0	0.07	2.472406194113795
Saltmarsh_3_000000001	23155200.0	1	1	0.5110563977710253	1.0221127955420506	0.5541245680252342	1.1082491360504685	1.0	0.6106392741203308	96484910.4191622	73051363.45818703	73051363.45818703	8.880523816312547e-09	0.36525680841041136	1.907720837672033	23155200.0	0.07	2.4724062056229545
Saltmarsh_3_000000001	23241600.0	1	1	0.5110563985133438	1.0221127970266877	0.5541245688302727	1.1082491376605454	1.0	0.6106392741203308	96484910.71855597	73051363.68492687	73051363.68492687	8.313936539217082e-09	0.3652568101106978	1.9077208459859698	23241600.0	0.07	2.472406216397817
Saltmarsh_3_000000001	23328000.0	1	1	0.5110563992083016	1.0221127984166032	0.5541245695839488	1.1082491391678977	1.0	0.6106392741203308	96484910.99884807	73051363.8972005	73051363.8972005	7.783498345848017e-09	0.3652568117025041	1.9077208537694683	23328000.0	0.07	2.472406226485231
Saltmarsh_3_000000001	23414400.0	1	1	0.5110563998589203	1.0221127997178405	0.5541245702895395	1.108249140579079	1.0	0.6106392741203308	96484911.26125723	73051364.0959308	73051364.0959308	7.286902581338239e-09	0.36525681319275144	1.9077208610563705	23414400.0	0.07	2.472406235929056
Saltmarsh_3_000000001	23500800.0	1	1	0.5110564004680288	1.0221128009360576	0.5541245709501128	1.1082491419002256	1.0	0.6106392741203308	96484911.50692438	73051364.28198187	73051364.28198187	6.82199013946061e-09	0.3652568145879192	1.907720867878361	23500800.0	0.07	2.472406244770356
Saltmarsh_3_000000001	23587200.0	1	1	0.5110564010382755	1.022112802076551	0.5541245715685407	1.1082491431370813	1.0	0.6106392741203308	96484911.73691772	73051364.45616269	73051364.45616269	6.3867395261318904e-09	0.36525681589407394	1.9077208742651004	23587200.0	0.07	2.4724062530475703
Saltmarsh_3_000000001	23673600.0	1	1	0.5110564015721399	1.0221128031442799	0.5541245721475122	1.1082491442950244	1.0	0.6106392741203308	96484911.95223723	73051364.61923058	73051364.61923058	5.979258588251213e-09	0.36525681711689434	1.907720880244359	23673600.0	0.07	2.4724062607966895
Saltmarsh_3_000000001	23760000.0	1	1	0.5110564020719431	1.0221128041438863	0.5541245726895447	1.1082491453790895	1.0	0.6106392741203308	96484912.15381913	73051364.77189454	73051364.77189454	5.597775132315519e-09	0.3652568182616976	1.9077208858421344	23760000.0	0.07	2.4724062680514063
Saltmarsh_3_000000001	23846400.0	1	1	0.5110564025398583	1.0221128050797166	0.5541245731969949	1.1082491463939899	1.0	0.6106392741203308	96484912.34253986	73051364.91481839	73051364.91481839	5.2406308737040774e-09	0.3652568193334611	1.9077208910827648	23846400.0	0.07	2.472406274843263
Saltmarsh_3_000000001	23932800.0	1	1	0.51105640297792	1.02211280595584	0.5541245736720692	1.1082491473441385	1.0	0.6106392741203308	96484912.51921998	73051365.04862352	73051365.04862352	4.906272832450043e-09	0.36525682033684476	1.9077208959890375	23932800.0	0.07	2.472406281201793
Saltmarsh_3_000000001	24019200.0	1	1	0.5110564033880329	1.0221128067760659	0.5541245741168334	1.1082491482336667	1.0	0.6106392741203308	96484912.68462771	73051365.17389175	73051365.17389175	4.593247338036122e-09	0.36525682127621145	1.907720900582285	24019200.0	0.07	2.4724062871546417
Saltmarsh_3_000000001	24105600.0	1	1	0.5110564037719801	1.0221128075439603	0.554124574533221	1.108249149066442	1.0	0.6106392741203308	96484912.83948228	73051365.29116772	73051365.29116772	4.300192979478368e-09	0.36525682215564564	1.907720904882478	24105600.0	0.07	2.4724062927276917
Saltmarsh_3_000000001	24192000.0	1	1	0.511056404131431	1.022112808262862	0.5541245749230426	1.1082491498460851	1.0	0.6106392741203308	96484912.98445693	73051365.40096135	73051365.40096135	4.025835886878326e-09	0.3652568229789709	1.9077209089083134	24192000.0	0.07	2.472406297945174
Saltmarsh_3_000000001	24278400.0	1	1	0.5110564044679486	1.0221128089358973	0.5541245752879931	1.1082491505759862	1.0	0.6106392741203308	96484913.12018204	73051365.50375004	73051365.50375004	3.768983181107188e-09	0.36525682374976703	1.9077209126772963	24278400.0	0.07	2.472406302829776
Saltmarsh_3_000000001	24364800.0	1	1	0.5110564047829961	1.0221128095659922	0.5541245756296594	1.1082491512593189	1.0	0.6106392741203308	96484913.24724773	73051365.59998067	73051365.59998067	3.5285177557575764e-09	0.3652568244713856	1.9077209162058142	24364800.0	0.07	2.472406307402735
Saltmarsh_3_000000001	24451200.0	1	1	0.511056405077943	1.022112810155886	0.5541245759495271	1.1082491518990543	1.0	0.6106392741203308	96484913.36620653	73051365.6900717	73051365.6900717	3.3033944468741083e-09	0.36525682514696406	1.9077209195092086	24451200.0	0.07	2.4724063116839345
Saltmarsh_3_000000001	24537600.0	1	1	0.5110564053540722	1.0221128107081443	0.5541245762489868	1.1082491524979736	1.0	0.6106392741203308	96484913.47757557	73051365.77441484	73051365.77441484	3.0926342597936696e-09	0.3652568257794399	1.9077209226018428	24537600.0	0.07	2.4724063156919884
Saltmarsh_3_000000001	24624000.0	1	1	0.5110564056125839	1.0221128112251678	0.5541245765293407	1.1082491530586813	1.0	0.6106392741203308	96484913.58183919	73051365.85337676	73051365.85337676	2.895320705409432e-09	0.3652568263715631	1.9077209254971637	24624000.0	0.07	2.472406319444324
Saltmarsh_3_000000001	24710400.0	1	1	0.5110564058546023	1.0221128117092046	0.5541245767918076	1.1082491535836152	1.0	0.6106392741203308	96484913.67945068	73051365.92730083	73051365.92730083	2.7105960254125705e-09	0.3652568269259081	1.9077209282077594	24710400.0	0.07	2.4724063229572564
Saltmarsh_3_000000001	24796800.0	1	1	0.5110564060811796	1.0221128121623593	0.5541245770375289	1.1082491540750579	1.0	0.6106392741203308	96484913.7708344	73051365.99650845	73051365.99650845	2.5376569179336173e-09	0.36525682744488536	1.9077209307454166	24796800.0	0.07	2.47240632624606
Saltmarsh_3_000000001	24883200.0	1	1	0.5110564062933011	1.0221128125866021	0.5541245772675729	1.1082491545351458	1.0	0.6106392741203308	96484913.85638775	73051366.0613006	73051366.0613006	2.375751761984901e-09	0.36525682793075126	1.907720933121168	24883200.0	0.07	2.472406329325034
Saltmarsh_3_000000001	24969600.0	1	1	0.511056406491889	1.022112812983778	0.5541245774829399	1.1082491549658797	1.0	0.6106392741203308	96484913.93648271	73051366.12195891	73051366.12195891	2.224176287590751e-09	0.3652568283856183	1.9077209353453441	24969600.0	0.07	2.4724063322075662
Saltmarsh_3_000000001	25056000.0	1	1	0.5110564066778067	1.0221128133556134	0.5541245776845661	1.1082491553691323	1.0	0.6106392741203308	96484914.01146753	73051366.17874712	73051366.17874712	2.0822711888079937e-09	0.36525682881146443	1.9077209374276154	25056000.0	0.07	2.4724063349061898
Saltmarsh_3_000000001	25142400.0	1	1	0.5110564068518627	1.0221128137037254	0.5541245778733285	1.108249155746657	1.0	0.6106392741203308	96484914.08166823	73051366.23191221	73051366.23191221	1.9494199587910543e-09	0.3652568292101411	1.9077209393770351	25142400.0	0.07	2.4724063374326377
Saltmarsh_3_000000001	25228800.0	1	1	0.5110564070148137	1.0221128140296274	0.5541245780500476	1.1082491561000951	1.0	0.6106392741203308	96484914.14739002	73051366.28168531	73051366.28168531	1.8250448374779182e-09	0.3652568295833817	1.9077209412020801	25228800.0	0.07	2.472406339797896
Saltmarsh_3_000000001	25315200.0	1	1	0.5110564071673682	1.0221128143347364	0.5541245782154918	1.1082491564309835	1.0	0.6106392741203308	96484914.20891869	73051366.32828285	73051366.32828285	1.7086050907444417e-09	0.36525682993280917	1.9077209429106847	25315200.0	0.07	2.4724063420122473
Saltmarsh_3_000000001	25401600.0	1	1	0.5110564073101896	1.0221128146203793	0.5541245783703804	1.1082491567407609	1.0	0.6106392741203308	96484914.26652178	73051366.3719074	73051366.3719074	1.5995942903579419e-09	0.3652568302599427	1.9077209445102787	25401600.0	0.07	2.4724063440853215
Saltmarsh_3_000000001	25488000.0	1	1	0.5110564074438989	1.0221128148877978	0.554124578515387	1.108249157030774	1.0	0.6106392741203308	96484914.32044974	73051366.41274865	73051366.41274865	1.4975384265980551e-09	0.36525683056620484	1.9077209460078168	25488000.0	0.07	2.4724063460261307
Saltmarsh_3_000000001	25574400.0	1	1	0.5110564075690773	1.0221128151381547	0.5541245786511421	1.1082491573022841	1.0	0.6106392741203308	96484914.37093702	73051366.45098417	73051366.45098417	1.40199379883299e-09	0.36525683085292704	1.9077209474098105	25574400.0	0.07	2.472406347843114
Saltmarsh_3_000000001	25660800.0	1	1	0.5110564076862693	1.0221128153725385	0.5541245787782358	1.1082491575564717	1.0	0.6106392741203308	96484914.41820318	73051366.48678024	73051366.48678024	1.3125451836515367e-09	0.36525683112135604	1.9077209487223554	25660800.0	0.07	2.4724063495441726
Saltmarsh_3_000000001	25747200.0	1	1	0.5110564077959843	1.0221128155919685	0.5541245788972209	1.1082491577944418	1.0	0.6106392741203308	96484914.46245366	73051366.52029249	73051366.52029249	1.2288033368612616e-09	0.36525683137265913	1.9077209499511594	25747200.0	0.07	2.4724063511367023
Saltmarsh_3_000000001	25833600.0	1	1	0.5110564078986993	1.0221128157973987	0.5541245790086144	1.108249158017229	1.0	0.6106392741203308	96484914.50388096	73051366.55166663	73051366.55166663	1.1504042718435414e-09	0.3652568316079289	1.9077209511015631	25833600.0	0.07	2.4724063526276256
Saltmarsh_3_000000001	25920000.0	1	1	0.5110564079948611	1.0221128159897221	0.554124579112901	1.108249158225802	1.0	0.6106392741203308	96484914.54266514	73051366.58103904	73051366.58103904	1.0770072611521186e-09	0.36525683182818797	1.9077209521785705	25920000.0	0.07	2.4724063540234273
Saltmarsh_3_000000001	26006400.0	1	1	0.5110564080848875	1.022112816169775	0.554124579210534	1.108249158421068	1.0	0.6106392741203308	96484914.57897486	73051366.60853745	73051366.60853745	1.0082928936228086e-09	0.36525683203439435	1.9077209531868633	26006400.0	0.07	2.472406355330175
Saltmarsh_3_000000001	26092800.0	1	1	0.5110564081691702	1.0221128163383404	0.5541245793019379	1.1082491586038759	1.0	0.6106392741203308	96484914.61296797	73051366.63428147	73051366.63428147	9.439629078400458e-10	0.3652568322274445	1.907720954130826	26092800.0	0.07	2.4724063565535506
Saltmarsh_3_000000001	26179200.0	1	1	0.5110564082480755	1.022112816496151	0.5541245793875101	1.1082491587750203	1.0	0.6106392741203308	96484914.64479226	73051366.65838297	73051366.65838297	8.837369724901123e-10	0.36525683240817786	1.9077209550145628	26179200.0	0.07	2.4724063576988735
Saltmarsh_3_000000001	26265600.0	1	1	0.5110564083219467	1.0221128166438933	0.5541245794676228	1.1082491589352457	1.0	0.6106392741203308	96484914.67458613	73051366.68094677	73051366.68094677	8.273536300507089e-10	0.36525683257738023	1.9077209558419166	26265600.0	0.07	2.472406358771124
Saltmarsh_3_000000001	26352000.0	1	1	0.5110564083911047	1.0221128167822093	0.5541245795426242	1.1082491590852483	1.0	0.6106392741203308	96484914.70247915	73051366.70207097	73051366.70207097	7.745674102110911e-10	0.3652568327357874	1.9077209566164837	26352000.0	0.07	2.472406359774963
Saltmarsh_3_000000001	26438400.0	1	1	0.5110564084558504	1.0221128169117009	0.5541245796128403	1.1082491592256807	1.0	0.6106392741203308	96484914.72859254	73051366.72184743	73051366.72184743	7.251493294724298e-10	0.36525683288408783	1.9077209573416332	26438400.0	0.07	2.4724063607147566
Saltmarsh_3_000000001	26524800.0	1	1	0.5110564085164653	1.0221128170329306	0.5541245796785766	1.1082491593571533	1.0	0.6106392741203308	96484914.75303988	73051366.74036214	73051366.74036214	6.788839490567966e-10	0.3652568330229267	1.9077209580205166	26524800.0	0.07	2.4724063615945897
Saltmarsh_3_000000001	26611200.0	1	1	0.5110564085732129	1.0221128171464258	0.5541245797401189	1.1082491594802377	1.0	0.6106392741203308	96484914.77592745	73051366.75769557	73051366.75769557	6.355704296190368e-10	0.3652568331529074	1.9077209586560868	26611200.0	0.07	2.4724063624182886
Saltmarsh_3_000000001	26697600.0	1	1	0.5110564086263398	1.0221128172526797	0.5541245797977347	1.1082491595954693	1.0	0.6106392741203308	96484914.79735477	73051366.77392307	73051366.77392307	5.950201442672665e-10	0.3652568332745952	1.9077209592511069	26697600.0	0.07	2.4724063631894344
Saltmarsh_3_000000001	26784000.0	1	1	0.5110564086760773	1.0221128173521545	0.5541245798516745	1.108249159703349	1.0	0.6106392741203308	96484914.81741498	73051366.7891153	73051366.7891153	5.570574002078388e-10	0.3652568333885191	1.9077209598081644	26784000.0	0.07	2.472406363911381
Saltmarsh_3_000000001	26870400.0	1	1	0.5110564087226414	1.0221128174452827	0.5541245799021729	1.1082491598043458	1.0	0.6106392741203308	96484914.83619535	73051366.80333823	73051366.80333823	5.215164411431772e-10	0.36525683349517474	1.90772096032968	26870400.0	0.07	2.4724063645872656
Saltmarsh_3_000000001	26956800.0	1	1	0.5110564087662346	1.0221128175324692	0.5541245799494495	1.108249159898899	1.0	0.6106392741203308	96484914.85377748	73051366.81665371	73051366.81665371	4.882432236286149e-10	0.36525683359502537	1.9077209608179233	26956800.0	0.07	2.4724063652200288
Saltmarsh_3_000000001	27043200.0	1	1	0.5110564088070466	1.0221128176140932	0.5541245799937098	1.1082491599874196	1.0	0.6106392741203308	96484914.87023787	73051366.82911967	73051366.82911967	4.57092752537136e-10	0.3652568336885056	1.9077209612750161	27043200.0	0.07	2.4724063658124207
Saltmarsh_3_000000001	27129600.0	1	1	0.5110564088452548	1.0221128176905097	0.5541245800351462	1.1082491600702924	1.0	0.6106392741203308	96484914.88564809	73051366.84079029	73051366.84079029	4.27929802704341e-10	0.36525683377602164	1.9077209617029458	27129600.0	0.07	2.472406366367018
Saltmarsh_3_000000001	27216000.0	1	1	0.5110564088810252	1.0221128177620504	0.5541245800739388	1.1082491601478777	1.0	0.6106392741203308	96484914.90007512	73051366.85171627	73051366.85171627	4.006272535939104e-10	0.3652568338579541	1.9077209621035727	27216000.0	0.07	2.47240636688623
Saltmarsh_3_000000001	27302400.0	1	1	0.5110564089145134	1.0221128178290269	0.5541245801102566	1.1082491602205131	1.0	0.6106392741203308	96484914.91358167	73051366.86194518	73051366.86194518	3.7506686645372156e-10	0.3652568339346591	1.9077209624786393	27302400.0	0.07	2.4724063673723164
Saltmarsh_3_000000001	27388800.0	1	1	0.5110564089458651	1.0221128178917303	0.5541245801442573	1.1082491602885145	1.0	0.6106392741203308	96484914.92622648	73051366.8715215	73051366.8715215	3.5113734142555586e-10	0.3652568340064702	1.907720962829777	27388800.0	0.07	2.472406367827391
Saltmarsh_3_000000001	27475200.0	1	1	0.5110564089752164	1.0221128179504329	0.5541245801760886	1.1082491603521771	1.0	0.6106392741203308	96484914.93806458	73051366.88048682	73051366.88048682	3.2873415101164483e-10	0.3652568340736999	1.907720963158511	27475200.0	0.07	2.4724063682534303
Saltmarsh_3_000000001	27561600.0	1	1	0.5110564090026951	1.0221128180053902	0.5541245802058891	1.1082491604117781	1.0	0.6106392741203308	96484914.94914733	73051366.88888018	73051366.88888018	3.077607613199973e-10	0.3652568341366401	1.9077209634662715	27561600.0	0.07	2.472406368652288
Saltmarsh_3_000000001	27648000.0	1	1	0.5110564090284206	1.0221128180568413	0.5541245802337882	1.1082491604675764	1.0	0.6106392741203308	96484914.95952299	73051366.896738	73051366.896738	2.881252458841743e-10	0.3652568341955647	1.9077209637543966	27648000.0	0.07	2.4724063690256983
Saltmarsh_3_000000001	27734400.0	1	1	0.5110564090525049	1.0221128181050099	0.5541245802599073	1.1082491605198146	1.0	0.6106392741203308	96484914.96923672	73051366.90409449	73051366.90409449	2.6974261713164083e-10	0.3652568342507298	1.9077209640241388	27734400.0	0.07	2.472406369375284
Saltmarsh_3_000000001	27820800.0	1	1	0.5110564090750526	1.0221128181501051	0.5541245802843601	1.1082491605687201	1.0	0.6106392741203308	96484914.9783307	73051366.91098158	73051366.91098158	2.5253266144886766e-10	0.36525683430237527	1.9077209642766717	27820800.0	0.07	2.4724063697025667
Saltmarsh_3_000000001	27907200.0	1	1	0.5110564090961617	1.0221128181923234	0.5541245803072526	1.1082491606145053	1.0	0.6106392741203308	96484914.98684448	73051366.91742933	73051366.91742933	2.364207718486e-10	0.36525683435072587	1.9077209645130924	27907200.0	0.07	2.472406370008968
Saltmarsh_3_000000001	27993600.0	1	1	0.511056409115924	1.022112818231848	0.5541245803286847	1.1082491606573694	1.0	0.6106392741203308	96484914.99481505	73051366.92346567	73051366.92346567	2.2133683774683277e-10	0.3652568343959915	1.9077209647344295	27993600.0	0.07	2.472406370295821
Saltmarsh_3_000000001	28080000.0	1	1	0.5110564091344254	1.0221128182688508	0.5541245803487493	1.1082491606974987	1.0	0.6106392741203308	96484915.00227712	73051366.9291169	73051366.9291169	2.0721524496281063e-10	0.36525683443836926	1.9077209649416444	28080000.0	0.07	2.472406370564371
Saltmarsh_3_000000001	28166400.0	1	1	0.5110564091517464	1.0221128183034929	0.5541245803675339	1.1082491607350677	1.0	0.6106392741203308	96484915.00926305	73051366.93440756	73051366.93440756	1.939947646967255e-10	0.3652568344780431	1.9077209651356397	28166400.0	0.07	2.472406370815789
Saltmarsh_3_000000001	28252800.0	1	1	0.5110564091679624	1.0221128183359247	0.5541245803851199	1.1082491607702398	1.0	0.6106392741203308	96484915.01580332	73051366.93936071	73051366.93936071	1.8161760984014563e-10	0.3652568345151859	1.907720965317257	28252800.0	0.07	2.4724063710511652
Saltmarsh_3_000000001	28339200.0	1	1	0.5110564091831437	1.0221128183662873	0.554124580401584	1.108249160803168	1.0	0.6106392741203308	96484915.02192628	73051366.94399782	73051366.94399782	1.700302676432841e-10	0.36525683454995883	1.9077209654872875	28339200.0	0.07	2.472406371271525
Saltmarsh_3_000000001	28425600.0	1	1	0.5110564091973564	1.0221128183947128	0.5541245804169975	1.108249160833995	1.0	0.6106392741203308	96484915.0276586	73051366.94833909	73051366.94833909	1.5918222295852047e-10	0.36525683458251323	1.9077209656464693	28425600.0	0.07	2.4724063714778244
Saltmarsh_3_000000001	28512000.0	1	1	0.5110564092106623	1.0221128184213246	0.5541245804314278	1.1082491608628555	1.0	0.6106392741203308	96484915.03302516	73051366.95240337	73051366.95240337	1.4902623579615693e-10	0.3652568346129906	1.9077209657954954	28512000.0	0.07	2.472406371670962
Saltmarsh_3_000000001	28598400.0	1	1	0.5110564092231193	1.0221128184462387	0.5541245804449373	1.1082491608898746	1.0	0.6106392741203308	96484915.03804937	73051366.95620833	73051366.95620833	1.3951817479096462e-10	0.3652568346415235	1.9077209659350136	28598400.0	0.07	2.4724063718517777
Saltmarsh_3_000000001	28684800.0	1	1	0.5110564092347816	1.0221128184695631	0.554124580457585	1.10824916091517	1.0	0.6106392741203308	96484915.04275301	73051366.95977055	73051366.95977055	1.306167396464275e-10	0.365256834668236	1.9077209660656305	28684800.0	0.07	2.472406372021057
Saltmarsh_3_000000001	28771200.0	1	1	0.5110564092456997	1.0221128184913995	0.5541245804694256	1.1082491609388512	1.0	0.6106392741203308	96484915.04715656	73051366.96310548	73051366.96310548	1.2228329460128862e-10	0.36525683469324416	1.9077209661879133	28771200.0	0.07	2.4724063721795355
Saltmarsh_3_000000001	28857600.0	1	1	0.5110564092559213	1.0221128185118427	0.5541245804805108	1.1082491609610217	1.0	0.6106392741203308	96484915.05127916	73051366.96622765	73051366.96622765	1.1448147985149149e-10	0.36525683471665676	1.9077209663023948	28857600.0	0.07	2.472406372327904
Saltmarsh_3_000000001	28944000.0	1	1	0.5110564092654908	1.0221128185309816	0.5541245804908889	1.1082491609817777	1.0	0.6106392741203308	96484915.05513874	73051366.96915063	73051366.96915063	1.071775446170875e-10	0.3652568347385756	1.9077209664095724	28944000.0	0.07	2.472406372466806
Saltmarsh_3_000000001	29030400.0	1	1	0.5110564092744497	1.0221128185488995	0.5541245805006048	1.1082491610012095	1.0	0.6106392741203308	96484915.05875205	73051366.97188711	73051366.97188711	1.0033945896381624e-10	0.3652568347590961	1.9077209665099124	29030400.0	0.07	2.4724063725968466
Saltmarsh_3_000000001	29116800.0	1	1	0.511056409282837	1.022112818565674	0.5541245805097008	1.1082491610194016	1.0	0.6106392741203308	96484915.06213486	73051366.97444904	73051366.97444904	9.39377464703739e-11	0.36525683477830745	1.9077209666038502	29116800.0	0.07	2.4724063727185897
Saltmarsh_3_000000001	29203200.0	1	1	0.5110564092906893	1.0221128185813786	0.5541245805182164	1.108249161036433	1.0	0.6106392741203308	96484915.06530182	73051366.9768475	73051366.9768475	8.794448502769114e-11	0.365256834796293	1.9077209666917945	29203200.0	0.07	2.4724063728325656
Saltmarsh_3_000000001	29289600.0	1	1	0.5110564092980405	1.022112818596081	0.5541245805261887	1.1082491610523775	1.0	0.6106392741203308	96484915.06826673	73051366.97909291	73051366.97909291	8.233352888353807e-11	0.36525683481313104	1.9077209667741282	29289600.0	0.07	2.47240637293927
Saltmarsh_3_000000001	29376000.0	1	1	0.5110564093049227	1.0221128186098454	0.5541245805336524	1.1082491610673049	1.0	0.6106392741203308	96484915.07104252	73051366.98119505	73051366.98119505	7.708039762022167e-11	0.36525683482889487	1.907720966851208	29376000.0	0.07	2.4724063730391657
Saltmarsh_3_000000001	29462400.0	1	1	0.5110564093113659	1.0221128186227317	0.55412458054064	1.10824916108128	1.0	0.6106392741203308	96484915.07364114	73051366.98316309	73051366.98316309	7.216266473264454e-11	0.3652568348436528	1.907720966923371	29462400.0	0.07	2.4724063731326886
Saltmarsh_3_000000001	29548800.0	1	1	0.5110564093173979	1.0221128186347959	0.5541245805471816	1.1082491610943632	1.0	0.6106392741203308	96484915.07607402	73051366.98500554	73051366.98500554	6.755840331607033e-11	0.3652568348574693	1.9077209669909299	29548800.0	0.07	2.4724063732202453
Saltmarsh_3_000000001	29635200.0	1	1	0.5110564093230451	1.0221128186460902	0.5541245805533059	1.1082491611066119	1.0	0.6106392741203308	96484915.07835168	73051366.98673047	73051366.98673047	6.324818446756808e-11	0.36525683487040417	1.9077209670541775	29635200.0	0.07	2.472406373302214
Saltmarsh_3_000000001	29721600.0	1	1	0.511056409328332	1.022112818656664	0.5541245805590395	1.108249161118079	1.0	0.6106392741203308	96484915.08048397	73051366.98834532	73051366.98834532	5.921285683996302e-11	0.36525683488251376	1.9077209671133901	29721600.0	0.07	2.4724063733789534
Saltmarsh_3_000000001	29808000.0	1	1	0.5110564093332814	1.022112818666563	0.5541245805644073	1.1082491611288146	1.0	0.6106392741203308	96484915.08248025	73051366.98985714	73051366.98985714	5.543493442061731e-11	0.36525683489385075	1.9077209671688249	29808000.0	0.07	2.4724063734507973
Saltmarsh_3_000000001	29894400.0	1	1	0.5110564093379153	1.0221128186758306	0.5541245805694326	1.1082491611388652	1.0	0.6106392741203308	96484915.08434913	73051366.99127255	73051366.99127255	5.1898374486825105e-11	0.3652568349044644	1.9077209672207238	29894400.0	0.07	2.472406373518058
Saltmarsh_3_000000001	29980800.0	1	1	0.5110564093422535	1.022112818684507	0.5541245805741373	1.1082491611482745	1.0	0.6106392741203308	96484915.08609883	73051366.99259764	73051366.99259764	4.8587134315880576e-11	0.3652568349144011	1.907720967269311	29980800.0	0.07	2.472406373581027
Saltmarsh_3_000000001	30067200.0	1	1	0.5110564093463148	1.0221128186926296	0.5541245805785417	1.1082491611570835	1.0	0.6106392741203308	96484915.0877369	73051366.99383816	73051366.99383816	4.548705856421975e-11	0.36525683492370375	1.9077209673147975	30067200.0	0.07	2.4724063736399775
Saltmarsh_3_000000001	30153600.0	1	1	0.5110564093501171	1.0221128187002342	0.5541245805826652	1.1082491611653305	1.0	0.6106392741203308	96484915.0892704	73051366.99499954	73051366.99499954	4.2585046600152054e-11	0.3652568349324127	1.9077209673573825	30153600.0	0.07	2.472406373695168
Saltmarsh_3_000000001	30240000.0	1	1	0.5110564093536767	1.0221128187073534	0.5541245805865256	1.1082491611730512	1.0	0.6106392741203308	96484915.0907061	73051366.9960868	73051366.9960868	3.9867886769684446e-11	0.36525683494056616	1.9077209673972497	30240000.0	0.07	2.4724063737468356
Saltmarsh_3_000000001	30326400.0	1	1	0.5110564093570092	1.0221128187140185	0.5541245805901397	1.1082491611802794	1.0	0.6106392741203308	96484915.09205015	73051366.99710473	73051366.99710473	3.7324476842570675e-11	0.3652568349481992	1.9077209674345745	30326400.0	0.07	2.472406373795209
Saltmarsh_3_000000001	30412800.0	1	1	0.5110564093601292	1.0221128187202584	0.5541245805935232	1.1082491611870464	1.0	0.6106392741203308	96484915.09330852	73051366.99805771	73051366.99805771	3.4943048454749714e-11	0.3652568349553455	1.9077209674695175	30412800.0	0.07	2.472406373840495
Saltmarsh_3_000000001	30499200.0	1	1	0.5110564093630501	1.0221128187261002	0.5541245805966909	1.1082491611933818	1.0	0.6106392741203308	96484915.09448658	73051366.99894989	73051366.99894989	3.271366511015117e-11	0.36525683496203576	1.9077209675022313	30499200.0	0.07	2.4724063738828916
Saltmarsh_3_000000001	30585600.0	1	1	0.5110564093657846	1.0221128187315691	0.5541245805996564	1.1082491611993128	1.0	0.6106392741203308	96484915.09558946	73051366.99978511	73051366.99978511	3.062633480155341e-11	0.36525683496829925	1.9077209675328572	30585600.0	0.07	2.472406373922583
Saltmarsh_3_000000001	30672000.0	1	1	0.5110564093683446	1.0221128187366892	0.5541245806024327	1.1082491612048655	1.0	0.6106392741203308	96484915.096622	73051367.00056706	73051367.00056706	2.8672397789364368e-11	0.36525683497416295	1.9077209675615294	30672000.0	0.07	2.472406373959742
Saltmarsh_3_000000001	30758400.0	1	1	0.5110564093707414	1.0221128187414827	0.5541245806050319	1.1082491612100638	1.0	0.6106392741203308	96484915.09758861	73051367.00129914	73051367.00129914	2.6843083311689497e-11	0.3652568349796526	1.9077209675883724	30758400.0	0.07	2.472406373994531
Saltmarsh_3_000000001	30844800.0	1	1	0.5110564093729851	1.0221128187459703	0.5541245806074653	1.1082491612149306	1.0	0.6106392741203308	96484915.09849362	73051367.00198448	73051367.00198448	2.51303977627515e-11	0.365256834984792	1.9077209676135027	30844800.0	0.07	2.4724063740270994
Saltmarsh_3_000000001	30931200.0	1	1	0.5110564093750858	1.0221128187501716	0.5541245806097433	1.1082491612194867	1.0	0.6106392741203308	96484915.09934084	73051367.0026261	73051367.0026261	2.352701367058785e-11	0.36525683498960354	1.9077209676370297	30931200.0	0.07	2.4724063740575906
Saltmarsh_3_000000001	31017600.0	1	1	0.5110564093770524	1.0221128187541049	0.5541245806118761	1.1082491612237522	1.0	0.6106392741203308	96484915.10013404	73051367.0032268	73051367.0032268	2.2025992141294637e-11	0.36525683499410805	1.9077209676590554	31017600.0	0.07	2.4724063740861357
Saltmarsh_3_000000001	31104000.0	1	1	0.5110564093788935	1.022112818757787	0.5541245806138727	1.1082491612277454	1.0	0.6106392741203308	96484915.10087661	73051367.00378914	73051367.00378914	2.062056081442165e-11	0.3652568349983252	1.9077209676796754	31104000.0	0.07	2.4724063741128592
Saltmarsh_3_000000001	31190400.0	1	1	0.5110564093806171	1.0221128187612343	0.554124580615742	1.108249161231484	1.0	0.6106392741203308	96484915.10157177	73051367.00431563	73051367.00431563	1.9305057552543303e-11	0.3652568350022731	1.9077209676989804	31190400.0	0.07	2.4724063741378783
Saltmarsh_3_000000001	31276800.0	1	1	0.5110564093822308	1.0221128187644617	0.554124580617492	1.108249161234984	1.0	0.6106392741203308	96484915.10222262	73051367.00480853	73051367.00480853	1.8073376129024155e-11	0.3652568350059693	1.9077209677170537	31276800.0	0.07	2.472406374161302
Saltmarsh_3_000000001	31363200.0	1	1	0.5110564093837416	1.0221128187674833	0.5541245806191304	1.1082491612382608	1.0	0.6106392741203308	96484915.10283194	73051367.00526999	73051367.00526999	1.6920354006799698e-11	0.3652568350094296	1.9077209677339741	31363200.0	0.07	2.4724063741832305
Saltmarsh_3_000000001	31449600.0	1	1	0.511056409385156	1.022112818770312	0.5541245806206643	1.1082491612413286	1.0	0.6106392741203308	96484915.1034024	73051367.00570199	73051367.00570199	1.5840717626502965e-11	0.36525683501266926	1.9077209677498146	31449600.0	0.07	2.47240637420376
Saltmarsh_3_000000001	31536000.0	1	1	0.51105640938648	1.02211281877296	0.5541245806221002	1.1082491612442005	1.0	0.6106392741203308	96484915.10393642	73051367.00610644	73051367.00610644	1.4830081607186685e-11	0.3652568350157021	1.9077209677646443	31536000.0	0.07	2.472406374222979
Saltmarsh_3_000000001	31622400.0	1	1	0.5110564093877197	1.0221128187754394	0.5541245806234446	1.1082491612468892	1.0	0.6106392741203308	96484915.10443638	73051367.00648507	73051367.00648507	1.3883949545601126e-11	0.36525683501854145	1.9077209677785283	31622400.0	0.07	2.4724063742409728
Saltmarsh_3_000000001	31708800.0	1	1	0.5110564093888802	1.0221128187777604	0.5541245806247033	1.1082491612494065	1.0	0.6106392741203308	96484915.10490447	73051367.00683954	73051367.00683954	1.2998047083101483e-11	0.36525683502119966	1.9077209677915263	31708800.0	0.07	2.4724063742578184
Saltmarsh_3_000000001	31795200.0	1	1	0.5110564093899668	1.0221128187799335	0.5541245806258815	1.108249161251763	1.0	0.6106392741203308	96484915.10534267	73051367.00717144	73051367.00717144	1.2168877017160185e-11	0.36525683502368833	1.9077209678036955	31795200.0	0.07	2.4724063742735893
Saltmarsh_3_000000001	31881600.0	1	1	0.511056409390984	1.022112818781968	0.5541245806269847	1.1082491612539693	1.0	0.6106392741203308	96484915.10575293	73051367.00748214	73051367.00748214	1.139238703373735e-11	0.3652568350260183	1.907720967815088	31881600.0	0.07	2.472406374288354
Saltmarsh_3_000000001	31968000.0	1	1	0.5110564093919363	1.0221128187838726	0.5541245806280174	1.1082491612560348	1.0	0.6106392741203308	96484915.10613704	73051367.00777301	73051367.00777301	1.0665635041817723e-11	0.36525683502819944	1.9077209678257536	31968000.0	0.07	2.4724063743021767
Saltmarsh_3_000000001	32054400.0	1	1	0.5110564093928278	1.0221128187856556	0.5541245806289843	1.1082491612579686	1.0	0.6106392741203308	96484915.10649662	73051367.0080453	73051367.0080453	9.984901794268808e-12	0.3652568350302416	1.9077209678357387	32054400.0	0.07	2.4724063743151174
Saltmarsh_3_000000001	32140800.0	1	1	0.5110564093936625	1.022112818787325	0.5541245806298895	1.108249161259779	1.0	0.6106392741203308	96484915.10683323	73051367.00830027	73051367.00830027	9.348022356192587e-12	0.36525683503215334	1.907720967845087	32140800.0	0.07	2.472406374327233
Saltmarsh_3_000000001	32227200.0	1	1	0.5110564093944439	1.0221128187888877	0.5541245806307369	1.1082491612614738	1.0	0.6106392741203308	96484915.10714842	73051367.00853893	73051367.00853893	8.751444013910259e-12	0.36525683503394324	1.9077209678538385	32227200.0	0.07	2.4724063743385747
Saltmarsh_3_000000001	32313600.0	1	1	0.5110564093951754	1.0221128187903508	0.5541245806315303	1.1082491612630605	1.0	0.6106392741203308	96484915.10744345	73051367.00876239	73051367.00876239	8.19322387712873e-12	0.36525683503561873	1.9077209678620317	32313600.0	0.07	2.4724063743491933
Saltmarsh_3_000000001	32400000.0	1	1	0.5110564093958603	1.0221128187917206	0.554124580632273	1.108249161264546	1.0	0.6106392741203308	96484915.10771966	73051367.00897159	73051367.00897159	7.670530877135207e-12	0.3652568350371874	1.9077209678697025	32400000.0	0.07	2.4724063743591342
Saltmarsh_3_000000001	32486400.0	1	1	0.5110564093965014	1.0221128187930029	0.5541245806329683	1.1082491612659366	1.0	0.6106392741203308	96484915.10797827	73051367.00916745	73051367.00916745	7.1811445678804375e-12	0.3652568350386561	1.9077209678768834	32486400.0	0.07	2.472406374368441
Saltmarsh_3_000000001	32572800.0	1	1	0.5110564093971017	1.0221128187942035	0.5541245806336192	1.1082491612672385	1.0	0.6106392741203308	96484915.10822038	73051367.00935078	73051367.00935078	6.722900014466404e-12	0.365256835040031	1.907720967883606	32572800.0	0.07	2.472406374377153
Saltmarsh_3_000000001	32659200.0	1	1	0.5110564093976637	1.0221128187953274	0.5541245806342286	1.1082491612684573	1.0	0.6106392741203308	96484915.10844705	73051367.00952241	73051367.00952241	6.2938543266000124e-12	0.3652568350413182	1.9077209678899	32659200.0	0.07	2.4724063743853106
Saltmarsh_3_000000001	32745600.0	1	1	0.5110564093981899	1.0221128187963797	0.5541245806347992	1.1082491612695984	1.0	0.6106392741203308	96484915.10865925	73051367.0096831	73051367.0096831	5.892286658593093e-12	0.3652568350425232	1.9077209678957925	32745600.0	0.07	2.472406374392947
Saltmarsh_3_000000001	32832000.0	1	1	0.5110564093986824	1.0221128187973647	0.5541245806353333	1.1082491612706666	1.0	0.6106392741203308	96484915.1088579	73051367.00983354	73051367.00983354	5.516309631303784e-12	0.3652568350436514	1.9077209679013083	32832000.0	0.07	2.4724063744000957
Saltmarsh_3_000000001	32918400.0	1	1	0.5110564093991434	1.0221128187982869	0.5541245806358334	1.1082491612716667	1.0	0.6106392741203308	96484915.10904387	73051367.00997436	73051367.00997436	5.164424443648841e-12	0.3652568350447074	1.9077209679064726	32918400.0	0.07	2.4724063744067886
Saltmarsh_3_000000001	33004800.0	1	1	0.5110564093995751	1.0221128187991502	0.5541245806363015	1.108249161272603	1.0	0.6106392741203308	96484915.10921796	73051367.0101062	73051367.0101062	4.834799227637632e-12	0.3652568350456962	1.9077209679113074	33004800.0	0.07	2.4724063744130547
Saltmarsh_3_000000001	33091200.0	1	1	0.5110564093999792	1.0221128187999584	0.5541245806367399	1.1082491612734797	1.0	0.6106392741203308	96484915.10938095	73051367.01022969	73051367.01022969	4.526545804850457e-12	0.36525683504662193	1.9077209679158338	33091200.0	0.07	2.4724063744189206
Saltmarsh_3_000000001	33177600.0	1	1	0.5110564094003576	1.0221128188007151	0.5541245806371502	1.1082491612743004	1.0	0.6106392741203308	96484915.10953355	73051367.01034525	73051367.01034525	4.237665773842991e-12	0.36525683504748857	1.9077209679200715	33177600.0	0.07	2.4724063744244127
Saltmarsh_3_000000001	33264000.0	1	1	0.5110564094007118	1.0221128188014237	0.5541245806375343	1.1082491612750687	1.0	0.6106392741203308	96484915.10967642	73051367.01045345	73051367.01045345	3.967381978497997e-12	0.36525683504829987	1.907720967924039	33264000.0	0.07	2.472406374429555
Saltmarsh_3_000000001	33350400.0	1	1	0.5110564094010435	1.022112818802087	0.5541245806378939	1.1082491612757879	1.0	0.6106392741203308	96484915.10981017	73051367.01055473	73051367.01055473	3.714140106580999e-12	0.36525683504905954	1.907720967927753	33350400.0	0.07	2.472406374434368
Saltmarsh_3_000000001	33436800.0	1	1	0.5110564094013539	1.0221128188027078	0.5541245806382307	1.1082491612764613	1.0	0.6106392741203308	96484915.1099354	73051367.01064956	73051367.01064956	3.477163001974759e-12	0.36525683504977063	1.9077209679312301	33436800.0	0.07	2.4724063744388745
Saltmarsh_3_000000001	33523200.0	1	1	0.5110564094016445	1.022112818803289	0.5541245806385459	1.1082491612770917	1.0	0.6106392741203308	96484915.11005262	73051367.01073837	73051367.01073837	3.2555069751083465e-12	0.3652568350504364	1.9077209679344853	33523200.0	0.07	2.472406374443093
Saltmarsh_3_000000001	33609600.0	1	1	0.5110564094019167	1.0221128188038333	0.554124580638841	1.108249161277682	1.0	0.6106392741203308	96484915.11016236	73051367.01082148	73051367.01082148	3.0477842472009797e-12	0.3652568350510596	1.907720967937533	33609600.0	0.07	2.472406374447043
Saltmarsh_3_000000001	33696000.0	1	1	0.5110564094021715	1.022112818804343	0.5541245806391173	1.1082491612782346	1.0	0.6106392741203308	96484915.1102651	73051367.01089929	73051367.01089929	2.8533286844378836e-12	0.36525683505164314	1.9077209679403868	33696000.0	0.07	2.4724063744507414
Saltmarsh_3_000000001	33782400.0	1	1	0.5110564094024099	1.0221128188048199	0.554124580639376	1.108249161278752	1.0	0.6106392741203308	96484915.11036131	73051367.01097214	73051367.01097214	2.6711965972481266e-12	0.36525683505218953	1.907720967943058	33782400.0	0.07	2.472406374454203
Saltmarsh_3_000000001	33868800.0	1	1	0.5110564094026332	1.0221128188052664	0.5541245806396181	1.1082491612792362	1.0	0.6106392741203308	96484915.11045136	73051367.01104036	73051367.01104036	2.500777362968165e-12	0.365256835052701	1.9077209679455585	33868800.0	0.07	2.4724063744574436
Saltmarsh_3_000000001	33955200.0	1	1	0.5110564094028422	1.0221128188056845	0.5541245806398448	1.1082491612796896	1.0	0.6106392741203308	96484915.11053565	73051367.0111042	73051367.0111042	2.3412938254807614e-12	0.3652568350531797	1.9077209679479	33955200.0	0.07	2.4724063744604785
Saltmarsh_3_000000001	34041600.0	1	1	0.511056409403038	1.022112818806076	0.5541245806400571	1.1082491612801142	1.0	0.6106392741203308	96484915.11061458	73051367.011164	73051367.011164	2.191968828668678e-12	0.365256835053628	1.907720967950092	34041600.0	0.07	2.4724063744633193
Saltmarsh_3_000000001	34128000.0	1	1	0.5110564094032212	1.0221128188064423	0.5541245806402558	1.1082491612805117	1.0	0.6106392741203308	96484915.1106885	73051367.01121996	73051367.01121996	2.0521362387171393e-12	0.3652568350540477	1.9077209679521439	34128000.0	0.07	2.4724063744659786
Saltmarsh_3_000000001	34214400.0	1	1	0.5110564094033927	1.0221128188067854	0.5541245806404418	1.1082491612808836	1.0	0.6106392741203308	96484915.11075766	73051367.01127234	73051367.01127234	1.921129921811371e-12	0.36525683505444057	1.907720967954065	34214400.0	0.07	2.4724063744684686
Saltmarsh_3_000000001	34300800.0	1	1	0.5110564094035533	1.0221128188071067	0.554124580640616	1.108249161281232	1.0	0.6106392741203308	96484915.11082245	73051367.0113214	73051367.0113214	1.7986168110439849e-12	0.3652568350548084	1.9077209679558642	34300800.0	0.07	2.4724063744708
Saltmarsh_3_000000001	34387200.0	1	1	0.5110564094037037	1.0221128188074073	0.5541245806407791	1.1082491612815581	1.0	0.6106392741203308	96484915.11088312	73051367.01136732	73051367.01136732	1.6837087279952812e-12	0.3652568350551529	1.9077209679575482	34387200.0	0.07	2.4724063744729827
Saltmarsh_3_000000001	34473600.0	1	1	0.5110564094038444	1.022112818807689	0.5541245806409317	1.1082491612818635	1.0	0.6106392741203308	96484915.11093988	73051367.01141033	73051367.01141033	1.5763501615140285e-12	0.3652568350554753	1.9077209679591243	34473600.0	0.07	2.472406374475025
Saltmarsh_3_000000001	34560000.0	1	1	0.5110564094039762	1.0221128188079525	0.5541245806410746	1.1082491612821492	1.0	0.6106392741203308	96484915.11099303	73051367.01145057	73051367.01145057	1.4758194666342206e-12	0.36525683505577705	1.9077209679606004	34560000.0	0.07	2.4724063744769382
Saltmarsh_3_000000001	34646400.0	1	1	0.5110564094040996	1.0221128188081992	0.5541245806412084	1.1082491612824168	1.0	0.6106392741203308	96484915.11104277	73051367.01148824	73051367.01148824	1.3815615318435448e-12	0.36525683505605966	1.9077209679619818	34646400.0	0.07	2.4724063744787284
Saltmarsh_3_000000001	34732800.0	1	1	0.511056409404215	1.02211281880843	0.5541245806413336	1.1082491612826673	1.0	0.6106392741203308	96484915.11108935	73051367.01152353	73051367.01152353	1.2934653348395386e-12	0.36525683505632417	1.9077209679632752	34732800.0	0.07	2.472406374480405
Saltmarsh_3_000000001	34819200.0	1	1	0.5110564094043232	1.0221128188086464	0.5541245806414509	1.1082491612829017	1.0	0.6106392741203308	96484915.11113293	73051367.01155655	73051367.01155655	1.2109757641098895e-12	0.3652568350565718	1.9077209679644862	34819200.0	0.07	2.472406374481974
Saltmarsh_3_000000001	34905600.0	1	1	0.5110564094044244	1.0221128188088489	0.5541245806415607	1.1082491612831213	1.0	0.6106392741203308	96484915.11117376	73051367.01158746	73051367.01158746	1.133593219293516e-12	0.3652568350568037	1.9077209679656202	34905600.0	0.07	2.4724063744834437
Saltmarsh_3_000000001	34992000.0	1	1	0.5110564094045192	1.0221128188090385	0.5541245806416635	1.108249161283327	1.0	0.6106392741203308	96484915.11121203	73051367.01161642	73051367.01161642	1.0613732115416497e-12	0.3652568350570208	1.9077209679666818	34992000.0	0.07	2.4724063744848195
Saltmarsh_3_000000001	35078400.0	1	1	0.511056409404608	1.022112818809216	0.5541245806417596	1.1082491612835192	1.0	0.6106392741203308	96484915.11124781	73051367.01164351	73051367.01164351	9.935940958882838e-13	0.365256835057224	1.9077209679676752	35078400.0	0.07	2.472406374486107
Saltmarsh_3_000000001	35164800.0	1	1	0.511056409404691	1.022112818809382	0.5541245806418497	1.1082491612836993	1.0	0.6106392741203308	96484915.11128132	73051367.01166888	73051367.01166888	9.301448500309561e-13	0.36525683505741424	1.9077209679686051	35164800.0	0.07	2.472406374487312
Saltmarsh_3_000000001	35251200.0	1	1	0.5110564094047688	1.0221128188095376	0.5541245806419339	1.1082491612838679	1.0	0.6106392741203308	96484915.11131267	73051367.01169261	73051367.01169261	8.708034293647415e-13	0.36525683505759227	1.907720967969476	35251200.0	0.07	2.472406374488441
Saltmarsh_3_000000001	35337600.0	1	1	0.5110564094048416	1.0221128188096833	0.5541245806420129	1.1082491612840257	1.0	0.6106392741203308	96484915.11134204	73051367.0117148	73051367.0117148	8.150147223773274e-13	0.365256835057759	1.9077209679702913	35337600.0	0.07	2.4724063744894975
Saltmarsh_3_000000001	35424000.0	1	1	0.5110564094049098	1.0221128188098196	0.5541245806420867	1.1082491612841734	1.0	0.6106392741203308	96484915.11136957	73051367.01173563	73051367.01173563	7.630562848248701e-13	0.3652568350579151	1.9077209679710543	35424000.0	0.07	2.4724063744904865
Saltmarsh_3_000000001	35510400.0	1	1	0.5110564094049735	1.022112818809947	0.5541245806421559	1.1082491612843117	1.0	0.6106392741203308	96484915.11139528	73051367.01175508	73051367.01175508	7.142064717413632e-13	0.36525683505806117	1.9077209679717684	35510400.0	0.07	2.4724063744914115
Saltmarsh_3_000000001	35596800.0	1	1	0.5110564094050333	1.0221128188100665	0.5541245806422206	1.1082491612844412	1.0	0.6106392741203308	96484915.11141935	73051367.01177332	73051367.01177332	6.686873277317318e-13	0.3652568350581979	1.9077209679724372	35596800.0	0.07	2.4724063744922784
Saltmarsh_3_000000001	35683200.0	1	1	0.5110564094050891	1.0221128188101782	0.5541245806422812	1.1082491612845624	1.0	0.6106392741203308	96484915.11144193	73051367.01179041	73051367.01179041	6.26110274737357e-13	0.36525683505832596	1.907720967973063	35683200.0	0.07	2.4724063744930898
Saltmarsh_3_000000001	35769600.0	1	1	0.5110564094051414	1.0221128188102828	0.554124580642338	1.108249161284676	1.0	0.6106392741203308	96484915.11146298	73051367.01180638	73051367.01180638	5.861977570020827e-13	0.36525683505844575	1.907720967973649	35769600.0	0.07	2.472406374493849
Saltmarsh_3_000000001	35856000.0	1	1	0.5110564094051904	1.0221128188103807	0.5541245806423912	1.1082491612847825	1.0	0.6106392741203308	96484915.11148274	73051367.01182139	73051367.01182139	5.488942633746774e-13	0.36525683505855805	1.9077209679741984	35856000.0	0.07	2.4724063744945615
Saltmarsh_3_000000001	35942400.0	1	1	0.5110564094052363	1.0221128188104727	0.554124580642441	1.108249161284882	1.0	0.6106392741203308	96484915.11150123	73051367.01183541	73051367.01183541	5.138667269477537e-13	0.3652568350586632	1.9077209679747122	35942400.0	0.07	2.472406374495227
Saltmarsh_3_000000001	36028800.0	1	1	0.5110564094052793	1.0221128188105586	0.5541245806424876	1.1082491612849752	1.0	0.6106392741203308	96484915.11151858	73051367.01184851	73051367.01184851	4.810041254188491e-13	0.36525683505876155	1.9077209679751936	36028800.0	0.07	2.472406374495851
Saltmarsh_3_000000001	36115200.0	1	1	0.5110564094053195	1.022112818810639	0.5541245806425312	1.1082491612850625	1.0	0.6106392741203308	96484915.1115348	73051367.01186082	73051367.01186082	4.50417481090426e-13	0.3652568350588537	1.9077209679756442	36115200.0	0.07	2.4724063744964346
Saltmarsh_3_000000001	36201600.0	1	1	0.5110564094053571	1.0221128188107143	0.5541245806425721	1.1082491612851442	1.0	0.6106392741203308	96484915.11154999	73051367.01187234	73051367.01187234	4.217182159038657e-13	0.36525683505893997	1.9077209679760656	36201600.0	0.07	2.472406374496981
Saltmarsh_3_000000001	36288000.0	1	1	0.5110564094053923	1.0221128188107846	0.5541245806426103	1.1082491612852206	1.0	0.6106392741203308	96484915.11156419	73051367.0118831	73051367.0118831	3.9479530755670567e-13	0.3652568350590207	1.9077209679764602	36288000.0	0.07	2.4724063744974925
Saltmarsh_3_000000001	36374400.0	1	1	0.5110564094054253	1.0221128188108506	0.554124580642646	1.108249161285292	1.0	0.6106392741203308	96484915.11157747	73051367.01189317	73051367.01189317	3.695932448977146e-13	0.36525683505909623	1.9077209679768292	36374400.0	0.07	2.4724063744979707
Saltmarsh_3_000000001	36460800.0	1	1	0.5110564094054562	1.0221128188109123	0.5541245806426796	1.108249161285359	1.0	0.6106392741203308	96484915.11158992	73051367.0119026	73051367.0119026	3.461675390781238e-13	0.36525683505916684	1.9077209679771754	36460800.0	0.07	2.4724063744984193
Saltmarsh_3_000000001	36547200.0	1	1	0.5110564094054851	1.0221128188109703	0.554124580642711	1.108249161285422	1.0	0.6106392741203308	96484915.11160159	73051367.01191145	73051367.01191145	3.2412961203931445e-13	0.3652568350592331	1.9077209679774998	36547200.0	0.07	2.47240637449884
Saltmarsh_3_000000001	36633600.0	1	1	0.5110564094055122	1.0221128188110244	0.5541245806427404	1.1082491612854808	1.0	0.6106392741203308	96484915.11161253	73051367.01191972	73051367.01191972	3.0331293032759277e-13	0.3652568350592953	1.9077209679778033	36633600.0	0.07	2.472406374499233
Saltmarsh_3_000000001	36720000.0	1	1	0.5110564094055375	1.022112818811075	0.5541245806427678	1.1082491612855356	1.0	0.6106392741203308	96484915.11162275	73051367.01192747	73051367.01192747	2.8399504969911504e-13	0.36525683505935336	1.9077209679780869	36720000.0	0.07	2.4724063744996005
Saltmarsh_3_000000001	36806400.0	1	1	0.5110564094055613	1.0221128188111226	0.5541245806427936	1.1082491612855871	1.0	0.6106392741203308	96484915.1116323	73051367.01193474	73051367.01193474	2.660094367001875e-13	0.3652568350594077	1.9077209679783529	36806400.0	0.07	2.4724063744999456
Saltmarsh_3_000000001	36892800.0	1	1	0.5110564094055835	1.022112818811167	0.5541245806428177	1.1082491612856353	1.0	0.6106392741203308	96484915.1116413	73051367.01194152	73051367.01194152	2.490230244234226e-13	0.3652568350594586	1.9077209679786016	36892800.0	0.07	2.472406374500268
