plant	time	x	y	r_ag	h_ag	r_bg	h_bg	aboveground_resources	belowground_resources	res_ag	res_bg	res_eff	grow	maint	volume	age	salinity	transpiration
Saltmarsh_2_000000001	21254400.0	1	1	0.0	0.0	0.3551894936241199	0.7103789872482398	1.0	0.1844950020313263	3710822.0541798095	17184551.25659359	3710822.0541798095	-0.030345742026398937	0.048899852297297985	0.2815530273835905	21340800.0	0.1030263338181734	0.3648927234891333
