plant	time	x	y	r_ag	h_ag	r_bg	h_bg	aboveground_resources	belowground_resources	res_ag	res_bg	res_eff	grow	maint	volume	age	salinity	transpiration
Saltmarsh_3_000000001	22809600.0	1	1	0.0	0.0	0.3570363253671074	0.7140726507342148	1.0	0.10791689157485962	4663587.350046154	9830087.149603266	4663587.350046154	-0.03663205532023768	0.05994999207046845	0.2859677646463379	22896000.0	0.126937732	0.37061422298165386
