plant	time	x	y	r_ag	h_ag	r_bg	h_bg	aboveground_resources	belowground_resources	res_ag	res_bg	res_eff	grow	maint	volume	age	salinity	transpiration
Saltmarsh_3_000000001	56764800.0	1	1	0.6651798069964038	1.3303596139928076	0.7053015108540303	1.4106030217080605	1.0	0.8893433809280396	162211136.53554747	168772401.8242875	162211136.53554747	0.043429682319394924	0.7676260003583424	4.05372660763601	56851200.0	0.033687731	5.2536296834962695
