plant	time	x	y	r_ag	h_ag	r_bg	h_bg	aboveground_resources	belowground_resources	res_ag	res_bg	res_eff	grow	maint	volume	age	salinity	transpiration
Saltmarsh_4_000000001	0.0	1	1	0.05	0.1	0.05	0.1	NaN	NaN	NaN	NaN	NaN	NaN	NaN	NaN	NaN	NaN	NaN
Saltmarsh_4_000000001	86400.0	1	1	0.050607386561445686	0.10121477312289137	0.05143797820673511	0.10287595641347022	1.0	0.09534946829080582	923552.841931713	88060.27241665148	88060.27241665148	9.870216985076333e-05	0.0003415991922324941	0.001669498496645661	86400.0	0.14	0.0021636700516527766
Saltmarsh_4_000000001	172800.0	1	1	0.05125569462387135	0.1025113892477427	0.05292444629368429	0.10584889258736858	1.0	0.09534946829080582	946127.271598328	94212.45152171566	94212.45152171566	0.0001079984229412424	0.0003630638346673359	0.001777496919586904	172800.0	0.14	0.0023036360077846275
Saltmarsh_4_000000001	259200.0	1	1	0.051942066536978186	0.10388413307395637	0.05445034235973845	0.1089006847194769	1.0	0.09534946829080582	970523.347262833	100781.09848230398	100781.09848230398	0.00011735537030525936	0.00038655012210626053	0.0018948522898921641	259200.0	0.14	0.002455728567700245
Saltmarsh_4_000000001	345600.0	1	1	0.05266295682029604	0.10532591364059209	0.056006381295430174	0.11201276259086035	1.0	0.09534946829080582	996690.2017566445	107742.64361476131	107742.64361476131	0.00012664196441370545	0.0004120712536601011	0.00202149425430587	345600.0	0.14	0.002619856553580408
Saltmarsh_4_000000001	432000.0	1	1	0.05341425604270303	0.10682851208540606	0.057583306391466416	0.11516661278293283	1.0	0.09534946829080582	1024547.7860292535	115067.45226273003	115067.45226273003	0.0001357253316228577	0.00043961192969079247	0.0021572195859287293	432000.0	0.14	0.0027957565833636334
Saltmarsh_4_000000001	518400.0	1	1	0.054191434384417814	0.10838286876883563	0.05917210997511188	0.11834421995022376	1.0	0.09534946829080582	1053989.0722926636	122720.75887544268	122720.75887544268	0.00014447583968879574	0.0004691279546884177	0.002301695425617526	518400.0	0.14	0.0029829972716003137
Saltmarsh_4_000000001	604800.0	1	1	0.0549896932400566	0.1099793864801132	0.06076421611117908	0.12152843222235817	1.0	0.09534946829080582	1084883.3231053597	130663.74481178806	130663.74481178806	0.0001527717818844076	0.0005005469421745327	0.002454467207501934	604800.0	0.14	0.003180989500922507
Saltmarsh_4_000000001	691200.0	1	1	0.05580411404428083	0.11160822808856166	0.06235162243891834	0.12470324487783668	1.0	0.09534946829080582	1117080.1491335009	138854.68229605994	138854.68229605994	0.000160503373225503	0.0005337700382547967	0.002614970580727438	691200.0	0.14	0.0033890018726227596
Saltmarsh_4_000000001	777600.0	1	1	0.056629795443619874	0.11325959088723975	0.06392700158900194	0.12785400317800388	1.0	0.09534946829080582	1150414.0458979986	147250.07368812745	147250.07368812745	0.00016757585421453818	0.0005686745142260991	0.002782546434941977	777600.0	0.14	0.0036061801796848023
Saltmarsh_4_000000001	864000.0	1	1	0.057461972486730455	0.11492394497346091	0.0654837651455763	0.1309675302911526	1.0	0.09534946829080582	1184709.1048250229	155805.72774578125	155805.72774578125	0.00017391160457779636	0.0006051170341511099	0.0029564580395197732	864000.0	0.14	0.0038315696192176263
Saltmarsh_4_000000001	950400.0	1	1	0.0582961141696164	0.1165922283392328	0.06701609475840992	0.13403218951681983	1.0	0.09534946829080582	1219783.6284457769	164477.72991298497	164477.72991298497	0.00017945126746020715	0.0006429373821047178	0.0031359093069799815	950400.0	0.14	0.004064138461846056
Saltmarsh_4_000000001	1036800.0	1	1	0.05912799807525864	0.11825599615051728	0.06851894585684805	0.1370378917136961	1.0	0.09534946829080582	1255454.432924922	173223.27930804982	173223.27930804982	0.00018415396264248086	0.0006819624338977682	0.003320063269622463	1036800.0	0.14	0.004302801997430712
Saltmarsh_4_000000001	1123200.0	1	1	0.059953762762989235	0.11990752552597847	0.06998802962414434	0.13997605924828868	1.0	0.09534946829080582	1291540.6824666753	182001.3791757452	182001.3791757452	0.00018799672070985254	0.0007220101751688736	0.003508059990332316	1123200.0	0.14	0.004546445747470682
Saltmarsh_4_000000001	1209600.0	1	1	0.0607699399086155	0.121539879817231	0.07141977863425607	0.14283955726851214	1.0	0.09534946829080582	1327867.160641568	190773.37906529388	190773.37906529388	0.00019097329890088884	0.0007628935964255805	0.003699033289233207	1209600.0	0.14	0.004793947142846236
Saltmarsh_4_000000001	1296000.0	1	1	0.06157346899595224	0.12314693799190447	0.07281130100143826	0.14562260200287652	1.0	0.09534946829080582	1364266.9371429782	199503.3755401688	199503.3755401688	0.00019309254713124554	0.0008044243305695985	0.003892125836364454	1296000.0	0.14	0.005044195083928333
Saltmarsh_4_000000001	1382400.0	1	1	0.06236169770261966	0.12472339540523932	0.07416032718722113	0.14832065437444225	1.0	0.09534946829080582	1400583.4315807812	208158.48393690464	208158.48393690464	0.00019437648460134908	0.0008464159350831742	0.004086502320965805	1382400.0	0.14	0.005296107007971683
Saltmarsh_4_000000001	1468800.0	1	1	0.06313237112266443	0.12626474224532885	0.0754651528566712	0.1509303057133424	1.0	0.09534946829080582	1436671.9076409359	216708.9969705847	216708.9969705847	0.00019485822891527498	0.0008886867559376485	0.00428136054988108	1468800.0	0.14	0.005548643272645879
Saltmarsh_4_000000001	1555200.0	1	1	0.06388361273996265	0.1277672254799253	0.07672458044944855	0.1534491608988971	1.0	0.09534946829080582	1472400.4519070345	225128.44735178712	225128.44735178712	0.00019457989560895707	0.0009310623411499786	0.0044759404454900375	1555200.0	0.14	0.005800818817355089
Saltmarsh_4_000000001	1641600.0	1	1	0.0646138997072972	0.1292277994145944	0.07793786147527898	0.15587572295055796	1.0	0.09534946829080582	1507650.5034171978	233393.5915542912	233393.5915542912	0.00019359056021927212	0.0009733773975521839	0.00466953100570931	1641600.0	0.14	0.006051712183399266
Saltmarsh_4_000000001	1728000.0	1	1	0.06532203457160783	0.13064406914321566	0.07910464097984153	0.15820928195968306	1.0	0.09534946829080582	1542317.0045677845	241484.3309148145	241484.3309148145	0.00019194435019967556	0.0010154773043743969	0.004861475355908987	1728000.0	0.14	0.006300472061258047
Saltmarsh_4_000000001	1814400.0	1	1	0.06600711516849375	0.1320142303369875	0.0802249051617215	0.160449810323443	1.0	0.09534946829080582	1576308.243229068	249383.58472769352	249383.58472769352	0.00018969871175936745	0.0010572192118791003	0.005051174067668356	1814400.0	0.14	0.006546321591698189
Saltmarsh_4_000000001	1900800.0	1	1	0.06666850402127034	0.13333700804254067	0.08129893274992187	0.16259786549984373	1.0	0.09534946829080582	1609545.4516435862	257077.1281996873	257077.1281996873	0.00018691287791148007	0.0010984727630869563	0.005238086945579836	1900800.0	0.14	0.006788560681471468
Saltmarsh_4_000000001	1987200.0	1	1	0.06730579823922522	0.13461159647845045	0.08232725046473592	0.16465450092947184	1.0	0.09534946829080582	1641962.2212536759	264553.40625205706	264553.40625205706	0.0001836465489093728	0.0011391204823509124	0.005421733494489211	1987200.0	0.14	0.0070265666088580175
Saltmarsh_4_000000001	2073600.0	1	1	0.06791880062291797	0.13583760124583594	0.08331059267033139	0.16662118534066278	1.0	0.09534946829080582	1673503.785133079	271803.33233081095	271803.33233081095	0.00017995878468767944	0.0011790578769663755	0.005601692279176892	2073600.0	0.14	0.0072597931938132515
Saltmarsh_4_000000001	2160000.0	1	1	0.06850749245118665	0.1370149849023733	0.08424986517250317	0.16849973034500634	1.0	0.09534946829080582	1704126.2119542097	278820.07969207707	278820.07969207707	0.00017590710053852184	0.0012181932979218636	0.005777599379715415	2160000.0	0.14	0.007487768796111178
Saltmarsh_4_000000001	2246400.0	1	1	0.06907200824066997	0.13814401648133995	0.08514611300780191	0.17029222601560381	1.0	0.09534946829080582	1733795.5479271002	285598.8711111261	285598.8711111261	0.00017154675156817473	0.0012564476039874557	0.005949146131283591	2246400.0	0.14	0.007710093386143534
Saltmarsh_4_000000001	2332800.0	1	1	0.06961261262783659	0.13922522525567319	0.08600049200011453	0.17200098400022906	1.0	0.09534946829080582	1762486.93621762	292136.7716378208	292136.7716378208	0.00016693018799421875	0.0012937536701948854	0.006116076319277812	2332800.0	0.14	0.007926434909784045
Saltmarsh_4_000000001	2419200.0	1	1	0.07012967941881465	0.1402593588376293	0.086814243818853	0.173628487637706	1.0	0.09534946829080582	1790183.7371624685	298432.48788841197	298432.48788841197	0.0001621066615802968	0.001330055777861763	0.00627818298085811	2419200.0	0.14	0.008136525143192111
Saltmarsh_4_000000001	2505600.0	1	1	0.07062367277701032	0.14124734555402063	0.08758867425190271	0.17517734850380542	1.0	0.09534946829080582	1816876.667213708	304486.17641333496	304486.17641333496	0.00015712196303903857	0.0013653089190276363	0.006435304943897151	2505600.0	0.14	0.008340155207290707
Saltmarsh_4_000000001	2592000.0	1	1	0.0710951304665097	0.1421902609330194	0.08832513440057223	0.17665026880114446	1.0	0.09534946829080582	1842562.9699641964	310299.2628968575	310299.2628968575	0.00015201827070090686	0.0013994780437833808	0.006587323214598061	2592000.0	0.14	0.008537170886119086
Saltmarsh_4_000000001	2678400.0	1	1	0.07154464903532852	0.14308929807065704	0.08902500450842711	0.17805000901685422	1.0	0.09534946829080582	1867245.6287819217	315874.27330828167	315874.27330828167	0.0001468340918506256	0.0014325372746907827	0.006734157306448689	2678400.0	0.14	0.0087274678691575
Saltmarsh_4_000000001	2764800.0	1	1	0.07197287080233529	0.14394574160467058	0.08968968014760897	0.17937936029521795	1.0	0.09534946829080582	1890932.6274469483	321214.6776164673	321214.6776164673	0.00014160427963770756	0.0014644691084446289	0.0068757615860863975	2764800.0	0.14	0.008910987015567971
Saltmarsh_4_000000001	2851200.0	1	1	0.07238047250158179	0.14476094500316358	0.09032056050242664	0.18064112100485327	1.0	0.09534946829080582	1913636.262659198	326324.7462809756	326324.7462809756	0.00013636011019257216	0.0014952636212123057	0.007012121696278972	2851200.0	0.14	0.009087709718377548
Saltmarsh_4_000000001	2937600.0	1	1	0.07276815543501507	0.14553631087003013	0.0909190385087402	0.1818380770174804	1.0	0.09534946829080582	1935372.510286294	331209.4194267175	331209.4194267175	0.000131129406389835	0.0015249176907437525	0.007143251102668806	2937600.0	0.14	0.009257653429058774
Saltmarsh_4_000000001	3024000.0	1	1	0.07313663698692874	0.14627327397385748	0.0914864926275561	0.1829729852551122	1.0	0.09534946829080582	1956160.4456688052	335874.1883790467	335874.1883790467	0.00012593669649917116	0.0015534342453960622	0.007269187799167982	3024000.0	0.14	0.009420867387721703
Saltmarsh_4_000000001	3110400.0	1	1	0.07348664335936204	0.1469732867187241	0.09202428005133843	0.18404856010267687	1.0	0.09534946829080582	1976021.717122265	340324.98906899826	340324.98906899826	0.00012080339768528949	0.001580821547659702	0.007389991196853273	3110400.0	0.14	0.009577428591121841
Saltmarsh_4_000000001	3196800.0	1	1	0.07381890339571319	0.14763780679142638	0.09253373116115605	0.1850674623223121	1.0	0.09534946829080582	1994980.0709058265	344568.10670198256	344568.10670198256	0.00011574801591966786	0.001607092517590245	0.0075057392127729425	3196800.0	0.14	0.009727438019753733
Saltmarsh_4_000000001	3283200.0	1	1	0.07413414336916702	0.14826828673833403	0.09301614507149426	0.18603229014298853	1.0	0.09534946829080582	2013060.925309115	348610.0910075734	348610.0910075734	0.00011078635532319066	0.0016322640997146764	0.007616525568096135	3283200.0	0.14	0.00987101713625259
Saltmarsh_4_000000001	3369600.0	1	1	0.07443308262247136	0.14886616524494273	0.09347278611709996	0.1869455722341999	1.0	0.09534946829080582	2030290.9910923676	352457.6813445413	352457.6813445413	0.00010593173125952177	0.0016563566754631848	0.007722457299355659	3369600.0	0.14	0.010008304659964934
Saltmarsh_4_000000001	3456000.0	1	1	0.07471642995565277	0.14943285991130553	0.09390488115246101	0.18780976230492202	1.0	0.09534946829080582	2046697.9352587927	356117.7409168814	356117.7409168814	0.00010119518264229115	0.001679393521942116	0.007823652481997952	3456000.0	0.14	0.010139453616669347
Saltmarsh_4_000000001	3542400.0	1	1	0.074984880668111	0.149969761336222	0.0943136175493866	0.1886272350987732	1.0	0.09534946829080582	2062310.0850071248	359597.19935737783	359597.19935737783	9.658567990977274e-05	0.0017014003168771164	0.00792023816190773	3542400.0	0.14	0.010264628657832418
Saltmarsh_4_000000001	3628800.0	1	1	0.07523911417095669	0.15047822834191338	0.09470014179166208	0.18940028358332417	1.0	0.09534946829080582	2077156.1686778304	362903.00295043446	362903.00295043446	9.21103259678925e-05	0.00172240468878428	0.008012348487875624	3628800.0	0.14	0.010384003640286809
Saltmarsh_4_000000001	3715200.0	1	1	0.07547979209432024	0.15095958418864047	0.09506555857794169	0.19013111715588338	1.0	0.09534946829080582	2091265.0905445996	366042.0717915839	366042.0717915839	8.777454811779257e-05	0.0017424358108401269	0.008100123035993419	3715200.0	0.14	0.010497759454647471
Saltmarsh_4_000000001	3801600.0	1	1	0.07570755682259014	0.1514151136451803	0.09541093035498448	0.19082186070996895	1.0	0.09534946829080582	2104665.736394422	369021.26321412396	369021.26321412396	8.358227958077391e-05	0.0017615240364898459	0.008183705315574195	3801600.0	0.14	0.010606082088984158
Saltmarsh_4_000000001	3888000.0	1	1	0.07592303039810035	0.1518460607962007	0.09573727721311744	0.19147455442623487	1.0	0.09534946829080582	2117386.806969243	371847.3408512278	371847.3408512278	7.953612972459744e-05	0.0017797005745315416	0.008263241445298795	3888000.0	0.14	0.01070916091310724
Saltmarsh_4_000000001	3974400.0	1	1	0.07612681374067805	0.1522536274813561	0.09604557708451379	0.19209115416902758	1.0	0.09534946829080582	2129456.676497649	374526.9487426838	374526.9487426838	7.563754249402424e-05	0.0017969972012193947	0.008338878987792822	3974400.0	0.14	0.010807187168179497
Saltmarsh_4_000000001	4060800.0	1	1	0.07631948613670271	0.15263897227340542	0.09633676619259843	0.19267353238519686	1.0	0.09534946829080582	2140903.273716527	377066.58993758715	377066.58993758715	7.188694286741583e-05	0.0018134460068205199	0.00841076593066024	4060800.0	0.14	0.010900352646135673
Saltmarsh_4_000000001	4147200.0	1	1	0.07650160495694416	0.15300320991388833	0.09661173970772581	0.19322347941545162	1.0	0.09534946829080582	2151753.9829627085	379472.60908670136	379472.60908670136	6.828387141194102e-05	0.0018290791740215658	0.008479049802072184	4147200.0	0.14	0.01098884854348555
Saltmarsh_4_000000001	4233600.0	1	1	0.07667370556748238	0.15334741113496475	0.09687135257030766	0.1937427051406153	1.0	0.09534946829080582	2162035.563097408	381751.1785599221	381751.1785599221	6.482710720273491e-05	0.0018439287855968756	0.00854387690927492	4233600.0	0.14	0.011072864474420295
Saltmarsh_4_000000001	4320000.0	1	1	0.07683630140250534	0.1536726028050107	0.09711642044787912	0.19423284089575824	1.0	0.09534946829080582	2171774.082207562	383908.28766469244	383908.28766469244	6.151477951573639e-05	0.0018580266588077259	0.008605391688790659	4320000.0	0.14	0.011152587628672692
Saltmarsh_4_000000001	4406400.0	1	1	0.07698988417178022	0.15397976834356045	0.09734772079726035	0.1946954415945207	1.0	0.09534946829080582	2180994.8662046394	385949.7345798763	385949.7345798763	5.834446880810355e-05	0.001871404204091278	0.008663736157598766	4406400.0	0.14	0.011228202060248
Saltmarsh_4_000000001	4492800.0	1	1	0.07713492417913989	0.15426984835827978	0.09756599400706556	0.19513198801413112	1.0	0.09534946829080582	2189722.4596110154	387881.12065618625	387881.12065618625	5.531329757131674e-05	0.0018840923057096145	0.008719049455170085	4492800.0	0.14	0.01129988809390043
Saltmarsh_4_000000001	4579200.0	1	1	0.07727187073146545	0.1545437414629309	0.0977719445993974	0.1955438891987948	1.0	0.09534946829080582	2197980.596984879	389707.846768607	389707.846768607	5.2418011686542615e-05	0.0018961212221564924	0.008771467466856628	4579200.0	0.14	0.01136782183704619
Saltmarsh_4_000000001	4665600.0	1	1	0.07740115262041597	0.15480230524083194	0.0979662424726998	0.1959324849453996	1.0	0.09534946829080582	2205792.1835860135	391435.11143825966	391435.11143825966	4.965505293494767e-05	0.0019075205042563509	0.00882112251979158	4665600.0	0.14	0.011432174785649889
Saltmarsh_4_000000001	4752000.0	1	1	0.07752317866159698	0.15504635732319397	0.09814952417047748	0.19629904834095496	1.0	0.09534946829080582	2213179.2840260235	393067.9104707713	393067.9104707713	4.702062332180524e-05	0.0019183189290320514	0.008868143143113386	4752000.0	0.14	0.01149311351347495
Saltmarsh_4_000000001	4838400.0	1	1	0.07763833827800534	0.15527667655601068	0.09832239416297525	0.1966447883259505	1.0	0.09534946829080582	2220163.117777561	394611.0378855071	394611.0378855071	4.451074186643915e-05	0.0019285444475610966	0.008912653884979825	4838400.0	0.14	0.011550799434933853
Saltmarsh_4_000000001	4924800.0	1	1	0.07774700211647066	0.15549400423294132	0.09848542613098259	0.19697085226196517	1.0	0.09534946829080582	2226764.0605378333	396069.0879350172	396069.0879350172	4.2121294493185045e-05	0.001938224145181901	0.008954775179473014	4924800.0	0.14	0.011605388632597026
Saltmarsh_4_000000001	5011200.0	1	1	0.07784952268746335	0.1556990453749267	0.09863916424273009	0.19727832848546017	1.0	0.09534946829080582	2233001.6505523557	397446.4580368662	397446.4580368662	3.984807763454993e-05	0.0019473842125497813	0.008994623257107568	5011200.0	0.14	0.01165703174121141
Saltmarsh_4_000000001	5097600.0	1	1	0.07794623502008147	0.15589247004016293	0.0987841244164046	0.1975682488328092	1.0	0.09534946829080582	2238894.5991060575	398747.35246075026	398747.35246075026	3.768683612847667e-05	0.0019560499261752746	0.009032310093236049	5097600.0	0.14	0.01170587388083392
Saltmarsh_4_000000001	5184000.0	1	1	0.07803745732528816	0.15607491465057632	0.09892079556215959	0.19784159112431918	1.0	0.09534946829080582	2244460.804480736	399975.78663258266	399975.78663258266	3.563329595898147e-05	0.001964245637203932	0.009067943389195032	5184000.0	0.14	0.011752054632396763
Saltmarsh_4_000000001	5270400.0	1	1	0.07812349166156886	0.15624698332313772	0.09904964079866238	0.19809928159732476	1.0	0.09534946829080582	2249717.3687611856	401135.59193418024	401135.59193418024	3.368319235472466e-05	0.0019719947673161767	0.00910162658154976	5270400.0	0.14	0.011795708049688488
Saltmarsh_4_000000001	5356800.0	1	1	0.07820462459813178	0.15640924919626356	0.09917109864022346	0.1983421972804469	1.0	0.09534946829080582	2254680.616947518	402230.4208924398	402230.4208924398	3.1832293724470394e-05	0.0019793198107377285	0.009133458875274232	5356800.0	0.14	0.011836962702355406
Saltmarsh_4_000000001	5443200.0	1	1	0.0782811278716049	0.1565622557432098	0.09928558415141453	0.19857116830282906	1.0	0.09534946829080582	2259366.1178989285	403263.7526655741	403263.7526655741	3.007642187263359e-05	0.001986242341455237	0.009163535297146867	5443200.0	0.14	0.01187594174510234
Saltmarsh_4_000000001	5529600.0	1	1	0.07835325903290016	0.15670651806580033	0.09939349006682081	0.19878698013364163	1.0	0.09534946829080582	2263788.7066949164	404238.89874623524	404238.89874623524	2.8411468903003553e-05	0.0019927830248281726	0.009191946766049874	5529600.0	0.14	0.011912763008800639
Saltmarsh_4_000000001	5616000.0	1	1	0.0784212620815375	0.156842524163075	0.09949518787420283	0.19899037574840567	1.0	0.09534946829080582	2267962.5080543845	405159.00881227304	405159.00881227304	2.6833411184618017e-05	0.001998961632876747	0.009218780177234496	5616000.0	0.14	0.011947539109695905
Saltmarsh_4_000000001	5702400.0	1	1	0.078485368085257	0.156970736170514	0.09959102885987967	0.19918205771975933	1.0	0.09534946829080582	2271900.9605016033	406027.07666560874	406027.07666560874	2.5338320721070545e-05	0.002004797062606973	0.009244118497955568	5702400.0	0.14	0.011980377573350418
Saltmarsh_4_000000001	5788800.0	1	1	0.0785457957832085	0.157091591566417	0.09968134511559969	0.19936269023119937	1.0	0.09534946829080582	2275616.8410112616	406845.9462083463	406845.9462083463	2.3922374233531322e-05	0.0020103073568082	0.009268040872189104	5788800.0	0.14	0.012011380970357078
Saltmarsh_4_000000001	5875200.0	1	1	0.07860275217140437	0.15720550434280875	0.09976645050654792	0.19953290101309584	1.0	0.09534946829080582	2279122.2899032356	407618.31741288555	407618.31741288555	2.2581860238509582e-05	0.002015509726825918	0.009290622732427615	5875200.0	0.14	0.01204064706122619
Saltmarsh_4_000000001	5961600.0	1	1	0.07865643306945913	0.15731286613891826	0.09984664160046054	0.19969328320092108	1.0	0.09534946829080582	2282428.8357917382	408346.7522495637	408346.7522495637	2.1313184374063994e-05	0.0020204205768737547	0.009311935916801684	5961600.0	0.14	0.012068268948174981
Saltmarsh_4_000000001	6048000.0	1	1	0.07870702366792878	0.15741404733585757	0.09992219855808412	0.19984439711616825	1.0	0.09534946829080582	2285547.4204235757	409033.68054130435	409033.68054130435	2.0112873202759746e-05	0.002025055529503762	0.009332048790004445	6048000.0	0.14	0.01209433523184576
Saltmarsh_4_000000001	6134400.0	1	1	0.07875469905580774	0.1575093981116155	0.09999338598543892	0.19998677197087783	1.0	0.09534946829080582	2288488.423266738	409681.4057199817	409681.4057199817	1.8977576696189383e-05	0.002029429451903719	0.009351026366700635	6134400.0	0.14	0.012118930171244024
Saltmarsh_4_000000001	6220800.0	1	1	0.07879962472794817	0.15759924945589635	0.10006045374852564	0.20012090749705128	1.0	0.09534946829080582	2291261.685733865	410292.11046379467	410292.11046379467	1.7904069584225978e-05	0.0020335564827347473	0.009368930436284863	6220800.0	0.14	0.012142133845425184
Saltmarsh_4_000000001	6307200.0	1	1	0.07884195707234103	0.15768391414468205	0.1001236377512622	0.2002472755025244	1.0	0.09534946829080582	2293876.5349455574	410867.862198949	410867.862198949	1.688925173239878e-05	0.002037450059262346	0.009385819688017263	6307200.0	0.14	0.012164022315670374
Saltmarsh_4_000000001	6393600.0	1	1	0.07888184383734347	0.15776368767468693	0.10018316067755263	0.20036632135510526	1.0	0.09534946829080582	2296341.8069563606	411410.61845243094	411410.61845243094	1.593014769266576e-05	0.002041122944569489	0.009401749835709933	6393600.0	0.14	0.012184667787080074
Saltmarsh_4_000000001	6480000.0	1	1	0.07891942457905786	0.15783884915811572	0.10023923269848173	0.20047846539696346	1.0	0.09534946829080582	2298665.8693818417	411922.23204568966	411922.23204568966	1.5023905556411834e-05	0.0020445872546720366	0.009416773741266347	6480000.0	0.14	0.012204138768681186
Saltmarsh_4_000000001	6566400.0	1	1	0.07895483108916687	0.15790966217833374	0.10029205214569775	0.2005841042913955	1.0	0.09534946829080582	2300856.643378687	412404.4561216604	412404.4561216604	1.4167795223599036e-05	0.002047854485384703	0.009430941536489948	6566400.0	0.14	0.012222500231290973
Saltmarsh_4_000000001	6652800.0	1	1	0.07898818780360947	0.15797637560721894	0.10034180615209573	0.20068361230419146	1.0	0.09534946829080582	2302921.6249414934	412858.9489998154	412858.9489998154	1.3359206188451843e-05	0.0020509355388106253	0.009444300742678402	6652800.0	0.14	0.012239813762511209
Saltmarsh_4_000000001	6739200.0	1	1	0.07901961219254733	0.15803922438509466	0.10038867126094804	0.20077734252189608	1.0	0.09534946829080582	2304867.9054900124	413287.2788558725	413287.2788558725	1.2595644929981609e-05	0.002053840749349381	0.009456896387608386	6739200.0	0.14	0.012256137718340469
Saltmarsh_4_000000001	6825600.0	1	1	0.07904921513212168	0.15809843026424336	0.10043281400465037	0.20086562800930075	1.0	0.09534946829080582	2306702.1917293104	413690.92822443385	413690.92822443385	1.1874731984638526e-05	0.0020565799091375307	0.009468771119593027	6825600.0	0.14	0.012271527370992564
Saltmarsh_4_000000001	6912000.0	1	1	0.07907710125853969	0.15815420251707937	0.1004743914542598	0.2009487829085196	1.0	0.09534946829080582	2308430.8247727216	414071.2983242337	414071.2983242337	1.119419876861611e-05	0.0020591622928525523	0.009479965318361644	6912000.0	0.14	0.01228603505259669
Saltmarsh_4_000000001	6998400.0	1	1	0.0791033693050581	0.1582067386101162	0.10051355174100265	0.2010271034820053	1.0	0.09534946829080582	2310059.7985237823	414429.71320685756	414429.71320685756	1.0551884208562842e-05	0.002061596681825725	0.009490517202570211	6998400.0	0.14	0.012299710294530994
Saltmarsh_4_000000001	7084800.0	1	1	0.07912811242245202	0.15825622484490404	0.10055043455092089	0.20110086910184177	1.0	0.09534946829080582	2311594.7773186965	414767.42373078107	414767.42373078107	9.9457312316047e-06	0.002063891387422301	0.009500462933801818	7084800.0	0.14	0.012312599962207156
Saltmarsh_4_000000001	7171200.0	1	1	0.07915141848356969	0.15830283696713937	0.10058517159381222	0.20117034318762445	1.0	0.09534946829080582	2313041.112835332	415085.6113633954	415085.6113633954	9.373783158616103e-06	0.002066054273658361	0.00950983671696044	7171200.0	0.14	0.01232474838518073
Saltmarsh_4_000000001	7257600.0	1	1	0.07917337037258065	0.1583467407451613	0.10061788704759861	0.20123577409519722	1.0	0.09534946829080582	2314403.8602784965	415385.39181436546	415385.39181436546	8.8341800385007e-06	0.0020680927790333267	0.00951867089699894	7257600.0	0.14	0.012336197482510629
Saltmarsh_4_000000001	7344000.0	1	1	0.07919404625952638	0.15838809251905275	0.1006486979792339	0.2012973959584678	1.0	0.09534946829080582	2315687.7938543125	415667.8185042014	415667.8185042014	8.325154955724032e-06	0.002070013937565283	0.009526996051954667	7344000.0	0.14	0.01234698688333325
Saltmarsh_4_000000001	7430400.0	1	1	0.07921351986077908	0.15842703972155817	0.10067771474323378	0.20135542948646756	1.0	0.09534946829080582	2316897.421549004	415933.8858723625	415933.8858723625	7.845030338492816e-06	0.0020718243990233195	0.00953484108229316	7430400.0	0.14	0.012357154042651938
Saltmarsh_4_000000001	7516800.0	1	1	0.07923186068600889	0.15846372137201778	0.10070504135888105	0.2014100827177621	1.0	0.09534946829080582	2318036.9992294046	416184.5325295453	416184.5325295453	7.3922142907311555e-06	0.0020735304483569953	0.009542233296583894	7516800.0	0.14	0.012366734352372726
Saltmarsh_4_000000001	7603200.0	1	1	0.07924913427224907	0.15849826854449814	0.1007307758671265	0.201461551734253	1.0	0.09534946829080582	2319110.544084088	416420.64425906073	416420.64425906073	6.9651969671603e-06	0.0020751380243281435	0.009549198493551058	7603200.0	0.14	0.012375761247642171
Saltmarsh_4_000000001	7689600.0	1	1	0.07926540240563817	0.15853080481127635	0.10075501066817258	0.20151002133634516	1.0	0.09534946829080582	2320121.8474251865	416643.0568723811	416643.0568723811	6.562547007548953e-06	0.0020766527373543564	0.00955576104055861	7689600.0	0.14	0.012384266308563957
Saltmarsh_4_000000001	7776000.0	1	1	0.07928072333140365	0.1585614466628073	0.1007778328406915	0.201555665681383	1.0	0.09534946829080582	2321074.4868718707	416852.5589240601	416852.5589240601	6.182908043268157e-06	0.0020780798865770323	0.009561943948601881	7776000.0	0.14	0.012392279357388037
Saltmarsh_4_000000001	7862400.0	1	1	0.07929515195263649	0.15859030390527298	0.10079932444359486	0.20159864888718973	1.0	0.09534946829080582	2321971.8379370337	417049.8942912941	417049.8942912941	5.824995286757718e-06	0.002079424476169713	0.00956776894388864	7862400.0	0.14	0.012399828551279678
Saltmarsh_4_000000001	7948800.0	1	1	0.07930874001839024	0.15861748003678047	0.10081956280123554	0.20163912560247108	1.0	0.09534946829080582	2322817.0850391067	417235.7646234103	417235.7646234103	5.487592212321483e-06	0.00208069123090473	0.009573256536100964	7948800.0	0.14	0.01240694047078685
Saltmarsh_4_000000001	8035200.0	1	1	0.07932153630162017	0.15864307260324034	0.10083862077288737	0.20167724154577474	1.0	0.09534946829080582	2323613.2319610966	417410.83166655694	417410.83166655694	5.169547334751487e-06	0.0020818846109980334	0.009578426083435721	8035200.0	0.14	0.012413640204132695
Saltmarsh_4_000000001	8121600.0	1	1	0.07933358676746094	0.15866717353492188	0.100856567007313	0.201713134014626	1.0	0.09534946829080582	2324363.111778913	417575.71946881566	417575.71946881566	4.869771090612162e-06	0.002083008826253466	0.009583295854526335	8121600.0	0.14	0.01241995142746613
Saltmarsh_4_000000001	8208000.0	1	1	0.07934493473232265	0.1586898694646453	0.10087346618319484	0.2017469323663897	1.0	0.09534946829080582	2325069.396280924	417731.01647089096	417731.01647089096	4.587232825638016e-06	0.002084067849528817	0.009587883087351977	8208000.0	0.14	0.01242589648120816
Saltmarsh_4_000000001	8294400.0	1	1	0.0793556210142671	0.1587112420285342	0.10088937923617017	0.20177875847234034	1.0	0.09534946829080582	2325734.604900406	417877.2774874302	417877.2774874302	4.320957890421428e-06	0.0020850654295467294	0.0095922040452424	8294400.0	0.14	0.01243149644263415
Saltmarsh_4_000000001	8380800.0	1	1	0.0793656840751073	0.1587313681502146	0.10090436357317795	0.2018087271463559	1.0	0.09534946829080582	2326361.1131822043	418015.02558391547	418015.02558391547	4.070024845567125e-06	0.0020860051030740104	0.009596274070087969	8380800.0	0.14	0.01243677119483401
Saltmarsh_4_000000001	8467200.0	1	1	0.07937516015465527	0.15875032030931055	0.10091847327479198	0.20183694654958395	1.0	0.09534946829080582	2326951.160804443	418144.753853947	418144.753853947	3.8335627765878795e-06	0.002086890206493147	0.00960010763286456	8467200.0	0.14	0.012441739492192471
Saltmarsh_4_000000001	8553600.0	1	1	0.07938408339752509	0.15876816679505018	0.10093175928618331	0.20186351857236662	1.0	0.09534946829080582	2327506.8591756704	418266.92710159626	418266.92710159626	3.610748718084738e-06	0.0020877238867898964	0.009603718381582648	8553600.0	0.14	0.012446419022531111
Saltmarsh_4_000000001	8640000.0	1	1	0.07939248597287989	0.15878497194575977	0.10094426959732421	0.20188853919464841	1.0	0.09534946829080582	2328030.1986272256	418381.9834333632	418381.9834333632	3.400805186095073e-06	0.002088509111980721	0.009607119186768747	8640000.0	0.14	0.012450826466052297
Saltmarsh_4_000000001	8726400.0	1	1	0.0794003981874947	0.1588007963749894	0.10095604941301595	0.2019120988260319	1.0	0.09534946829080582	2328523.0552200424	418490.33576412295	418490.33576412295	3.20299781703939e-06	0.0020892486810035753	0.009610322184585789	8726400.0	0.14	0.012454977551223182
Saltmarsh_4_000000001	8812800.0	1	1	0.07940784859248941	0.15881569718497882	0.10096714131329422	0.20193428262658844	1.0	0.09534946829080582	2328987.1971844765	418592.3732412888	418592.3732412888	3.0166331111938956e-06	0.0020899452330952503	0.009613338817696987	8812800.0	0.14	0.012458887107735296
Saltmarsh_4_000000001	8899200.0	1	1	0.07941486408406993	0.15882972816813987	0.10097758540473806	0.20195517080947611	1.0	0.09534946829080582	2329424.2910111058	418688.4625912665	418688.4625912665	2.8410562783495567e-06	0.0020906012566779828	0.009616179873975339	8899200.0	0.14	0.01246256911667204
Saltmarsh_4_000000001	8985600.0	1	1	0.07942146999859939	0.15884293999719878	0.10098741946318188	0.20197483892636375	1.0	0.09534946829080582	2329835.9072097903	418778.94939210813	418778.94939210813	2.6756491829722957e-06	0.0020912190977775682	0.009618855523158314	8985600.0	0.14	0.012466036758013176
Saltmarsh_4_000000001	9072000.0	1	1	0.07942769020230546	0.15885538040461092	0.10099667906830448	0.20199335813660896	1.0	0.09534946829080582	2330223.5257536317	418864.15927612904	418864.15927612904	2.5198283860341196e-06	0.002091800967994611	0.00962137535154435	9072000.0	0.14	0.012469302455601478
Saltmarsh_4_000000001	9158400.0	1	1	0.07943354717591539	0.15886709435183077	0.10100539773054458	0.20201079546108916	1.0	0.09534946829080582	2330588.541223794	418944.3990660791	418944.3990660791	2.373043280467276e-06	0.0020923489520499284	0.009623748394824822	9158400.0	0.14	0.01247237791969297
Saltmarsh_4_000000001	9244800.0	1	1	0.07943906209449532	0.15887812418899064	0.10101360701076903	0.20202721402153806	1.0	0.09534946829080582	2330932.267670513	419019.9578483201	419019.9578483201	2.234774317119801e-06	0.0020928650149244807	0.009625983169141945	9244800.0	0.14	0.01247527418720796
Saltmarsh_4_000000001	9331200.0	1	1	0.07944425490275679	0.15888850980551358	0.10102133663309755	0.2020426732661951	1.0	0.09534946829080582	2331255.9432049477	419091.1079862973	419091.1079862973	2.1045313179906405e-06	0.002093351008613496	0.009628087700459935	9331200.0	0.14	0.012478001659796076
Saltmarsh_4_000000001	9417600.0	1	1	0.07944914438607995	0.1588982887721599	0.10102861459126646	0.2020572291825329	1.0	0.09534946829080582	2331560.7343359063	419158.10607745446	419158.10607745446	1.981851873490443e-06	0.002093808678513782	0.00963006955233343	9417600.0	0.14	0.012480570139824126
Saltmarsh_4_000000001	9504000.0	1	1	0.07945374823749009	0.15890749647498018	0.10103546724889342	0.20207093449778685	1.0	0.09534946829080582	2331847.7400648426	419221.1938565886	419221.1938565886	1.866299820454595e-06	0.0020942396694624884	0.009631935852153887	9504000.0	0.14	0.012482988864391437
Saltmarsh_4_000000001	9590400.0	1	1	0.07945808312081211	0.15891616624162422	0.10104191943398624	0.2020838388679725	1.0	0.09534946829080582	2332117.9957519127	419280.5990485054	419280.5990485054	1.757463797643754e-06	0.0020946455314448833	0.009633693315951533	9590400.0	0.14	0.012485266537473186
Saltmarsh_4_000000001	9676800.0	1	1	0.07946216473021542	0.15892432946043084	0.1010479945280197	0.2020959890560394	1.0	0.09534946829080582	2332372.476765279	419336.53617269953	419336.53617269953	1.6549558754970495e-06	0.002095027724988001	0.009635348271827033	9676800.0	0.14	0.012487411360287835
Saltmarsh_4_000000001	9763200.0	1	1	0.07946600784635074	0.1589320156927015	0.1010537145498873	0.2021074290997746	1.0	0.09534946829080582	2332612.1019252897	419389.20730264805	419389.20730264805	1.5584102569412943e-06	0.002095387626256299	0.009636906682083977	9763200.0	0.14	0.012489431059980833
Saltmarsh_4_000000001	9849600.0	1	1	0.07946962638926987	0.15893925277853974	0.10105910023501816	0.2021182004700363	1.0	0.09534946829080582	2332837.7367545636	419438.80278218444	419438.80278218444	1.467482046138037e-06	0.0020957265318647844	0.009638374164130117	9849600.0	0.14	0.012491332916712632
Saltmarsh_4_000000001	9936000.0	1	1	0.0794730334683087	0.1589460669366174	0.10106417110993281	0.20212834221986561	1.0	0.09534946829080582	2333050.1965445275	419485.5019012911	419485.5019012911	1.3818460820758799e-06	0.0020960456634243796	0.009639756010212195	9936000.0	0.14	0.012493123789235006
Saltmarsh_4_000000001	10022400.0	1	1	0.07947624142910463	0.15895248285820926	0.10106894556249753	0.20213789112499506	1.0	0.09534946829080582	2333250.249248373	419529.47353353654	419529.47353353654	1.3011958340486234e-06	0.002096346171833634	0.009641057206046248	10022400.0	0.14	0.012494810139035938
Saltmarsh_4_000000001	10108800.0	1	1	0.07947926189790995	0.1589585237958199	0.10107344090812169	0.20214688181624338	1.0	0.09534946829080582	2333438.618209945	419570.87673726666	419570.87673726666	1.225242356102732e-06	0.0020966291413302305	0.009642282448402355	10108800.0	0.14	0.012496398053129453
Saltmarsh_4_000000001	10195200.0	1	1	0.07948210582335412	0.15896421164670824	0.10107767345212963	0.20215534690425926	1.0	0.09534946829080582	2333615.984737568	419609.86132255226	419609.86132255226	1.1537132976391015e-06	0.0020968955933151224	0.009643436161699995	10195200.0	0.14	0.012497893265563194
Saltmarsh_4_000000001	10281600.0	1	1	0.0794847835157995	0.158969567031599	0.1010816585485254	0.2021633170970508	1.0	0.09534946829080582	2333782.990531364	419646.5683857901	419646.5683857901	1.0863519674464764e-06	0.002097146489961504	0.009644522513667443	10281600.0	0.14	0.012499301177713007
Saltmarsh_4_000000001	10368000.0	1	1	0.0794873046844272	0.1589746093688544	0.10108541065535669	0.20217082131071337	1.0	0.09534946829080582	2333940.2399721737	419681.13081376	419681.13081376	1.0229164485570617e-06	0.0020973827376202427	0.009645545430116004	10368000.0	0.14	0.012500626877430341
Saltmarsh_4_000000001	10454400.0	1	1	0.07948967847218201	0.15897935694436402	0.10108894338687274	0.20217788677374549	1.0	0.09534946829080582	2334088.302279768	419713.6737588386	419713.6737588386	9.631787613816577e-07	0.0020976051900328113	0.009646508608877388	10454400.0	0.14	0.012501875157105095
Saltmarsh_4_000000001	10540800.0	1	1	0.07949191348869859	0.15898382697739719	0.10109226956266004	0.20218453912532008	1.0	0.09534946829080582	2334227.7135476307	419744.31508698565	419744.31508698565	9.069240726935351e-07	0.002097814651362235	0.009647415532950085	10540800.0	0.14	0.01250305053070331
Saltmarsh_4_000000001	10627200.0	1	1	0.07949401784132404	0.15898803568264808	0.1010954012539292	0.2021908025078584	1.0	0.09534946829080582	2334358.9786612256	419773.1658000312	419773.1658000312	8.53949948140427e-07	0.0020980118790520155	0.009648269482898228	10627200.0	0.14	0.012504157249836103
Saltmarsh_4_000000001	10713600.0	1	1	0.0794959991643456	0.1589919983286912	0.10109834982711693	0.20219669965423387	1.0	0.09534946829080582	2334482.5731062605	419800.3304337088	419800.3304337088	8.040656460459733e-07	0.002098197586522498	0.009649073548544275	10713600.0	0.14	0.012505199318913382
Saltmarsh_4_000000001	10800000.0	1	1	0.07949786464652626	0.15899572929305253	0.10110112598495757	0.20220225196991515	1.0	0.09534946829080582	2334598.944673149	419825.90743280214	419825.90743280214	7.570914503452278e-07	0.0020983724457136655	0.009649830639994623	10800000.0	0.14	0.012506180509433033
Saltmarsh_4_000000001	10886400.0	1	1	0.07949962105704528	0.15899924211409056	0.10110373980516967	0.20220747961033933	1.0	0.09534946829080582	2334708.5150635047	419849.98950470047	419849.98950470047	7.128580406393428e-07	0.002098537089482863	0.009650543498035265	10886400.0	0.14	0.012507104373453704
Saltmarsh_4_000000001	10972800.0	1	1	0.07950127476993506	0.1590025495398701	0.1011062007768954	0.2022124015537908	1.0	0.09534946829080582	2334811.681404212	419872.66395258385	419872.66395258385	6.712058973875126e-07	0.0020986921138655317	0.009651214703932655	10972800.0	0.14	0.012507974256296722
Saltmarsh_4_000000001	11059200.0	1	1	0.07950283178710084	0.15900566357420168	0.1011085178350224	0.2022170356700448	1.0	0.09534946829080582	2334908.8176742936	419894.0129893954	419894.0129893954	6.319847403869587e-07	0.00209883808020659	0.009651846688673044	11059200.0	0.14	0.012508793308520266
Saltmarsh_4_000000001	11145600.0	1	1	0.07950429776000469	0.15900859552000937	0.10111069939251006	0.20222139878502013	1.0	0.09534946829080582	2335000.276049531	419914.11403369287	419914.11403369287	5.950529987637336e-07	0.0020989755171697006	0.009652441741671812	11145600.0	0.14	0.012509564497206669
Saltmarsh_4_000000001	11232000.0	1	1	0.07950567801009066	0.15901135602018132	0.10111275337083604	0.20222550674167208	1.0	0.09534946829080582	2335086.3881695005	419933.0399884113	419933.0399884113	5.602773107773497e-07	0.002099104922631279	0.009653002018982592	11232000.0	0.14	0.01251029061660144
Saltmarsh_4_000000001	11318400.0	1	1	0.07950697754802369	0.15901395509604738	0.10111468722867122	0.20222937445734243	1.0	0.09534946829080582	2335167.466331452	419950.85950351175	419950.85950351175	5.275320518372158e-07	0.0020992267654657217	0.00965352955103443	11318400.0	0.14	0.012510974298140623
Saltmarsh_4_000000001	11404800.0	1	1	0.0795082010918106	0.1590164021836212	0.10111650798888602	0.20223301597777205	1.0	0.09534946829080582	2335243.8046151907	419967.6372234377	419967.6372234377	4.966988891917483e-07	0.002099341487227997	0.009654026249923627	11404800.0	0.14	0.01251161801990102
Saltmarsh_4_000000001	11491200.0	1	1	0.07950935308386789	0.15901870616773578	0.10111822226398455	0.2022364445279691	1.0	0.09534946829080582	2335315.6799429087	419983.43402024626	419983.43402024626	4.6766636184036176e-07	0.002099449503739391	0.009654493916285468	11491200.0	0.14	0.012512224115505967
Saltmarsh_4_000000001	11577600.0	1	1	0.07951043770709686	0.1590208754141937	0.10111983628005758	0.20223967256011516	1.0	0.09534946829080582	2335383.3530776845	419998.30721323733	419998.30721323733	4.403294842853303e-07	0.002099551206581901	0.009654934245769756	11577600.0	0.14	0.012512794782517605
Saltmarsh_4_000000001	11664000.0	1	1	0.07951145890002385	0.1590229178000477	0.10112135589934042	0.20224271179868084	1.0	0.09534946829080582	2335447.0695641614	420012.31077585416	420012.31077585416	4.1458937281683983e-07	0.002099646964506454	0.009655348835142573	11664000.0	0.14	0.012513332090344775
Saltmarsh_4_000000001	11750400.0	1	1	0.0795124203710594	0.1590248407421188	0.10112278664145649	0.20224557328291298	1.0	0.09534946829080582	2335507.060614723	420025.4955305854	420025.4955305854	3.9035289307355614e-07	0.0020997371247598534	0.00965573918803565	11750400.0	0.14	0.012513837987694202
Saltmarsh_4_000000001	11836800.0	1	1	0.07951332561192732	0.15902665122385465	0.10112413370342294	0.20224826740684587	1.0	0.09534946829080582	2335563.5439442922	420037.9093325611	420037.9093325611	3.6753232771817926e-07	0.0020998220143350873	0.00965610672036337	11836800.0	0.14	0.012514314309590928
Saltmarsh_4_000000001	11923200.0	1	1	0.07951417791031205	0.1590283558206241	0.10112540197849006	0.2022508039569801	1.0	0.09534946829080582	2335616.724556704	420049.59724249	420049.59724249	3.4604506309173985e-07	0.002099901941149358	0.009656452765426465	11923200.0	0.14	0.012514762783992698
Saltmarsh_4_000000001	12009600.0	1	1	0.07951498036176931	0.15902996072353862	0.10112659607388244	0.20225319214776488	1.0	0.09534946829080582	2335666.7954854486	420060.60168955557	420060.60168955557	3.258132938032017e-07	0.002099977195153975	0.009656778578720273	12009600.0	0.14	0.012515185038021473
Saltmarsh_4_000000001	12096000.0	1	1	0.07951573588094284	0.15903147176188567	0.10112772032750553	0.20225544065501105	1.0	0.09534946829080582	2335713.938491398	420070.9626248467	420070.9626248467	3.0676374423044966e-07	0.0021000480493800033	0.009657085342464506	12096000.0	0.14	0.012515582603834
Saltmarsh_4_000000001	12182400.0	1	1	0.0795164472121277	0.1590328944242554	0.10112877882367778	0.20225755764735556	1.0	0.09534946829080582	2335758.324720005	420080.71766587254	420080.71766587254	2.8882740601759646e-07	0.0021001147609233453	0.009657374169870529	12182400.0	0.14	0.012515956924152206
Saltmarsh_4_000000001	12268800.0	1	1	0.07951711693921772	0.15903423387843543	0.10112977540794514	0.20225955081589028	1.0	0.09534946829080582	2335800.1153203174	420089.90223267325	420089.90223267325	2.719392906262198e-07	0.00210017757187274	0.009657646109161158	12268800.0	0.14	0.01251630935747286
Saltmarsh_4_000000001	12355200.0	1	1	0.07951774749507318	0.15903549499014635	0.1011307137010311	0.2022614274020622	1.0	0.09534946829080582	2335839.462027994	420098.5496760144	420098.5496760144	2.560381961256436e-07	0.0021002367101839465	0.009657902147357286	12355200.0	0.14	0.012516641182975042
Saltmarsh_4_000000001	12441600.0	1	1	0.07951834117034223	0.15903668234068447	0.10113159711197287	0.20226319422394573	1.0	0.09534946829080582	2335876.507714425	420106.6913981233	420106.6913981233	2.41066487403907e-07	0.0021002923905032124	0.009658143213844693	12441600.0	0.14	0.012516953605142721
Saltmarsh_4_000000001	12528000.0	1	1	0.07951890012176781	0.15903780024353562	0.10113242885049069	0.20226485770098138	1.0	0.09534946829080582	2335911.3869039044	420114.3569663977	420114.3569663977	2.2696988903961324e-07	0.002100344814942949	0.009658370183733734	12528000.0	0.14	0.01251724775811892
Saltmarsh_4_000000001	12614400.0	1	1	0.07951942638001007	0.15903885276002014	0.10113321193863535	0.2022664238772707	1.0	0.09534946829080582	2335944.2262606965	420121.5742204932	420121.5742204932	2.1369729011127755e-07	0.002100394173812355	0.009658583881023848	12614400.0	0.14	0.012517524709806906
Saltmarsh_4_000000001	12700800.0	1	1	0.07951992185701245	0.1590398437140249	0.10113394922175566	0.2022678984435113	1.0	0.09534946829080582	2335975.145047764	420128.3693731765	420128.3693731765	2.0120056028324548e-07	0.002100440646305599	0.009658785081584135	12700800.0	0.14	0.01251778546573304
Saltmarsh_4_000000001	12787200.0	1	1	0.07952038835293791	0.15904077670587582	0.10113464337882555	0.2022692867576511	1.0	0.09534946829080582	2336004.2555587697	420134.76710530184	420134.76710530184	1.894343765050828e-07	0.002100484401150004	0.009658974515960641	12787200.0	0.14	0.012518030972684993
Saltmarsh_4_000000001	12873600.0	1	1	0.07952082756270039	0.15904165512540078	0.10113529693216827	0.20227059386433655	1.0	0.09534946829080582	2336031.6635249257	420140.7906552547	420140.7906552547	1.783560597315957e-07	0.0021005255972165416	0.009659152872020375	12873600.0	0.14	0.012518262122138406
Saltmarsh_4_000000001	12960000.0	1	1	0.07952124108211503	0.15904248216423006	0.1011359122566126	0.2022718245132252	1.0	0.09534946829080582	2336057.468498134	420146.4619031819	420146.4619031819	1.6792542108451727e-07	0.002100564384094825	0.009659320797441463	12960000.0	0.14	0.012518479753484135
Saltmarsh_4_000000001	13046400.0	1	1	0.07952163041368943	0.15904326082737885	0.10113649158811439	0.20227298317622877	1.0	0.09534946829080582	2336081.764211804	420151.80145031237	420151.80145031237	1.581046169237335e-07	0.0021006009026346383	0.009659478902058387	13046400.0	0.14	0.01251868465706767
Saltmarsh_4_000000001	13132800.0	1	1	0.07952199697207674	0.15904399394415347	0.10113703703187449	0.20227407406374898	1.0	0.09534946829080582	2336104.638920631	420156.82869365276	420156.82869365276	1.4885801230849968e-07	0.0021006352854559553	0.009659627760070698	13132800.0	0.14	0.012518877577051625
Saltmarsh_4_000000001	13219200.0	1	1	0.07952234208921041	0.15904468417842083	0.10113755056998248	0.20227510113996497	1.0	0.09534946829080582	2336126.175720573	420161.56189632736	420161.56189632736	1.4015205237419975e-07	0.0021006676574292626	0.009659767912123076	13219200.0	0.14	0.012519059214111507
Saltmarsh_4_000000001	13305600.0	1	1	0.07952266701913906	0.1590453340382781	0.10113803406861381	0.20227606813722762	1.0	0.09534946829080582	2336146.4528501686	420166.01825381437	420166.01825381437	1.3195514116061055e-07	0.0021006981361279113	0.009659899867264237	13305600.0	0.14	0.012519230227974451
Saltmarsh_4_000000001	13392000.0	1	1	0.07952297294257897	0.15904594588515794	0.10113848928480655	0.2022769785696131	1.0	0.09534946829080582	2336165.5439742752	420170.213956319	420170.213956319	1.2423752748227587e-07	0.002100726832254113	0.009660024104791724	13392000.0	0.14	0.012519391239810074
Saltmarsh_4_000000001	13478400.0	1	1	0.07952326097120074	0.1590465219424015	0.1011389178728421	0.2022778357456842	1.0	0.09534946829080582	2336183.5184512623	420174.1642475083	420174.1642475083	1.1697119741077913e-07	0.0021007538500401306	0.009660141075989136	13478400.0	0.14	0.012519542834481921
Saltmarsh_4_000000001	13564800.0	1	1	0.07952353215166551	0.15904706430333101	0.10113932139025307	0.20227864278050614	1.0	0.09534946829080582	2336200.441584609	420177.8834798153	420177.8834798153	1.1012977301026045e-07	0.0021007792876260663	0.009660251205762149	13564800.0	0.14	0.012519685562667745
Saltmarsh_4_000000001	13651200.0	1	1	0.07952378746942536	0.15904757493885072	0.10113970130348014	0.20227940260696028	1.0	0.09534946829080582	2336216.3748598285	420181.3851665191	420181.3851665191	1.0368841694800845e-07	0.0021008032374156475	0.0096603548941791	13651200.0	0.14	0.012519819942856114
Saltmarsh_4_000000001	13737600.0	1	1	0.07952402785230177	0.15904805570460354	0.10114005899319824	0.20228011798639647	1.0	0.09534946829080582	2336231.376167561	420184.6820307822	420184.6820307822	9.762374265486623e-08	0.002100825786411256	0.009660452517921757	13737600.0	0.14	0.0125199464632266
Saltmarsh_4_000000001	13824000.0	1	1	0.07952425417385493	0.15904850834770987	0.1011403957593315	0.202280791518663	1.0	0.09534946829080582	2336245.5000136406	420187.78605182614	420187.78605182614	9.191372970758852e-08	0.002100847016529423	0.009660544431651465	13824000.0	0.14	0.012520065583420299
Saltmarsh_4_000000001	13910400.0	1	1	0.0795244672565562	0.1590489345131124	0.10114071282577512	0.20228142565155025	1.0	0.09534946829080582	2336258.797716908	420190.7085084115	420190.7085084115	8.653764413130843e-08	0.002100867004897926	0.0096606309692956	13910400.0	0.14	0.012520177736207097
Saltmarsh_4_000000001	13996800.0	1	1	0.07952466787477519	0.15904933574955038	0.10114101134484119	0.20228202268968237	1.0	0.09534946829080582	2336271.3175954684	420193.4600197782	420193.4600197782	8.14759633397874e-08	0.0021008858241355513	0.009660712445258943	13996800.0	0.14	0.01252028332905559
Saltmarsh_4_000000001	14083200.0	1	1	0.0795248567575923	0.1590497135151846	0.10114129240144462	0.20228258480288924	1.0	0.09534946829080582	2336283.1051420732	420196.0505841949	420196.0505841949	7.671030544673454e-08	0.002100903542615528	0.009660789155564392	14083200.0	0.14	0.012520382745611453
Saltmarsh_4_000000001	14169600.0	1	1	0.0795250345914468	0.1590500691828936	0.10114155701704446	0.2022831140340889	1.0	0.09534946829080582	2336294.203189266	420198.48961525725	420198.48961525725	7.222336268451757e-08	0.002100920224713602	0.00966086137892708	14169600.0	0.14	0.012520476347089495
Saltmarsh_4_000000001	14256000.0	1	1	0.07952520202263029	0.15905040404526058	0.10114180615335475	0.2022836123067095	1.0	0.09534946829080582	2336304.652064873	420200.78597606637	420200.78597606637	6.799883871429213e-08	0.0021009359310416175	0.009660929377765796	14256000.0	0.14	0.012520564473584472
Saltmarsh_4_000000001	14342400.0	1	1	0.07952535965963427	0.15905071931926854	0.10114204071583846	0.20228408143167692	1.0	0.09534946829080582	2336314.4897384224	420202.94801140967	420202.94801140967	6.402138957341263e-08	0.002100950718667475	0.009660993399155372	14342400.0	0.14	0.012520647445305361
Saltmarsh_4_000000001	14428800.0	1	1	0.0795255080753606	0.1590510161507212	0.1011422615569972	0.2022845231139944	1.0	0.09534946829080582	2336323.7519590054	420204.9835780627	420204.9835780627	6.027656807407536e-08	0.0021009646413222395	0.009661053675723449	14428800.0	0.14	0.01252072556373759
Saltmarsh_4_000000001	14515200.0	1	1	0.07952564780920265	0.1590512956184053	0.10114246947946844	0.20228493895893687	1.0	0.09534946829080582	2336332.4723850847	420206.9000733195	420206.9000733195	5.675077142984833e-08	0.0021009777495951676	0.00966111042649488	14515200.0	0.14	0.012520799112737364
Saltmarsh_4_000000001	14601600.0	1	1	0.07952577936900491	0.15905155873800983	0.10114266523894186	0.20228533047788372	1.0	0.09534946829080582	2336340.682706713	420208.704461857	420208.704461857	5.343119195483012e-08	0.00210099009111733	0.009661163857686837	14601600.0	0.14	0.012520868359562141
Saltmarsh_4_000000001	14688000.0	1	1	0.07952590323290794	0.15905180646581588	0.10114284954690508	0.20228569909381017	1.0	0.09534946829080582	2336348.412760625	420210.40330102935	420210.40330102935	5.030577061903088e-08	0.0021010017107345276	0.009661214163457457	14688000.0	0.14	0.012520933555840864
Saltmarsh_4_000000001	14774400.0	1	1	0.07952601985108548	0.15905203970217097	0.10114302307322877	0.20228604614645754	1.0	0.09534946829080582	2336355.6906385887	420212.0027646832	420212.0027646832	4.7363153319029266e-08	0.002101012650670097	0.00966126152661078	14774400.0	0.14	0.012520994938487571
Saltmarsh_4_000000001	14860800.0	1	1	0.07952612964738007	0.15905225929476013	0.10114318644860075	0.2022863728972015	1.0	0.09534946829080582	2336362.542789433	420213.5086655829	420213.5086655829	4.4592649699973924e-08	0.0021010229506782147	0.009661306119260481	14860800.0	0.14	0.012521052730561583
Saltmarsh_4_000000001	14947200.0	1	1	0.07952623302084293	0.15905246604168585	0.10114334026681764	0.20228668053363527	1.0	0.09534946829080582	2336368.994115114	420214.926476523	420214.926476523	4.1984194381044365e-08	0.002101032648188234	0.009661348103454863	14947200.0	0.14	0.012521107142077503
Saltmarsh_4_000000001	15033600.0	1	1	0.07952633034718393	0.15905266069436785	0.10114348508694257	0.20228697017388514	1.0	0.09534946829080582	2336375.0680611613	420216.26135020854	420216.26135020854	3.952831043778707e-08	0.002101041778440605	0.009661387631765304	15033600.0	0.14	0.012521158370767834
Saltmarsh_4_000000001	15120000.0	1	1	0.07952642198013665	0.1590528439602733	0.10114362143533671	0.20228724287067343	1.0	0.09534946829080582	2336380.7867018436	420217.51813797245	420217.51813797245	3.72160750194625e-08	0.0021010503746148428	0.009661424847840326	15120000.0	0.14	0.012521206602801063
Saltmarsh_4_000000001	15206400.0	1	1	0.07952650825274375	0.1590530165054875	0.10114374980757197	0.20228749961514395	1.0	0.09534946829080582	2336386.1708203508	420218.70140739926	420218.70140739926	3.503908697780403e-08	0.0021010584679500184	0.009661459886927307	15206400.0	0.14	0.01252125201345779
Saltmarsh_4_000000001	15292800.0	1	1	0.07952658947856707	0.15905317895713414	0.10114387067023183	0.20228774134046365	1.0	0.09534946829080582	2336391.239984296	420219.81545891747	420219.81545891747	3.298943637014551e-08	0.002101066087858217	0.009661492876363677	15292800.0	0.14	0.012521294767767324
Saltmarsh_4_000000001	15379200.0	1	1	0.07952666595282702	0.15905333190565404	0.10114398446260692	0.20228796892521383	1.0	0.09534946829080582	2336396.012616796	420220.86434142356	420220.86434142356	3.1059675760589794e-08	0.0021010732620313573	0.009661523936039439	15379200.0	0.14	0.012521335021107114
Saltmarsh_4_000000001	15465600.0	1	1	0.0795267379534754	0.1590534759069508	0.10114409159829141	0.20228818319658282	1.0	0.09534946829080582	2336400.506063406	420221.8518669923	420221.8518669923	2.924279318781281e-08	0.0021010800165417736	0.009661553178832629	15465600.0	0.14	0.012521372919767088
Saltmarsh_4_000000001	15552000.0	1	1	0.07952680574220532	0.15905361148441063	0.101144192466686	0.202288384933372	1.0	0.09534946829080582	2336404.7366551305	420222.7816247251	420222.7816247251	2.7532186707996537e-08	0.0021010863759369173	0.009661580711019337	15552000.0	0.14	0.01252140860148106
Saltmarsh_4_000000001	15638400.0	1	1	0.07952686956540227	0.15905373913080453	0.1011442874344131	0.2022885748688262	1.0	0.09534946829080582	2336408.7197677605	420223.6569937917	420223.6569937917	2.5921640436563087e-08	0.002101092363328522	0.009661606632659777	15638400.0	0.14	0.01252144219592707
Saltmarsh_4_000000001	15724800.0	1	1	0.0795269296550394	0.1590538593100788	0.10114437684664912	0.20228875369329824	1.0	0.09534946829080582	2336412.469877735	420224.48115570704	420224.48115570704	2.440530197291707e-08	0.0021010980004765624	0.009661631037961754	15724800.0	0.14	0.012521473825198434
Saltmarsh_4_000000001	15811200.0	1	1	0.07952698622952051	0.15905397245904102	0.10114446102837893	0.20228892205675786	1.0	0.09534946829080582	2336416.000614737	420225.2571058913	420225.2571058913	2.297766115919031e-08	0.0021011033078682973	0.009661654015622917	15811200.0	0.14	0.0125215036042473
Saltmarsh_4_000000001	15897600.0	1	1	0.07952703949447379	0.15905407898894758	0.10114454028557694	0.20228908057115388	1.0	0.09534946829080582	2336419.3248112197	420225.98766455357	420225.98766455357	2.1633530070640228e-08	0.002101108304792697	0.00966167564915299	15897600.0	0.14	0.012521531641302274
Saltmarsh_4_000000001	15984000.0	1	1	0.07952708964349903	0.15905417928699805	0.10114461490631911	0.20228922981263822	1.0	0.09534946829080582	2336422.45454903	420226.6754869398	420226.6754869398	2.0368024176986577e-08	0.0021011130094105218	0.009661696017177172	15984000.0	0.14	0.012521558038261616
Saltmarsh_4_000000001	16070400.0	1	1	0.07952713685887121	0.15905427371774242	0.10114468516182983	0.20228937032365965	1.0	0.09534946829080582	2336425.4012033083	420227.3230729812	420227.3230729812	1.9176544607032303e-08	0.002101117438820299	0.009661715193721783	16070400.0	0.14	0.012521582891063431
Saltmarsh_4_000000001	16156800.0	1	1	0.07952718131220292	0.15905436262440584	0.10114475130746771	0.20228950261493542	1.0	0.09534946829080582	2336428.1754838238	420227.93277637725	420227.93277637725	1.8054761442409112e-08	0.002101121609120444	0.009661733248483228	16156800.0	0.14	0.012521606290034263
Saltmarsh_4_000000001	16243200.0	1	1	0.07952722316506804	0.15905444633013607	0.10114481358365363	0.20228962716730725	1.0	0.09534946829080582	2336430.7874738905	420228.5068131498	420228.5068131498	1.699859799924805e-08	0.0021011255354677497	0.009661750247081229	16243200.0	0.14	0.012521628320217273
Saltmarsh_4_000000001	16329600.0	1	1	0.07952726256958892	0.15905452513917784	0.10114487221674448	0.20228974443348896	1.0	0.09534946829080582	2336433.246667004	420229.0472696954	420229.0472696954	1.600421601841151e-08	0.0021011292321324584	0.00966176625129725	16329600.0	0.14	0.012521649061681236
Saltmarsh_4_000000001	16416000.0	1	1	0.07952729966898928	0.15905459933797855	0.10114492741985585	0.2022898548397117	1.0	0.09534946829080582	2336435.562001346	420229.55611036666	420229.55611036666	1.5068001721785934e-08	0.0021011327125501117	0.009661781319298974	16416000.0	0.14	0.01252166858981147
Saltmarsh_4_000000001	16502400.0	1	1	0.07952733459811465	0.1590546691962293	0.10114497939363666	0.20228995878727332	1.0	0.09534946829080582	2336437.7418922605	420230.03518461116	420230.03518461116	1.4186552691267118e-08	0.0021011359893703648	0.00966179550585167	16502400.0	0.14	0.012521686975583765
Saltmarsh_4_000000001	16588800.0	1	1	0.07952736748392253	0.15905473496784506	0.10114502832699826	0.20229005665399652	1.0	0.09534946829080582	2336439.794262832	420230.4862336925	420230.4862336925	1.3356665506687043e-08	0.002101139074502956	0.00966180886251718	16588800.0	0.14	0.012521704285822267
Saltmarsh_4_000000001	16675200.0	1	1	0.07952739844594373	0.15905479689188745	0.10114507439780115	0.2022901487956023	1.0	0.09534946829080582	2336441.726572684	420230.9108970171	420230.9108970171	1.2575324109288799e-08	0.002101141979160976	0.009661821437841289	16675200.0	0.14	0.012521720583442312
Saltmarsh_4_000000001	16761600.0	1	1	0.07952742759671685	0.1590548551934337	0.10114511777350138	0.20229023554700276	1.0	0.09534946829080582	2336443.5458450834	420231.31071809353	420231.31071809353	1.1839688847815194e-08	0.0021011447139016198	0.009661833277530141	16761600.0	0.14	0.012521735927679063
Saltmarsh_4_000000001	16848000.0	1	1	0.07952745504219726	0.1590549100843945	0.10114515861175916	0.2022903172235183	1.0	0.09534946829080582	2336445.2586924685	420231.6871501407	420231.6871501407	1.1147086156470393e-08	0.002101147288664547	0.0096618444246163	16848000.0	0.14	0.012521750374302724
Saltmarsh_4_000000001	16934400.0	1	1	0.07952748088214218	0.15905496176428435	0.10114519706101184	0.20229039412202368	1.0	0.09534946829080582	2336446.871340471	420232.0415613698	420232.0415613698	1.0494998851744153e-08	0.002101149712807997	0.009661854919615156	16934400.0	0.14	0.012521763975821242
Saltmarsh_4_000000001	17020800.0	1	1	0.07952750521047329	0.15905501042094658	0.10114523326101353	0.20229046652202706	1.0	0.09534946829080582	2336448.3896505497	420232.3752399563	420232.3752399563	9.881056976975e-09	0.0021011519951428044	0.009661864800672135	17020800.0	0.14	0.012521776781671087
Saltmarsh_4_000000001	17107200.0	1	1	0.07952752811561803	0.15905505623123606	0.10114526734334292	0.20229053468668584	1.0	0.09534946829080582	2336449.8191412897	420232.68939872144	420232.68939872144	9.303029198555468e-09	0.0021011541439644086	0.009661874103701333	17107200.0	0.14	0.012521788838396929
Saltmarsh_4_000000001	17193600.0	1	1	0.07952754968083103	0.15905509936166207	0.10114529943188161	0.20229059886376322	1.0	0.09534946829080582	2336451.165008455	420232.98517954047	420232.98517954047	8.758814697834572e-09	0.0021011561670830044	0.009661882862516036	17193600.0	0.14	0.012521800189820784
Saltmarsh_4_000000001	17280000.0	1	1	0.07952756998449668	0.15905513996899337	0.1011453296432643	0.2022906592865286	1.0	0.09534946829080582	2336452.432143875	420233.2636574927	420233.2636574927	8.246435535732427e-09	0.0021011580718519277	0.009661891108951572	17280000.0	0.14	0.012521810877201238
Saltmarsh_4_000000001	17366400.0	1	1	0.07952758910041408	0.15905517820082815	0.10114535808730275	0.2022907161746055	1.0	0.09534946829080582	2336453.625153222	420233.52584476763	420233.52584476763	7.7640294701177e-09	0.002101159865194368	0.009661898872981047	17366400.0	0.14	0.012521820939383439
Saltmarsh_4_000000001	17452800.0	1	1	0.07952760709806513	0.15905521419613025	0.10114538486738492	0.20229076973476984	1.0	0.09534946829080582	2336454.748372751	420233.77269434487	420233.77269434487	7.309843183447157e-09	0.002101161553628541	0.009661906182824235	17452800.0	0.14	0.012521830412940207
Saltmarsh_4_000000001	17539200.0	1	1	0.07952762404286723	0.15905524808573446	0.10114541008085068	0.20229082016170136	1.0	0.09534946829080582	2336455.8058850556	420234.0051034572	420234.0051034572	6.8822259189325885e-09	0.002101163143291367	0.009661913065050154	17539200.0	0.14	0.012521839332305
Saltmarsh_4_000000001	17625600.0	1	1	0.07952763999641095	0.1590552799928219	0.10114543381934567	0.20229086763869134	1.0	0.09534946829080582	2336456.8015339104	420234.22391685075	420234.22391685075	6.479623474494461e-09	0.0021011646399607792	0.009661919544673632	17625600.0	0.14	0.012521847729897029
Saltmarsh_4_000000001	17712000.0	1	1	0.0795276550166839	0.1590553100333678	0.10114545616915441	0.20229091233830881	1.0	0.09534946829080582	2336457.7389382385	420234.4299298571	420234.4299298571	6.100572564043255e-09	0.0021011660490767212	0.0096619256452462	17712000.0	0.14	0.012521855636239075
Saltmarsh_4_000000001	17798400.0	1	1	0.07952766915828152	0.15905533831656304	0.10114547721151383	0.20229095442302766	1.0	0.09534946829080582	2336458.6215052633	420234.62389128207	420234.62389128207	5.743695493613116e-09	0.002101167375760917	0.009661931388941697	17798400.0	0.14	0.012521863080068439
Saltmarsh_4_000000001	17884800.0	1	1	0.07952768247260547	0.15905536494521094	0.10114549702290866	0.20229099404581732	1.0	0.09534946829080582	2336459.4524428933	420234.8065061277	420234.8065061277	5.407695154516223e-09	0.002101168624835484	0.009661936796636853	17884800.0	0.14	0.012521870088441361
Saltmarsh_4_000000001	17971200.0	1	1	0.07952769500805051	0.15905539001610103	0.10114551567534931	0.20229103135069862	1.0	0.09534946829080582	2336460.2347713825	420234.9784381553	420234.9784381553	5.091350315736959e-09	0.0021011698008404607	0.00966194188798717	17971200.0	0.14	0.012521876686831373
Saltmarsh_4_000000001	18057600.0	1	1	0.07952770681018037	0.15905541362036074	0.1011455332366337	0.2022910664732674	1.0	0.09534946829080582	2336460.971334307	420235.1403122972	420235.1403122972	4.793511181738763e-09	0.0021011709080503045	0.009661946681498354	18057600.0	0.14	0.012521882899221867
Saltmarsh_4_000000001	18144000.0	1	1	0.07952771792189335	0.1590554358437867	0.10114554977059363	0.20229109954118726	1.0	0.09534946829080582	2336461.664808897	420235.2927169285	420235.2927169285	4.513095213081603e-09	0.0021011719504894296	0.009661951194593569	18144000.0	0.14	0.012521888748193266
Saltmarsh_4_000000001	18230400.0	1	1	0.07952772838357827	0.15905545676715654	0.10114556533732681	0.20229113067465362	1.0	0.09534946829080582	2336462.3177157706	420235.4362060052	420235.4362060052	4.249083195972253e-09	0.00210117293194683	0.009661955443676769	18230400.0	0.14	0.012521894255005092
Saltmarsh_4_000000001	18316800.0	1	1	0.07952773823326123	0.15905547646652246	0.10114557999341531	0.20229115998683062	1.0	0.09534946829080582	2336462.932428096	420235.5713010778	420235.5713010778	4.00051553429287e-09	0.0021011738559898545	0.009661959444192307	18316800.0	0.14	0.012521899439673231
Saltmarsh_4_000000001	18403200.0	1	1	0.07952774750674385	0.1590554950134877	0.10114559379213116	0.20229118758426232	1.0	0.09534946829080582	2336463.5111802123	420235.698493187	420235.698493187	3.76648876670993e-09	0.0021011747259771685	0.009661963210681076	18403200.0	0.14	0.012521904321042675
Saltmarsh_4_000000001	18489600.0	1	1	0.07952775623773342	0.15905551247546684	0.10114560678363008	0.20229121356726015	1.0	0.09534946829080582	2336464.0560757546	420235.81824464846	420235.81824464846	3.546152281541648e-09	0.002101175545070961	0.00966196675683336	18489600.0	0.14	0.012521908916856034
Saltmarsh_4_000000001	18576000.0	1	1	0.07952776445796536	0.15905552891593072	0.10114561901513369	0.20229123803026738	1.0	0.09534946829080582	2336464.5690953	420235.9309907328	420235.9309907328	3.3387052215776147e-09	0.0021011763162484425	0.009661970095538585	18576000.0	0.14	0.012521913243818005
Saltmarsh_4_000000001	18662400.0	1	1	0.07952777219731862	0.15905554439463723	0.10114563053110123	0.20229126106220247	1.0	0.09534946829080582	2336465.052103562	420236.0371412484	420236.0371412484	3.1433935805853797e-09	0.0021011770423126617	0.00966197323893217	18662400.0	0.14	0.012521917317656093
Saltmarsh_4_000000001	18748800.0	1	1	0.07952777948392424	0.15905555896784848	0.10114564137339108	0.20229128274678215	1.0	0.09534946829080582	2336465.5068561737	420236.13708203007	420236.13708203007	2.9595074581105496e-09	0.002101177725902692	0.009661976198439632	18748800.0	0.14	0.012521921153177764
Saltmarsh_4_000000001	18835200.0	1	1	0.07952778634426766	0.15905557268853532	0.10114565158141292	0.20229130316282584	1.0	0.09534946829080582	2336465.935006064	420236.23117634165	420236.23117634165	2.7863784795092994e-09	0.0021011783695032288	0.009661978984818114	18835200.0	0.14	0.012521924764324276
Saltmarsh_4_000000001	18921600.0	1	1	0.07952779280328491	0.15905558560656982	0.10114566119227106	0.20229132238454212	1.0	0.09534946829080582	2336466.33810947	420236.3197661969	420236.3197661969	2.6233773708049524e-09	0.0021011789754536137	0.00966198160819549	18921600.0	0.14	0.012521928164221357
Saltmarsh_4_000000001	19008000.0	1	1	0.0795277988844533	0.1590555977689066	0.10114567024089917	0.20229134048179834	1.0	0.09534946829080582	2336466.717631589	420236.40317360166	420236.40317360166	2.4699116645161834e-09	0.002101179545956344	0.009661984078107156	19008000.0	0.14	0.012521931365226877
Saltmarsh_4_000000001	19094400.0	1	1	0.07952780460987673	0.15905560921975345	0.10114567876018737	0.20229135752037475	1.0	0.09534946829080582	2336467.074951906	420236.48170172534	420236.48170172534	2.325423556839845e-09	0.00210118008308507	0.009661986403530717	19094400.0	0.14	0.01252193437897581
Saltmarsh_4_000000001	19180800.0	1	1	0.07952781000036604	0.1590556200007321	0.10114568678110174	0.20229137356220347	1.0	0.09534946829080582	2336467.41136921	420236.5556360021	420236.5556360021	2.1893878697845648e-09	0.0021011805887921407	0.009661988592918589	19180800.0	0.14	0.012521937216422491
Saltmarsh_4_000000001	19267200.0	1	1	0.0795278150755147	0.1590556301510294	0.10114569433279683	0.20229138866559365	1.0	0.09534946829080582	2336467.7281063083	420236.62524516846	420236.62524516846	2.0613101481790908e-09	0.002101181064915694	0.00966199065422874	19267200.0	0.14	0.012521939887880447
Saltmarsh_4_000000001	19353600.0	1	1	0.07952781985376989	0.15905563970753978	0.1011457014427217	0.2022914028854434	1.0	0.09534946829080582	2336468.02631448	420236.69078223984	420236.69078223984	1.9407248603303673e-09	0.002101181513186339	0.009661992594953603	19353600.0	0.14	0.012521942403059871
Saltmarsh_4_000000001	19440000.0	1	1	0.07952782435249972	0.15905564870499944	0.10114570813671964	0.20229141627343927	1.0	0.09534946829080582	2336468.3070776523	420236.75248543144	420236.75248543144	1.827193711004954e-09	0.0021011819352334464	0.009661994422147316	19440000.0	0.14	0.012521944771102921
Saltmarsh_4_000000001	19526400.0	1	1	0.07952782858805625	0.1590556571761125	0.10114571443912215	0.2022914288782443	1.0	0.09534946829080582	2336468.5714163454	420236.81057902216	420236.81057902216	1.720304040279258e-09	0.0021011823325910706	0.009661996142451359	19526400.0	0.14	0.01252194700061696
Saltmarsh_4_000000001	19612800.0	1	1	0.07952783257583496	0.1590556651516699	0.10114572037283734	0.20229144074567468	1.0	0.09534946829080582	2336468.8202913785	420236.865274171	420236.865274171	1.6196673290752583e-09	0.002101182706703526	0.00966199776211869	19612800.0	0.14	0.012521949099705821
Saltmarsh_4_000000001	19699200.0	1	1	0.0795278363303307	0.1590556726606614	0.1011457259594332	0.2022914519188664	1.0	0.09534946829080582	2336469.054607366	420236.91676968476	420236.91676968476	1.5249177866619168e-09	0.0021011830589306372	0.00966199928703648	19699200.0	0.14	0.012521951075999278
Saltmarsh_4_000000001	19785600.0	1	1	0.0795278398651904	0.1590556797303808	0.10114573121921604	0.20229146243843207	1.0	0.09534946829080582	2336469.2752160016	420236.9652527398	420236.9652527398	1.4357110196885903e-09	0.002101183390552679	0.009662000722747505	19785600.0	0.14	0.012521952936680767
Saltmarsh_4_000000001	19872000.0	1	1	0.07952784319326263	0.15905568638652526	0.1011457361713042	0.2022914723426084	1.0	0.09534946829080582	2336469.482919157	420237.0108995631	420237.0108995631	1.3517227827504474e-09	0.0021011837027750326	0.00966200207447029	19872000.0	0.14	0.012521954688513496
Saltmarsh_4_000000001	19958400.0	1	1	0.07952784632664434	0.15905569265328867	0.10114574083369769	0.20229148166739538	1.0	0.09534946829080582	2336469.6784717934	420237.0538760721	420237.0538760721	1.272647795740739e-09	0.002101183996732565	0.00966200334711809	19958400.0	0.14	0.012521956337865046
Saltmarsh_4_000000001	20044800.0	1	1	0.07952784927672481	0.15905569855344961	0.10114574522334348	0.20229149044668696	1.0	0.09534946829080582	2336469.862584708	420237.0943384786	420237.0943384786	1.1981986383982624e-09	0.0021011842734937544	0.009662004545316731	20044800.0	0.14	0.012521957890730484
Saltmarsh_4_000000001	20131200.0	1	1	0.07952785205422706	0.15905570410845413	0.10114574935619716	0.20229149871239432	1.0	0.09534946829080582	2336470.035927117	420237.1324338563	420237.1324338563	1.1281047060038296e-09	0.0021011845340645754	0.00966200567342144	20131200.0	0.14	0.012521959352754188
Saltmarsh_4_000000001	20217600.0	1	1	0.07952785466924683	0.15905570933849367	0.10114575324728094	0.20229150649456187	1.0	0.09534946829080582	2336470.199129089	420237.1683006747	420237.1683006747	1.0621112210215666e-09	0.0021011847793921527	0.009662006735532663	20217600.0	0.14	0.012521960729250332
Saltmarsh_4_000000001	20304000.0	1	1	0.07952785713128926	0.15905571426257853	0.10114575691073821	0.20229151382147642	1.0	0.09534946829080582	2336470.3527838327	420237.2020693032	420237.2020693032	9.99978310226024e-10	0.0021011850103682056	0.009662007735510977	20304000.0	0.14	0.012521962025222225
Saltmarsh_4_000000001	20390400.0	1	1	0.07952785944930343	0.15905571889860687	0.10114576035988503	0.20229152071977005	1.0	0.09534946829080582	2336470.497449856	420237.2338624845	420237.2338624845	9.414801330036304e-10	0.0021011852278322897	0.009662008676991112	20390400.0	0.14	0.012521963245380482
Saltmarsh_4_000000001	20476800.0	1	1	0.07952786163171492	0.15905572326342984	0.10114576360725844	0.20229152721451688	1.0	0.09534946829080582	2336470.6336529925	420237.2637957813	420237.2637957813	8.864040612621693e-10	0.002101185432574845	0.009662009563395175	20476800.0	0.14	0.012521964394160147
Saltmarsh_4_000000001	20563200.0	1	1	0.07952786368645642	0.15905572737291285	0.10114576666466207	0.20229153332932415	1.0	0.09534946829080582	2336470.7618883164	420237.29197799566	420237.29197799566	8.345499053104277e-10	0.002101185625340073	0.009662010397945085	20563200.0	0.14	0.012521965475736831
Saltmarsh_4_000000001	20649600.0	1	1	0.07952786562099655	0.1590557312419931	0.10114576954320907	0.20229153908641814	1.0	0.09534946829080582	2336470.8826219416	420237.3185115651	420237.3185115651	7.857291848406556e-10	0.0021011858068286406	0.009662011183674274	20649600.0	0.14	0.012521966494041858
Saltmarsh_4_000000001	20736000.0	1	1	0.07952786744236702	0.15905573488473404	0.10114577225336246	0.20229154450672493	1.0	0.09534946829080582	2336470.9962927112	420237.3434929342	420237.3434929342	7.397644467485587e-10	0.0021011859777002244	0.009662011923438723	20736000.0	0.14	0.012521967452776585
Saltmarsh_4_000000001	20822400.0	1	1	0.07952786915718821	0.15905573831437642	0.10114577480497318	0.20229154960994636	1.0	0.09534946829080582	2336471.1033137986	420237.36701290583	420237.36701290583	6.964886180814422e-10	0.0021011861385759113	0.009662012619927343	20822400.0	0.14	0.012521968355425838
Saltmarsh_4_000000001	20908800.0	1	1	0.0795278707716932	0.1590557415433864	0.10114577720731589	0.20229155441463179	1.0	0.09534946829080582	2336471.204074207	420237.3891569712	420237.3891569712	6.557444001860369e-10	0.0021011862900404557	0.009662013275671746	20908800.0	0.14	0.012521969205270584
Saltmarsh_4_000000001	20995200.0	1	1	0.07952787229175041	0.15905574458350083	0.1011457794691227	0.2022915589382454	1.0	0.09534946829080582	2336471.298940182	420237.4100056195	420237.4100056195	6.173836932139853e-10	0.0021011864326444044	0.009662013893055443	20995200.0	0.14	0.012521970005399854
Saltmarsh_4_000000001	21081600.0	1	1	0.07952787372288503	0.15905574744577006	0.10114578159861488	0.20229156319722977	1.0	0.09534946829080582	2336471.3882565456	420237.4296346325	420237.4296346325	5.812670670311826e-10	0.0021011865669060955	0.009662014474322512	21081600.0	0.14	0.012521970758721976
Saltmarsh_4_000000001	21168000.0	1	1	0.07952787507029895	0.1590557501405979	0.1011457836035328	0.2022915672070656	1.0	0.09534946829080582	2336471.472347947	420237.4481153579	420237.4481153579	5.472632416680945e-10	0.0021011866933135477	0.009662015021585757	21168000.0	0.14	0.012521971467975141
Saltmarsh_4_000000001	21254400.0	1	1	0.0795278763388898	0.1590557526777796	0.10114578549116396	0.20229157098232792	1.0	0.09534946829080582	2336471.5515200426	420237.46551497	420237.46551497	5.152486211128238e-10	0.002101186812326229	0.00966201553683438	21254400.0	0.14	0.012521972135737358
Saltmarsh_4_000000001	21340800.0	1	1	0.0795278775332687	0.1590557550665374	0.10114578726836959	0.20229157453673918	1.0	0.09534946829080582	2336471.62606061	420237.4818967134	420237.4818967134	4.851068383798784e-10	0.0021011869243767285	0.009662016021941222	21340800.0	0.14	0.012521972764435825
Saltmarsh_4_000000001	21427200.0	1	1	0.079527878657777	0.159055757315554	0.10114578894160953	0.20229157788321905	1.0	0.09534946829080582	2336471.696240591	420237.49732013274	420237.49732013274	4.5672833223764364e-10	0.0021011870298723316	0.009662016478669554	21427200.0	0.14	0.012521973356355742
Saltmarsh_4_000000001	21513600.0	1	1	0.0795278797165021	0.1590557594330042	0.1011457905169657	0.2022915810339314	1.0	0.09534946829080582	2336471.7623150772	420237.5118412895	420237.5118412895	4.3000995385983343e-10	0.002101187129196494	0.00966201690867951	21513600.0	0.14	0.012521973913648647
Saltmarsh_4_000000001	21600000.0	1	1	0.07952788071329228	0.15905576142658456	0.1011457920001643	0.2022915840003286	1.0	0.09534946829080582	2336471.824524239	420237.5255129657	420237.5255129657	4.04854585620007e-10	0.002101187222710243	0.009662017313534098	21600000.0	0.14	0.012521974438340192
Saltmarsh_4_000000001	21686400.0	1	1	0.07952788165177072	0.15905576330354143	0.10114579339659648	0.20229158679319295	1.0	0.09534946829080582	2336471.883094194	420237.5383848555	420237.5383848555	3.8117079327951164e-10	0.002101187310753484	0.009662017694704896	21686400.0	0.14	0.012521974932337546
Saltmarsh_4_000000001	21772800.0	1	1	0.0795278825353486	0.1590557650706972	0.10114579471133801	0.20229158942267603	1.0	0.09534946829080582	2336471.9382378366	420237.55050374597	420237.55050374597	3.5887248988480946e-10	0.00210118739364624	0.009662018053577389	21772800.0	0.14	0.012521975397436295
Saltmarsh_4_000000001	21859200.0	1	1	0.0795278833672376	0.1590557667344752	0.1011457959491678	0.2022915918983356	1.0	0.09534946829080582	2336471.990155602	420237.5619136871	420237.5619136871	3.378786248182941e-10	0.0021011874716898105	0.009662018391456017	21859200.0	0.14	0.012521975835326998
Saltmarsh_4_000000001	21945600.0	1	1	0.07952788415046147	0.15905576830092294	0.10114579711458511	0.20229159422917023	1.0	0.09534946829080582	2336472.0390362022	420237.5726561523	420237.5726561523	3.1811289106370433e-10	0.0021011875451678705	0.009662018709568908	21945600.0	0.14	0.012521976247601305
Saltmarsh_4_000000001	22032000.0	1	1	0.07952788488786712	0.15905576977573424	0.10114579821182607	0.20229159642365213	1.0	0.09534946829080582	2336472.085057311	420237.58277018834	420237.58277018834	2.995034424461973e-10	0.002101187614347499	0.009662019009072357	22032000.0	0.14	0.012521976635757775
Saltmarsh_4_000000001	22118400.0	1	1	0.07952788558213489	0.15905577116426978	0.10114579924487893	0.20229159848975786	1.0	0.09534946829080582	2336472.1283862074	420237.5922925581	420237.5922925581	2.819826355922317e-10	0.002101187679480155	0.009662019291054993	22118400.0	0.14	0.012521977001207272
Saltmarsh_4_000000001	22204800.0	1	1	0.07952788623578831	0.15905577247157662	0.10114580021749868	0.20229160043499736	1.0	0.09534946829080582	2336472.1691803844	420237.60125787376	420237.60125787376	2.654867883693235e-10	0.0021011877408025803	0.009662019556541786	22204800.0	0.14	0.012521977345278155
Saltmarsh_4_000000001	22291200.0	1	1	0.07952788685120332	0.15905577370240664	0.10114580113322062	0.20229160226644124	1.0	0.09534946829080582	2336472.207588121	420237.6096987227	420237.6096987227	2.4995593919316383e-10	0.0021011877985376744	0.009662019806497727	22291200.0	0.14	0.012521977669221055
Saltmarsh_4_000000001	22377600.0	1	1	0.07952788743061684	0.15905577486123368	0.10114580199537326	0.20229160399074653	1.0	0.09534946829080582	2336472.2437490234	420237.617645786	420237.617645786	2.3533363712607835e-10	0.002101187852895293	0.009662020041831365	22377600.0	0.14	0.01252197797421345
Saltmarsh_4_000000001	22464000.0	1	1	0.07952788797613494	0.15905577595226988	0.10114580280709037	0.20229160561418075	1.0	0.09534946829080582	2336472.2777945306	420237.62512794975	420237.62512794975	2.215667319754866e-10	0.002101187904073017	0.0096620202633981	22464000.0	0.14	0.012521978261363939
Saltmarsh_4_000000001	22550400.0	1	1	0.07952788848974049	0.15905577697948098	0.1011458035713224	0.2022916071426448	1.0	0.09534946829080582	2336472.3098483915	420237.63217241055	420237.63217241055	2.0860518390800054e-10	0.002101187952256869	0.009662020472003286	22550400.0	0.14	0.01252197853171626
Saltmarsh_4_000000001	22636800.0	1	1	0.07952788897330035	0.1590557779466007	0.10114580429084721	0.20229160858169443	1.0	0.09534946829080582	2336472.3400271167	420237.63880477357	420237.63880477357	1.9640188000241698e-10	0.002101187997621988	0.009662020668405168	22636800.0	0.14	0.012521978786253099
Saltmarsh_4_000000001	22723200.0	1	1	0.07952788942857217	0.15905577885714434	0.10114580496828016	0.2022916099365603	1.0	0.09534946829080582	2336472.3684404003	420237.6450491465	420237.6450491465	1.8491246251209348e-10	0.00210118804033327	0.009662020853317632	22723200.0	0.14	0.012521979025899653
Saltmarsh_4_000000001	22809600.0	1	1	0.0795278898572108	0.1590557797144216	0.10114580560608358	0.20229161121216716	1.0	0.09534946829080582	2336472.3951915205	420237.65092822665	420237.65092822665	1.7409517143879283e-10	0.0021011880805459618	0.009662021027412804	22809600.0	0.14	0.012521979251526994
Saltmarsh_4_000000001	22896000.0	1	1	0.07952789026077428	0.15905578052154856	0.1011458062065758	0.2022916124131516	1.0	0.09534946829080582	2336472.420377712	420237.6564633831	420237.6564633831	1.6391068580548507e-10	0.0021011881184062296	0.009662021191323493	22896000.0	0.14	0.012521979463955248
Saltmarsh_4_000000001	22982400.0	1	1	0.07952789064072949	0.15905578128145897	0.1011458067719395	0.202291613543879	1.0	0.09534946829080582	2336472.4440905238	420237.6616747357	420237.6616747357	1.5432198791423546e-10	0.0021011881540516906	0.009662021345645484	22982400.0	0.14	0.012521979663956547
Saltmarsh_4_000000001	23068800.0	1	1	0.07952789099845747	0.15905578199691495	0.10114580730422969	0.20229161460845937	1.0	0.09534946829080582	2336472.466416147	420237.6665812266	420237.6665812266	1.4529422370096468e-10	0.002101188187611909	0.009662021490939709	23068800.0	0.14	0.012521979852257864
Saltmarsh_4_000000001	23155200.0	1	1	0.07952789133525855	0.1590557826705171	0.10114580780538114	0.20229161561076228	1.0	0.09534946829080582	2336472.4874357316	420237.67120069003	420237.67120069003	1.3679458087112462e-10	0.0021011882192088693	0.009662021627734291	23155200.0	0.14	0.012521980029543642
Saltmarsh_4_000000001	23241600.0	1	1	0.07952789165235691	0.15905578330471382	0.10114580827721548	0.20229161655443095	1.0	0.09534946829080582	2336472.50722568	420237.675549917	420237.675549917	1.287921618312038e-10	0.002101188248957423	0.009662021756526456	23241600.0	0.14	0.012521980196458287
Saltmarsh_4_000000001	23328000.0	1	1	0.07952789195090516	0.15905578390181033	0.10114580872144772	0.20229161744289545	1.0	0.09534946829080582	2336472.525857926	420237.6796447163	420237.6796447163	1.2125788090636136e-10	0.0021011882769657007	0.009662021877784338	23328000.0	0.14	0.012521980353608502
Saltmarsh_4_000000001	23414400.0	1	1	0.07952789223198849	0.15905578446397697	0.10114580913969258	0.20229161827938516	1.0	0.09534946829080582	2336472.5434001936	420237.6834999718	420237.6834999718	1.1416435245076295e-10	0.002101188303335507	0.009662021991948693	23414400.0	0.14	0.012521980501565506
Saltmarsh_4_000000001	23500800.0	1	1	0.07952789249662856	0.15905578499325712	0.10114580953347031	0.20229161906694063	1.0	0.09534946829080582	2336472.5599162476	420237.6871296965	420237.6871296965	1.0748579023361904e-10	0.0021011883281626923	0.009662022099434486	23500800.0	0.14	0.012521980640867094
Saltmarsh_4_000000001	23587200.0	1	1	0.07952789274578732	0.15905578549157465	0.10114580990421222	0.20229161980842444	1.0	0.09534946829080582	2336472.5754661197	420237.69054708414	420237.69054708414	1.0119792200405375e-10	0.0021011883515374987	0.009662022200632411	23587200.0	0.14	0.012521980772019605
Saltmarsh_4_000000001	23673600.0	1	1	0.07952789298037041	0.15905578596074083	0.10114581025326591	0.20229162050653182	1.0	0.09534946829080582	2336472.590106332	420237.6937645561	420237.6937645561	9.527789061186676e-11	0.00210118837354489	0.009662022295910306	23673600.0	0.14	0.012521980895499758
Saltmarsh_4_000000001	23760000.0	1	1	0.07952789320123049	0.15905578640246099	0.10114581058190011	0.20229162116380023	1.0	0.09534946829080582	2336472.6038900986	420237.69679380755	420237.69679380755	8.970417854706203e-11	0.0021011883942648594	0.009662022385614486	23760000.0	0.14	0.012521981011756373
Saltmarsh_4_000000001	23846400.0	1	1	0.07952789340917037	0.15905578681834073	0.10114581089130936	0.20229162178261872	1.0	0.09534946829080582	2336472.6168675213	420237.6996458492	420237.6996458492	8.445652640784451e-11	0.0021011884137727196	0.009662022470071013	23846400.0	0.14	0.012521981121212033
Saltmarsh_4_000000001	23932800.0	1	1	0.07952789360494585	0.1590557872098917	0.10114581118261831	0.20229162236523662	1.0	0.09534946829080582	2336472.6290857703	420237.70233104733	420237.70233104733	7.951585744014888e-11	0.0021011884321393793	0.009662022549586874	23932800.0	0.14	0.012521981224264588
Saltmarsh_4_000000001	24019200.0	1	1	0.07952789378926856	0.1590557875785371	0.10114581145688582	0.20229162291377165	1.0	0.09534946829080582	2336472.6405892577	420237.704859163	420237.704859163	7.486421682231792e-11	0.002101188449431598	0.009662022624451094	24019200.0	0.14	0.012521981321288617
Saltmarsh_4_000000001	24105600.0	1	1	0.07952789396280847	0.15905578792561695	0.10114581171510882	0.20229162343021764	1.0	0.09534946829080582	2336472.6514197965	420237.70723938494	420237.70723938494	7.04846944699078e-11	0.0021011884657122304	0.009662022694935792	24105600.0	0.14	0.012521981412636787
Saltmarsh_4_000000001	24192000.0	1	1	0.07952789412619639	0.15905578825239278	0.10114581195822589	0.20229162391645178	1.0	0.09534946829080582	2336472.6616167543	420237.7094803651	420237.7094803651	6.636137256030294e-11	0.002101188481040453	0.009662022761297169	24192000.0	0.14	0.01252198149864113
Saltmarsh_4_000000001	24278400.0	1	1	0.07952789428002618	0.15905578856005237	0.10114581218712071	0.20229162437424142	1.0	0.09534946829080582	2336472.6712171943	420237.7115902488	420237.7115902488	6.24792622153092e-11	0.002101188495471982	0.009662022823776432	24278400.0	0.14	0.012521981579614257
Saltmarsh_4_000000001	24364800.0	1	1	0.079527894424857	0.159055788849714	0.10114581240262528	0.20229162480525056	1.0	0.09534946829080582	2336472.680256013	420237.7135767053	420237.7135767053	5.882425449521556e-11	0.002101188509059272	0.009662022882600688	24364800.0	0.14	0.012521981655850492
Saltmarsh_4_000000001	24451200.0	1	1	0.07952789456121527	0.15905578912243054	0.10114581260552294	0.20229162521104588	1.0	0.09534946829080582	2336472.6887660646	420237.71544695494	420237.71544695494	5.5383061851876914e-11	0.002101188521851713	0.009662022937983752	24451200.0	0.14	0.012521981727626943
Saltmarsh_4_000000001	24537600.0	1	1	0.07952789468959666	0.15905578937919332	0.10114581279655117	0.20229162559310235	1.0	0.09534946829080582	2336472.6967782816	420237.717207796	420237.717207796	5.214317866375495e-11	0.002101188533895801	0.009662022990126931	24537600.0	0.14	0.012521981795204503
Saltmarsh_4_000000001	24624000.0	1	1	0.07952789481046779	0.15905578962093558	0.10114581297640435	0.2022916259528087	1.0	0.09534946829080582	2336472.704321788	420237.7188656284	420237.7188656284	4.909282615844779e-11	0.002101188545235316	0.00966202303921976	24624000.0	0.14	0.01252198185882881
Saltmarsh_4_000000001	24710400.0	1	1	0.07952789492426802	0.15905578984853605	0.10114581314573619	0.20229162629147238	1.0	0.09534946829080582	2336472.7114240034	420237.7204264786	420237.7204264786	4.6220918585582194e-11	0.0021011885559114743	0.009662023085440681	24710400.0	0.14	0.012521981918731122
Saltmarsh_4_000000001	24796800.0	1	1	0.07952789503141099	0.15905579006282197	0.1011458133051622	0.2022916266103244	1.0	0.09534946829080582	2336472.7181107425	420237.72189601965	420237.72189601965	4.3517015511918e-11	0.0021011885659630828	0.0096620231289577	24796800.0	0.14	0.012521981975129179
Saltmarsh_4_000000001	24883200.0	1	1	0.07952789513228614	0.15905579026457228	0.10114581345526186	0.20229162691052371	1.0	0.09534946829080582	2336472.72440631	420237.7232795933	420237.7232795933	4.097129016264467e-11	0.0021011885754266763	0.009662023169928993	24883200.0	0.14	0.012521982028227975
Saltmarsh_4_000000001	24969600.0	1	1	0.07952789522726014	0.15905579045452028	0.10114581359658076	0.20229162719316152	1.0	0.09534946829080582	2336472.73033359	420237.72458222846	420237.72458222846	3.8574487788017864e-11	0.0021011885843366545	0.009662023208503482	24969600.0	0.14	0.012521982078220513
Saltmarsh_4_000000001	25056000.0	1	1	0.0795278953166782	0.1590557906333564	0.10114581372963256	0.20229162745926513	1.0	0.09534946829080582	2336472.735914126	420237.72580866003	420237.72580866003	3.6317897907783836e-11	0.002101188592725402	0.00966202324482138	25056000.0	0.14	0.01252198212528851
Saltmarsh_4_000000001	25142400.0	1	1	0.07952789540086536	0.1590557908017307	0.1011458138549009	0.2022916277098018	1.0	0.09534946829080582	2336472.7411682033	420237.72696334595	420237.72696334595	3.419331788198643e-11	0.002101188600623412	0.009662023279014702	25142400.0	0.14	0.012521982169603055
Saltmarsh_4_000000001	25228800.0	1	1	0.07952789548012759	0.15905579096025518	0.10114581397284111	0.20229162794568223	1.0	0.09534946829080582	2336472.7461149204	420237.72805048345	420237.72805048345	3.2193024721710595e-11	0.0021011886080593927	0.009662023311207732	25228800.0	0.14	0.012521982211325222
Saltmarsh_4_000000001	25315200.0	1	1	0.07952789555475302	0.15905579110950605	0.10114581408388186	0.20229162816776372	1.0	0.09534946829080582	2336472.750772256	420237.72907402384	420237.72907402384	3.0309746899825907e-11	0.0021011886150603724	0.009662023341517481	25315200.0	0.14	0.012521982250606656
Saltmarsh_4_000000001	25401600.0	1	1	0.0795278956250129	0.1590557912500258	0.10114581418842677	0.20229162837685355	1.0	0.09534946829080582	2336472.75515714	420237.7300376875	420237.7300376875	2.8536640932219637e-11	0.002101188621651797	0.009662023370054122	25401600.0	0.14	0.012521982287590142
Saltmarsh_4_000000001	25488000.0	1	1	0.07952789569116261	0.15905579138232523	0.10114581428685586	0.20229162857371172	1.0	0.09534946829080582	2336472.7592855096	420237.73094497714	420237.73094497714	2.6867260152774186e-11	0.0021011886278576256	0.009662023396921385	25488000.0	0.14	0.012521982322410115
Saltmarsh_4_000000001	25574400.0	1	1	0.0795278957534426	0.1590557915068852	0.10114581437952688	0.20229162875905377	1.0	0.09534946829080582	2336472.7631723727	420237.731799191	420237.731799191	2.5295537366132326e-11	0.0021011886337004176	0.009662023422216923	25574400.0	0.14	0.012521982355193133
Saltmarsh_4_000000001	25660800.0	1	1	0.07952789581207922	0.15905579162415845	0.1011458144667767	0.2022916289335534	1.0	0.09534946829080582	2336472.7668318558	420237.7326034336	420237.7326034336	2.3815760127887664e-11	0.002101188639201408	0.009662023446032685	25660800.0	0.14	0.012521982386058362
Saltmarsh_4_000000001	25747200.0	1	1	0.07952789586728565	0.1590557917345713	0.10114581454892245	0.2022916290978449	1.0	0.09534946829080582	2336472.7702772603	420237.7333606284	420237.7333606284	2.2422549060541197e-11	0.002101188644380593	0.009662023468455239	25747200.0	0.14	0.012521982415117988
Saltmarsh_4_000000001	25833600.0	1	1	0.07952789591926251	0.15905579183852503	0.1011458146262627	0.2022916292525254	1.0	0.09534946829080582	2336472.7735211104	420237.7340735276	420237.7340735276	2.111083920522394e-11	0.002101188649256799	0.00966202348956608	25833600.0	0.14	0.012521982442477637
Saltmarsh_4_000000001	25920000.0	1	1	0.07952789596819876	0.15905579193639752	0.10114581469907857	0.20229162939815715	1.0	0.09534946829080582	2336472.776575197	420237.7347447225	420237.7347447225	1.987586440918565e-11	0.002101188653847748	0.009662023509441947	25920000.0	0.14	0.012521982468236765
Saltmarsh_4_000000001	26006400.0	1	1	0.07952789601427225	0.1590557920285445	0.10114581476763476	0.20229162953526952	1.0	0.09534946829080582	2336472.7794506205	420237.7353766529	420237.7353766529	1.8713135208070497e-11	0.0021011886581701294	0.009662023528155084	26006400.0	0.14	0.012521982492488988
Saltmarsh_4_000000001	26092800.0	1	1	0.07952789605765047	0.15905579211530094	0.10114581483218044	0.20229162966436087	1.0	0.09534946829080582	2336472.782157833	420237.7359716156	420237.7359716156	1.7618425381810132e-11	0.002101188662239653	0.009662023545773512	26092800.0	0.14	0.012521982515322471
Saltmarsh_4_000000001	26179200.0	1	1	0.07952789609849108	0.15905579219698215	0.10114581489295023	0.20229162978590046	1.0	0.09534946829080582	2336472.7847066754	420237.7365317732	420237.7365317732	1.6587755041069796e-11	0.002101188666071111	0.009662023562361271	26179200.0	0.14	0.012521982536820207
Saltmarsh_4_000000001	26265600.0	1	1	0.07952789613694253	0.15905579227388505	0.10114581495016502	0.20229162990033003	1.0	0.09534946829080582	2336472.787106411	420237.73705916194	420237.73705916194	1.5617378484183986e-11	0.002101188669678431	0.009662023577978652	26265600.0	0.14	0.012521982557060333
Saltmarsh_4_000000001	26352000.0	1	1	0.0795278961731446	0.1590557923462892	0.10114581500403276	0.20229163000806552	1.0	0.09534946829080582	2336472.789365764	420237.7375556987	420237.7375556987	1.470376988568778e-11	0.002101188673074724	0.009662023592682426	26352000.0	0.14	0.012521982576116425
Saltmarsh_4_000000001	26438400.0	1	1	0.07952789620722886	0.15905579241445772	0.10114581505474926	0.20229163010949852	1.0	0.09534946829080582	2336472.7914929455	420237.73802318826	420237.73802318826	1.3843605081720334e-11	0.0021011886762723362	0.009662023606526033	26438400.0	0.14	0.012521982594057738
Saltmarsh_4_000000001	26524800.0	1	1	0.0795278962393192	0.1590557924786384	0.10114581510249887	0.20229163020499774	1.0	0.09534946829080582	2336472.793495688	420237.73846332973	420237.73846332973	1.3033760268982286e-11	0.0021011886792828885	0.009662023619559795	26524800.0	0.14	0.012521982610949493
Saltmarsh_4_000000001	26611200.0	1	1	0.07952789626953227	0.15905579253906454	0.10114581514745515	0.2022916302949103	1.0	0.09534946829080582	2336472.7953812703	420237.7388777231	420237.7388777231	1.2271290320692296e-11	0.0021011886821173252	0.009662023631831088	26611200.0	0.14	0.012521982626853091
Saltmarsh_4_000000001	26697600.0	1	1	0.07952789629797788	0.15905579259595576	0.1011458151897815	0.202291630379563	1.0	0.09534946829080582	2336472.797156547	420237.7392678748	420237.7392678748	1.1553425317140098e-11	0.002101188684785949	0.009662023643384513	26697600.0	0.14	0.012521982641826327
Saltmarsh_4_000000001	26784000.0	1	1	0.07952789632475944	0.15905579264951888	0.10114581522963179	0.20229163045926357	1.0	0.09534946829080582	2336472.798827971	420237.7396352027	420237.7396352027	1.0877555366856084e-11	0.002101188687298458	0.009662023654262072	26784000.0	0.14	0.012521982655923646
Saltmarsh_4_000000001	26870400.0	1	1	0.0795278963499743	0.1590557926999486	0.10114581526715084	0.2022916305343017	1.0	0.09534946829080582	2336472.800401617	420237.7399810423	420237.7399810423	1.0241223667717403e-11	0.0021011886896639877	0.009662023664503297	26870400.0	0.14	0.012521982669196274
Saltmarsh_4_000000001	26956800.0	1	1	0.0795278963737141	0.1590557927474282	0.10114581530247505	0.2022916306049501	1.0	0.09534946829080582	2336472.8018832062	420237.7403066501	420237.7403066501	9.642115664926232e-12	0.002101188691891135	0.009662023674145414	26956800.0	0.14	0.012521982681692457
Saltmarsh_4_000000001	27043200.0	1	1	0.07952789639606513	0.15905579279213025	0.10114581533573282	0.20229163067146563	1.0	0.09534946829080582	2336472.803278123	420237.74061321025	420237.74061321025	9.078057316286303e-12	0.002101188693987994	0.009662023683223477	27043200.0	0.14	0.012521982693457626
Saltmarsh_4_000000001	27129600.0	1	1	0.07952789641710864	0.15905579283421728	0.10114581536704502	0.20229163073409004	1.0	0.09534946829080582	2336472.804591438	420237.7409018368	420237.7409018368	8.546994275521191e-12	0.0021011886959621897	0.009662023691770475	27129600.0	0.14	0.012521982704534536
Saltmarsh_4_000000001	27216000.0	1	1	0.07952789643692111	0.15905579287384222	0.10114581539652547	0.20229163079305093	1.0	0.09534946829080582	2336472.805827924	420237.74117357866	420237.74117357866	8.04699796380648e-12	0.002101188697820895	0.009662023699817474	27216000.0	0.14	0.012521982714963445
Saltmarsh_4_000000001	27302400.0	1	1	0.07952789645557455	0.1590557929111491	0.10114581542428132	0.20229163084856264	1.0	0.09534946829080582	2336472.806992077	420237.74142942374	420237.74142942374	7.576252125662819e-12	0.0021011886995708664	0.00966202370739373	27302400.0	0.14	0.012521982724782273
Saltmarsh_4_000000001	27388800.0	1	1	0.07952789647313678	0.15905579294627356	0.10114581545041347	0.20229163090082694	1.0	0.09534946829080582	2336472.808088126	420237.7416703021	420237.7416703021	7.133045022700291e-12	0.0021011887012184656	0.009662023714526777	27388800.0	0.14	0.012521982734026705
Saltmarsh_4_000000001	27475200.0	1	1	0.07952789648967162	0.15905579297934325	0.1011458154750169	0.2022916309500338	1.0	0.09534946829080582	2336472.8091200576	420237.7418970892	420237.7418970892	6.7157650968097116e-12	0.002101188702769681	0.009662023721242544	27475200.0	0.14	0.012521982742730337
Saltmarsh_4_000000001	27561600.0	1	1	0.07952789650523918	0.15905579301047837	0.10114581549818105	0.2022916309963621	1.0	0.09534946829080582	2336472.8100916212	420237.7421106095	420237.7421106095	6.322896633353947e-12	0.0021011887042301507	0.009662023727565442	27561600.0	0.14	0.012521982750924813
Saltmarsh_4_000000001	27648000.0	1	1	0.07952789651989606	0.15905579303979211	0.1011458155199901	0.2022916310399802	1.0	0.09534946829080582	2336472.8110063486	420237.7423116387	420237.7423116387	5.9530097865079235e-12	0.002101188705605184	0.009662023733518455	27648000.0	0.14	0.012521982758639917
Saltmarsh_4_000000001	27734400.0	1	1	0.07952789653369552	0.15905579306739104	0.10114581554052335	0.2022916310810467	1.0	0.09534946829080582	2336472.811867566	420237.7425009079	420237.7425009079	5.6047614466203655e-12	0.0021011887068997782	0.009662023739123221	27734400.0	0.14	0.012521982765903696
Saltmarsh_4_000000001	27820800.0	1	1	0.07952789654668771	0.15905579309337542	0.10114581555985538	0.20229163111971077	1.0	0.09534946829080582	2336472.8126784028	420237.7426791049	420237.7426791049	5.276884398192072e-12	0.00210118870811864	0.009662023744400106	27820800.0	0.14	0.01252198277274254
Saltmarsh_4_000000001	27907200.0	1	1	0.07952789655891986	0.1590557931178397	0.1011458155780565	0.202291631156113	1.0	0.09534946829080582	2336472.813441805	420237.7428468772	420237.7428468772	4.968187753556785e-12	0.0021011887092661982	0.009662023749368295	27907200.0	0.14	0.01252198277918131
Saltmarsh_4_000000001	27993600.0	1	1	0.07952789657043643	0.15905579314087287	0.10114581559519288	0.20229163119038576	1.0	0.09534946829080582	2336472.8141605486	420237.74300483527	420237.74300483527	4.6775526160725e-12	0.002101188710346624	0.009662023754045852	27993600.0	0.14	0.012521982785243423
Saltmarsh_4_000000001	28080000.0	1	1	0.0795278965812793	0.1590557931625586	0.10114581561132678	0.20229163122265356	1.0	0.09534946829080582	2336472.814837246	420237.74315355276	420237.74315355276	4.4039169012910495e-12	0.002101188711363847	0.009662023758449772	28080000.0	0.14	0.012521982790950905
Saltmarsh_4_000000001	28166400.0	1	1	0.07952789659148786	0.15905579318297572	0.10114581562651685	0.2022916312530337	1.0	0.09534946829080582	2336472.8154743575	420237.74329357035	420237.74329357035	4.146290082107651e-12	0.002101188712321562	0.009662023762596063	28166400.0	0.14	0.012521982796324499
Saltmarsh_4_000000001	28252800.0	1	1	0.07952789660109923	0.15905579320219845	0.10114581564081832	0.20229163128163663	1.0	0.09534946829080582	2336472.816074198	420237.74342539697	420237.74342539697	3.903733673121801e-12	0.0021011887132232512	0.0096620237664998	28252800.0	0.14	0.012521982801383742
Saltmarsh_4_000000001	28339200.0	1	1	0.07952789661014832	0.15905579322029664	0.10114581565428314	0.20229163130856628	1.0	0.09534946829080582	2336472.816638948	420237.7435495116	420237.7435495116	3.675366001126834e-12	0.002101188714072192	0.009662023770175167	28339200.0	0.14	0.012521982806147018
Saltmarsh_4_000000001	28425600.0	1	1	0.07952789661866806	0.15905579323733612	0.10114581566696029	0.20229163133392059	1.0	0.09534946829080582	2336472.81717066	420237.7436663658	420237.7436663658	3.4603591693438407e-12	0.0021011887148714697	0.00966202377363553	28425600.0	0.14	0.012521982810631648
Saltmarsh_4_000000001	28512000.0	1	1	0.0795278966266894	0.1590557932533788	0.10114581567889583	0.20229163135779166	1.0	0.09534946829080582	2336472.817671268	420237.7437763839	420237.7437763839	3.257929082761679e-12	0.0021011887156239905	0.009662023776893462	28512000.0	0.14	0.012521982814853928
Saltmarsh_4_000000001	28598400.0	1	1	0.07952789663424148	0.15905579326848296	0.10114581569013315	0.2022916313802663	1.0	0.09534946829080582	2336472.81814259	420237.74387996615	420237.74387996615	3.0673419533500113e-12	0.002101188716332489	0.009662023779960805	28598400.0	0.14	0.012521982818829203
Saltmarsh_4_000000001	28684800.0	1	1	0.07952789664135178	0.15905579328270356	0.10114581570071308	0.20229163140142617	1.0	0.09534946829080582	2336472.8185863397	420237.74397748883	420237.74397748883	2.8879038917184463e-12	0.0021011887169995404	0.009662023782848712	28684800.0	0.14	0.01252198282257193
Saltmarsh_4_000000001	28771200.0	1	1	0.07952789664804612	0.15905579329609223	0.1011458157106741	0.2022916314213482	1.0	0.09534946829080582	2336472.8190041305	420237.7440693065	420237.7440693065	2.718962208159148e-12	0.00210118871762757	0.009662023785567679	28771200.0	0.14	0.012521982826095714
Saltmarsh_4_000000001	28857600.0	1	1	0.07952789665434885	0.1590557933086977	0.1011458157200524	0.2022916314401048	1.0	0.09534946829080582	2336472.8193974807	420237.7441557529	420237.7441557529	2.5599036779233586e-12	0.0021011887182188606	0.009662023788127585	28857600.0	0.14	0.01252198282941335
Saltmarsh_4_000000001	28944000.0	1	1	0.07952789666028287	0.15905579332056574	0.10114581572888208	0.20229163145776416	1.0	0.09534946829080582	2336472.81976782	420237.7442371423	420237.7442371423	2.4101515054553158e-12	0.0021011887187755603	0.009662023790537738	28944000.0	0.14	0.012521982832536908
Saltmarsh_4_000000001	29030400.0	1	1	0.07952789666586975	0.1590557933317395	0.10114581573719522	0.20229163147439044	1.0	0.09534946829080582	2336472.8201164943	420237.74431377026	420237.74431377026	2.26915795181748e-12	0.0021011887192996935	0.009662023792806897	29030400.0	0.14	0.012521982835477738
Saltmarsh_4_000000001	29116800.0	1	1	0.0795278966711298	0.1590557933422596	0.10114581574502204	0.2022916314900441	1.0	0.09534946829080582	2336472.8204447716	420237.74438591563	420237.74438591563	2.1364134419887826e-12	0.0021011887197931647	0.009662023794943313	29116800.0	0.14	0.012521982838246534
Saltmarsh_4_000000001	29203200.0	1	1	0.07952789667608215	0.1590557933521643	0.10114581575239101	0.20229163150478202	1.0	0.09534946829080582	2336472.820753845	420237.7444538406	420237.7444538406	2.0114344218002955e-12	0.0021011887202577687	0.00966202379695475	29203200.0	0.14	0.012521982840853355
Saltmarsh_4_000000001	29289600.0	1	1	0.07952789668074478	0.15905579336148956	0.10114581575932889	0.20229163151865778	1.0	0.09534946829080582	2336472.8210448376	420237.7445177918	420237.7445177918	1.8937659600204437e-12	0.002101188720695193	0.009662023798848517	29289600.0	0.14	0.01252198284330768
Saltmarsh_4_000000001	29376000.0	1	1	0.07952789668513466	0.15905579337026932	0.1011458157658609	0.2022916315317218	1.0	0.09534946829080582	2336472.8213188075	420237.74457800196	420237.74457800196	1.7829813146741369e-12	0.0021011887211070286	0.009662023800631499	29376000.0	0.14	0.012521982845618423
Saltmarsh_4_000000001	29462400.0	1	1	0.07952789668926773	0.15905579337853545	0.1011458157720108	0.2022916315440216	1.0	0.09534946829080582	2336472.82157675	420237.74463468976	420237.74463468976	1.6786775962340794e-12	0.0021011887214947714	0.00966202380231018	29462400.0	0.14	0.012521982847793994
Saltmarsh_4_000000001	29548800.0	1	1	0.07952789669315902	0.15905579338631803	0.10114581577780093	0.20229163155560187	1.0	0.09534946829080582	2336472.821819604	420237.74468806165	420237.74468806165	1.5804762013016393e-12	0.0021011887218598323	0.009662023803890658	29548800.0	0.14	0.012521982849842293
Saltmarsh_4_000000001	29635200.0	1	1	0.07952789669682267	0.15905579339364534	0.10114581578325234	0.20229163156650468	1.0	0.09534946829080582	2336472.82204825	420237.7447383111	420237.7447383111	1.4880184757981585e-12	0.002101188722203537	0.00966202380537868	29635200.0	0.14	0.01252198285177077
Saltmarsh_4_000000001	29721600.0	1	1	0.079527896700272	0.159055793400544	0.10114581578838484	0.2022916315767697	1.0	0.09534946829080582	2336472.822263521	420237.74478562083	420237.74478562083	1.4009687507310353e-12	0.0021011887225271353	0.00966202380677965	29721600.0	0.14	0.012521982853586428
Saltmarsh_4_000000001	29808000.0	1	1	0.07952789670351953	0.15905579340703907	0.1011458157932171	0.2022916315864342	1.0	0.09534946829080582	2336472.822466198	420237.74483016314	420237.74483016314	1.319013041151118e-12	0.0021011887228318026	0.009662023808098667	29808000.0	0.14	0.012521982855295872
Saltmarsh_4_000000001	29894400.0	1	1	0.0795278967065771	0.1590557934131542	0.10114581579776669	0.20229163159553337	1.0	0.09534946829080582	2336472.8226570194	420237.7448720999	420237.7448720999	1.2418521072588007e-12	0.0021011887231186474	0.009662023809340524	29894400.0	0.14	0.01252198285690532
Saltmarsh_4_000000001	29980800.0	1	1	0.0795278967094558	0.1590557934189116	0.1011458158020501	0.2022916316041002	1.0	0.09534946829080582	2336472.8228366775	420237.74491158314	420237.74491158314	1.16920275544663e-12	0.002101188723388713	0.009662023810509731	29980800.0	0.14	0.012521982858420612
Saltmarsh_4_000000001	30067200.0	1	1	0.07952789671216609	0.15905579342433218	0.10114581580608295	0.2022916316121659	1.0	0.09534946829080582	2336472.8230058257	420237.7449487567	420237.7449487567	1.1008047771932095e-12	0.002101188723642979	0.009662023811610536	30067200.0	0.14	0.012521982859847257
Saltmarsh_4_000000001	30153600.0	1	1	0.07952789671471783	0.15905579342943565	0.10114581580987987	0.20229163161975974	1.0	0.09534946829080582	2336472.823165078	420237.74498375546	420237.74498375546	1.0364075049562604e-12	0.0021011887238823698	0.009662023812646947	30153600.0	0.14	0.012521982861190445
Saltmarsh_4_000000001	30240000.0	1	1	0.0795278967171203	0.1590557934342406	0.10114581581345468	0.20229163162690936	1.0	0.09534946829080582	2336472.823315015	420237.74501670705	420237.74501670705	9.75778919470871e-13	0.0021011887241077563	0.009662023813622729	30240000.0	0.14	0.012521982862455058
Saltmarsh_4_000000001	30326400.0	1	1	0.07952789671938222	0.15905579343876444	0.10114581581682036	0.20229163163364072	1.0	0.09534946829080582	2336472.8234561807	420237.74504773086	420237.74504773086	9.186956750895092e-13	0.0021011887243199585	0.009662023814541428	30326400.0	0.14	0.01252198286364569
Saltmarsh_4_000000001	30412800.0	1	1	0.07952789672151182	0.15905579344302365	0.10114581581998915	0.2022916316399783	1.0	0.09534946829080582	2336472.823589088	420237.7450769399	420237.7450769399	8.649522070802718e-13	0.002101188724519747	0.009662023815406382	30412800.0	0.14	0.01252198286476667
Saltmarsh_4_000000001	30499200.0	1	1	0.07952789672351684	0.1590557934470337	0.10114581582297257	0.20229163164594513	1.0	0.09534946829080582	2336472.8237142204	420237.74510444	420237.74510444	8.143524916903733e-13	0.0021011887247078475	0.009662023816220739	30499200.0	0.14	0.01252198286582208
Saltmarsh_4_000000001	30585600.0	1	1	0.07952789672540457	0.15905579345080914	0.10114581582578146	0.20229163165156291	1.0	0.09534946829080582	2336472.8238320323	420237.74513033155	420237.74513033155	7.667130819122292e-13	0.0021011887248849445	0.009662023816987456	30585600.0	0.14	0.012521982866815743
Saltmarsh_4_000000001	30672000.0	1	1	0.07952789672718187	0.15905579345436374	0.10114581582842602	0.20229163165685204	1.0	0.09534946829080582	2336472.823942953	420237.74515470845	420237.74515470845	7.218605053982419e-13	0.002101188725051682	0.00966202381770932	30672000.0	0.14	0.012521982867751278
Saltmarsh_4_000000001	30758400.0	1	1	0.0795278967288552	0.1590557934577104	0.10114581583091588	0.20229163166183176	1.0	0.09534946829080582	2336472.824047385	420237.7451776591	420237.7451776591	6.796308307799315e-13	0.0021011887252086647	0.009662023818388953	30758400.0	0.14	0.012521982868632082
Saltmarsh_4_000000001	30844800.0	1	1	0.07952789673043063	0.15905579346086127	0.10114581583326007	0.20229163166652014	1.0	0.09534946829080582	2336472.824145707	420237.7451992672	420237.7451992672	6.39872703434019e-13	0.0021011887253564636	0.009662023819028826	30844800.0	0.14	0.01252198286946136
Saltmarsh_4_000000001	30931200.0	1	1	0.0795278967319139	0.1590557934638278	0.10114581583546714	0.20229163167093428	1.0	0.09534946829080582	2336472.824238277	420237.7452196112	420237.7452196112	6.024399729076535e-13	0.002101188725495616	0.009662023819631268	30931200.0	0.14	0.012521982870242124
Saltmarsh_4_000000001	31017600.0	1	1	0.07952789673331041	0.15905579346662083	0.10114581583754509	0.20229163167509018	1.0	0.09534946829080582	2336472.824325432	420237.74523876526	420237.74523876526	5.671977644505777e-13	0.0021011887256266286	0.009662023820198469	31017600.0	0.14	0.012521982870977215
Saltmarsh_4_000000001	31104000.0	1	1	0.07952789673462522	0.15905579346925044	0.10114581583950148	0.20229163167900296	1.0	0.09534946829080582	2336472.824407489	420237.74525679863	420237.74525679863	5.340164074829623e-13	0.002101188725749977	0.009662023820732488	31104000.0	0.14	0.012521982871669304
Saltmarsh_4_000000001	31190400.0	1	1	0.07952789673586311	0.15905579347172621	0.10114581584134344	0.20229163168268688	1.0	0.09534946829080582	2336472.824484745	420237.7452737771	420237.7452737771	5.02776206084965e-13	0.0021011887258661093	0.009662023821235266	31190400.0	0.14	0.012521982872320906
Saltmarsh_4_000000001	31276800.0	1	1	0.07952789673702858	0.15905579347405716	0.10114581584307764	0.20229163168615527	1.0	0.09534946829080582	2336472.8245574813	420237.7452897624	420237.7452897624	4.733639695497782e-13	0.002101188725975448	0.009662023821708634	31276800.0	0.14	0.01252198287293439
Saltmarsh_4_000000001	31363200.0	1	1	0.07952789673812587	0.15905579347625173	0.10114581584471037	0.20229163168942074	1.0	0.09534946829080582	2336472.8246259624	420237.74530481256	420237.74530481256	4.4567214502189145e-13	0.002101188726078391	0.009662023822154307	31363200.0	0.14	0.01252198287351198
Saltmarsh_4_000000001	31449600.0	1	1	0.07952789673915897	0.15905579347831794	0.1011458158462476	0.2022916316924952	1.0	0.09534946829080582	2336472.824690438	420237.7453189823	420237.7453189823	4.19600552220567e-13	0.0021011887261753108	0.00966202382257391	31449600.0	0.14	0.012521982874055789
Saltmarsh_4_000000001	31536000.0	1	1	0.07952789674013164	0.15905579348026327	0.10114581584769491	0.20229163169538983	1.0	0.09534946829080582	2336472.8247511415	420237.74533232313	420237.74533232313	3.950542150354952e-13	0.0021011887262665616	0.00966202382296897	31536000.0	0.14	0.012521982874567785
Saltmarsh_4_000000001	31622400.0	1	1	0.0795278967410474	0.1590557934820948	0.10114581584905755	0.2022916316981151	1.0	0.09534946829080582	2336472.824808294	420237.7453448836	420237.7453448836	3.719437952076632e-13	0.002101188726352474	0.009662023823340913	31622400.0	0.14	0.012521982875049823
Saltmarsh_4_000000001	31708800.0	1	1	0.0795278967419096	0.1590557934838192	0.10114581585034048	0.20229163170068096	1.0	0.09534946829080582	2336472.824862103	420237.7453567092	420237.7453567092	3.501855923293551e-13	0.0021011887264333604	0.009662023823691105	31708800.0	0.14	0.012521982875503674
Saltmarsh_4_000000001	31795200.0	1	1	0.07952789674272136	0.15905579348544271	0.10114581585154835	0.2022916317030967	1.0	0.09534946829080582	2336472.8249127646	420237.7453678431	420237.7453678431	3.29698941758938e-13	0.0021011887265095165	0.009662023824020805	31795200.0	0.14	0.012521982875930964
Saltmarsh_4_000000001	31881600.0	1	1	0.07952789674348563	0.15905579348697127	0.10114581585268556	0.20229163170537112	1.0	0.09534946829080582	2336472.8249604627	420237.7453783254	420237.7453783254	3.1041141879128986e-13	0.0021011887265812157	0.00966202382433122	31881600.0	0.14	0.01252198287633326
Saltmarsh_4_000000001	31968000.0	1	1	0.0795278967442052	0.1590557934884104	0.10114581585375625	0.2022916317075125	1.0	0.09534946829080582	2336472.8250053707	420237.7453881946	420237.7453881946	2.9225146608302666e-13	0.0021011887266487216	0.009662023824623476	31968000.0	0.14	0.012521982876712025
Saltmarsh_4_000000001	32054400.0	1	1	0.07952789674488267	0.15905579348976534	0.10114581585476429	0.20229163170952857	1.0	0.09534946829080582	2336472.825047651	420237.7453974866	420237.7453974866	2.7515533254640623e-13	0.002101188726712278	0.009662023824898633	32054400.0	0.14	0.012521982877068629
Saltmarsh_4_000000001	32140800.0	1	1	0.07952789674552051	0.15905579349104101	0.10114581585571336	0.20229163171142672	1.0	0.09534946829080582	2336472.8250874584	420237.7454062348	420237.7454062348	2.5905796605107945e-13	0.002101188726772116	0.009662023825157694	32140800.0	0.14	0.012521982877404372
Saltmarsh_4_000000001	32227200.0	1	1	0.07952789674612103	0.15905579349224205	0.10114581585660692	0.20229163171321385	1.0	0.09534946829080582	2336472.825124936	420237.7454144713	420237.7454144713	2.4390298808407707e-13	0.0021011887268284537	0.0096620238254016	32227200.0	0.14	0.012521982877720474
Saltmarsh_4_000000001	32313600.0	1	1	0.07952789674668642	0.15905579349337284	0.10114581585744821	0.20229163171489642	1.0	0.09534946829080582	2336472.825160222	420237.74542222614	420237.74542222614	2.296353211750368e-13	0.0021011887268814955	0.00966202382563124	32313600.0	0.14	0.012521982878018086
Saltmarsh_4_000000001	32400000.0	1	1	0.07952789674721873	0.15905579349443746	0.10114581585824027	0.20229163171648054	1.0	0.09534946829080582	2336472.8251934443	420237.74542952713	420237.74542952713	2.1620075521533444e-13	0.002101188726931435	0.009662023825847441	32400000.0	0.14	0.012521982878298282
Saltmarsh_4_000000001	32486400.0	1	1	0.0795278967477199	0.1590557934954398	0.10114581585898601	0.20229163171797201	1.0	0.09534946829080582	2336472.825224722	420237.74543640105	420237.74543640105	2.0355288635198754e-13	0.002101188726978452	0.009662023826050997	32486400.0	0.14	0.012521982878562092
Saltmarsh_4_000000001	32572800.0	1	1	0.07952789674819176	0.15905579349638352	0.10114581585968811	0.20229163171937622	1.0	0.09534946829080582	2336472.8252541698	420237.7454428728	420237.7454428728	1.9164487705114475e-13	0.0021011887270227193	0.009662023826242642	32572800.0	0.14	0.012521982878810466
Saltmarsh_4_000000001	32659200.0	1	1	0.07952789674863601	0.15905579349727203	0.10114581586034914	0.20229163172069828	1.0	0.09534946829080582	2336472.825281895	420237.745448966	420237.745448966	1.8043379290677564e-13	0.002101188727064396	0.009662023826423081	32659200.0	0.14	0.012521982879044316
Saltmarsh_4_000000001	32745600.0	1	1	0.07952789674905428	0.15905579349810856	0.10114581586097152	0.20229163172194303	1.0	0.09534946829080582	2336472.8253079993	420237.7454547028	420237.7454547028	1.6987843423632576e-13	0.002101188727103636	0.009662023826592963	32745600.0	0.14	0.012521982879264482
Saltmarsh_4_000000001	32832000.0	1	1	0.07952789674944807	0.15905579349889615	0.10114581586155748	0.20229163172311496	1.0	0.09534946829080582	2336472.825332576	420237.745460104	420237.745460104	1.5994020344245463e-13	0.00210118872714058	0.009662023826752908	32832000.0	0.14	0.012521982879471769
Saltmarsh_4_000000001	32918400.0	1	1	0.07952789674981883	0.15905579349963767	0.10114581586210916	0.20229163172421832	1.0	0.09534946829080582	2336472.8253557147	420237.7454651894	420237.7454651894	1.5058353869390473e-13	0.0021011887271753633	0.009662023826903496	32918400.0	0.14	0.012521982879666932
Saltmarsh_4_000000001	33004800.0	1	1	0.07952789675016791	0.15905579350033583	0.10114581586262857	0.20229163172525713	1.0	0.09534946829080582	2336472.8253775	420237.74546997703	420237.74546997703	1.417741792020255e-13	0.002101188727208111	0.009662023827045275	33004800.0	0.14	0.012521982879850678
Saltmarsh_4_000000001	33091200.0	1	1	0.07952789675049657	0.15905579350099314	0.10114581586311758	0.20229163172623515	1.0	0.09534946829080582	2336472.8253980116	420237.74547448463	420237.74547448463	1.334795989016424e-13	0.0021011887272389435	0.009662023827178757	33091200.0	0.14	0.01252198288002367
Saltmarsh_4_000000001	33177600.0	1	1	0.07952789675080599	0.15905579350161198	0.10114581586357799	0.20229163172715597	1.0	0.09534946829080582	2336472.8254173226	420237.74547872844	420237.74547872844	1.2567030749366381e-13	0.002101188727267972	0.00966202382730443	33177600.0	0.14	0.012521982880186543
Saltmarsh_4_000000001	33264000.0	1	1	0.07952789675109731	0.15905579350219462	0.10114581586401147	0.20229163172802295	1.0	0.09534946829080582	2336472.825435504	420237.74548272416	420237.74548272416	1.183189830833431e-13	0.002101188727295302	0.009662023827422752	33264000.0	0.14	0.012521982880339887
Saltmarsh_4_000000001	33350400.0	1	1	0.07952789675137159	0.15905579350274318	0.10114581586441959	0.20229163172883918	1.0	0.09534946829080582	2336472.825452621	420237.7454864861	420237.7454864861	1.1139743641419564e-13	0.002101188727321033	0.009662023827534153	33350400.0	0.14	0.012521982880484263
Saltmarsh_4_000000001	33436800.0	1	1	0.07952789675162981	0.15905579350325963	0.10114581586480384	0.20229163172960768	1.0	0.09534946829080582	2336472.8254687376	420237.745490028	420237.745490028	1.0488051399581977e-13	0.0021011887273452595	0.009662023827639036	33436800.0	0.14	0.01252198288062019
Saltmarsh_4_000000001	33523200.0	1	1	0.07952789675187294	0.15905579350374588	0.1011458158651656	0.2022916317303312	1.0	0.09534946829080582	2336472.8254839103	420237.7454933627	420237.7454933627	9.874566442302779e-14	0.002101188727368068	0.009662023827737785	33523200.0	0.14	0.01252198288074817
Saltmarsh_4_000000001	33609600.0	1	1	0.07952789675210184	0.15905579350420368	0.10114581586550621	0.20229163173101242	1.0	0.09534946829080582	2336472.8254981963	420237.7454965023	420237.7454965023	9.296860156715603e-14	0.002101188727389543	0.009662023827830756	33609600.0	0.14	0.01252198288086866
Saltmarsh_4_000000001	33696000.0	1	1	0.07952789675231735	0.1590557935046347	0.10114581586582688	0.20229163173165376	1.0	0.09534946829080582	2336472.825511646	420237.74549945816	420237.74549945816	8.752980978909974e-14	0.0021011887274097613	0.009662023827918288	33696000.0	0.14	0.0125219828809821
Saltmarsh_4_000000001	33782400.0	1	1	0.07952789675252026	0.1590557935050405	0.10114581586612881	0.20229163173225762	1.0	0.09534946829080582	2336472.825524309	420237.74550224125	420237.74550224125	8.24093397688852e-14	0.002101188727428797	0.0096620238280007	33782400.0	0.14	0.012521982881088908
Saltmarsh_4_000000001	33868800.0	1	1	0.0795278967527113	0.1590557935054226	0.10114581586641307	0.20229163173282613	1.0	0.09534946829080582	2336472.8255362315	420237.7455048614	420237.7455048614	7.758854322914566e-14	0.0021011887274467187	0.009662023828078292	33868800.0	0.14	0.012521982881189468
Saltmarsh_4_000000001	33955200.0	1	1	0.07952789675289115	0.1590557935057823	0.10114581586668069	0.20229163173336137	1.0	0.09534946829080582	2336472.8255474567	420237.7455073283	420237.7455073283	7.304877189251435e-14	0.0021011887274635928	0.009662023828151341	33955200.0	0.14	0.012521982881284139
Saltmarsh_4_000000001	34041600.0	1	1	0.07952789675306049	0.15905579350612098	0.10114581586693265	0.2022916317338653	1.0	0.09534946829080582	2336472.825558025	420237.74550965073	420237.74550965073	6.877528060944549e-14	0.0021011887274794785	0.00966202382822012	34041600.0	0.14	0.012521982881373274
Saltmarsh_4_000000001	34128000.0	1	1	0.07952789675321992	0.15905579350643984	0.10114581586716989	0.20229163173433978	1.0	0.09534946829080582	2336472.825567975	420237.74551183754	420237.74551183754	6.475202318778628e-14	0.0021011887274944357	0.009662023828284875	34128000.0	0.14	0.012521982881457198
Saltmarsh_4_000000001	34214400.0	1	1	0.07952789675337002	0.15905579350674004	0.10114581586739324	0.20229163173478648	1.0	0.09534946829080582	2336472.825577343	420237.7455138965	420237.7455138965	6.096425447799092e-14	0.002101188727508518	0.00966202382834584	34214400.0	0.14	0.01252198288153621
Saltmarsh_4_000000001	34300800.0	1	1	0.07952789675351135	0.1590557935070227	0.10114581586760353	0.20229163173520706	1.0	0.09534946829080582	2336472.8255861625	420237.7455158348	420237.7455158348	5.73976630113826e-14	0.0021011887275217763	0.00966202382840324	34300800.0	0.14	0.0125219828816106
Saltmarsh_4_000000001	34387200.0	1	1	0.07952789675364441	0.15905579350728882	0.10114581586780151	0.20229163173560302	1.0	0.09534946829080582	2336472.8255944666	420237.7455176598	420237.7455176598	5.4040105723629495e-14	0.002101188727534259	0.009662023828457282	34387200.0	0.14	0.01252198288168064
Saltmarsh_4_000000001	34473600.0	1	1	0.07952789675376969	0.15905579350753937	0.1011458158679879	0.2022916317359758	1.0	0.09534946829080582	2336472.8256022856	420237.7455193778	420237.7455193778	5.0877704826923775e-14	0.002101188727546011	0.009662023828508164	34473600.0	0.14	0.01252198288174658
Saltmarsh_4_000000001	34560000.0	1	1	0.07952789675388763	0.15905579350777527	0.1011458158681634	0.2022916317363268	1.0	0.09534946829080582	2336472.8256096467	420237.7455209955	420237.7455209955	4.7900919342147574e-14	0.0021011887275570766	0.009662023828556068	34560000.0	0.14	0.012521982881808665
Saltmarsh_4_000000001	34646400.0	1	1	0.07952789675399868	0.15905579350799737	0.10114581586832863	0.20229163173665726	1.0	0.09534946829080582	2336472.825616577	420237.7455225185	420237.7455225185	4.509847356670704e-14	0.002101188727567494	0.009662023828601169	34646400.0	0.14	0.012521982881867115
Saltmarsh_4_000000001	34732800.0	1	1	0.07952789675410324	0.15905579350820648	0.1011458158684842	0.2022916317369684	1.0	0.09534946829080582	2336472.825623102	420237.74552395253	420237.74552395253	4.246039284061531e-14	0.002101188727577302	0.009662023828643635	34732800.0	0.14	0.012521982881922153
Saltmarsh_4_000000001	34819200.0	1	1	0.07952789675420167	0.15905579350840335	0.10114581586863065	0.2022916317372613	1.0	0.09534946829080582	2336472.8256292455	420237.7455253025	420237.7455253025	3.997540146127854e-14	0.002101188727586537	0.00966202382868361	34819200.0	0.14	0.012521982881973958
Saltmarsh_4_000000001	34905600.0	1	1	0.07952789675429435	0.1590557935085887	0.10114581586876856	0.20229163173753711	1.0	0.09534946829080582	2336472.8256350295	420237.7455265735	420237.7455265735	3.76369942156618e-14	0.0021011887275952305	0.009662023828721254	34905600.0	0.14	0.012521982882022746
Saltmarsh_4_000000001	34992000.0	1	1	0.0795278967543816	0.1590557935087632	0.10114581586889838	0.20229163173779677	1.0	0.09534946829080582	2336472.8256404754	420237.7455277703	420237.7455277703	3.5434762762909244e-14	0.0021011887276034167	0.00966202382875669	34992000.0	0.14	0.01252198288206867
Saltmarsh_4_000000001	35078400.0	1	1	0.07952789675446374	0.15905579350892748	0.10114581586902062	0.20229163173804124	1.0	0.09534946829080582	2336472.8256456014	420237.7455288971	420237.7455288971	3.3362201889985954e-14	0.002101188727611123	0.009662023828790054	35078400.0	0.14	0.01252198288211191
Saltmarsh_4_000000001	35164800.0	1	1	0.07952789675454108	0.15905579350908217	0.1011458158691357	0.2022916317382714	1.0	0.09534946829080582	2336472.8256504284	420237.7455299579	420237.7455299579	3.1410637979512046e-14	0.0021011887276183787	0.009662023828821467	35164800.0	0.14	0.012521982882152621
Saltmarsh_4_000000001	35251200.0	1	1	0.0795278967546139	0.1590557935092278	0.10114581586924404	0.20229163173848808	1.0	0.09534946829080582	2336472.8256549723	420237.74553095654	420237.74553095654	2.957269845671462e-14	0.00210118872762521	0.009662023828851039	35251200.0	0.14	0.012521982882190946
Saltmarsh_4_000000001	35337600.0	1	1	0.07952789675468246	0.1590557935093649	0.10114581586934605	0.2022916317386921	1.0	0.09534946829080582	2336472.825659251	420237.7455318968	420237.7455318968	2.7843179151165742e-14	0.002101188727631641	0.009662023828878884	35337600.0	0.14	0.012521982882227035
Saltmarsh_4_000000001	35424000.0	1	1	0.079527896754747	0.159055793509494	0.10114581586944209	0.20229163173888418	1.0	0.09534946829080582	2336472.8256632793	420237.745532782	420237.745532782	2.6213406445485532e-14	0.0021011887276376966	0.0096620238289051	35424000.0	0.14	0.012521982882261008
Saltmarsh_4_000000001	35510400.0	1	1	0.07952789675480777	0.15905579350961555	0.10114581586953252	0.20229163173906503	1.0	0.09534946829080582	2336472.825667072	420237.74553361547	420237.74553361547	2.467947721185304e-14	0.0021011887276433977	0.009662023828929783	35510400.0	0.14	0.012521982882292998
Saltmarsh_4_000000001	35596800.0	1	1	0.07952789675486499	0.15905579350972998	0.10114581586961764	0.20229163173923528	1.0	0.09534946829080582	2336472.8256706432	420237.74553440016	420237.74553440016	2.323531991810235e-14	0.0021011887276487654	0.00966202382895302	35596800.0	0.14	0.012521982882323113
Saltmarsh_4_000000001	35683200.0	1	1	0.07952789675491886	0.15905579350983773	0.1011458158696978	0.2022916317393956	1.0	0.09534946829080582	2336472.825674005	420237.7455351391	420237.7455351391	2.187703143641251e-14	0.0021011887276538186	0.009662023828974901	35683200.0	0.14	0.012521982882351472
Saltmarsh_4_000000001	35769600.0	1	1	0.07952789675496957	0.15905579350993915	0.10114581586977327	0.20229163173954653	1.0	0.09534946829080582	2336472.8256771704	420237.74553583475	420237.74553583475	2.059637183027263e-14	0.0021011887276585774	0.0096620238289955	35769600.0	0.14	0.012521982882378168
Saltmarsh_4_000000001	35856000.0	1	1	0.07952789675501731	0.15905579351003463	0.10114581586984432	0.20229163173968864	1.0	0.09534946829080582	2336472.8256801497	420237.74553648947	420237.74553648947	1.939073901446875e-14	0.0021011887276630565	0.009662023829014894	35856000.0	0.14	0.012521982882403302
Saltmarsh_4_000000001	35942400.0	1	1	0.07952789675506228	0.15905579351012455	0.10114581586991121	0.20229163173982243	1.0	0.09534946829080582	2336472.825682956	420237.7455371062	420237.7455371062	1.8256663542048912e-14	0.0021011887276672745	0.009662023829033152	35942400.0	0.14	0.012521982882426966
Saltmarsh_4_000000001	36028800.0	1	1	0.0795278967551046	0.1590557935102092	0.10114581586997419	0.20229163173994838	1.0	0.09534946829080582	2336472.825685597	420237.7455376868	420237.7455376868	1.718937492345418e-14	0.002101188727671245	0.009662023829050343	36028800.0	0.14	0.012521982882449243
Saltmarsh_4_000000001	36115200.0	1	1	0.07952789675514446	0.15905579351028892	0.10114581587003348	0.20229163174006695	1.0	0.09534946829080582	2336472.825688084	420237.74553823326	420237.74553823326	1.6183235307387633e-14	0.002101188727674983	0.009662023829066528	36115200.0	0.14	0.01252198288247022
Saltmarsh_4_000000001	36201600.0	1	1	0.07952789675518199	0.15905579351036397	0.10114581587008929	0.20229163174017858	1.0	0.09534946829080582	2336472.8256904264	420237.7455387477	420237.7455387477	1.5235208927766308e-14	0.0021011887276785033	0.009662023829081766	36201600.0	0.14	0.012521982882489967
Saltmarsh_4_000000001	36288000.0	1	1	0.07952789675521732	0.15905579351043464	0.10114581587014186	0.20229163174028372	1.0	0.09534946829080582	2336472.8256926313	420237.7455392323	420237.7455392323	1.4344862103721212e-14	0.0021011887276818166	0.009662023829096115	36288000.0	0.14	0.012521982882508565
Saltmarsh_4_000000001	36374400.0	1	1	0.07952789675525058	0.15905579351050117	0.10114581587019135	0.2022916317403827	1.0	0.09534946829080582	2336472.8256947077	420237.7455396884	420237.7455396884	1.3504388579610449e-14	0.0021011887276849374	0.009662023829109623	36374400.0	0.14	0.012521982882526072
Saltmarsh_4_000000001	36460800.0	1	1	0.0795278967552819	0.1590557935105638	0.10114581587023794	0.20229163174047587	1.0	0.09534946829080582	2336472.8256966616	420237.7455401178	420237.7455401178	1.2713788355434019e-14	0.002101188727687875	0.00966202382912234	36460800.0	0.14	0.012521982882542556
Saltmarsh_4_000000001	36547200.0	1	1	0.07952789675531137	0.15905579351062274	0.1011458158702818	0.2022916317405636	1.0	0.09534946829080582	2336472.8256985014	420237.74554052216	420237.74554052216	1.1970459345977957e-14	0.0021011887276906403	0.009662023829134314	36547200.0	0.14	0.01252198288255807
Saltmarsh_4_000000001	36633600.0	1	1	0.07952789675533913	0.15905579351067825	0.10114581587032309	0.20229163174064618	1.0	0.09534946829080582	2336472.825700233	420237.74554090283	420237.74554090283	1.1269631061683327e-14	0.0021011887276932446	0.009662023829145584	36633600.0	0.14	0.012521982882572677
Saltmarsh_4_000000001	36720000.0	1	1	0.07952789675536526	0.15905579351073051	0.10114581587036198	0.20229163174072395	1.0	0.09534946829080582	2336472.8257018644	420237.74554126116	420237.74554126116	1.061043614081214e-14	0.0021011887276956953	0.009662023829156199	36720000.0	0.14	0.012521982882586435
Saltmarsh_4_000000001	36806400.0	1	1	0.07952789675538986	0.15905579351077972	0.10114581587039859	0.20229163174079717	1.0	0.09534946829080582	2336472.8257033997	420237.7455415986	420237.7455415986	9.989405136412444e-15	0.0021011887276980038	0.009662023829166191	36806400.0	0.14	0.012521982882599385
Saltmarsh_4_000000001	36892800.0	1	1	0.07952789675541302	0.15905579351082605	0.10114581587043305	0.2022916317408661	1.0	0.09534946829080582	2336472.8257048456	420237.74554191635	420237.74554191635	9.405237005877254e-15	0.0021011887277001765	0.009662023829175598	36892800.0	0.14	0.012521982882611577
Saltmarsh_4_000000001	36979200.0	1	1	0.07952789675543483	0.15905579351086965	0.10114581587046549	0.20229163174093098	1.0	0.09534946829080582	2336472.8257062067	420237.74554221524	420237.74554221524	8.853594940516629e-15	0.0021011887277022226	0.009662023829184454	36979200.0	0.14	0.012521982882623052
