plant	time	x	y	r_ag	h_ag	r_bg	h_bg	aboveground_resources	belowground_resources	res_ag	res_bg	res_eff	grow	maint	volume	age	salinity	transpiration
Saltmarsh_1_000000001	0.0	1	1	0.04850691579470451	0.09701383158940902	0.04850691579470451	0.09701383158940902	1.0	0.014512572437524796	923552.841931713	13403.127518415873	13403.127518415873	-0.00013655956636053927	0.00020357520395261863	0.001434236760434358	86400.0	0.1537360255083683	0.001858770841522928
