version,pft,time_days,value
35_V0,1,1830.0,10.394814880598815
35_V0,1,1840.0,10.701768645451837
35_V0,1,1850.0,10.626636460837044
35_V0,1,1860.0,10.989440125493525
35_V0,1,1870.0,11.32767609944289
35_V0,1,1880.0,11.721682716971
35_V0,1,1890.0,12.116766674082996
35_V0,1,1900.0,12.314512397557445
35_V0,1,1910.0,12.438232071985194
35_V0,1,1920.0,12.631777229516022
35_V0,1,1930.0,12.24706407003582
35_V0,1,1940.0,12.516608826514751
35_V0,1,1950.0,12.011857748327282
35_V0,1,1960.0,12.459597956072068
35_V0,1,1970.0,12.797216183261835
35_V0,1,1980.0,13.088468460839977
35_V0,1,1990.0,13.356514247411885
35_V0,1,2000.0,13.495210048377942
35_V0,1,2010.0,13.535049538073565
35_V0,1,2020.0,13.631821572871695
35_V0,1,2030.0,13.191450555690952
35_V0,1,2040.0,13.493437390392643
35_V0,1,2050.0,13.351994001908974
35_V0,1,2060.0,13.405370262328166
35_V0,1,2070.0,13.355729220210415
35_V0,1,2080.0,12.514700937619125
35_V0,1,2090.0,12.916733922109206
35_V0,1,2100.0,12.675575189309521
35_V0,1,2110.0,12.870062900525273
35_V0,1,2120.0,13.061813447685665
35_V0,1,2130.0,11.875571929937184
35_V0,1,2140.0,11.738994393779304
35_V0,1,2150.0,12.099656035707643
35_V0,1,2160.0,12.453456524363272
35_V0,1,2170.0,12.134412384845437
35_V0,1,2180.0,11.97906412370221
35_V0,1,2190.0,11.76653148506632
35_V0,1,2200.0,12.2138023915276
35_V0,1,2210.0,12.477657210415904
35_V0,1,2220.0,12.614112195026486
35_V0,1,2230.0,12.614058600689967
35_V0,1,2240.0,12.88325287670379
35_V0,1,2250.0,13.023884380586306
35_V0,1,2260.0,13.06284711074709
35_V0,1,2270.0,13.11219297520866
35_V0,1,2280.0,13.138110721176167
35_V0,1,2290.0,12.708187710580354
35_V0,1,2300.0,12.131253714917337
35_V0,1,2310.0,12.289666585347856
35_V0,1,2320.0,12.466527908310331
35_V0,1,2330.0,12.54975965471776
35_V0,1,2340.0,12.059713376425849
35_V0,1,2350.0,12.388110761561702
35_V0,1,2360.0,12.140632232705327
35_V0,1,2370.0,11.71123413954724
35_V0,1,2380.0,12.027577139173788
35_V0,1,2390.0,12.256326542006118
35_V0,1,2400.0,12.491047171935355
35_V0,1,2410.0,12.707953567099755
35_V0,1,2420.0,12.883235015857423
35_V0,1,2430.0,12.629751505055895
35_V0,1,2440.0,12.781013993796034
35_V0,1,2450.0,12.904533435558132
35_V0,1,2460.0,12.640573646466898
35_V0,1,2470.0,12.67189153456127
35_V0,1,2480.0,12.179729348115348
35_V0,1,2490.0,12.427865615669909
35_V0,1,2500.0,12.338543668628965
35_V0,1,2510.0,12.596835116590906
35_V0,1,2520.0,11.918925913184667
35_V0,1,2530.0,12.140703953739296
35_V0,1,2540.0,11.387164442578793
35_V0,1,2550.0,11.578064155975756
35_V0,1,2560.0,11.370254201379975
35_V0,1,2570.0,11.283249598406456
35_V0,1,2580.0,11.574704423505587
35_V0,1,2590.0,11.744691545703752
35_V0,1,2600.0,11.846855182630318
35_V0,1,2610.0,11.420070369739047
35_V0,1,2620.0,10.826090733381275
35_V0,1,2630.0,10.362557310157126
35_V0,1,2640.0,10.342614697886303
35_V0,1,2650.0,10.461317981636427
35_V0,1,2660.0,10.555359009340957
35_V0,1,2670.0,10.629062673384169
35_V0,1,2680.0,10.653118033944114
35_V0,1,2690.0,10.129041527560059
35_V0,1,2700.0,10.39227821307621
35_V0,1,2710.0,10.181840609036069
35_V0,1,2720.0,10.039720165508523
35_V0,1,2730.0,10.527544332136252
35_V0,1,2740.0,10.455992787509642
35_V0,1,2750.0,10.777140902649288
35_V0,1,2760.0,10.711582130003242
35_V0,1,2770.0,11.043710713864778
35_V0,1,2780.0,10.731023308848663
35_V0,1,2790.0,10.828760660477247
35_V0,1,2800.0,10.633069513288964
35_V0,1,2810.0,10.835414167901721
35_V0,1,2820.0,10.995986804323605
35_V0,1,2830.0,10.56271563508385
35_V0,1,2840.0,9.828337374825857
35_V0,1,2850.0,10.19160355080157
35_V0,1,2860.0,10.44357890741409
35_V0,1,2870.0,10.655415502586191
35_V0,1,2880.0,10.941586999946562
35_V0,1,2890.0,10.780964047639584
35_V0,1,2900.0,11.093352616523482
35_V0,1,2910.0,10.903442578157712
35_V0,1,2920.0,11.146236331470828
35_V0,1,2930.0,11.361774630793992
35_V0,1,2940.0,11.032734343762513
35_V0,1,2950.0,11.23036257736312
35_V0,1,2960.0,11.626570058950001
35_V0,1,2970.0,11.584577065422135
35_V0,1,2980.0,11.590741707014011
35_V0,1,2990.0,11.91124504947199
35_V0,1,3000.0,11.843600412507662
35_V0,1,3010.0,11.842185118321586
35_V0,1,3020.0,12.166154726942136
35_V0,1,3030.0,12.290127944689166
35_V0,1,3040.0,12.356789155382467
35_V0,1,3050.0,12.591066932471895
35_V0,1,3060.0,12.62925160873479
35_V0,1,3070.0,12.779041948397518
35_V0,1,3080.0,12.560458877973062
35_V0,1,3090.0,12.702463997684822
35_V0,1,3100.0,12.933296510760067
35_V0,1,3110.0,13.088912179987924
35_V0,1,3120.0,13.140024241010389
35_V0,1,3130.0,13.221878021092039
35_V0,1,3140.0,13.144676981190646
35_V0,1,3150.0,13.278124137810272
35_V0,1,3160.0,12.889668317499726
35_V0,1,3170.0,13.098403300826664
35_V0,1,3180.0,12.915624211561441
35_V0,1,3190.0,13.129301442777793
35_V0,1,3200.0,13.39885867378276
35_V0,1,3210.0,13.524059213884886
35_V0,1,3220.0,13.384087277635851
35_V0,1,3230.0,13.690131143049404
35_V0,1,3240.0,13.448581685843909
35_V0,1,3250.0,13.629832786964695
35_V0,1,3260.0,13.41982677143269
35_V0,1,3270.0,13.630910147901227
35_V0,1,3280.0,12.8482071157038
35_V0,1,3290.0,13.15491534029907
35_V0,1,3300.0,13.247366243540293
35_V0,1,3310.0,13.33574133200429
35_V0,1,3320.0,13.48493918328278
35_V0,1,3330.0,13.635360805785439
35_V0,1,3340.0,13.374133477010664
35_V0,1,3350.0,13.012077931292083
35_V0,1,3360.0,12.350742124226839
35_V0,1,3370.0,12.594469250877944
35_V0,1,3380.0,12.35326925280983
35_V0,1,3390.0,12.838376824613686
35_V0,1,3400.0,13.013701292438629
35_V0,1,3410.0,12.696174355236685
35_V0,1,3420.0,12.999340959099303
35_V0,1,3430.0,12.502071285395692
35_V0,1,3440.0,12.777315243948212
35_V0,1,3450.0,12.300566338920003
35_V0,1,3460.0,11.737186263963032
35_V0,1,3470.0,11.6900869794636
35_V0,1,3480.0,12.026601493915027
35_V0,1,3490.0,12.464282991039033
35_V0,1,3500.0,12.879625842235573
35_V0,1,3510.0,13.005105911714427
35_V0,1,3520.0,13.263673997001751
35_V0,1,3530.0,13.05001903464201
35_V0,1,3540.0,12.951336714001176
35_V0,1,3550.0,13.128383206981391
35_V0,1,3560.0,13.554439825581317
35_V0,1,3570.0,13.866477137319546
35_V0,1,3580.0,14.197880816459682
35_V0,1,3590.0,14.524596309746212
35_V0,1,3600.0,14.709024979761306
35_V0,1,3610.0,14.493287428867347
35_V0,1,3620.0,14.65366594949612
35_V0,1,3630.0,14.787059161120975
35_V0,1,3640.0,14.947577670479102
35_V0,1,3650.0,15.009720631818732
35_V0,1,3650.462962962963,15.010365298048464
35_V0,2,1830.0,4.95979606278605
35_V0,2,1840.0,5.036843401122249
35_V0,2,1850.0,5.100036516242601
35_V0,2,1860.0,4.814162854004343
35_V0,2,1870.0,5.106782146021128
35_V0,2,1880.0,4.615868011089391
35_V0,2,1890.0,4.702603254595985
35_V0,2,1900.0,4.718546655666366
35_V0,2,1910.0,4.4993073637632754
35_V0,2,1920.0,4.627034599412153
35_V0,2,1930.0,4.239382435427541
35_V0,2,1940.0,3.996068625995677
35_V0,2,1950.0,4.127816725528658
35_V0,2,1960.0,4.342902567359238
35_V0,2,1970.0,4.4832974354471835
35_V0,2,1980.0,4.602612881862641
35_V0,2,1990.0,4.573735741188838
35_V0,2,2000.0,4.6873011509865545
35_V0,2,2010.0,4.756534707682898
35_V0,2,2020.0,4.784294607892579
35_V0,2,2030.0,4.812477895154193
35_V0,2,2040.0,4.662955724722234
35_V0,2,2050.0,4.707600862151291
35_V0,2,2060.0,4.798560727730743
35_V0,2,2070.0,4.008465174518426
35_V0,2,2080.0,4.196513840665126
35_V0,2,2090.0,4.335971127885893
35_V0,2,2100.0,4.271749883216723
35_V0,2,2110.0,4.317208205437263
35_V0,2,2120.0,4.230802513851883
35_V0,2,2130.0,3.3797890971000255
35_V0,2,2140.0,3.7245907852711313
35_V0,2,2150.0,3.9032973747649202
35_V0,2,2160.0,3.7952078498689943
35_V0,2,2170.0,3.9708879469541527
35_V0,2,2180.0,4.261397170850197
35_V0,2,2190.0,4.1256927492840685
35_V0,2,2200.0,4.324065310747136
35_V0,2,2210.0,4.4797741007150655
35_V0,2,2220.0,4.56922060233242
35_V0,2,2230.0,4.436241462411744
35_V0,2,2240.0,4.538029127595348
35_V0,2,2250.0,4.62919615176648
35_V0,2,2260.0,4.7076940659783
35_V0,2,2270.0,4.739370147969615
35_V0,2,2280.0,4.510744248475225
35_V0,2,2290.0,4.645959963759779
35_V0,2,2300.0,4.818189310149348
35_V0,2,2310.0,4.48598605813705
35_V0,2,2320.0,4.5187062822370585
35_V0,2,2330.0,4.5806304660598
35_V0,2,2340.0,4.892226884096079
35_V0,2,2350.0,5.085142374724788
35_V0,2,2360.0,4.703675489959668
35_V0,2,2370.0,4.422803089539335
35_V0,2,2380.0,4.293529817824098
35_V0,2,2390.0,4.371936465070842
35_V0,2,2400.0,4.41721291847344
35_V0,2,2410.0,4.3944945735139544
35_V0,2,2420.0,4.409709863205693
35_V0,2,2430.0,4.4432495017424145
35_V0,2,2440.0,4.580526099275689
35_V0,2,2450.0,4.64726430170453
35_V0,2,2460.0,4.731302802548323
35_V0,2,2470.0,4.307988815754098
35_V0,2,2480.0,4.445297797924598
35_V0,2,2490.0,4.296494883138528
35_V0,2,2500.0,4.212011844063481
35_V0,2,2510.0,4.19461069341726
35_V0,2,2520.0,4.228888430841104
35_V0,2,2530.0,4.2880029146365635
35_V0,2,2540.0,4.4814567713702065
35_V0,2,2550.0,4.643616118653274
35_V0,2,2560.0,4.86113342205739
35_V0,2,2570.0,4.942919043009504
35_V0,2,2580.0,4.909873563644394
35_V0,2,2590.0,5.053484320509792
35_V0,2,2600.0,5.726843093034851
35_V0,2,2610.0,5.741475517350763
35_V0,2,2620.0,5.26095669688503
35_V0,2,2630.0,5.4720820575816
35_V0,2,2640.0,5.681084243974473
35_V0,2,2650.0,5.2530077452056245
35_V0,2,2660.0,5.376609576636043
35_V0,2,2670.0,5.512828583380492
35_V0,2,2680.0,5.6382651967649835
35_V0,2,2690.0,5.8039546955616705
35_V0,2,2700.0,5.643492244534978
35_V0,2,2710.0,5.436329314314145
35_V0,2,2720.0,5.313012146756687
35_V0,2,2730.0,5.388443811343225
35_V0,2,2740.0,5.46653827497766
35_V0,2,2750.0,5.5358791846771425
35_V0,2,2760.0,5.236782212963696
35_V0,2,2770.0,5.372530966489973
35_V0,2,2780.0,5.502192968333704
35_V0,2,2790.0,5.647142500692135
35_V0,2,2800.0,5.694429188902605
35_V0,2,2810.0,5.555355160327048
35_V0,2,2820.0,5.614754225611731
35_V0,2,2830.0,5.358377715395919
35_V0,2,2840.0,5.383115516340155
35_V0,2,2850.0,5.2189352025660956
35_V0,2,2860.0,5.187304339902136
35_V0,2,2870.0,4.995084600863995
35_V0,2,2880.0,4.9864170543268935
35_V0,2,2890.0,5.0451523600166475
35_V0,2,2900.0,4.614036749415186
35_V0,2,2910.0,4.636211352275178
35_V0,2,2920.0,4.640867044163825
35_V0,2,2930.0,5.105781072356267
35_V0,2,2940.0,5.228877965771024
35_V0,2,2950.0,5.293638116423635
35_V0,2,2960.0,4.026960793864413
35_V0,2,2970.0,4.204621528870951
35_V0,2,2980.0,4.414142079859176
35_V0,2,2990.0,4.449201363387395
35_V0,2,3000.0,3.586268245839841
35_V0,2,3010.0,3.7670112910979037
35_V0,2,3020.0,4.457833871363846
35_V0,2,3030.0,5.221110144840717
35_V0,2,3040.0,5.342089503679178
35_V0,2,3050.0,5.371216303210624
35_V0,2,3060.0,5.40896774922362
35_V0,2,3070.0,4.56012705816624
35_V0,2,3080.0,4.616946551422196
35_V0,2,3090.0,4.157781507268847
35_V0,2,3100.0,4.000659315863618
35_V0,2,3110.0,4.546677001222781
35_V0,2,3120.0,4.5788727601922705
35_V0,2,3130.0,3.852463695064484
35_V0,2,3140.0,3.8678306149622363
35_V0,2,3150.0,3.6782064873023814
35_V0,2,3160.0,3.7142051202507256
35_V0,2,3170.0,3.7286071182479654
35_V0,2,3180.0,3.7254327540446126
35_V0,2,3190.0,3.5905566186129727
35_V0,2,3200.0,3.6219760538032757
35_V0,2,3210.0,3.389153943866595
35_V0,2,3220.0,3.4533424643827773
35_V0,2,3230.0,3.422436493635538
35_V0,2,3240.0,3.3965697428481234
35_V0,2,3250.0,3.3275702206814044
35_V0,2,3260.0,3.4276636538704226
35_V0,2,3270.0,3.5787954501671804
35_V0,2,3280.0,3.4953829656252218
35_V0,2,3290.0,3.5912857986488698
35_V0,2,3300.0,3.700517405488564
35_V0,2,3310.0,3.8207591865995703
35_V0,2,3320.0,3.7940013353988427
35_V0,2,3330.0,3.8768597537642187
35_V0,2,3340.0,3.98614029664312
35_V0,2,3350.0,4.176660739130096
35_V0,2,3360.0,4.424276028058333
35_V0,2,3370.0,4.557318857357451
35_V0,2,3380.0,4.326613645357019
35_V0,2,3390.0,4.416969725473705
35_V0,2,3400.0,4.406381510381772
35_V0,2,3410.0,4.244690775038879
35_V0,2,3420.0,3.9799910848128555
35_V0,2,3430.0,4.115981098684741
35_V0,2,3440.0,3.950928524046828
35_V0,2,3450.0,4.178281327166746
35_V0,2,3460.0,4.3224797550147604
35_V0,2,3470.0,4.461570507592635
35_V0,2,3480.0,4.438504122496065
35_V0,2,3490.0,4.000483181274914
35_V0,2,3500.0,3.9332216453678384
35_V0,2,3510.0,3.9739240903163484
35_V0,2,3520.0,3.991685343570974
35_V0,2,3530.0,3.9776513609003197
35_V0,2,3540.0,4.008476898369906
35_V0,2,3550.0,4.01159491704739
35_V0,2,3560.0,4.1402357247553265
35_V0,2,3570.0,4.221228339333905
35_V0,2,3580.0,3.9775589765146755
35_V0,2,3590.0,3.857423094986916
35_V0,2,3600.0,3.945788407108386
35_V0,2,3610.0,4.073744793563401
35_V0,2,3620.0,4.152386938692502
35_V0,2,3630.0,3.9199974531982233
35_V0,2,3640.0,3.9669821917298527
35_V0,2,3650.0,3.99407262804239
35_V0,2,3650.462962962963,3.9954690946213502
35_V0,3,1830.0,2.292663918513338
35_V0,3,1840.0,2.339010670708196
35_V0,3,1850.0,2.4221269324820947
35_V0,3,1860.0,2.4296384892173104
35_V0,3,1870.0,2.417596166945902
35_V0,3,1880.0,2.34940035978483
35_V0,3,1890.0,2.34946962450224
35_V0,3,1900.0,2.194610726727663
35_V0,3,1910.0,2.195474657344552
35_V0,3,1920.0,2.2024220359317197
35_V0,3,1930.0,2.223356416680238
35_V0,3,1940.0,2.2446559057297004
35_V0,3,1950.0,2.0047916443303464
35_V0,3,1960.0,1.9466912265250447
35_V0,3,1970.0,1.6227085682602174
35_V0,3,1980.0,1.5885223638392991
35_V0,3,1990.0,1.803417763877055
35_V0,3,2000.0,1.7571031247406035
35_V0,3,2010.0,1.7064711429075103
35_V0,3,2020.0,1.6476496188384586
35_V0,3,2030.0,1.4357001093760895
35_V0,3,2040.0,1.4494745689487163
35_V0,3,2050.0,1.4530287740793872
35_V0,3,2060.0,1.538782658953776
35_V0,3,2070.0,1.6247236587779448
35_V0,3,2080.0,1.5425156062883116
35_V0,3,2090.0,1.6466915499063526
35_V0,3,2100.0,1.6903766143145973
35_V0,3,2110.0,1.788586703244477
35_V0,3,2120.0,1.7406341269911656
35_V0,3,2130.0,1.7072781615465966
35_V0,3,2140.0,1.6679658120669831
35_V0,3,2150.0,1.7796480816864613
35_V0,3,2160.0,1.8298627038969708
35_V0,3,2170.0,1.8694331558958208
35_V0,3,2180.0,1.883268769201259
35_V0,3,2190.0,1.9073689165772887
35_V0,3,2200.0,1.9954577181495377
35_V0,3,2210.0,2.07014300015785
35_V0,3,2220.0,1.6902431011360828
35_V0,3,2230.0,1.7565448230467429
35_V0,3,2240.0,1.7938602627014064
35_V0,3,2250.0,1.7961520140774687
35_V0,3,2260.0,1.7910575471130294
35_V0,3,2270.0,1.7680380684132584
35_V0,3,2280.0,1.7731587708702476
35_V0,3,2290.0,1.7711062130449737
35_V0,3,2300.0,1.8328143328370043
35_V0,3,2310.0,1.7035712899682103
35_V0,3,2320.0,1.7866153898506905
35_V0,3,2330.0,1.7889193361763536
35_V0,3,2340.0,1.804886656029089
35_V0,3,2350.0,1.8585389385586786
35_V0,3,2360.0,1.961953918699147
35_V0,3,2370.0,2.0683902277168826
35_V0,3,2380.0,2.0705969978535563
35_V0,3,2390.0,1.994897088819389
35_V0,3,2400.0,1.9331474998672729
35_V0,3,2410.0,1.8710893646196118
35_V0,3,2420.0,1.8063677117846944
35_V0,3,2430.0,1.8344322527737245
35_V0,3,2440.0,1.8888714356900145
35_V0,3,2450.0,1.7812720239226436
35_V0,3,2460.0,1.9976750873351148
35_V0,3,2470.0,2.0538738408036687
35_V0,3,2480.0,2.1762644245497884
35_V0,3,2490.0,2.2311797600491645
35_V0,3,2500.0,2.3514832300666635
35_V0,3,2510.0,2.4677803679687123
35_V0,3,2520.0,2.1993595750004045
35_V0,3,2530.0,2.0488763386064646
35_V0,3,2540.0,2.1773223550297107
35_V0,3,2550.0,2.14200441440055
35_V0,3,2560.0,2.1734675043119105
35_V0,3,2570.0,2.1573868265873597
35_V0,3,2580.0,1.8597103829338564
35_V0,3,2590.0,1.738888256962812
35_V0,3,2600.0,1.7198109892227837
35_V0,3,2610.0,1.6610828378363418
35_V0,3,2620.0,1.869783907113984
35_V0,3,2630.0,1.8932509548010685
35_V0,3,2640.0,1.871563162857016
35_V0,3,2650.0,1.9489066072090848
35_V0,3,2660.0,1.9335364683505682
35_V0,3,2670.0,1.9274061655520431
35_V0,3,2680.0,1.5681436109249187
35_V0,3,2690.0,1.6030200362300462
35_V0,3,2700.0,1.6786880311149133
35_V0,3,2710.0,1.7266204894465467
35_V0,3,2720.0,1.6124773224173587
35_V0,3,2730.0,1.5916718807183305
35_V0,3,2740.0,1.5846623662110946
35_V0,3,2750.0,1.5986632816594664
35_V0,3,2760.0,1.8119072546688733
35_V0,3,2770.0,2.1758885787617386
35_V0,3,2780.0,1.946549181021191
35_V0,3,2790.0,2.006144011930987
35_V0,3,2800.0,2.0582172226013338
35_V0,3,2810.0,1.902078162988732
35_V0,3,2820.0,1.9497235325569175
35_V0,3,2830.0,1.930502921414083
35_V0,3,2840.0,1.987663988745334
35_V0,3,2850.0,2.0590046467095986
35_V0,3,2860.0,2.052649239561391
35_V0,3,2870.0,1.903993185933913
35_V0,3,2880.0,1.7971467533110974
35_V0,3,2890.0,1.82724987318983
35_V0,3,2900.0,1.8267705521361086
35_V0,3,2910.0,1.8639416263563888
35_V0,3,2920.0,2.0132304801712038
35_V0,3,2930.0,2.0403183845970863
35_V0,3,2940.0,2.058902699970525
35_V0,3,2950.0,1.929462935601429
35_V0,3,2960.0,1.7960851746734587
35_V0,3,2970.0,1.8639657664980889
35_V0,3,2980.0,2.2340676563687554
35_V0,3,2990.0,2.379978265151485
35_V0,3,3000.0,2.430904030859939
35_V0,3,3010.0,2.2728625229055393
35_V0,3,3020.0,2.3686994129617043
35_V0,3,3030.0,2.3294675636822086
35_V0,3,3040.0,2.3486667395639964
35_V0,3,3050.0,2.376809201658013
35_V0,3,3060.0,2.3112394196685235
35_V0,3,3070.0,2.145744946351337
35_V0,3,3080.0,2.1010845977167185
35_V0,3,3090.0,2.0312180715209323
35_V0,3,3100.0,1.926028490719908
35_V0,3,3110.0,1.987530718367949
35_V0,3,3120.0,1.9878396996607104
35_V0,3,3130.0,1.995828149271576
35_V0,3,3140.0,1.9977165996278814
35_V0,3,3150.0,2.0318397465567446
35_V0,3,3160.0,2.1132138656731128
35_V0,3,3170.0,1.880523290745446
35_V0,3,3180.0,1.8857571587566049
35_V0,3,3190.0,1.9235930626100917
35_V0,3,3200.0,1.9173264841795792
35_V0,3,3210.0,1.9203237491115845
35_V0,3,3220.0,1.9919191654151693
35_V0,3,3230.0,2.049173684401249
35_V0,3,3240.0,2.0249278690224983
35_V0,3,3250.0,1.9227926395701982
35_V0,3,3260.0,1.9364612780763235
35_V0,3,3270.0,1.9619038159914204
35_V0,3,3280.0,1.9385942574228192
35_V0,3,3290.0,1.873580328085011
35_V0,3,3300.0,1.8578293892379754
35_V0,3,3310.0,1.729523423484811
35_V0,3,3320.0,1.6802508056509329
35_V0,3,3330.0,1.837717697480635
35_V0,3,3340.0,1.498562743077095
35_V0,3,3350.0,1.5258190089009693
35_V0,3,3360.0,1.5433766543990657
35_V0,3,3370.0,1.2691861460231975
35_V0,3,3380.0,1.3606910442785023
35_V0,3,3390.0,1.474179270616894
35_V0,3,3400.0,1.5770102164200293
35_V0,3,3410.0,1.6510602596219688
35_V0,3,3420.0,1.5717869712497563
35_V0,3,3430.0,1.4835685995641223
35_V0,3,3440.0,1.5317348708171485
35_V0,3,3450.0,1.6386956081261639
35_V0,3,3460.0,1.851917532663042
35_V0,3,3470.0,2.1000106445228877
35_V0,3,3480.0,2.3020561994156306
35_V0,3,3490.0,2.8845619971679026
35_V0,3,3500.0,2.298439533144787
35_V0,3,3510.0,2.3177866523468804
35_V0,3,3520.0,2.155632278596736
35_V0,3,3530.0,2.1735086102538674
35_V0,3,3540.0,2.2133807554781697
35_V0,3,3550.0,2.0820193194966468
35_V0,3,3560.0,1.968797231844785
35_V0,3,3570.0,1.8603661766156878
35_V0,3,3580.0,1.783016570192764
35_V0,3,3590.0,1.6438353213733414
35_V0,3,3600.0,1.6249580882200592
35_V0,3,3610.0,1.5921794905804907
35_V0,3,3620.0,1.6506579254077318
35_V0,3,3630.0,1.585380212567216
35_V0,3,3640.0,1.4476411820727866
35_V0,3,3650.0,1.4400225995794567
35_V0,3,3650.462962962963,1.4390451121212506
35_V0,4,1830.0,0.822963239367468
35_V0,4,1840.0,0.6983315630457677
35_V0,4,1850.0,0.6834098240134368
35_V0,4,1860.0,0.7985645026644227
35_V0,4,1870.0,0.7891485807889913
35_V0,4,1880.0,0.6941835461344367
35_V0,4,1890.0,0.7191571440487654
35_V0,4,1900.0,0.6845213180702072
35_V0,4,1910.0,0.7255749333894205
35_V0,4,1920.0,0.7462384489743297
35_V0,4,1930.0,0.7423558172566451
35_V0,4,1940.0,0.8053859201871438
35_V0,4,1950.0,0.7412181980777002
35_V0,4,1960.0,0.8475856542510303
35_V0,4,1970.0,0.8601397336828476
35_V0,4,1980.0,0.8069333808593666
35_V0,4,1990.0,0.8137935066062626
35_V0,4,2000.0,0.7325977114305902
35_V0,4,2010.0,0.8129769593684244
35_V0,4,2020.0,0.9460410956839752
35_V0,4,2030.0,0.9729576004598778
35_V0,4,2040.0,0.9087535965143974
35_V0,4,2050.0,0.7353066447412515
35_V0,4,2060.0,0.8151508076201657
35_V0,4,2070.0,0.739050247484502
35_V0,4,2080.0,0.8616021343952277
35_V0,4,2090.0,0.8219631247577237
35_V0,4,2100.0,0.8759728482789274
35_V0,4,2110.0,0.8283830589590968
35_V0,4,2120.0,0.8283036625318096
35_V0,4,2130.0,0.7876433655938064
35_V0,4,2140.0,0.8520293955271552
35_V0,4,2150.0,0.8808336933538637
35_V0,4,2160.0,0.8521366435476129
35_V0,4,2170.0,0.8291901558058324
35_V0,4,2180.0,0.8472139406768013
35_V0,4,2190.0,0.8720809270892905
35_V0,4,2200.0,0.9576297803259983
35_V0,4,2210.0,0.9224382396183177
35_V0,4,2220.0,0.8697910276672014
35_V0,4,2230.0,0.936581620783332
35_V0,4,2240.0,1.0373608721553458
35_V0,4,2250.0,1.0812856329523803
35_V0,4,2260.0,1.1271905060698348
35_V0,4,2270.0,1.149004711376287
35_V0,4,2280.0,1.1430609742699391
35_V0,4,2290.0,1.1319417403267853
35_V0,4,2300.0,0.9929601479770037
35_V0,4,2310.0,1.356513589405144
35_V0,4,2320.0,1.2884583230784068
35_V0,4,2330.0,1.298532770538126
35_V0,4,2340.0,1.2760024064056703
35_V0,4,2350.0,1.3377835822575344
35_V0,4,2360.0,1.322518475719067
35_V0,4,2370.0,1.3846792324790131
35_V0,4,2380.0,1.4818831388086489
35_V0,4,2390.0,1.3285561635063676
35_V0,4,2400.0,1.220224417207703
35_V0,4,2410.0,1.2243543246737512
35_V0,4,2420.0,1.2147145503816963
35_V0,4,2430.0,1.2276723115535788
35_V0,4,2440.0,1.2100479652611855
35_V0,4,2450.0,1.1823007950248614
35_V0,4,2460.0,1.0697241029960753
35_V0,4,2470.0,1.0996447373564129
35_V0,4,2480.0,1.035107981793793
35_V0,4,2490.0,1.109962269931375
35_V0,4,2500.0,1.1169618150967762
35_V0,4,2510.0,1.1257347704985006
35_V0,4,2520.0,1.1483291866200578
35_V0,4,2530.0,1.21875703636748
35_V0,4,2540.0,1.1589044147004233
35_V0,4,2550.0,1.1834138477450442
35_V0,4,2560.0,1.2114743170229776
35_V0,4,2570.0,1.245402777037866
35_V0,4,2580.0,1.1457103473505783
35_V0,4,2590.0,1.133848787467088
35_V0,4,2600.0,1.1034647048020119
35_V0,4,2610.0,1.009257131539456
35_V0,4,2620.0,1.021189300607966
35_V0,4,2630.0,0.9470265471820115
35_V0,4,2640.0,0.748765393932348
35_V0,4,2650.0,0.773395988242479
35_V0,4,2660.0,0.7924975387208599
35_V0,4,2670.0,0.8909143200549923
35_V0,4,2680.0,0.8795863981614983
35_V0,4,2690.0,0.7563229360621863
35_V0,4,2700.0,0.6861059683844833
35_V0,4,2710.0,0.730903181505989
35_V0,4,2720.0,0.778383618719634
35_V0,4,2730.0,0.742503703930107
35_V0,4,2740.0,0.6721416622992703
35_V0,4,2750.0,0.6132687110832888
35_V0,4,2760.0,0.5764245247496317
35_V0,4,2770.0,0.613323406425618
35_V0,4,2780.0,0.5533385448225755
35_V0,4,2790.0,0.5420667383579273
35_V0,4,2800.0,0.47656212021725197
35_V0,4,2810.0,0.5088061384501807
35_V0,4,2820.0,0.5416080544127776
35_V0,4,2830.0,0.5152162603864014
35_V0,4,2840.0,0.6303997401257084
35_V0,4,2850.0,0.7608449924955258
35_V0,4,2860.0,0.8182864939666011
35_V0,4,2870.0,0.8302735216167102
35_V0,4,2880.0,0.720962437337935
35_V0,4,2890.0,0.6799119884901643
35_V0,4,2900.0,0.9112486354789873
35_V0,4,2910.0,0.821615301344736
35_V0,4,2920.0,0.690493819291081
35_V0,4,2930.0,0.5656636607193659
35_V0,4,2940.0,0.562363085703889
35_V0,4,2950.0,0.6018393581022651
35_V0,4,2960.0,0.6109430634241253
35_V0,4,2970.0,0.729485945705528
35_V0,4,2980.0,0.7359539609989678
35_V0,4,2990.0,0.6766604312241776
35_V0,4,3000.0,0.6970477668312891
35_V0,4,3010.0,0.679813200850191
35_V0,4,3020.0,0.47983856860221974
35_V0,4,3030.0,0.45854029868008905
35_V0,4,3040.0,0.44213913402526084
35_V0,4,3050.0,0.39760303208384506
35_V0,4,3060.0,0.4276851860751383
35_V0,4,3070.0,0.4261523467095847
35_V0,4,3080.0,0.4169212409079669
35_V0,4,3090.0,0.46397886639066066
35_V0,4,3100.0,0.5132851232794173
35_V0,4,3110.0,0.5401744760409503
35_V0,4,3120.0,0.5193336972093705
35_V0,4,3130.0,0.494352013126348
35_V0,4,3140.0,0.4852905985571031
35_V0,4,3150.0,0.5988915773698414
35_V0,4,3160.0,0.6137334899996751
35_V0,4,3170.0,0.6857281849557181
35_V0,4,3180.0,0.7208495765426696
35_V0,4,3190.0,0.8509175836157058
35_V0,4,3200.0,0.7123855454830839
35_V0,4,3210.0,0.7902803702202755
35_V0,4,3220.0,0.6680877620172126
35_V0,4,3230.0,0.7026002278378047
35_V0,4,3240.0,0.7772591325728065
35_V0,4,3250.0,0.8119157796794788
35_V0,4,3260.0,0.8019868685294331
35_V0,4,3270.0,0.8639555523884478
35_V0,4,3280.0,0.9375410120834226
35_V0,4,3290.0,0.8467954978281643
35_V0,4,3300.0,0.8067376975073635
35_V0,4,3310.0,0.8728831864702848
35_V0,4,3320.0,0.9560162117036926
35_V0,4,3330.0,1.02476246666331
35_V0,4,3340.0,1.150786880419058
35_V0,4,3350.0,1.1112123475907913
35_V0,4,3360.0,1.0095596153068738
35_V0,4,3370.0,0.8792329426373039
35_V0,4,3380.0,0.7729241433751748
35_V0,4,3390.0,0.8606931007436379
35_V0,4,3400.0,0.8188089244996747
35_V0,4,3410.0,0.9689180870831898
35_V0,4,3420.0,1.1506932112482018
35_V0,4,3430.0,0.9996311426897082
35_V0,4,3440.0,1.1566625741603245
35_V0,4,3450.0,0.9555356529264839
35_V0,4,3460.0,1.0261144714832369
35_V0,4,3470.0,0.9502344449136692
35_V0,4,3480.0,0.8840037110089024
35_V0,4,3490.0,0.8611631356928053
35_V0,4,3500.0,0.9461153739099208
35_V0,4,3510.0,0.8984632212631025
35_V0,4,3520.0,0.8558964449952386
35_V0,4,3530.0,0.940935162181861
35_V0,4,3540.0,0.7457037527882089
35_V0,4,3550.0,0.7281706578878313
35_V0,4,3560.0,0.7673435761205053
35_V0,4,3570.0,0.7349431174768207
35_V0,4,3580.0,0.773094892584116
35_V0,4,3590.0,0.7469640715266985
35_V0,4,3600.0,0.6511320738649851
35_V0,4,3610.0,0.6637728945352874
35_V0,4,3620.0,0.6912679123434996
35_V0,4,3630.0,0.694428353556931
35_V0,4,3640.0,0.6921175512859424
35_V0,4,3650.0,0.6910983894824609
35_V0,4,3650.462962962963,0.6907030022681141
35_V1,1,1830.0,2.781544938302418
35_V1,1,1840.0,3.4210714132351128
35_V1,1,1850.0,4.408024155694645
35_V1,1,1860.0,5.736469840770965
35_V1,1,1870.0,7.214281093493244
35_V1,1,1880.0,8.271721933544809
35_V1,1,1890.0,9.899419859306846
35_V1,1,1900.0,11.52374711657553
35_V1,1,1910.0,12.878552126209138
35_V1,1,1920.0,14.213975881726025
35_V1,1,1930.0,15.339521060666598
35_V1,1,1940.0,16.080188911177792
35_V1,1,1950.0,16.667793574502372
35_V1,1,1960.0,17.229891241580926
35_V1,1,1970.0,17.66310072279773
35_V1,1,1980.0,18.128493705681286
35_V1,1,1990.0,18.588362231012155
35_V1,1,2000.0,18.232499148714513
35_V1,1,2010.0,18.242764415128427
35_V1,1,2020.0,17.385194561162933
35_V1,1,2030.0,17.326073492124223
35_V1,1,2040.0,17.02544442080432
35_V1,1,2050.0,16.416769066801997
35_V1,1,2060.0,15.236815165529638
35_V1,1,2070.0,13.537171708896285
35_V1,1,2080.0,11.598266528769496
35_V1,1,2090.0,9.600104777434828
35_V1,1,2100.0,7.785675633496185
35_V1,1,2110.0,6.30210071092352
35_V1,1,2120.0,4.473862870475198
35_V1,1,2130.0,3.798790572012247
35_V1,1,2140.0,2.2955893936301495
35_V1,1,2150.0,1.5728134852348765
35_V1,1,2160.0,1.6001269380114056
35_V1,1,2170.0,1.65764308352048
35_V1,1,2180.0,1.8506962724409395
35_V1,1,2190.0,2.177578184549698
35_V1,1,2200.0,2.6158080733486546
35_V1,1,2210.0,3.057704785539608
35_V1,1,2220.0,4.024429471780514
35_V1,1,2230.0,4.976088523079097
35_V1,1,2240.0,6.187962720418598
35_V1,1,2250.0,7.511890209029879
35_V1,1,2260.0,8.986295161287627
35_V1,1,2270.0,10.312793449784339
35_V1,1,2280.0,11.431981720347345
35_V1,1,2290.0,12.443525916954616
35_V1,1,2300.0,12.86395167311529
35_V1,1,2310.0,14.103069765356057
35_V1,1,2320.0,15.161640046609927
35_V1,1,2330.0,16.008403968207208
35_V1,1,2340.0,16.68713153413086
35_V1,1,2350.0,17.194363188315215
35_V1,1,2360.0,17.487233976618583
35_V1,1,2370.0,17.664118198925447
35_V1,1,2380.0,17.756035911889743
35_V1,1,2390.0,17.624483957323637
35_V1,1,2400.0,17.27665458684338
35_V1,1,2410.0,16.76136528807131
35_V1,1,2420.0,14.919681084128484
35_V1,1,2430.0,13.476154420643843
35_V1,1,2440.0,11.714326620568055
35_V1,1,2450.0,9.381219086200243
35_V1,1,2460.0,7.679851836108109
35_V1,1,2470.0,6.241955920383579
35_V1,1,2480.0,5.072866466479483
35_V1,1,2490.0,3.602179738835994
35_V1,1,2500.0,2.4613625486483968
35_V1,1,2510.0,2.1655384824332464
35_V1,1,2520.0,1.8107716783856833
35_V1,1,2530.0,1.703526435328327
35_V1,1,2540.0,1.7904707541186202
35_V1,1,2550.0,1.9425294334838061
35_V1,1,2560.0,2.2407447258944546
35_V1,1,2570.0,2.6227067864444895
35_V1,1,2580.0,3.327276915889377
35_V1,1,2590.0,4.374418163810051
35_V1,1,2600.0,5.603648403964766
35_V1,1,2610.0,6.954239470786066
35_V1,1,2620.0,8.352822126062218
35_V1,1,2630.0,9.585817136130519
35_V1,1,2640.0,10.57944716651998
35_V1,1,2650.0,11.399054215536298
35_V1,1,2660.0,12.091398076381068
35_V1,1,2670.0,12.67587997515621
35_V1,1,2680.0,13.282238619902728
35_V1,1,2690.0,13.22286204478345
35_V1,1,2700.0,13.596658026524892
35_V1,1,2710.0,13.891063061242622
35_V1,1,2720.0,14.075317035249366
35_V1,1,2730.0,13.340825393780642
35_V1,1,2740.0,13.445365452241276
35_V1,1,2750.0,13.451326961675491
35_V1,1,2760.0,13.363225857668558
35_V1,1,2770.0,13.099849882187645
35_V1,1,2780.0,12.644172844385517
35_V1,1,2790.0,11.124424768441543
35_V1,1,2800.0,9.91732381927628
35_V1,1,2810.0,8.507421953786327
35_V1,1,2820.0,7.070452338107546
35_V1,1,2830.0,5.788537917251376
35_V1,1,2840.0,4.766830958947787
35_V1,1,2850.0,3.5211240557631833
35_V1,1,2860.0,2.793837411542252
35_V1,1,2870.0,1.9607189940936345
35_V1,1,2880.0,1.522974040115968
35_V1,1,2890.0,1.4937669462388774
35_V1,1,2900.0,1.617979595835725
35_V1,1,2910.0,1.7973789115565193
35_V1,1,2920.0,2.076875757591879
35_V1,1,2930.0,2.438048342132312
35_V1,1,2940.0,2.94996797904057
35_V1,1,2950.0,3.6589890658860527
35_V1,1,2960.0,4.757350527342703
35_V1,1,2970.0,5.920236424616055
35_V1,1,2980.0,7.0088674285087915
35_V1,1,2990.0,7.532717770524153
35_V1,1,3000.0,8.613824710848995
35_V1,1,3010.0,9.631371215829942
35_V1,1,3020.0,10.50149975219474
35_V1,1,3030.0,11.289099169530635
35_V1,1,3040.0,11.938440634047115
35_V1,1,3050.0,12.552360471849523
35_V1,1,3060.0,13.208324526875112
35_V1,1,3070.0,13.784047907021877
35_V1,1,3080.0,14.155522995750923
35_V1,1,3090.0,14.467393633510522
35_V1,1,3100.0,14.440174244900504
35_V1,1,3110.0,14.481209911525458
35_V1,1,3120.0,14.433162089502318
35_V1,1,3130.0,14.23653441927973
35_V1,1,3140.0,13.917700323113706
35_V1,1,3150.0,13.143980489248724
35_V1,1,3160.0,11.879675852904697
35_V1,1,3170.0,10.340260129382083
35_V1,1,3180.0,8.68457510505829
35_V1,1,3190.0,7.153850719899036
35_V1,1,3200.0,5.854732407884087
35_V1,1,3210.0,4.7397660304448195
35_V1,1,3220.0,3.561752864846297
35_V1,1,3230.0,2.582027673630643
35_V1,1,3240.0,1.591824619609025
35_V1,1,3250.0,1.4987777868250596
35_V1,1,3260.0,1.588902563903072
35_V1,1,3270.0,1.7497904837110425
35_V1,1,3280.0,1.9661992828097727
35_V1,1,3290.0,2.2477056504455417
35_V1,1,3300.0,2.7215888990891575
35_V1,1,3310.0,3.325933475218111
35_V1,1,3320.0,4.279752771231367
35_V1,1,3330.0,5.608367331243718
35_V1,1,3340.0,7.188595984261539
35_V1,1,3350.0,8.783338047362623
35_V1,1,3360.0,10.201507281126302
35_V1,1,3370.0,11.663858677011914
35_V1,1,3380.0,13.411286163545336
35_V1,1,3390.0,14.527781672083426
35_V1,1,3400.0,15.079266472059047
35_V1,1,3410.0,15.879388672603469
35_V1,1,3420.0,16.35514712132069
35_V1,1,3430.0,16.992986630692645
35_V1,1,3440.0,17.55447416351608
35_V1,1,3450.0,17.898790812651306
35_V1,1,3460.0,18.05594366611869
35_V1,1,3470.0,18.024931428401874
35_V1,1,3480.0,17.8786754391924
35_V1,1,3490.0,17.574398564755036
35_V1,1,3500.0,16.14714498582591
35_V1,1,3510.0,15.618531315774808
35_V1,1,3520.0,14.39013912339397
35_V1,1,3530.0,12.720141210515981
35_V1,1,3540.0,10.796212300374782
35_V1,1,3550.0,8.864262144967133
35_V1,1,3560.0,7.164074527954871
35_V1,1,3570.0,5.79181199948593
35_V1,1,3580.0,4.715564758963848
35_V1,1,3590.0,3.479068079908788
35_V1,1,3600.0,2.394973846951167
35_V1,1,3610.0,1.6982536500737928
35_V1,1,3620.0,1.5767980239484527
35_V1,1,3630.0,1.4369564195236504
35_V1,1,3640.0,1.5868439211858827
35_V1,1,3650.0,1.816155028076782
35_V1,1,3650.462962962963,1.8303463955246628
35_V1,2,1830.0,2.949652186429268
35_V1,2,1840.0,3.432180345866663
35_V1,2,1850.0,4.012541325488702
35_V1,2,1860.0,4.230368231090866
35_V1,2,1870.0,5.052764215623998
35_V1,2,1880.0,5.240917764728402
35_V1,2,1890.0,5.150005839315018
35_V1,2,1900.0,4.410548730182894
35_V1,2,1910.0,4.934258633163035
35_V1,2,1920.0,5.008595157102488
35_V1,2,1930.0,4.801951455501936
35_V1,2,1940.0,5.033315272627868
35_V1,2,1950.0,5.2053908346287505
35_V1,2,1960.0,5.32357000462309
35_V1,2,1970.0,5.41165926064731
35_V1,2,1980.0,4.923423477655943
35_V1,2,1990.0,4.940784762722775
35_V1,2,2000.0,4.955812474295534
35_V1,2,2010.0,5.284235654967436
35_V1,2,2020.0,4.988209483957777
35_V1,2,2030.0,5.1492662850165765
35_V1,2,2040.0,5.183042107938314
35_V1,2,2050.0,5.171397030334056
35_V1,2,2060.0,5.052593730327946
35_V1,2,2070.0,4.812215942062559
35_V1,2,2080.0,4.439556663047182
35_V1,2,2090.0,4.036077216802375
35_V1,2,2100.0,3.633181492475504
35_V1,2,2110.0,2.94659227980304
35_V1,2,2120.0,2.695812847634177
35_V1,2,2130.0,2.392976158797122
35_V1,2,2140.0,2.3770170763570784
35_V1,2,2150.0,2.471617279368922
35_V1,2,2160.0,2.634769997861965
35_V1,2,2170.0,2.7824289251938596
35_V1,2,2180.0,3.1203905974153154
35_V1,2,2190.0,3.5423385222973303
35_V1,2,2200.0,3.9529512278938865
35_V1,2,2210.0,4.762139609729337
35_V1,2,2220.0,5.664379397206153
35_V1,2,2230.0,6.257484048232858
35_V1,2,2240.0,6.702497702733639
35_V1,2,2250.0,6.953985421272947
35_V1,2,2260.0,7.016619937849346
35_V1,2,2270.0,7.229728301995124
35_V1,2,2280.0,7.305352662731741
35_V1,2,2290.0,7.116357955821869
35_V1,2,2300.0,6.707653306788558
35_V1,2,2310.0,6.602818085441579
35_V1,2,2320.0,6.504848544697173
35_V1,2,2330.0,6.291630954701903
35_V1,2,2340.0,6.12604665644884
35_V1,2,2350.0,5.7089954448115465
35_V1,2,2360.0,5.6370770753327495
35_V1,2,2370.0,5.344419633192456
35_V1,2,2380.0,5.319029377072978
35_V1,2,2390.0,5.340606890798137
35_V1,2,2400.0,5.362432652171423
35_V1,2,2410.0,5.385899410957779
35_V1,2,2420.0,5.31137143452784
35_V1,2,2430.0,5.118364675662995
35_V1,2,2440.0,4.745967920077456
35_V1,2,2450.0,4.290032959126641
35_V1,2,2460.0,3.7972564967943945
35_V1,2,2470.0,3.344147156014413
35_V1,2,2480.0,2.9696512585432364
35_V1,2,2490.0,2.6985336153808093
35_V1,2,2500.0,2.2292197492581463
35_V1,2,2510.0,2.0999424926076613
35_V1,2,2520.0,2.0671878582503402
35_V1,2,2530.0,2.1764655672845157
35_V1,2,2540.0,2.414597610943743
35_V1,2,2550.0,2.758704776619448
35_V1,2,2560.0,3.2263270055484305
35_V1,2,2570.0,3.8410019100808617
35_V1,2,2580.0,4.595656357946774
35_V1,2,2590.0,5.432091603598217
35_V1,2,2600.0,6.410826323871573
35_V1,2,2610.0,7.105711653329377
35_V1,2,2620.0,7.3661366761919975
35_V1,2,2630.0,7.712857615979656
35_V1,2,2640.0,7.267790088038831
35_V1,2,2650.0,7.389553317122091
35_V1,2,2660.0,7.515778883374251
35_V1,2,2670.0,7.144301871617411
35_V1,2,2680.0,7.322391041529832
35_V1,2,2690.0,7.341647619929425
35_V1,2,2700.0,6.843445474746531
35_V1,2,2710.0,7.028434036488919
35_V1,2,2720.0,7.052815775143067
35_V1,2,2730.0,7.120293170395601
35_V1,2,2740.0,7.146410375153758
35_V1,2,2750.0,7.057002928842489
35_V1,2,2760.0,6.4983259878082915
35_V1,2,2770.0,6.471555458409322
35_V1,2,2780.0,6.392726073052548
35_V1,2,2790.0,6.129415062860761
35_V1,2,2800.0,5.837585415229747
35_V1,2,2810.0,5.398239414660407
35_V1,2,2820.0,4.586705469731873
35_V1,2,2830.0,3.7099929402606415
35_V1,2,2840.0,3.345548369908711
35_V1,2,2850.0,3.0051951532490606
35_V1,2,2860.0,2.8123316844024795
35_V1,2,2870.0,2.6237129719367958
35_V1,2,2880.0,2.5360032900640435
35_V1,2,2890.0,2.6158523458586753
35_V1,2,2900.0,2.676073193408607
35_V1,2,2910.0,3.003316248695164
35_V1,2,2920.0,3.392300559410915
35_V1,2,2930.0,3.8822023972184327
35_V1,2,2940.0,4.524908105681365
35_V1,2,2950.0,5.2446256549123
35_V1,2,2960.0,5.800303702219224
35_V1,2,2970.0,6.976676337402121
35_V1,2,2980.0,7.440065602464809
35_V1,2,2990.0,7.652639624457253
35_V1,2,3000.0,7.225673741316614
35_V1,2,3010.0,7.6028599637903485
35_V1,2,3020.0,7.786607620333021
35_V1,2,3030.0,7.801402630792943
35_V1,2,3040.0,7.703458679897769
35_V1,2,3050.0,7.174216283228757
35_V1,2,3060.0,7.178246322198483
35_V1,2,3070.0,6.553464292597356
35_V1,2,3080.0,6.662380627311503
35_V1,2,3090.0,5.9258289732346485
35_V1,2,3100.0,5.934329878317575
35_V1,2,3110.0,6.063818743656957
35_V1,2,3120.0,6.161557787962752
35_V1,2,3130.0,6.233049448480899
35_V1,2,3140.0,6.356756495544883
35_V1,2,3150.0,6.313839704136918
35_V1,2,3160.0,5.558050946382572
35_V1,2,3170.0,5.176341790728633
35_V1,2,3180.0,4.674096051024588
35_V1,2,3190.0,4.111549785582558
35_V1,2,3200.0,3.55210928284978
35_V1,2,3210.0,3.138625449327022
35_V1,2,3220.0,2.8660946718407123
35_V1,2,3230.0,2.3839009766789987
35_V1,2,3240.0,2.0909839966865738
35_V1,2,3250.0,1.9795926275024285
35_V1,2,3260.0,2.0080864942507315
35_V1,2,3270.0,2.2365297185430215
35_V1,2,3280.0,2.523421765941634
35_V1,2,3290.0,3.006228005588678
35_V1,2,3300.0,3.5441112590162382
35_V1,2,3310.0,4.140499535638245
35_V1,2,3320.0,4.73083132863915
35_V1,2,3330.0,5.235060974596215
35_V1,2,3340.0,5.526959497734232
35_V1,2,3350.0,5.6265320724067625
35_V1,2,3360.0,5.756071279169328
35_V1,2,3370.0,5.965102175375275
35_V1,2,3380.0,5.865937658134531
35_V1,2,3390.0,5.453725874206943
35_V1,2,3400.0,5.302490597733158
35_V1,2,3410.0,5.505481069202876
35_V1,2,3420.0,5.14707492703007
35_V1,2,3430.0,5.824269606259602
35_V1,2,3440.0,5.739378088326956
35_V1,2,3450.0,5.68416040205491
35_V1,2,3460.0,5.047616088027507
35_V1,2,3470.0,4.755989377857614
35_V1,2,3480.0,4.709739635303746
35_V1,2,3490.0,4.696871847445652
35_V1,2,3500.0,4.651976689447023
35_V1,2,3510.0,5.081990245321164
35_V1,2,3520.0,4.411430507590325
35_V1,2,3530.0,4.2323140580936744
35_V1,2,3540.0,3.5668201808118964
35_V1,2,3550.0,3.2553027060827255
35_V1,2,3560.0,2.933289469907832
35_V1,2,3570.0,2.6181108738134395
35_V1,2,3580.0,2.3774964677786974
35_V1,2,3590.0,2.212790609034996
35_V1,2,3600.0,2.0546134313367532
35_V1,2,3610.0,2.09769880239148
35_V1,2,3620.0,2.065090666232014
35_V1,2,3630.0,2.1940618179390476
35_V1,2,3640.0,2.477109837564209
35_V1,2,3650.0,2.8632056321918897
35_V1,2,3650.462962962963,2.8821753128787364
35_V1,3,1830.0,3.181952094252446
35_V1,3,1840.0,3.4435939125115147
35_V1,3,1850.0,3.4666725922000503
35_V1,3,1860.0,3.5901487068171356
35_V1,3,1870.0,3.7471167557437823
35_V1,3,1880.0,3.4988181714548667
35_V1,3,1890.0,3.147883988237648
35_V1,3,1900.0,2.438192347259639
35_V1,3,1910.0,2.2774877794135464
35_V1,3,1920.0,2.0393877933503473
35_V1,3,1930.0,2.033627502329583
35_V1,3,1940.0,1.9061734722050452
35_V1,3,1950.0,1.8330756813469633
35_V1,3,1960.0,1.731443017187626
35_V1,3,1970.0,1.8480794441531165
35_V1,3,1980.0,1.8788321507961558
35_V1,3,1990.0,1.9030903798917704
35_V1,3,2000.0,1.867277900213061
35_V1,3,2010.0,1.9113145885268858
35_V1,3,2020.0,1.949450048849342
35_V1,3,2030.0,1.9710573795071815
35_V1,3,2040.0,2.022754834577336
35_V1,3,2050.0,2.061061399572152
35_V1,3,2060.0,2.0738840785685464
35_V1,3,2070.0,2.061949940962249
35_V1,3,2080.0,1.8085381743838884
35_V1,3,2090.0,1.7329954048463734
35_V1,3,2100.0,1.6505331779930228
35_V1,3,2110.0,1.5948414891687692
35_V1,3,2120.0,1.558034918368597
35_V1,3,2130.0,1.6626079520386727
35_V1,3,2140.0,1.8024798263536588
35_V1,3,2150.0,2.001531244376295
35_V1,3,2160.0,2.1798559482594126
35_V1,3,2170.0,2.4015402867883044
35_V1,3,2180.0,2.5631194303268865
35_V1,3,2190.0,2.752263962495958
35_V1,3,2200.0,2.9921419708245396
35_V1,3,2210.0,3.052197517097063
35_V1,3,2220.0,3.1184470610833883
35_V1,3,2230.0,3.2257018780642843
35_V1,3,2240.0,3.17921833757857
35_V1,3,2250.0,3.0639211435568177
35_V1,3,2260.0,2.9250602774396297
35_V1,3,2270.0,3.0783774338112506
35_V1,3,2280.0,2.691727208783522
35_V1,3,2290.0,2.4000332046450814
35_V1,3,2300.0,2.25171276694083
35_V1,3,2310.0,1.925156531751312
35_V1,3,2320.0,1.9295742916270107
35_V1,3,2330.0,1.8292644696536964
35_V1,3,2340.0,1.7714812828120672
35_V1,3,2350.0,1.8885649224450896
35_V1,3,2360.0,1.721327807559105
35_V1,3,2370.0,1.767599929482812
35_V1,3,2380.0,1.73527595622456
35_V1,3,2390.0,1.774069614104376
35_V1,3,2400.0,1.7984333785270359
35_V1,3,2410.0,1.9975097232001033
35_V1,3,2420.0,2.0236567409768704
35_V1,3,2430.0,2.312988322566848
35_V1,3,2440.0,1.9791472448308065
35_V1,3,2450.0,1.7267696838042983
35_V1,3,2460.0,1.688670603622646
35_V1,3,2470.0,1.5468170705545357
35_V1,3,2480.0,1.5645255212350435
35_V1,3,2490.0,1.6598300804754191
35_V1,3,2500.0,1.7796033813660876
35_V1,3,2510.0,1.993196688086797
35_V1,3,2520.0,2.083359766089275
35_V1,3,2530.0,2.2063108137349485
35_V1,3,2540.0,2.5004388891150655
35_V1,3,2550.0,2.750523511606553
35_V1,3,2560.0,3.109350518345419
35_V1,3,2570.0,3.442116770147255
35_V1,3,2580.0,3.6214645964447465
35_V1,3,2590.0,3.6114558454848633
35_V1,3,2600.0,3.577146873931119
35_V1,3,2610.0,3.3006092449017332
35_V1,3,2620.0,3.214548026663285
35_V1,3,2630.0,3.0735524953435327
35_V1,3,2640.0,2.9193214428380445
35_V1,3,2650.0,2.495113640135013
35_V1,3,2660.0,2.547362461823524
35_V1,3,2670.0,2.4426922100900135
35_V1,3,2680.0,2.3428516633669725
35_V1,3,2690.0,2.2599640461856767
35_V1,3,2700.0,2.2637260550834686
35_V1,3,2710.0,2.3517833020047587
35_V1,3,2720.0,2.315816310893648
35_V1,3,2730.0,2.296471783755367
35_V1,3,2740.0,2.2590612340792813
35_V1,3,2750.0,2.0252923727129746
35_V1,3,2760.0,1.8601197848473252
35_V1,3,2770.0,1.8532946886844734
35_V1,3,2780.0,1.8658215397890459
35_V1,3,2790.0,1.8524398786697254
35_V1,3,2800.0,1.8590607413993052
35_V1,3,2810.0,1.8640822079677215
35_V1,3,2820.0,1.8614363325030738
35_V1,3,2830.0,1.8211240823234274
35_V1,3,2840.0,1.8226060078907218
35_V1,3,2850.0,1.8062788416560607
35_V1,3,2860.0,1.8218466754093376
35_V1,3,2870.0,1.8347804950036264
35_V1,3,2880.0,1.9459032799292146
35_V1,3,2890.0,2.104080396617264
35_V1,3,2900.0,2.355326163656703
35_V1,3,2910.0,2.647553243415669
35_V1,3,2920.0,2.9268616070034694
35_V1,3,2930.0,3.0545770633999285
35_V1,3,2940.0,3.31325093418465
35_V1,3,2950.0,3.267544121834696
35_V1,3,2960.0,3.2935558446429583
35_V1,3,2970.0,3.0613539437349164
35_V1,3,2980.0,2.8933713403127044
35_V1,3,2990.0,2.5800543622198218
35_V1,3,3000.0,2.3941658253765867
35_V1,3,3010.0,2.055970476923398
35_V1,3,3020.0,2.017055795348803
35_V1,3,3030.0,1.9584789016998798
35_V1,3,3040.0,1.6270928450804747
35_V1,3,3050.0,1.476768332148743
35_V1,3,3060.0,1.3352933630426551
35_V1,3,3070.0,1.536122216848283
35_V1,3,3080.0,1.5332659573644787
35_V1,3,3090.0,1.6070423862012895
35_V1,3,3100.0,1.5389017520188581
35_V1,3,3110.0,1.4005627840187693
35_V1,3,3120.0,1.3133226908972286
35_V1,3,3130.0,1.2623832611928303
35_V1,3,3140.0,1.1693492890569535
35_V1,3,3150.0,1.1785151466044141
35_V1,3,3160.0,1.1852081946907416
35_V1,3,3170.0,1.189105110822383
35_V1,3,3180.0,1.2106186672014752
35_V1,3,3190.0,1.2616353651971073
35_V1,3,3200.0,1.3110720469944543
35_V1,3,3210.0,1.4259410786305176
35_V1,3,3220.0,1.5516991183312279
35_V1,3,3230.0,1.7143896396339973
35_V1,3,3240.0,1.965476435917073
35_V1,3,3250.0,2.1739153292473006
35_V1,3,3260.0,2.3369943879041206
35_V1,3,3270.0,2.627661892939364
35_V1,3,3280.0,2.892548385058662
35_V1,3,3290.0,3.0688311421343917
35_V1,3,3300.0,3.204249404572264
35_V1,3,3310.0,3.360346601858827
35_V1,3,3320.0,3.3311165004485175
35_V1,3,3330.0,3.1769351973146627
35_V1,3,3340.0,3.3920242729341075
35_V1,3,3350.0,3.7753384173728284
35_V1,3,3360.0,3.6529752798737842
35_V1,3,3370.0,3.5157493659805557
35_V1,3,3380.0,3.157419666773952
35_V1,3,3390.0,3.122747429840021
35_V1,3,3400.0,3.011474912569466
35_V1,3,3410.0,2.935024541041424
35_V1,3,3420.0,2.1456746946802694
35_V1,3,3430.0,1.918714287551829
35_V1,3,3440.0,1.8814897673099966
35_V1,3,3450.0,1.8543243528826538
35_V1,3,3460.0,1.8968259573422397
35_V1,3,3470.0,1.9061165083841485
35_V1,3,3480.0,1.715871862071484
35_V1,3,3490.0,1.7078960442732527
35_V1,3,3500.0,1.7055902080617993
35_V1,3,3510.0,1.7890966259903192
35_V1,3,3520.0,1.8319092285530363
35_V1,3,3530.0,2.0193043603320633
35_V1,3,3540.0,1.766092308195344
35_V1,3,3550.0,1.693786780676524
35_V1,3,3560.0,1.613248695025364
35_V1,3,3570.0,1.468586590394173
35_V1,3,3580.0,1.484877841200721
35_V1,3,3590.0,1.5609857648099932
35_V1,3,3600.0,1.6897397016355051
35_V1,3,3610.0,1.9570341992194547
35_V1,3,3620.0,2.229998086350863
35_V1,3,3630.0,2.5251543786171715
35_V1,3,3640.0,2.8169789571613166
35_V1,3,3650.0,3.1097058858219655
35_V1,3,3650.462962962963,3.121690631038287
35_V1,4,1830.0,3.213173619040744
35_V1,4,1840.0,3.266674767033521
35_V1,4,1850.0,3.086629658925154
35_V1,4,1860.0,2.9291291302816473
35_V1,4,1870.0,2.7403551161193205
35_V1,4,1880.0,2.5126138708355503
35_V1,4,1890.0,2.2339404256113236
35_V1,4,1900.0,1.9098184126826934
35_V1,4,1910.0,1.7439987600146796
35_V1,4,1920.0,1.7095011615384348
35_V1,4,1930.0,1.5111222889210771
35_V1,4,1940.0,1.3322820528824764
35_V1,4,1950.0,1.260372323508807
35_V1,4,1960.0,1.0158009110519652
35_V1,4,1970.0,0.9349321220846364
35_V1,4,1980.0,0.8778521849859781
35_V1,4,1990.0,0.7532445529394082
35_V1,4,2000.0,0.6919830902104461
35_V1,4,2010.0,0.7619503205290489
35_V1,4,2020.0,0.6564789372137774
35_V1,4,2030.0,0.6747045134197904
35_V1,4,2040.0,0.7263116179889543
35_V1,4,2050.0,0.5110482013169675
35_V1,4,2060.0,0.513335379747963
35_V1,4,2070.0,0.6085850040565385
35_V1,4,2080.0,0.6080654764070923
35_V1,4,2090.0,0.7528907791072535
35_V1,4,2100.0,0.9152263855913263
35_V1,4,2110.0,0.9681486103309018
35_V1,4,2120.0,1.121211374654902
35_V1,4,2130.0,1.3404071491400804
35_V1,4,2140.0,1.5745357895974168
35_V1,4,2150.0,1.869706380240401
35_V1,4,2160.0,2.162765232454203
35_V1,4,2170.0,2.3949153189830694
35_V1,4,2180.0,2.596196489977458
35_V1,4,2190.0,2.8371243847336887
35_V1,4,2200.0,2.9483369043517405
35_V1,4,2210.0,2.8985877232079993
35_V1,4,2220.0,2.7515599902412857
35_V1,4,2230.0,2.1627691878970503
35_V1,4,2240.0,1.897289904711179
35_V1,4,2250.0,1.2889485530973188
35_V1,4,2260.0,1.117471992759484
35_V1,4,2270.0,1.016038972167122
35_V1,4,2280.0,0.7835117784685859
35_V1,4,2290.0,0.8506968260730456
35_V1,4,2300.0,0.9638774210055134
35_V1,4,2310.0,0.9192262675279503
35_V1,4,2320.0,0.8017248765026996
35_V1,4,2330.0,0.8125189372944067
35_V1,4,2340.0,0.7399590513406669
35_V1,4,2350.0,0.579915030100319
35_V1,4,2360.0,0.5391444295754162
35_V1,4,2370.0,0.5044957820697705
35_V1,4,2380.0,0.5318311671001991
35_V1,4,2390.0,0.6202177825057665
35_V1,4,2400.0,0.6457875743559913
35_V1,4,2410.0,0.6883556557260304
35_V1,4,2420.0,0.7293494362549641
35_V1,4,2430.0,0.7906033848836108
35_V1,4,2440.0,0.8227856665427259
35_V1,4,2450.0,0.9073004772851941
35_V1,4,2460.0,1.0222544454891755
35_V1,4,2470.0,1.1325632580124034
35_V1,4,2480.0,1.2945775156104027
35_V1,4,2490.0,1.488658812602721
35_V1,4,2500.0,1.728763099160394
35_V1,4,2510.0,1.9840224120194219
35_V1,4,2520.0,2.3023014806353177
35_V1,4,2530.0,2.5937106632949902
35_V1,4,2540.0,2.9040101633448576
35_V1,4,2550.0,3.1636919250451134
35_V1,4,2560.0,3.345292052712554
35_V1,4,2570.0,3.475191348489247
35_V1,4,2580.0,3.463160779540021
35_V1,4,2590.0,2.717198693445316
35_V1,4,2600.0,2.113420264254675
35_V1,4,2610.0,1.7355398564152995
35_V1,4,2620.0,1.4867502771748056
35_V1,4,2630.0,1.4437454643826577
35_V1,4,2640.0,1.6435174766841858
35_V1,4,2650.0,1.509158981501171
35_V1,4,2660.0,1.892340482640277
35_V1,4,2670.0,1.4909188984058301
35_V1,4,2680.0,1.4647089456991096
35_V1,4,2690.0,1.3458808869567338
35_V1,4,2700.0,1.5070431540820597
35_V1,4,2710.0,1.3147745116950573
35_V1,4,2720.0,1.4320192154112816
35_V1,4,2730.0,1.328501588361744
35_V1,4,2740.0,1.3359198994898427
35_V1,4,2750.0,1.463689159708802
35_V1,4,2760.0,1.47832247273571
35_V1,4,2770.0,1.560712006125715
35_V1,4,2780.0,1.5586555555004213
35_V1,4,2790.0,1.6886259439390414
35_V1,4,2800.0,1.4104725739555386
35_V1,4,2810.0,1.4005532848319044
35_V1,4,2820.0,1.3102596730316365
35_V1,4,2830.0,1.3600674893038434
35_V1,4,2840.0,1.3503022338295099
35_V1,4,2850.0,1.476163008820306
35_V1,4,2860.0,1.6301876789561884
35_V1,4,2870.0,1.8616921603279213
35_V1,4,2880.0,2.1106019348103624
35_V1,4,2890.0,2.3872418623813467
35_V1,4,2900.0,2.6555684987636363
35_V1,4,2910.0,2.906043511163085
35_V1,4,2920.0,3.097822059052376
35_V1,4,2930.0,3.221690787160328
35_V1,4,2940.0,3.175833759104121
35_V1,4,2950.0,2.969144924195166
35_V1,4,2960.0,2.739001665120676
35_V1,4,2970.0,2.515701320747538
35_V1,4,2980.0,2.3397601921721067
35_V1,4,2990.0,2.1717135850592295
35_V1,4,3000.0,2.0393710831545664
35_V1,4,3010.0,1.846626116996956
35_V1,4,3020.0,1.6087438208118037
35_V1,4,3030.0,1.5033421200184458
35_V1,4,3040.0,1.579452684150151
35_V1,4,3050.0,1.5300777578419573
35_V1,4,3060.0,1.4678351436416484
35_V1,4,3070.0,1.3691354559814688
35_V1,4,3080.0,1.4767139653958892
35_V1,4,3090.0,1.2582636371977465
35_V1,4,3100.0,1.2057348202324958
35_V1,4,3110.0,1.112157414429602
35_V1,4,3120.0,1.0529029427681622
35_V1,4,3130.0,0.949469049303045
35_V1,4,3140.0,0.8865059909504368
35_V1,4,3150.0,0.937473797932775
35_V1,4,3160.0,1.0927988656918386
35_V1,4,3170.0,1.1247506824563211
35_V1,4,3180.0,1.0270910815620353
35_V1,4,3190.0,1.0366723624267966
35_V1,4,3200.0,1.0581179010672597
35_V1,4,3210.0,1.1276205856067847
35_V1,4,3220.0,1.28019816838306
35_V1,4,3230.0,1.4527185894031716
35_V1,4,3240.0,1.6852251182184594
35_V1,4,3250.0,2.1266679559249684
35_V1,4,3260.0,2.4797141729758763
35_V1,4,3270.0,2.806381793486183
35_V1,4,3280.0,3.0326521512552516
35_V1,4,3290.0,3.2624639996484874
35_V1,4,3300.0,3.3996379663851677
35_V1,4,3310.0,3.340768404938543
35_V1,4,3320.0,3.2049509790603494
35_V1,4,3330.0,3.025842846837967
35_V1,4,3340.0,2.338108795408929
35_V1,4,3350.0,2.1280909445926253
35_V1,4,3360.0,1.9248720790912586
35_V1,4,3370.0,1.709789079272225
35_V1,4,3380.0,1.684645918651857
35_V1,4,3390.0,1.5178604270900828
35_V1,4,3400.0,1.2500573125108592
35_V1,4,3410.0,1.1699930126033034
35_V1,4,3420.0,1.165177241705559
35_V1,4,3430.0,1.1631635271675511
35_V1,4,3440.0,1.1167807156135763
35_V1,4,3450.0,1.0440083363878716
35_V1,4,3460.0,1.0772356121659699
35_V1,4,3470.0,1.1044727693349299
35_V1,4,3480.0,1.1564104769326047
35_V1,4,3490.0,1.2121180968518208
35_V1,4,3500.0,1.2341066817954558
35_V1,4,3510.0,1.34880143717112
35_V1,4,3520.0,1.4837963572776232
35_V1,4,3530.0,1.5817943163888168
35_V1,4,3540.0,1.6689822939301557
35_V1,4,3550.0,1.6820664214978536
35_V1,4,3560.0,1.7068325443528862
35_V1,4,3570.0,1.7704195778276197
35_V1,4,3580.0,1.883729211097131
35_V1,4,3590.0,2.0495654469758047
35_V1,4,3600.0,2.259508417795719
35_V1,4,3610.0,2.568274963250764
35_V1,4,3620.0,2.8943752352921
35_V1,4,3630.0,3.216843064513436
35_V1,4,3640.0,3.537481299635334
35_V1,4,3650.0,3.697216411551797
35_V1,4,3650.462962962963,3.7072147824772124
35_V2,1,1830.0,9.077026792958003
35_V2,1,1840.0,9.453347767903397
35_V2,1,1850.0,9.989748035056426
35_V2,1,1860.0,10.622344082079582
35_V2,1,1870.0,10.647869935803076
35_V2,1,1880.0,11.302443941144798
35_V2,1,1890.0,11.74960583231892
35_V2,1,1900.0,11.62859965635189
35_V2,1,1910.0,12.212863388740027
35_V2,1,1920.0,12.88180238198521
35_V2,1,1930.0,13.519575997624575
35_V2,1,1940.0,13.413762023297664
35_V2,1,1950.0,13.778115187659173
35_V2,1,1960.0,14.19118858268931
35_V2,1,1970.0,14.096891700443383
35_V2,1,1980.0,14.122358325876586
35_V2,1,1990.0,14.334780423776575
35_V2,1,2000.0,13.931234199568006
35_V2,1,2010.0,13.726692155571726
35_V2,1,2020.0,13.913307594973123
35_V2,1,2030.0,14.045345563146222
35_V2,1,2040.0,13.957876660171507
35_V2,1,2050.0,13.378957264423192
35_V2,1,2060.0,13.16096344698668
35_V2,1,2070.0,12.387297224655015
35_V2,1,2080.0,12.555847086270685
35_V2,1,2090.0,12.177767084820184
35_V2,1,2100.0,10.439054536655474
35_V2,1,2110.0,10.821809947830653
35_V2,1,2120.0,10.481174276394375
35_V2,1,2130.0,10.128478610696373
35_V2,1,2140.0,9.38815482162634
35_V2,1,2150.0,10.608298601093198
35_V2,1,2160.0,9.99043796313612
35_V2,1,2170.0,9.34823537009731
35_V2,1,2180.0,10.407992222905765
35_V2,1,2190.0,10.797495247976723
35_V2,1,2200.0,10.922385079104428
35_V2,1,2210.0,11.685208289328104
35_V2,1,2220.0,12.297004846897192
35_V2,1,2230.0,12.96001898108496
35_V2,1,2240.0,13.747983974590777
35_V2,1,2250.0,14.194063547216118
35_V2,1,2260.0,14.64942406354319
35_V2,1,2270.0,14.79707073446078
35_V2,1,2280.0,14.473394000169781
35_V2,1,2290.0,14.700014609395277
35_V2,1,2300.0,15.128605963730752
35_V2,1,2310.0,14.657147487500902
35_V2,1,2320.0,14.751321665627284
35_V2,1,2330.0,15.192018559923971
35_V2,1,2340.0,15.649331024891714
35_V2,1,2350.0,15.711468438882903
35_V2,1,2360.0,15.86092981651604
35_V2,1,2370.0,14.324324740466793
35_V2,1,2380.0,14.945691757910145
35_V2,1,2390.0,15.079451529683121
35_V2,1,2400.0,14.798010589753947
35_V2,1,2410.0,14.916169541085452
35_V2,1,2420.0,14.845278244824021
35_V2,1,2430.0,14.983878353247992
35_V2,1,2440.0,14.585290562969027
35_V2,1,2450.0,13.587082884363776
35_V2,1,2460.0,14.660778977066666
35_V2,1,2470.0,13.561249709005157
35_V2,1,2480.0,12.757680533285319
35_V2,1,2490.0,12.862898185526296
35_V2,1,2500.0,13.29288497217012
35_V2,1,2510.0,12.680055038669915
35_V2,1,2520.0,11.801109292733301
35_V2,1,2530.0,13.030574504783738
35_V2,1,2540.0,12.272645099455225
35_V2,1,2550.0,12.069722343763718
35_V2,1,2560.0,12.871262149679154
35_V2,1,2570.0,13.349949967896269
35_V2,1,2580.0,13.19133854758204
35_V2,1,2590.0,13.849875460220023
35_V2,1,2600.0,14.474337310331913
35_V2,1,2610.0,15.0232581515094
35_V2,1,2620.0,15.560687144400742
35_V2,1,2630.0,15.690342777339051
35_V2,1,2640.0,15.178945035687352
35_V2,1,2650.0,14.944927239592555
35_V2,1,2660.0,15.73008064852041
35_V2,1,2670.0,15.569544552806027
35_V2,1,2680.0,14.83465893189305
35_V2,1,2690.0,15.485776610714954
35_V2,1,2700.0,15.529822477568171
35_V2,1,2710.0,15.265122194372989
35_V2,1,2720.0,15.77470696371807
35_V2,1,2730.0,16.20945067697732
35_V2,1,2740.0,15.906396970169501
35_V2,1,2750.0,15.449248508000476
35_V2,1,2760.0,15.081692441694923
35_V2,1,2770.0,14.275876142088894
35_V2,1,2780.0,14.332953996033392
35_V2,1,2790.0,14.14704384525831
35_V2,1,2800.0,13.377249578346015
35_V2,1,2810.0,14.245693979856503
35_V2,1,2820.0,13.301470931572652
35_V2,1,2830.0,12.403704628694472
35_V2,1,2840.0,13.451894638011122
35_V2,1,2850.0,12.94451852809884
35_V2,1,2860.0,11.606498854155678
35_V2,1,2870.0,10.826377003081848
35_V2,1,2880.0,11.414777704443093
35_V2,1,2890.0,10.972570585573246
35_V2,1,2900.0,10.09243438670116
35_V2,1,2910.0,10.576162836763743
35_V2,1,2920.0,10.979591361068746
35_V2,1,2930.0,10.842123629937506
35_V2,1,2940.0,11.671833077006562
35_V2,1,2950.0,11.752698256136767
35_V2,1,2960.0,12.346536099834335
35_V2,1,2970.0,13.01652309206472
35_V2,1,2980.0,13.247067586198199
35_V2,1,2990.0,13.630438884462853
35_V2,1,3000.0,13.861898031580091
35_V2,1,3010.0,14.418768382686384
35_V2,1,3020.0,14.65826594082379
35_V2,1,3030.0,14.379019863220652
35_V2,1,3040.0,14.491993830304523
35_V2,1,3050.0,14.493602916534925
35_V2,1,3060.0,14.863541205910952
35_V2,1,3070.0,15.506125754592105
35_V2,1,3080.0,15.807080110785737
35_V2,1,3090.0,15.881836702682648
35_V2,1,3100.0,16.367474135353852
35_V2,1,3110.0,16.490387495068184
35_V2,1,3120.0,15.940431409430166
35_V2,1,3130.0,16.224234064423683
35_V2,1,3140.0,16.400831288247183
35_V2,1,3150.0,15.94585736765876
35_V2,1,3160.0,16.173484561562653
35_V2,1,3170.0,15.791620816227288
35_V2,1,3180.0,14.707287634446299
35_V2,1,3190.0,15.87416087108743
35_V2,1,3200.0,14.338809175050809
35_V2,1,3210.0,13.301308691817464
35_V2,1,3220.0,13.819588089336415
35_V2,1,3230.0,13.487648125699883
35_V2,1,3240.0,12.87426959318572
35_V2,1,3250.0,12.195711526874522
35_V2,1,3260.0,13.844047384058829
35_V2,1,3270.0,13.842487621088694
35_V2,1,3280.0,13.48499213160385
35_V2,1,3290.0,14.368767606620299
35_V2,1,3300.0,14.832062870815744
35_V2,1,3310.0,15.337080221544971
35_V2,1,3320.0,15.578381810795321
35_V2,1,3330.0,15.974840506132779
35_V2,1,3340.0,16.001620784706475
35_V2,1,3350.0,16.79045800238012
35_V2,1,3360.0,17.10293399441094
35_V2,1,3370.0,16.45372815075923
35_V2,1,3380.0,16.983278443501835
35_V2,1,3390.0,17.588713986668587
35_V2,1,3400.0,17.48053856868193
35_V2,1,3410.0,17.887299232513346
35_V2,1,3420.0,18.22871524212396
35_V2,1,3430.0,18.04858240932781
35_V2,1,3440.0,18.161367520038564
35_V2,1,3450.0,18.389444366960117
35_V2,1,3460.0,18.83874783016824
35_V2,1,3470.0,18.49926715601997
35_V2,1,3480.0,18.499689861910948
35_V2,1,3490.0,18.541140287535235
35_V2,1,3500.0,18.425891153901805
35_V2,1,3510.0,18.00179890432945
35_V2,1,3520.0,17.83858485156788
35_V2,1,3530.0,16.504082603253202
35_V2,1,3540.0,17.384802228855683
35_V2,1,3550.0,16.46424274268596
35_V2,1,3560.0,14.771964523740667
35_V2,1,3570.0,14.348330419791244
35_V2,1,3580.0,13.924606357431154
35_V2,1,3590.0,12.31009653094516
35_V2,1,3600.0,10.55032078187132
35_V2,1,3610.0,11.468020975695023
35_V2,1,3620.0,11.729226602790586
35_V2,1,3630.0,11.612391972516535
35_V2,1,3640.0,13.30008626360355
35_V2,1,3650.0,13.751670756052457
35_V2,1,3650.462962962963,13.816403192968787
35_V2,2,1830.0,3.828770965567634
35_V2,2,1840.0,3.9448207352331637
35_V2,2,1850.0,3.862905912300332
35_V2,2,1860.0,3.960306832606066
35_V2,2,1870.0,4.031064416167069
35_V2,2,1880.0,3.932514931580858
35_V2,2,1890.0,3.9495676570764937
35_V2,2,1900.0,4.259938389126361
35_V2,2,1910.0,3.7915943729285253
35_V2,2,1920.0,3.779197848004396
35_V2,2,1930.0,3.897529145840026
35_V2,2,1940.0,3.880307699158778
35_V2,2,1950.0,3.934062019566709
35_V2,2,1960.0,3.982299244373486
35_V2,2,1970.0,3.979597795133742
35_V2,2,1980.0,4.411814080212813
35_V2,2,1990.0,4.004779555716342
35_V2,2,2000.0,4.08506440848007
35_V2,2,2010.0,4.0700175332209
35_V2,2,2020.0,3.8276612288142458
35_V2,2,2030.0,3.809366885505008
35_V2,2,2040.0,3.7196378971802617
35_V2,2,2050.0,3.7108279468646272
35_V2,2,2060.0,3.6660156007401654
35_V2,2,2070.0,3.4504821761054254
35_V2,2,2080.0,3.700354380258972
35_V2,2,2090.0,3.6976117628938647
35_V2,2,2100.0,3.50315185041623
35_V2,2,2110.0,3.527274601283527
35_V2,2,2120.0,3.1936772265657227
35_V2,2,2130.0,2.9148822014466935
35_V2,2,2140.0,2.6180464251827402
35_V2,2,2150.0,3.19373021702362
35_V2,2,2160.0,2.979990290497239
35_V2,2,2170.0,2.610160316674741
35_V2,2,2180.0,2.796061011655616
35_V2,2,2190.0,2.9783348526747866
35_V2,2,2200.0,2.869494602281907
35_V2,2,2210.0,2.9916068656596964
35_V2,2,2220.0,2.879004497466762
35_V2,2,2230.0,2.890981485578572
35_V2,2,2240.0,2.9605986999923495
35_V2,2,2250.0,2.971477328787234
35_V2,2,2260.0,3.0524939806411937
35_V2,2,2270.0,2.861771753779408
35_V2,2,2280.0,2.8908749640987255
35_V2,2,2290.0,2.8511060795920455
35_V2,2,2300.0,2.7524688611540067
35_V2,2,2310.0,2.8195861662241715
35_V2,2,2320.0,2.710953659044023
35_V2,2,2330.0,2.7945825917205127
35_V2,2,2340.0,2.8929769361432798
35_V2,2,2350.0,3.0118459656788388
35_V2,2,2360.0,3.094004418744613
35_V2,2,2370.0,3.3642773408380884
35_V2,2,2380.0,3.7454103498395015
35_V2,2,2390.0,3.5827515709932007
35_V2,2,2400.0,3.7543239441607836
35_V2,2,2410.0,3.9442352419870588
35_V2,2,2420.0,4.077683398439712
35_V2,2,2430.0,3.956869964579141
35_V2,2,2440.0,3.8817849994445055
35_V2,2,2450.0,3.6351721348857757
35_V2,2,2460.0,3.859453698752765
35_V2,2,2470.0,3.867870049734789
35_V2,2,2480.0,3.799561098262603
35_V2,2,2490.0,3.973995294657256
35_V2,2,2500.0,4.29344318475222
35_V2,2,2510.0,4.218553369968838
35_V2,2,2520.0,3.863828749847548
35_V2,2,2530.0,4.575680856210998
35_V2,2,2540.0,4.629178785297393
35_V2,2,2550.0,4.385238190059075
35_V2,2,2560.0,4.801069149098651
35_V2,2,2570.0,4.8633255872264325
35_V2,2,2580.0,4.981473353033162
35_V2,2,2590.0,5.144417639823706
35_V2,2,2600.0,5.2856543800330895
35_V2,2,2610.0,5.396345333779438
35_V2,2,2620.0,5.476515612792992
35_V2,2,2630.0,5.489172744932915
35_V2,2,2640.0,5.601552588568936
35_V2,2,2650.0,5.786222016025936
35_V2,2,2660.0,5.754491523101439
35_V2,2,2670.0,5.724773625634029
35_V2,2,2680.0,5.83522273387374
35_V2,2,2690.0,5.994051914220633
35_V2,2,2700.0,5.773676036110627
35_V2,2,2710.0,5.736538725084515
35_V2,2,2720.0,5.856921080658298
35_V2,2,2730.0,6.037192082248455
35_V2,2,2740.0,5.948926385193423
35_V2,2,2750.0,5.996648384078329
35_V2,2,2760.0,5.757848406498905
35_V2,2,2770.0,5.92932169911578
35_V2,2,2780.0,6.0826694358585796
35_V2,2,2790.0,6.09928369466445
35_V2,2,2800.0,5.80799786400516
35_V2,2,2810.0,6.171877817026877
35_V2,2,2820.0,6.023675251294193
35_V2,2,2830.0,5.646223696280868
35_V2,2,2840.0,5.477402968749473
35_V2,2,2850.0,5.57256789617613
35_V2,2,2860.0,4.9825565029514
35_V2,2,2870.0,4.410111320225991
35_V2,2,2880.0,5.540478991442225
35_V2,2,2890.0,5.659349531301551
35_V2,2,2900.0,5.1198463754598516
35_V2,2,2910.0,5.809993882173579
35_V2,2,2920.0,5.928117585307773
35_V2,2,2930.0,5.8983959068442005
35_V2,2,2940.0,6.2718101151938335
35_V2,2,2950.0,6.209613494036359
35_V2,2,2960.0,6.2756419215929995
35_V2,2,2970.0,6.394263927343327
35_V2,2,2980.0,6.378247562040208
35_V2,2,2990.0,6.4023814313011345
35_V2,2,3000.0,6.159055685070825
35_V2,2,3010.0,6.395087094272433
35_V2,2,3020.0,6.275477729880178
35_V2,2,3030.0,6.009559024056849
35_V2,2,3040.0,6.095431659049774
35_V2,2,3050.0,6.059350026513533
35_V2,2,3060.0,5.73439508399071
35_V2,2,3070.0,5.512171175537672
35_V2,2,3080.0,5.4200769012879375
35_V2,2,3090.0,5.0483454470515605
35_V2,2,3100.0,5.001379100879533
35_V2,2,3110.0,5.060599800127154
35_V2,2,3120.0,4.996935742778572
35_V2,2,3130.0,4.996925685082429
35_V2,2,3140.0,4.893187276752505
35_V2,2,3150.0,4.597243717090173
35_V2,2,3160.0,4.523130043814191
35_V2,2,3170.0,4.47331848303193
35_V2,2,3180.0,3.859316554257127
35_V2,2,3190.0,3.7800931453142264
35_V2,2,3200.0,4.1147785526007885
35_V2,2,3210.0,3.984026690999411
35_V2,2,3220.0,3.6165018345587074
35_V2,2,3230.0,3.9772642476279763
35_V2,2,3240.0,3.6750203463983837
35_V2,2,3250.0,3.47563298410566
35_V2,2,3260.0,3.588946181891016
35_V2,2,3270.0,3.380612442229209
35_V2,2,3280.0,2.914488598562295
35_V2,2,3290.0,3.084863020235643
35_V2,2,3300.0,2.9515591886305375
35_V2,2,3310.0,2.997944212701492
35_V2,2,3320.0,2.7267599164568788
35_V2,2,3330.0,3.1066864459928016
35_V2,2,3340.0,3.026024707657782
35_V2,2,3350.0,3.121975568360431
35_V2,2,3360.0,3.105654256613719
35_V2,2,3370.0,3.00132386757984
35_V2,2,3380.0,3.052503509401708
35_V2,2,3390.0,3.0883352355313054
35_V2,2,3400.0,3.1976096063996913
35_V2,2,3410.0,3.3057349274868173
35_V2,2,3420.0,3.436577184090466
35_V2,2,3430.0,3.1342705322568523
35_V2,2,3440.0,3.074939310828465
35_V2,2,3450.0,2.8022388389116992
35_V2,2,3460.0,2.849778067993928
35_V2,2,3470.0,2.7877151906877407
35_V2,2,3480.0,2.8613323936740067
35_V2,2,3490.0,2.9199032365690565
35_V2,2,3500.0,2.9731564993607433
35_V2,2,3510.0,2.9722810457551354
35_V2,2,3520.0,3.0336926555077577
35_V2,2,3530.0,2.8451908591087816
35_V2,2,3540.0,3.053867043587508
35_V2,2,3550.0,3.0442002302764317
35_V2,2,3560.0,2.913723003240624
35_V2,2,3570.0,2.8880778436773857
35_V2,2,3580.0,3.2777598967007293
35_V2,2,3590.0,3.363660021845507
35_V2,2,3600.0,3.217815397303325
35_V2,2,3610.0,4.222709489125971
35_V2,2,3620.0,4.322394695923774
35_V2,2,3630.0,3.852043080485339
35_V2,2,3640.0,4.262062000411973
35_V2,2,3650.0,3.9826124221957038
35_V2,2,3650.462962962963,3.9919951499398243
35_V2,3,1830.0,3.395257411784475
35_V2,3,1840.0,3.546701023399316
35_V2,3,1850.0,3.5396523879557207
35_V2,3,1860.0,3.4259940129490536
35_V2,3,1870.0,3.382962400263987
35_V2,3,1880.0,3.283372124968325
35_V2,3,1890.0,3.730729559965385
35_V2,3,1900.0,3.532869756563011
35_V2,3,1910.0,3.5438888773251986
35_V2,3,1920.0,2.994544966732727
35_V2,3,1930.0,3.1312575560513203
35_V2,3,1940.0,3.117394218739644
35_V2,3,1950.0,3.47376798381031
35_V2,3,1960.0,3.5263455718361416
35_V2,3,1970.0,3.510218575871386
35_V2,3,1980.0,3.490210234505595
35_V2,3,1990.0,3.4923146359392607
35_V2,3,2000.0,3.7197997015707
35_V2,3,2010.0,3.680867461042955
35_V2,3,2020.0,3.7367866728442047
35_V2,3,2030.0,3.8140222895614433
35_V2,3,2040.0,3.384290752811206
35_V2,3,2050.0,3.1486019921289223
35_V2,3,2060.0,2.9966199092047328
35_V2,3,2070.0,3.232440039885234
35_V2,3,2080.0,3.4503516800854492
35_V2,3,2090.0,3.2236153723516323
35_V2,3,2100.0,3.1861648373027394
35_V2,3,2110.0,3.6415797721493623
35_V2,3,2120.0,3.6178589924716147
35_V2,3,2130.0,3.4810918447138497
35_V2,3,2140.0,3.0960895007315723
35_V2,3,2150.0,3.174968093343848
35_V2,3,2160.0,3.160707562150397
35_V2,3,2170.0,3.116443621499479
35_V2,3,2180.0,3.109673178693046
35_V2,3,2190.0,3.0848841811571814
35_V2,3,2200.0,3.071117499536907
35_V2,3,2210.0,3.169339676206227
35_V2,3,2220.0,3.1014908748490297
35_V2,3,2230.0,2.8556445800851087
35_V2,3,2240.0,2.839733486911638
35_V2,3,2250.0,2.7955489873062773
35_V2,3,2260.0,2.457024683988613
35_V2,3,2270.0,2.40242802638237
35_V2,3,2280.0,2.446554753341869
35_V2,3,2290.0,2.431887338982701
35_V2,3,2300.0,2.3824256370485055
35_V2,3,2310.0,2.3974754457829386
35_V2,3,2320.0,2.50972408550743
35_V2,3,2330.0,2.51056264221869
35_V2,3,2340.0,2.4500611134091215
35_V2,3,2350.0,2.242360264115737
35_V2,3,2360.0,2.1382394408124674
35_V2,3,2370.0,2.069158468982647
35_V2,3,2380.0,1.8854981711884555
35_V2,3,2390.0,1.8130227423587004
35_V2,3,2400.0,1.8090596833887542
35_V2,3,2410.0,1.6451457261396012
35_V2,3,2420.0,1.4804399471745977
35_V2,3,2430.0,1.5236707271905099
35_V2,3,2440.0,1.6062330886703027
35_V2,3,2450.0,1.7536633801215116
35_V2,3,2460.0,1.9305426207222633
35_V2,3,2470.0,1.8842197795991606
35_V2,3,2480.0,1.9384536582147602
35_V2,3,2490.0,2.018826214386237
35_V2,3,2500.0,2.1425224813006642
35_V2,3,2510.0,1.8235548720528834
35_V2,3,2520.0,1.616462359286483
35_V2,3,2530.0,1.8411133310533963
35_V2,3,2540.0,2.125124499467704
35_V2,3,2550.0,2.1507067739390435
35_V2,3,2560.0,2.2477849459912242
35_V2,3,2570.0,2.197358378020943
35_V2,3,2580.0,2.2070982055640007
35_V2,3,2590.0,2.2191333930054187
35_V2,3,2600.0,2.184610067471748
35_V2,3,2610.0,1.8379076755542192
35_V2,3,2620.0,1.6091576201919988
35_V2,3,2630.0,1.7933779995490424
35_V2,3,2640.0,1.7847364163354484
35_V2,3,2650.0,1.617689862783108
35_V2,3,2660.0,1.548774961178535
35_V2,3,2670.0,1.4407723865195874
35_V2,3,2680.0,1.242987668694524
35_V2,3,2690.0,1.1861134061281275
35_V2,3,2700.0,1.1432625783959982
35_V2,3,2710.0,1.17011460948027
35_V2,3,2720.0,1.1398679790962114
35_V2,3,2730.0,1.1641481098100466
35_V2,3,2740.0,1.1836051079542547
35_V2,3,2750.0,1.1965944087204616
35_V2,3,2760.0,1.2503624768599548
35_V2,3,2770.0,1.4502434710403302
35_V2,3,2780.0,1.540227527862175
35_V2,3,2790.0,1.4091861250047553
35_V2,3,2800.0,1.3691804489007535
35_V2,3,2810.0,1.3781243066613433
35_V2,3,2820.0,1.4641210070452253
35_V2,3,2830.0,1.3175808562767728
35_V2,3,2840.0,1.4155803428487388
35_V2,3,2850.0,1.4668482445658464
35_V2,3,2860.0,1.0997157174429142
35_V2,3,2870.0,1.1237473934250672
35_V2,3,2880.0,1.2688580777722325
35_V2,3,2890.0,1.3882771072256148
35_V2,3,2900.0,1.367164884598202
35_V2,3,2910.0,1.5966811593801717
35_V2,3,2920.0,1.8678998074676336
35_V2,3,2930.0,1.7018230031297978
35_V2,3,2940.0,1.6662503218154248
35_V2,3,2950.0,1.641666116955268
35_V2,3,2960.0,1.504456841061689
35_V2,3,2970.0,1.442717274084922
35_V2,3,2980.0,1.5991769129536342
35_V2,3,2990.0,1.5433165936383935
35_V2,3,3000.0,1.092176593246085
35_V2,3,3010.0,1.304433472188467
35_V2,3,3020.0,1.2022414480460877
35_V2,3,3030.0,1.1874195062374133
35_V2,3,3040.0,1.4219304093123326
35_V2,3,3050.0,1.3200503792746419
35_V2,3,3060.0,1.3254728354406697
35_V2,3,3070.0,1.2997289198486177
35_V2,3,3080.0,1.2669828337495521
35_V2,3,3090.0,1.2284151090110744
35_V2,3,3100.0,1.2368824298454422
35_V2,3,3110.0,1.2119693220241703
35_V2,3,3120.0,1.1830519489774791
35_V2,3,3130.0,1.2617380080307903
35_V2,3,3140.0,1.3220201249853898
35_V2,3,3150.0,1.3244303311356775
35_V2,3,3160.0,1.2257367050541854
35_V2,3,3170.0,1.279386625873657
35_V2,3,3180.0,1.2135041250560339
35_V2,3,3190.0,1.3181316229586912
35_V2,3,3200.0,1.3828334140251508
35_V2,3,3210.0,1.361262749816319
35_V2,3,3220.0,1.3410932862599099
35_V2,3,3230.0,1.4417363561214638
35_V2,3,3240.0,1.4560332631700814
35_V2,3,3250.0,1.3574316687798695
35_V2,3,3260.0,1.5567595012890922
35_V2,3,3270.0,1.6583545121066021
35_V2,3,3280.0,1.6547303285708668
35_V2,3,3290.0,1.714690284901479
35_V2,3,3300.0,1.7107434213336397
35_V2,3,3310.0,1.6253018389730376
35_V2,3,3320.0,1.5911531817060987
35_V2,3,3330.0,1.5463411915467367
35_V2,3,3340.0,1.5914944389644374
35_V2,3,3350.0,1.5526865839848412
35_V2,3,3360.0,1.6653720443739997
35_V2,3,3370.0,1.4685646372173016
35_V2,3,3380.0,1.6562691104965686
35_V2,3,3390.0,1.639502354799281
35_V2,3,3400.0,1.5120910793432278
35_V2,3,3410.0,1.4401001361623937
35_V2,3,3420.0,1.3814086118856546
35_V2,3,3430.0,1.5271550810703807
35_V2,3,3440.0,1.5057422483776493
35_V2,3,3450.0,1.396979101398967
35_V2,3,3460.0,1.4056489024986838
35_V2,3,3470.0,1.2814484006990512
35_V2,3,3480.0,1.2928721712550693
35_V2,3,3490.0,1.2760634504140052
35_V2,3,3500.0,1.2843577921491263
35_V2,3,3510.0,1.3002132297070252
35_V2,3,3520.0,1.3114692974982658
35_V2,3,3530.0,1.2792819944413245
35_V2,3,3540.0,1.3836251902228565
35_V2,3,3550.0,1.3678320856284212
35_V2,3,3560.0,1.2287195741459849
35_V2,3,3570.0,1.5852843045390732
35_V2,3,3580.0,1.2876206195519972
35_V2,3,3590.0,1.2304670362710506
35_V2,3,3600.0,1.232487248926312
35_V2,3,3610.0,1.4495112068376679
35_V2,3,3620.0,1.3854737391310419
35_V2,3,3630.0,1.2003938897317354
35_V2,3,3640.0,1.2346047971532224
35_V2,3,3650.0,1.2857560625162319
35_V2,3,3650.462962962963,1.2859141617016183
35_V2,4,1830.0,1.484342392377999
35_V2,4,1840.0,1.5560264413980238
35_V2,4,1850.0,1.4293693122276774
35_V2,4,1860.0,1.4088793062742782
35_V2,4,1870.0,1.399996526401052
35_V2,4,1880.0,1.322896750858328
35_V2,4,1890.0,1.1685906099544328
35_V2,4,1900.0,0.8982522595055984
35_V2,4,1910.0,0.8391137380405007
35_V2,4,1920.0,0.7559555009305686
35_V2,4,1930.0,0.6667184804588336
35_V2,4,1940.0,0.4784512373106563
35_V2,4,1950.0,0.46506740366763955
35_V2,4,1960.0,0.4738143034126906
35_V2,4,1970.0,0.4781657656332842
35_V2,4,1980.0,0.46067475065411473
35_V2,4,1990.0,0.49689418348224634
35_V2,4,2000.0,0.5023033251797188
35_V2,4,2010.0,0.4862807629845786
35_V2,4,2020.0,0.5726750177351694
35_V2,4,2030.0,0.6209908288314976
35_V2,4,2040.0,0.668579675546317
35_V2,4,2050.0,0.6820184834109918
35_V2,4,2060.0,0.7130374908034406
35_V2,4,2070.0,0.7165186731515223
35_V2,4,2080.0,0.7720066566842825
35_V2,4,2090.0,0.8312606660060678
35_V2,4,2100.0,0.8243404100511713
35_V2,4,2110.0,0.9270245426189792
35_V2,4,2120.0,1.040562063727368
35_V2,4,2130.0,1.115962790015448
35_V2,4,2140.0,1.0859957023619353
35_V2,4,2150.0,1.328442949158001
35_V2,4,2160.0,1.3085014302643792
35_V2,4,2170.0,1.278805631185588
35_V2,4,2180.0,1.4133096240676324
35_V2,4,2190.0,1.437138811881959
35_V2,4,2200.0,1.365362216993492
35_V2,4,2210.0,1.256264260991251
35_V2,4,2220.0,1.1629011339730257
35_V2,4,2230.0,0.9857903739007409
35_V2,4,2240.0,0.8858830528891944
35_V2,4,2250.0,0.8634110697032688
35_V2,4,2260.0,0.8362496218520956
35_V2,4,2270.0,0.811483935363977
35_V2,4,2280.0,0.9135419929325496
35_V2,4,2290.0,0.8985715637140239
35_V2,4,2300.0,0.900029559652568
35_V2,4,2310.0,0.933164047943468
35_V2,4,2320.0,1.026238353422539
35_V2,4,2330.0,0.9436201416945175
35_V2,4,2340.0,0.9059902909252168
35_V2,4,2350.0,0.9641051210730707
35_V2,4,2360.0,0.9159916897169519
35_V2,4,2370.0,0.9104033218846193
35_V2,4,2380.0,0.8730641742949596
35_V2,4,2390.0,0.8508894628349577
35_V2,4,2400.0,0.8565272577752597
35_V2,4,2410.0,0.837143454088404
35_V2,4,2420.0,0.7557561659903329
35_V2,4,2430.0,0.7435633657300895
35_V2,4,2440.0,0.7463216931466052
35_V2,4,2450.0,0.700984430753915
35_V2,4,2460.0,0.7121754532783496
35_V2,4,2470.0,0.8003254379967398
35_V2,4,2480.0,0.7161331957079234
35_V2,4,2490.0,0.80021927533018
35_V2,4,2500.0,0.7832385244091538
35_V2,4,2510.0,0.795261259701366
35_V2,4,2520.0,0.6036678414206916
35_V2,4,2530.0,0.5348372227509405
35_V2,4,2540.0,0.5827445728349715
35_V2,4,2550.0,0.5307309880453321
35_V2,4,2560.0,0.5812256505799983
35_V2,4,2570.0,0.5649024541212257
35_V2,4,2580.0,0.5649153818494154
35_V2,4,2590.0,0.5239952962802089
35_V2,4,2600.0,0.49894266588225494
35_V2,4,2610.0,0.4715570016016108
35_V2,4,2620.0,0.5438849102179809
35_V2,4,2630.0,0.5262253081559355
35_V2,4,2640.0,0.5154100851422966
35_V2,4,2650.0,0.5100785605268563
35_V2,4,2660.0,0.5178209995280532
35_V2,4,2670.0,0.49435136817680436
35_V2,4,2680.0,0.5221438266509184
35_V2,4,2690.0,0.616616014053188
35_V2,4,2700.0,0.5632682115497848
35_V2,4,2710.0,0.5778841143745533
35_V2,4,2720.0,0.5121224647421667
35_V2,4,2730.0,0.5188377182961983
35_V2,4,2740.0,0.48460344139198647
35_V2,4,2750.0,0.4730988185589381
35_V2,4,2760.0,0.5049596828475785
35_V2,4,2770.0,0.5101633479132495
35_V2,4,2780.0,0.5729897499836734
35_V2,4,2790.0,0.5095884312102118
35_V2,4,2800.0,0.6048467883285805
35_V2,4,2810.0,0.6483694746687251
35_V2,4,2820.0,0.6794145403609796
35_V2,4,2830.0,0.6776444174558722
35_V2,4,2840.0,0.7211270816018601
35_V2,4,2850.0,0.7231662362011687
35_V2,4,2860.0,0.7771179975089658
35_V2,4,2870.0,0.8442667521580184
35_V2,4,2880.0,1.0217765667055771
35_V2,4,2890.0,0.917761428489104
35_V2,4,2900.0,0.9393862493286992
35_V2,4,2910.0,1.0340992531624735
35_V2,4,2920.0,1.1795309117713413
35_V2,4,2930.0,1.098083677973803
35_V2,4,2940.0,0.8442897799083655
35_V2,4,2950.0,0.7795395885308564
35_V2,4,2960.0,0.7148156153192036
35_V2,4,2970.0,0.7146418453340281
35_V2,4,2980.0,0.6338685762062638
35_V2,4,2990.0,0.6200711507060036
35_V2,4,3000.0,0.5703741814963158
35_V2,4,3010.0,0.7199659921148654
35_V2,4,3020.0,0.6965451123960787
35_V2,4,3030.0,0.5881969460361403
35_V2,4,3040.0,0.5798600537967137
35_V2,4,3050.0,0.4643476237925375
35_V2,4,3060.0,0.5047045454655315
35_V2,4,3070.0,0.5457438700723769
35_V2,4,3080.0,0.5767516086592613
35_V2,4,3090.0,0.5844720249102581
35_V2,4,3100.0,0.5929106586173902
35_V2,4,3110.0,0.6440704305542433
35_V2,4,3120.0,0.5586446310957478
35_V2,4,3130.0,0.5458904010734009
35_V2,4,3140.0,0.5629091401616175
35_V2,4,3150.0,0.5662098939970606
35_V2,4,3160.0,0.6489757532635141
35_V2,4,3170.0,0.6637741783701955
35_V2,4,3180.0,0.624735143753745
35_V2,4,3190.0,0.7100869002378009
35_V2,4,3200.0,0.7846913972192731
35_V2,4,3210.0,0.8278401002168726
35_V2,4,3220.0,0.8221740589413367
35_V2,4,3230.0,0.8246857413291531
35_V2,4,3240.0,0.8319061844976993
35_V2,4,3250.0,0.7843779733524062
35_V2,4,3260.0,0.8252372197157498
35_V2,4,3270.0,0.8393424666369722
35_V2,4,3280.0,0.7797870051650453
35_V2,4,3290.0,0.7384703043887481
35_V2,4,3300.0,0.6849631268599017
35_V2,4,3310.0,0.7721430015887997
35_V2,4,3320.0,0.6806800956296111
35_V2,4,3330.0,0.5129162491925754
35_V2,4,3340.0,0.5170938325028065
35_V2,4,3350.0,0.5417700140298983
35_V2,4,3360.0,0.4993316978657559
35_V2,4,3370.0,0.45699543860661923
35_V2,4,3380.0,0.5372426838233902
35_V2,4,3390.0,0.5317513044742468
35_V2,4,3400.0,0.4818114993941181
35_V2,4,3410.0,0.45246181067627966
35_V2,4,3420.0,0.4966593307217846
35_V2,4,3430.0,0.5114870984786021
35_V2,4,3440.0,0.443696326270157
35_V2,4,3450.0,0.43906340301825275
35_V2,4,3460.0,0.442545143485958
35_V2,4,3470.0,0.499246326114535
35_V2,4,3480.0,0.5709373410347838
35_V2,4,3490.0,0.5774928821191401
35_V2,4,3500.0,0.5223552502735285
35_V2,4,3510.0,0.4482722412033692
35_V2,4,3520.0,0.5071718627078388
35_V2,4,3530.0,0.4994841109106849
35_V2,4,3540.0,0.6265885425212409
35_V2,4,3550.0,0.7123211327398842
35_V2,4,3560.0,0.7340439197435594
35_V2,4,3570.0,0.6301302347740402
35_V2,4,3580.0,0.7850787039280939
35_V2,4,3590.0,0.7677028163083334
35_V2,4,3600.0,0.6911324649117465
35_V2,4,3610.0,0.8314992112335149
35_V2,4,3620.0,0.8033766716753963
35_V2,4,3630.0,0.712646518829888
35_V2,4,3640.0,0.6646322954909503
35_V2,4,3650.0,0.6283870400837259
35_V2,4,3650.462962962963,0.6245462608397371
70_V0,1,1830.0,2.761140579656935
70_V0,1,1840.0,2.7261694954064994
70_V0,1,1850.0,2.755051143727557
70_V0,1,1860.0,2.7588374511239535
70_V0,1,1870.0,2.7129211221988045
70_V0,1,1880.0,2.6897994118893767
70_V0,1,1890.0,2.639788684326832
70_V0,1,1900.0,2.578100004766458
70_V0,1,1910.0,2.5048883965180315
70_V0,1,1920.0,2.528909472967922
70_V0,1,1930.0,2.572294273568297
70_V0,1,1940.0,2.570991436346242
70_V0,1,1950.0,2.5824351865115722
70_V0,1,1960.0,2.534625295109646
70_V0,1,1970.0,2.537374375669712
70_V0,1,1980.0,2.525902825215894
70_V0,1,1990.0,2.473062466999201
70_V0,1,2000.0,2.4563163970133375
70_V0,1,2010.0,2.4025883656196734
70_V0,1,2020.0,2.2529472513253506
70_V0,1,2030.0,2.2432144503377764
70_V0,1,2040.0,2.24254888033204
70_V0,1,2050.0,2.209764421445274
70_V0,1,2060.0,2.16482055441442
70_V0,1,2070.0,2.1497748997752355
70_V0,1,2080.0,2.1713059239371963
70_V0,1,2090.0,2.1473266146547187
70_V0,1,2100.0,2.0966281596212935
70_V0,1,2110.0,2.1041615106574927
70_V0,1,2120.0,2.146640236412477
70_V0,1,2130.0,2.069756686957981
70_V0,1,2140.0,2.0069027476271173
70_V0,1,2150.0,2.0726305468487154
70_V0,1,2160.0,2.0173841043854197
70_V0,1,2170.0,2.007107507672378
70_V0,1,2180.0,2.0182568010800654
70_V0,1,2190.0,2.0223911222694197
70_V0,1,2200.0,1.9761024899420505
70_V0,1,2210.0,1.9850196839348686
70_V0,1,2220.0,2.0299174215988502
70_V0,1,2230.0,1.9365518084979807
70_V0,1,2240.0,1.9213884678249702
70_V0,1,2250.0,1.9344851525565296
70_V0,1,2260.0,1.9625748390711515
70_V0,1,2270.0,1.8062857499216676
70_V0,1,2280.0,1.813598390233479
70_V0,1,2290.0,1.8154652343589501
70_V0,1,2300.0,1.8422429564901488
70_V0,1,2310.0,1.8660379147386603
70_V0,1,2320.0,1.8769781189122967
70_V0,1,2330.0,1.7821850596050883
70_V0,1,2340.0,1.7382564192104275
70_V0,1,2350.0,1.757638472355002
70_V0,1,2360.0,1.7732458192714737
70_V0,1,2370.0,1.7530982522834653
70_V0,1,2380.0,1.6412932723660965
70_V0,1,2390.0,1.6755185361455145
70_V0,1,2400.0,1.719256208390623
70_V0,1,2410.0,1.6267942208748671
70_V0,1,2420.0,1.663888671718008
70_V0,1,2430.0,1.6947523433209397
70_V0,1,2440.0,1.7361822164794085
70_V0,1,2450.0,1.7093987585544634
70_V0,1,2460.0,1.7526011434069466
70_V0,1,2470.0,1.7774610860753408
70_V0,1,2480.0,1.7471070285728687
70_V0,1,2490.0,1.6732321313791902
70_V0,1,2500.0,1.7075842527104812
70_V0,1,2510.0,1.7189408873912242
70_V0,1,2520.0,1.7703014151713259
70_V0,1,2530.0,1.7839453127524714
70_V0,1,2540.0,1.8275959874180707
70_V0,1,2550.0,1.8866074524056042
70_V0,1,2560.0,1.7551787108898478
70_V0,1,2570.0,1.7674608377689183
70_V0,1,2580.0,1.7926363838550354
70_V0,1,2590.0,1.790763140316102
70_V0,1,2600.0,1.8191718169445352
70_V0,1,2610.0,1.8005229443121393
70_V0,1,2620.0,1.8395077852854107
70_V0,1,2630.0,1.8626934537635385
70_V0,1,2640.0,1.8111389918829115
70_V0,1,2650.0,1.87392590032946
70_V0,1,2660.0,1.8445428053404869
70_V0,1,2670.0,1.8333199549970889
70_V0,1,2680.0,1.8713578166120821
70_V0,1,2690.0,1.8458641659984736
70_V0,1,2700.0,1.9120006296578456
70_V0,1,2710.0,1.9594107628872703
70_V0,1,2720.0,2.002423678880798
70_V0,1,2730.0,2.0284884915337282
70_V0,1,2740.0,2.0286984855267347
70_V0,1,2750.0,2.022882369490964
70_V0,1,2760.0,2.000426651665123
70_V0,1,2770.0,2.0229843987912206
70_V0,1,2780.0,1.9874638938978264
70_V0,1,2790.0,2.0272310295807783
70_V0,1,2800.0,2.0052756712917743
70_V0,1,2810.0,2.028673947011813
70_V0,1,2820.0,2.0648446748153813
70_V0,1,2830.0,2.1040078225672545
70_V0,1,2840.0,2.109264293428245
70_V0,1,2850.0,2.2367250025511494
70_V0,1,2860.0,2.35574657634646
70_V0,1,2870.0,2.438373894355254
70_V0,1,2880.0,2.4707163609310223
70_V0,1,2890.0,2.517549923776919
70_V0,1,2900.0,2.5592628820667795
70_V0,1,2910.0,2.5668933646647214
70_V0,1,2920.0,2.5361227639099253
70_V0,1,2930.0,2.5415643922989055
70_V0,1,2940.0,2.4450836018472293
70_V0,1,2950.0,2.4997700732568524
70_V0,1,2960.0,2.5252852562696484
70_V0,1,2970.0,2.4584000109886173
70_V0,1,2980.0,2.393400783778177
70_V0,1,2990.0,2.4244115547282563
70_V0,1,3000.0,2.4237121633765617
70_V0,1,3010.0,2.4268008723091428
70_V0,1,3020.0,2.468206701878362
70_V0,1,3030.0,2.3457505378990846
70_V0,1,3040.0,2.3013001962287585
70_V0,1,3050.0,2.2602837232748305
70_V0,1,3060.0,2.285996661292501
70_V0,1,3070.0,2.2754398724410825
70_V0,1,3080.0,2.1224396897452857
70_V0,1,3090.0,2.1045632973958854
70_V0,1,3100.0,2.1068111507943024
70_V0,1,3110.0,2.049939214635752
70_V0,1,3120.0,2.1045421607854378
70_V0,1,3130.0,2.1548239963753297
70_V0,1,3140.0,2.161728049781852
70_V0,1,3150.0,2.0681566269561973
70_V0,1,3160.0,2.105010712586919
70_V0,1,3170.0,2.128356043651375
70_V0,1,3180.0,2.0973512024723266
70_V0,1,3190.0,2.121933438100923
70_V0,1,3200.0,2.1190122235218567
70_V0,1,3210.0,2.1278046191550724
70_V0,1,3220.0,2.1581815949055625
70_V0,1,3230.0,2.1331446618196175
70_V0,1,3240.0,2.0767230709942117
70_V0,1,3250.0,2.129505352852261
70_V0,1,3260.0,2.1556275969325127
70_V0,1,3270.0,2.042687956889547
70_V0,1,3280.0,2.0560450701211073
70_V0,1,3290.0,1.9340542798037466
70_V0,1,3300.0,1.9763748773942154
70_V0,1,3310.0,2.018969594258257
70_V0,1,3320.0,1.9946846748307994
70_V0,1,3330.0,2.0469237066088835
70_V0,1,3340.0,2.0228676116799846
70_V0,1,3350.0,2.0849106344823545
70_V0,1,3360.0,2.0858764453958045
70_V0,1,3370.0,2.156110406366555
70_V0,1,3380.0,2.1580347145201415
70_V0,1,3390.0,2.179699384977977
70_V0,1,3400.0,2.157015401545714
70_V0,1,3410.0,2.191996932300696
70_V0,1,3420.0,2.1535956443810482
70_V0,1,3430.0,2.2038279215088785
70_V0,1,3440.0,2.2724802208608206
70_V0,1,3450.0,2.2882022369529693
70_V0,1,3460.0,2.255802465607196
70_V0,1,3470.0,2.32134866640361
70_V0,1,3480.0,2.296579692357703
70_V0,1,3490.0,2.2937577080991973
70_V0,1,3500.0,2.3300023013533577
70_V0,1,3510.0,2.3375810905618324
70_V0,1,3520.0,2.384254268581917
70_V0,1,3530.0,2.4342494869629063
70_V0,1,3540.0,2.4819547244879616
70_V0,1,3550.0,2.534926928714461
70_V0,1,3560.0,2.4931539727895284
70_V0,1,3570.0,2.523380078782603
70_V0,1,3580.0,2.5654139401137384
70_V0,1,3590.0,2.6250753228769987
70_V0,1,3600.0,2.6353139123085225
70_V0,1,3610.0,2.62824442822495
70_V0,1,3620.0,2.592972739387088
70_V0,1,3630.0,2.6127932344480884
70_V0,1,3640.0,2.5695997071537993
70_V0,1,3650.0,2.5637422961478658
70_V0,1,3650.462962962963,2.5650183749178317
70_V0,2,1830.0,3.048222435450666
70_V0,2,1840.0,3.12187210935497
70_V0,2,1850.0,3.145213015662878
70_V0,2,1860.0,3.1445710804379585
70_V0,2,1870.0,3.1203278801434133
70_V0,2,1880.0,3.1029975592639465
70_V0,2,1890.0,3.055154460497417
70_V0,2,1900.0,3.1351675750604895
70_V0,2,1910.0,3.2223546397332954
70_V0,2,1920.0,3.237513468250279
70_V0,2,1930.0,3.2068955402082104
70_V0,2,1940.0,3.0471977321963823
70_V0,2,1950.0,3.055751100859461
70_V0,2,1960.0,3.0456269609065005
70_V0,2,1970.0,3.0376827695186073
70_V0,2,1980.0,2.9255579204590196
70_V0,2,1990.0,2.9371329823551244
70_V0,2,2000.0,2.9579432532333363
70_V0,2,2010.0,2.8928135423369237
70_V0,2,2020.0,2.8782892401167937
70_V0,2,2030.0,2.8847128669224404
70_V0,2,2040.0,2.734213826841962
70_V0,2,2050.0,2.70451625051118
70_V0,2,2060.0,2.7369683726276017
70_V0,2,2070.0,2.7229409237503606
70_V0,2,2080.0,2.6111582824648334
70_V0,2,2090.0,2.615700944616273
70_V0,2,2100.0,2.6626741100416726
70_V0,2,2110.0,2.697764116633506
70_V0,2,2120.0,2.765327198584634
70_V0,2,2130.0,2.7728940026040556
70_V0,2,2140.0,2.8681761165989306
70_V0,2,2150.0,2.911032149960742
70_V0,2,2160.0,2.9121350346060724
70_V0,2,2170.0,2.83517188737206
70_V0,2,2180.0,2.8432790266097423
70_V0,2,2190.0,2.8119112296017343
70_V0,2,2200.0,2.819843201020112
70_V0,2,2210.0,2.796934163881336
70_V0,2,2220.0,2.732241813866685
70_V0,2,2230.0,2.772551267591818
70_V0,2,2240.0,2.8028537004433387
70_V0,2,2250.0,2.8465470944838573
70_V0,2,2260.0,2.702267617293033
70_V0,2,2270.0,2.747861112746063
70_V0,2,2280.0,2.670021640296272
70_V0,2,2290.0,2.7199466048984258
70_V0,2,2300.0,2.5471472256081618
70_V0,2,2310.0,2.5624436829901938
70_V0,2,2320.0,2.5500670417890836
70_V0,2,2330.0,2.5391635691209924
70_V0,2,2340.0,2.422124004859443
70_V0,2,2350.0,2.2685587849641795
70_V0,2,2360.0,2.273713183541914
70_V0,2,2370.0,2.316787132781883
70_V0,2,2380.0,2.3573888736407858
70_V0,2,2390.0,2.3210728939074516
70_V0,2,2400.0,2.2748640346163898
70_V0,2,2410.0,2.2922060882626423
70_V0,2,2420.0,2.3128452013680945
70_V0,2,2430.0,2.2964821279763132
70_V0,2,2440.0,2.238726855534434
70_V0,2,2450.0,2.226348380949646
70_V0,2,2460.0,2.207287929496979
70_V0,2,2470.0,2.139746747426279
70_V0,2,2480.0,2.069008838933633
70_V0,2,2490.0,2.0726355795692255
70_V0,2,2500.0,2.0782375102919177
70_V0,2,2510.0,2.088498654278344
70_V0,2,2520.0,2.079884286661991
70_V0,2,2530.0,2.086686758803249
70_V0,2,2540.0,2.0328032465330885
70_V0,2,2550.0,2.005639727120825
70_V0,2,2560.0,1.9654499621397328
70_V0,2,2570.0,1.9785489036897732
70_V0,2,2580.0,1.9117045738402485
70_V0,2,2590.0,1.8623441273608439
70_V0,2,2600.0,1.8697688784055686
70_V0,2,2610.0,1.684099999710663
70_V0,2,2620.0,1.689847245998065
70_V0,2,2630.0,1.63137393302975
70_V0,2,2640.0,1.6131177865662258
70_V0,2,2650.0,1.641670615129892
70_V0,2,2660.0,1.6558687839693236
70_V0,2,2670.0,1.542129255841107
70_V0,2,2680.0,1.5729480183890385
70_V0,2,2690.0,1.5786356106940878
70_V0,2,2700.0,1.6059269508434906
70_V0,2,2710.0,1.6357365965293194
70_V0,2,2720.0,1.6504523522427657
70_V0,2,2730.0,1.5999146559158128
70_V0,2,2740.0,1.7477935973607728
70_V0,2,2750.0,1.5981999400517133
70_V0,2,2760.0,1.6293795930352357
70_V0,2,2770.0,1.6838126989562912
70_V0,2,2780.0,1.7375592757323883
70_V0,2,2790.0,1.7889735341877475
70_V0,2,2800.0,1.728839072593804
70_V0,2,2810.0,1.7287218392093475
70_V0,2,2820.0,1.683357562608516
70_V0,2,2830.0,1.686478570948522
70_V0,2,2840.0,1.7031180492716504
70_V0,2,2850.0,1.7556699982749957
70_V0,2,2860.0,1.7630371647304746
70_V0,2,2870.0,1.8470858266100603
70_V0,2,2880.0,1.8842361448923053
70_V0,2,2890.0,1.9428664187463458
70_V0,2,2900.0,1.9474128031165852
70_V0,2,2910.0,1.9890779253794566
70_V0,2,2920.0,2.033889054289503
70_V0,2,2930.0,2.0698229649619373
70_V0,2,2940.0,2.0553331586877372
70_V0,2,2950.0,2.096143056331692
70_V0,2,2960.0,2.035357186990573
70_V0,2,2970.0,2.072607114396206
70_V0,2,2980.0,2.03320125189592
70_V0,2,2990.0,2.078377489315185
70_V0,2,3000.0,2.1291448821158445
70_V0,2,3010.0,2.131234894435784
70_V0,2,3020.0,2.1739592514983928
70_V0,2,3030.0,2.205139951556723
70_V0,2,3040.0,2.2350454600911127
70_V0,2,3050.0,2.2291567887103083
70_V0,2,3060.0,2.232270275324265
70_V0,2,3070.0,2.269983004465529
70_V0,2,3080.0,2.272193269979529
70_V0,2,3090.0,2.2439891579337408
70_V0,2,3100.0,2.262808847721408
70_V0,2,3110.0,2.2893875099918715
70_V0,2,3120.0,2.2970593258588528
70_V0,2,3130.0,2.369676188850884
70_V0,2,3140.0,2.424716690900122
70_V0,2,3150.0,2.4576752212891964
70_V0,2,3160.0,2.4702348128569174
70_V0,2,3170.0,2.4645615586510137
70_V0,2,3180.0,2.4721787394667563
70_V0,2,3190.0,2.347557897006376
70_V0,2,3200.0,2.2589502163073316
70_V0,2,3210.0,2.3097917380503334
70_V0,2,3220.0,2.2539045515685663
70_V0,2,3230.0,2.269271762679177
70_V0,2,3240.0,2.228028821885883
70_V0,2,3250.0,2.1770433357829573
70_V0,2,3260.0,2.2101362611037083
70_V0,2,3270.0,2.153001071059312
70_V0,2,3280.0,2.114011441811841
70_V0,2,3290.0,2.160247881295906
70_V0,2,3300.0,2.184786437305994
70_V0,2,3310.0,2.219143792288513
70_V0,2,3320.0,2.222161444042368
70_V0,2,3330.0,2.2941480326288985
70_V0,2,3340.0,2.2739893696528712
70_V0,2,3350.0,2.3245631653122785
70_V0,2,3360.0,2.3056896317812714
70_V0,2,3370.0,2.26157928848985
70_V0,2,3380.0,2.2924828874058254
70_V0,2,3390.0,2.28550673485743
70_V0,2,3400.0,2.164568562640978
70_V0,2,3410.0,2.134606639068955
70_V0,2,3420.0,2.185341762573275
70_V0,2,3430.0,2.2442956932299767
70_V0,2,3440.0,2.280086752728077
70_V0,2,3450.0,2.3044894045104476
70_V0,2,3460.0,2.2541120686332854
70_V0,2,3470.0,2.2203917513869604
70_V0,2,3480.0,2.28336259533954
70_V0,2,3490.0,2.3290882515118736
70_V0,2,3500.0,2.2902991824883974
70_V0,2,3510.0,2.2941790816331933
70_V0,2,3520.0,2.3532879189899103
70_V0,2,3530.0,2.3454730257732512
70_V0,2,3540.0,2.318166011233108
70_V0,2,3550.0,2.3063712348516807
70_V0,2,3560.0,2.3478769819565293
70_V0,2,3570.0,2.3004154574518756
70_V0,2,3580.0,2.297066364471014
70_V0,2,3590.0,2.259991960089251
70_V0,2,3600.0,2.27704452636498
70_V0,2,3610.0,2.229735064744419
70_V0,2,3620.0,2.2402845480236584
70_V0,2,3630.0,2.25952717483181
70_V0,2,3640.0,2.2072072383800045
70_V0,2,3650.0,2.2023324345602395
70_V0,2,3650.462962962963,2.2033415633682565
70_V0,3,1830.0,2.154997709184967
70_V0,3,1840.0,2.184652256903915
70_V0,3,1850.0,2.182993209680989
70_V0,3,1860.0,2.2366163973871713
70_V0,3,1870.0,2.2501356110250432
70_V0,3,1880.0,2.3051199280675196
70_V0,3,1890.0,2.3059123369981123
70_V0,3,1900.0,2.325207492531058
70_V0,3,1910.0,2.2965268517166466
70_V0,3,1920.0,2.2997190796485185
70_V0,3,1930.0,2.355068734095182
70_V0,3,1940.0,2.4216864993698333
70_V0,3,1950.0,2.4000383588014356
70_V0,3,1960.0,2.4538231919414484
70_V0,3,1970.0,2.457443001674973
70_V0,3,1980.0,2.489187874997172
70_V0,3,1990.0,2.441709096301396
70_V0,3,2000.0,2.3217414007081385
70_V0,3,2010.0,2.356337833448852
70_V0,3,2020.0,2.4294620672299714
70_V0,3,2030.0,2.447776134507602
70_V0,3,2040.0,2.494680750159696
70_V0,3,2050.0,2.5024493012228337
70_V0,3,2060.0,2.587764226633836
70_V0,3,2070.0,2.632693799102602
70_V0,3,2080.0,2.6744607848256434
70_V0,3,2090.0,2.7150664937146995
70_V0,3,2100.0,2.714641353263178
70_V0,3,2110.0,2.6962584123652147
70_V0,3,2120.0,2.7496011843020445
70_V0,3,2130.0,2.739862546651478
70_V0,3,2140.0,2.785466597006314
70_V0,3,2150.0,2.688797111906127
70_V0,3,2160.0,2.7118295874830243
70_V0,3,2170.0,2.6360369865271
70_V0,3,2180.0,2.546969108778177
70_V0,3,2190.0,2.5774326254386843
70_V0,3,2200.0,2.6338508161350322
70_V0,3,2210.0,2.5708319991886324
70_V0,3,2220.0,2.631550149008257
70_V0,3,2230.0,2.685515234442568
70_V0,3,2240.0,2.67178907303436
70_V0,3,2250.0,2.5944098593415434
70_V0,3,2260.0,2.5865005221311614
70_V0,3,2270.0,2.58026864827872
70_V0,3,2280.0,2.6674783083954154
70_V0,3,2290.0,2.7225924497509575
70_V0,3,2300.0,2.743314067189817
70_V0,3,2310.0,2.792243379361274
70_V0,3,2320.0,2.7771132774066483
70_V0,3,2330.0,2.820765074965696
70_V0,3,2340.0,2.882367079639524
70_V0,3,2350.0,2.841557355927291
70_V0,3,2360.0,2.9367348486519895
70_V0,3,2370.0,2.9154779436737575
70_V0,3,2380.0,2.8710195603650215
70_V0,3,2390.0,2.92284539533463
70_V0,3,2400.0,2.844560435702406
70_V0,3,2410.0,2.9118255328709353
70_V0,3,2420.0,2.909980696030558
70_V0,3,2430.0,2.9402873776671212
70_V0,3,2440.0,2.9295203648777974
70_V0,3,2450.0,2.8927965840180985
70_V0,3,2460.0,2.936309232586101
70_V0,3,2470.0,3.0106485619902292
70_V0,3,2480.0,3.1443027579700775
70_V0,3,2490.0,3.174347488376504
70_V0,3,2500.0,3.2490365544301527
70_V0,3,2510.0,3.22029790822912
70_V0,3,2520.0,3.2806125314234613
70_V0,3,2530.0,3.3366078434367905
70_V0,3,2540.0,3.3350253104796197
70_V0,3,2550.0,3.327885639130636
70_V0,3,2560.0,3.310088756443295
70_V0,3,2570.0,3.259821142563834
70_V0,3,2580.0,3.3579757741599736
70_V0,3,2590.0,3.362118080459799
70_V0,3,2600.0,3.2444641777178616
70_V0,3,2610.0,3.332733869648338
70_V0,3,2620.0,3.464098808957676
70_V0,3,2630.0,3.4934664401491644
70_V0,3,2640.0,3.5798737637747458
70_V0,3,2650.0,3.655439270630778
70_V0,3,2660.0,3.6547494208018185
70_V0,3,2670.0,3.586084476974218
70_V0,3,2680.0,3.637839090237258
70_V0,3,2690.0,3.7123207230311324
70_V0,3,2700.0,3.701635911480743
70_V0,3,2710.0,3.6512802262147006
70_V0,3,2720.0,3.683188290964986
70_V0,3,2730.0,3.685040063326805
70_V0,3,2740.0,3.7256873912614616
70_V0,3,2750.0,3.7494778520333996
70_V0,3,2760.0,3.648062802570531
70_V0,3,2770.0,3.695146036183478
70_V0,3,2780.0,3.7097786833161566
70_V0,3,2790.0,3.7314199781052984
70_V0,3,2800.0,3.7606133954888668
70_V0,3,2810.0,3.760637302952462
70_V0,3,2820.0,3.7940743609324286
70_V0,3,2830.0,3.7627731822342376
70_V0,3,2840.0,3.668947427464879
70_V0,3,2850.0,3.5205076793769576
70_V0,3,2860.0,3.498132889722575
70_V0,3,2870.0,3.499515786069787
70_V0,3,2880.0,3.5427652520975954
70_V0,3,2890.0,3.3891323153137263
70_V0,3,2900.0,3.350784038034777
70_V0,3,2910.0,3.344977542179975
70_V0,3,2920.0,3.2684131594671717
70_V0,3,2930.0,3.3290472422451614
70_V0,3,2940.0,3.208006514103656
70_V0,3,2950.0,3.1428205132201423
70_V0,3,2960.0,3.1605544318108274
70_V0,3,2970.0,3.034568021365755
70_V0,3,2980.0,2.9855129840639503
70_V0,3,2990.0,2.9892912133645844
70_V0,3,3000.0,2.770218523618478
70_V0,3,3010.0,2.747731732514638
70_V0,3,3020.0,2.710565295324497
70_V0,3,3030.0,2.754826844009315
70_V0,3,3040.0,2.775954224580757
70_V0,3,3050.0,2.701944761082612
70_V0,3,3060.0,2.747376113260144
70_V0,3,3070.0,2.7692313408487985
70_V0,3,3080.0,2.740084106519216
70_V0,3,3090.0,2.8305306469629827
70_V0,3,3100.0,2.8688817389401717
70_V0,3,3110.0,2.9166682693464523
70_V0,3,3120.0,2.9004726096383324
70_V0,3,3130.0,2.8136467916464856
70_V0,3,3140.0,2.7709936696822317
70_V0,3,3150.0,2.7883938789437597
70_V0,3,3160.0,2.7137410470163026
70_V0,3,3170.0,2.727689810953002
70_V0,3,3180.0,2.7394578614476375
70_V0,3,3190.0,2.6409557569252238
70_V0,3,3200.0,2.6266413597952445
70_V0,3,3210.0,2.5597363615230906
70_V0,3,3220.0,2.4948046504765946
70_V0,3,3230.0,2.5348739665785844
70_V0,3,3240.0,2.4253904130558226
70_V0,3,3250.0,2.516898626102629
70_V0,3,3260.0,2.604174334838638
70_V0,3,3270.0,2.623824070733336
70_V0,3,3280.0,2.724258658438081
70_V0,3,3290.0,2.6850516235624804
70_V0,3,3300.0,2.7221477844049717
70_V0,3,3310.0,2.6980678279797714
70_V0,3,3320.0,2.6720339523192242
70_V0,3,3330.0,2.664903786396432
70_V0,3,3340.0,2.6755968002404282
70_V0,3,3350.0,2.5796553566732743
70_V0,3,3360.0,2.633240878921144
70_V0,3,3370.0,2.6132437115324088
70_V0,3,3380.0,2.6076141748405517
70_V0,3,3390.0,2.5396486873623694
70_V0,3,3400.0,2.4978560311120104
70_V0,3,3410.0,2.542551688550004
70_V0,3,3420.0,2.49812933518105
70_V0,3,3430.0,2.540459693352903
70_V0,3,3440.0,2.424027316201463
70_V0,3,3450.0,2.393843597521908
70_V0,3,3460.0,2.4432806887232164
70_V0,3,3470.0,2.506459702222185
70_V0,3,3480.0,2.289597203849904
70_V0,3,3490.0,2.2906270153180426
70_V0,3,3500.0,2.339936496498871
70_V0,3,3510.0,2.2946128194547013
70_V0,3,3520.0,2.2577167167126158
70_V0,3,3530.0,2.2749269422924057
70_V0,3,3540.0,2.248092173220208
70_V0,3,3550.0,2.2480644320207523
70_V0,3,3560.0,2.2723237394938276
70_V0,3,3570.0,2.2116253756720203
70_V0,3,3580.0,2.1780265565154204
70_V0,3,3590.0,2.2192402627451235
70_V0,3,3600.0,2.2813598654981377
70_V0,3,3610.0,2.2155269246973956
70_V0,3,3620.0,2.225884304999772
70_V0,3,3630.0,2.223607398995147
70_V0,3,3640.0,2.2504660646729713
70_V0,3,3650.0,2.371892996586342
70_V0,3,3650.462962962963,2.3734832044921554
70_V0,4,1830.0,2.4885711386658307
70_V0,4,1840.0,2.4697831418301477
70_V0,4,1850.0,2.3915735132056524
70_V0,4,1860.0,2.335590248157165
70_V0,4,1870.0,2.2419388574634675
70_V0,4,1880.0,2.2736183730668604
70_V0,4,1890.0,2.201853564895407
70_V0,4,1900.0,2.2509164604553886
70_V0,4,1910.0,2.315592930294307
70_V0,4,1920.0,2.368353458026844
70_V0,4,1930.0,2.404086059175458
70_V0,4,1940.0,2.45413997786115
70_V0,4,1950.0,2.489608051188288
70_V0,4,1960.0,2.5195328204014706
70_V0,4,1970.0,2.5389985564130564
70_V0,4,1980.0,2.6098080305782
70_V0,4,1990.0,2.7058469943133296
70_V0,4,2000.0,2.7985575533427487
70_V0,4,2010.0,2.9076042191876406
70_V0,4,2020.0,2.9577693828356395
70_V0,4,2030.0,2.9623438124950936
70_V0,4,2040.0,3.0136815698154047
70_V0,4,2050.0,3.0743328834691064
70_V0,4,2060.0,3.0980438769242378
70_V0,4,2070.0,3.1571505961357724
70_V0,4,2080.0,3.135476462076981
70_V0,4,2090.0,3.1705963778277977
70_V0,4,2100.0,3.100592289974463
70_V0,4,2110.0,2.9874479964396627
70_V0,4,2120.0,2.9569115262435073
70_V0,4,2130.0,2.7047028602778593
70_V0,4,2140.0,2.8054606444505885
70_V0,4,2150.0,2.832587309484122
70_V0,4,2160.0,2.8161921703498907
70_V0,4,2170.0,2.832478687309623
70_V0,4,2180.0,2.826875427868379
70_V0,4,2190.0,2.8051992678077298
70_V0,4,2200.0,2.8227292988926274
70_V0,4,2210.0,2.918479174858527
70_V0,4,2220.0,2.9750986577909893
70_V0,4,2230.0,3.009039390491974
70_V0,4,2240.0,3.039810353466643
70_V0,4,2250.0,3.0778754609096373
70_V0,4,2260.0,3.0791759260724327
70_V0,4,2270.0,3.1732385096526268
70_V0,4,2280.0,3.21869573746073
70_V0,4,2290.0,3.2577707889830827
70_V0,4,2300.0,3.265439982163091
70_V0,4,2310.0,3.2909678315674613
70_V0,4,2320.0,3.2582365086832823
70_V0,4,2330.0,3.2944149383962724
70_V0,4,2340.0,3.2863745316482764
70_V0,4,2350.0,3.390319867761659
70_V0,4,2360.0,3.311411033043883
70_V0,4,2370.0,3.2572201510899754
70_V0,4,2380.0,3.292100503610939
70_V0,4,2390.0,3.323652370620413
70_V0,4,2400.0,3.349305802111867
70_V0,4,2410.0,3.362543721477896
70_V0,4,2420.0,3.390055103173489
70_V0,4,2430.0,3.4067802234394065
70_V0,4,2440.0,3.4284330400330076
70_V0,4,2450.0,3.5126129430544824
70_V0,4,2460.0,3.3676029079224845
70_V0,4,2470.0,3.3160802532771667
70_V0,4,2480.0,3.291868403654827
70_V0,4,2490.0,3.2957890037430078
70_V0,4,2500.0,3.330676333506009
70_V0,4,2510.0,3.3274983040244654
70_V0,4,2520.0,3.2630411060548274
70_V0,4,2530.0,3.295784972221796
70_V0,4,2540.0,3.2995430832669292
70_V0,4,2550.0,3.343159421539845
70_V0,4,2560.0,3.3397652447892057
70_V0,4,2570.0,3.465350585703767
70_V0,4,2580.0,3.435484250195247
70_V0,4,2590.0,3.4767054023764805
70_V0,4,2600.0,3.4261242131907976
70_V0,4,2610.0,3.4087161265062003
70_V0,4,2620.0,3.444044733880747
70_V0,4,2630.0,3.5045376290651817
70_V0,4,2640.0,3.3235750427204933
70_V0,4,2650.0,3.353358376905349
70_V0,4,2660.0,3.3609494345155833
70_V0,4,2670.0,3.423742491670962
70_V0,4,2680.0,3.44355089574438
70_V0,4,2690.0,3.396950131059154
70_V0,4,2700.0,3.405986020211698
70_V0,4,2710.0,3.3507362217221024
70_V0,4,2720.0,3.320673112896744
70_V0,4,2730.0,3.327106439354197
70_V0,4,2740.0,3.3094120206701114
70_V0,4,2750.0,3.3402278091575845
70_V0,4,2760.0,3.2658384945174674
70_V0,4,2770.0,3.148085988548769
70_V0,4,2780.0,3.07839902679682
70_V0,4,2790.0,3.12347618999882
70_V0,4,2800.0,3.1718178648109414
70_V0,4,2810.0,3.1198821517378983
70_V0,4,2820.0,2.9541576425316016
70_V0,4,2830.0,3.023904293402095
70_V0,4,2840.0,2.9839602171131645
70_V0,4,2850.0,3.0250708648113553
70_V0,4,2860.0,2.811599035517012
70_V0,4,2870.0,2.681407109508871
70_V0,4,2880.0,2.684977501736929
70_V0,4,2890.0,2.6790339061871085
70_V0,4,2900.0,2.693966942333036
70_V0,4,2910.0,2.5872805579783384
70_V0,4,2920.0,2.634855280295157
70_V0,4,2930.0,2.611149030976763
70_V0,4,2940.0,2.6106093204830905
70_V0,4,2950.0,2.6790864087528714
70_V0,4,2960.0,2.7360115023771963
70_V0,4,2970.0,2.8012713655778194
70_V0,4,2980.0,2.8510406068011243
70_V0,4,2990.0,2.801031436817068
70_V0,4,3000.0,2.863233728346054
70_V0,4,3010.0,2.8716629997399505
70_V0,4,3020.0,2.926836722754068
70_V0,4,3030.0,2.985362686512955
70_V0,4,3040.0,3.0407430711065633
70_V0,4,3050.0,3.0828066308596047
70_V0,4,3060.0,3.061908392812326
70_V0,4,3070.0,3.121145657892846
70_V0,4,3080.0,3.1842001779998865
70_V0,4,3090.0,3.2214366091068762
70_V0,4,3100.0,3.216067652399807
70_V0,4,3110.0,3.110312179172124
70_V0,4,3120.0,3.1294689608892505
70_V0,4,3130.0,3.177947862504509
70_V0,4,3140.0,3.2030787505376446
70_V0,4,3150.0,3.21586038330618
70_V0,4,3160.0,3.3022489530376307
70_V0,4,3170.0,3.3105407498072053
70_V0,4,3180.0,3.386059152905163
70_V0,4,3190.0,3.461007100217887
70_V0,4,3200.0,3.544291719661298
70_V0,4,3210.0,3.611402730399694
70_V0,4,3220.0,3.6543913274762376
70_V0,4,3230.0,3.717010151267254
70_V0,4,3240.0,3.7478306013627694
70_V0,4,3250.0,3.720362553981461
70_V0,4,3260.0,3.6676551750406503
70_V0,4,3270.0,3.6989686309092376
70_V0,4,3280.0,3.7086288487473182
70_V0,4,3290.0,3.679701715864416
70_V0,4,3300.0,3.6213637509413856
70_V0,4,3310.0,3.6504807060476034
70_V0,4,3320.0,3.671277154408852
70_V0,4,3330.0,3.608641866850165
70_V0,4,3340.0,3.607804366007618
70_V0,4,3350.0,3.5844142563557413
70_V0,4,3360.0,3.5196952350094426
70_V0,4,3370.0,3.527817195284544
70_V0,4,3380.0,3.492992711566248
70_V0,4,3390.0,3.508185130572251
70_V0,4,3400.0,3.55288522729681
70_V0,4,3410.0,3.622308684164858
70_V0,4,3420.0,3.566499624410229
70_V0,4,3430.0,3.471785273236889
70_V0,4,3440.0,3.440514797473167
70_V0,4,3450.0,3.4617781355676924
70_V0,4,3460.0,3.3719036737338377
70_V0,4,3470.0,3.408573656096504
70_V0,4,3480.0,3.3859218192097886
70_V0,4,3490.0,3.353869830363147
70_V0,4,3500.0,3.461311767126078
70_V0,4,3510.0,3.441627426546117
70_V0,4,3520.0,3.2828320496022725
70_V0,4,3530.0,3.3391630788275406
70_V0,4,3540.0,3.291269537374833
70_V0,4,3550.0,3.26535595970948
70_V0,4,3560.0,3.2593074268244875
70_V0,4,3570.0,3.306081606584647
70_V0,4,3580.0,3.2406306594934646
70_V0,4,3590.0,3.290354312884233
70_V0,4,3600.0,3.2353136100207975
70_V0,4,3610.0,3.32218867694464
70_V0,4,3620.0,3.3999180169171384
70_V0,4,3630.0,3.3839349630938313
70_V0,4,3640.0,3.3812467815349962
70_V0,4,3650.0,3.3947871669151803
70_V0,4,3650.462962962963,3.3942990830712496
70_V1,1,1830.0,0.019987743738940335
70_V1,1,1840.0,0.07005961934888497
70_V1,1,1850.0,0.09753340080803159
70_V1,1,1860.0,0.08863100589697087
70_V1,1,1870.0,0.09665841981535107
70_V1,1,1880.0,0.2132442735784438
70_V1,1,1890.0,0.12035964419604789
70_V1,1,1900.0,0.22221898304412901
70_V1,1,1910.0,0.34401683708676734
70_V1,1,1920.0,0.5084324321436252
70_V1,1,1930.0,0.7480251099051008
70_V1,1,1940.0,1.1200133515017066
70_V1,1,1950.0,1.5904797995952142
70_V1,1,1960.0,2.4266042177409766
70_V1,1,1970.0,2.7397917018555584
70_V1,1,1980.0,3.2324525248036275
70_V1,1,1990.0,3.814214953690074
70_V1,1,2000.0,4.232294181349933
70_V1,1,2010.0,4.4284779850760945
70_V1,1,2020.0,4.603880001277251
70_V1,1,2030.0,4.650512420522765
70_V1,1,2040.0,4.377176614492777
70_V1,1,2050.0,3.7341292431524096
70_V1,1,2060.0,2.5466474067059015
70_V1,1,2070.0,1.45422488989785
70_V1,1,2080.0,0.6784808005823733
70_V1,1,2090.0,0.15555336990944418
70_V1,1,2100.0,0.02569711783586818
70_V1,1,2110.0,0.004119788394538975
70_V1,1,2200.0,0.04227829938823737
70_V1,1,2210.0,0.08916202948247912
70_V1,1,2220.0,0.08211629117694483
70_V1,1,2230.0,0.07230810605529016
70_V1,1,2240.0,0.05098391829348804
70_V1,1,2250.0,0.11015085341260862
70_V1,1,2260.0,0.16784775993894738
70_V1,1,2270.0,0.25976641315809307
70_V1,1,2280.0,0.35555975378578286
70_V1,1,2290.0,0.48431885479888537
70_V1,1,2300.0,0.6759519490185133
70_V1,1,2310.0,0.9929028290026324
70_V1,1,2320.0,1.364943682782912
70_V1,1,2330.0,1.7782436099887615
70_V1,1,2340.0,1.7628751553374502
70_V1,1,2350.0,2.317591810132123
70_V1,1,2360.0,3.259247644956258
70_V1,1,2370.0,3.8003654670960594
70_V1,1,2380.0,3.7824834716906452
70_V1,1,2390.0,4.0397916821502
70_V1,1,2400.0,4.032823210014222
70_V1,1,2410.0,3.7113264789119853
70_V1,1,2420.0,2.8621104321778965
70_V1,1,2430.0,1.7738911032714753
70_V1,1,2440.0,0.9485526254051333
70_V1,1,2450.0,0.2752880473492519
70_V1,1,2460.0,0.06610043653512443
70_V1,1,2470.0,0.008890746477953055
70_V1,1,2480.0,0.0034458812217555103
70_V1,1,2560.0,0.016051670369900045
70_V1,1,2570.0,0.0681403354648652
70_V1,1,2580.0,0.09485315969928637
70_V1,1,2590.0,0.06676831603641527
70_V1,1,2600.0,0.06728797228370528
70_V1,1,2610.0,0.12670819392744812
70_V1,1,2620.0,0.1515030279823859
70_V1,1,2630.0,0.243349921333679
70_V1,1,2640.0,0.5178023600989997
70_V1,1,2650.0,0.7055863477263938
70_V1,1,2660.0,0.8967729372723665
70_V1,1,2670.0,1.3074424882951667
70_V1,1,2680.0,1.3374455023497862
70_V1,1,2690.0,1.6826132938733984
70_V1,1,2700.0,2.133604913380622
70_V1,1,2710.0,2.5393455044940216
70_V1,1,2720.0,2.8731280237790435
70_V1,1,2730.0,2.511470410352808
70_V1,1,2740.0,2.701012141958897
70_V1,1,2750.0,2.894416772976259
70_V1,1,2760.0,3.0052010625686414
70_V1,1,2770.0,2.8284989522250457
70_V1,1,2780.0,2.491420564034261
70_V1,1,2790.0,1.7641258966566018
70_V1,1,2800.0,1.0422797458227684
70_V1,1,2810.0,0.46553298602237386
70_V1,1,2820.0,0.14826596314556753
70_V1,1,2830.0,0.030272688480196947
70_V1,1,2840.0,0.0045115660476610425
70_V1,1,2930.0,0.04395170876073168
70_V1,1,2940.0,0.07786150911132869
70_V1,1,2950.0,0.0776957988849002
70_V1,1,2960.0,0.06046727089596695
70_V1,1,2970.0,0.04297875291360363
70_V1,1,2980.0,0.0380985332169212
70_V1,1,2990.0,0.06931763034396829
70_V1,1,3000.0,0.1093334198704793
70_V1,1,3010.0,0.11263554352667589
70_V1,1,3020.0,0.21553643028689912
70_V1,1,3030.0,0.32725461394342115
70_V1,1,3040.0,0.6004127481891379
70_V1,1,3050.0,1.0377002226086471
70_V1,1,3060.0,1.5973194457685755
70_V1,1,3070.0,2.054077415851056
70_V1,1,3080.0,2.427169322256165
70_V1,1,3090.0,2.913679881528532
70_V1,1,3100.0,3.393209257000261
70_V1,1,3110.0,3.7851822284067436
70_V1,1,3120.0,3.698299529666419
70_V1,1,3130.0,3.645264005707702
70_V1,1,3140.0,3.3288085009495028
70_V1,1,3150.0,2.530705429748979
70_V1,1,3160.0,1.5632061915151017
70_V1,1,3170.0,0.7757467006233404
70_V1,1,3180.0,0.27333503985536284
70_V1,1,3190.0,0.0692751264046373
70_V1,1,3200.0,0.005784799153677654
70_V1,1,3290.0,0.021551751729262776
70_V1,1,3300.0,0.06858968699647792
70_V1,1,3310.0,0.09412045008809662
70_V1,1,3320.0,0.07437461225154453
70_V1,1,3330.0,0.05271962909061998
70_V1,1,3340.0,0.074819819607349
70_V1,1,3350.0,0.07370790266750003
70_V1,1,3360.0,0.12435691272772822
70_V1,1,3370.0,0.21060897981085386
70_V1,1,3380.0,0.37545911295813233
70_V1,1,3390.0,0.4733030626872776
70_V1,1,3400.0,0.6022295370353877
70_V1,1,3410.0,0.7946584519713287
70_V1,1,3420.0,1.0834687394144134
70_V1,1,3430.0,1.3328991647640747
70_V1,1,3440.0,1.4754811588822372
70_V1,1,3450.0,1.780610329996621
70_V1,1,3460.0,2.0611288292697294
70_V1,1,3470.0,2.3182405889052893
70_V1,1,3480.0,2.5972859240778448
70_V1,1,3490.0,2.7294838597693367
70_V1,1,3500.0,2.661612761918951
70_V1,1,3510.0,2.3060609510774452
70_V1,1,3520.0,1.5725366393568876
70_V1,1,3530.0,0.8813512306354301
70_V1,1,3540.0,0.41492796238291596
70_V1,1,3550.0,0.09230186450363347
70_V1,1,3560.0,0.032759004670323694
70_V1,1,3570.0,0.009635258543958643
70_V1,2,1830.0,0.08474515397090068
70_V1,2,1840.0,0.23846682321723095
70_V1,2,1850.0,0.3219012176771667
70_V1,2,1860.0,0.25760397815376274
70_V1,2,1870.0,0.21417284780831433
70_V1,2,1880.0,0.4390321010650388
70_V1,2,1890.0,0.4092806151662868
70_V1,2,1900.0,0.4694258639525945
70_V1,2,1910.0,0.5584690309794376
70_V1,2,1920.0,0.7378083026727256
70_V1,2,1930.0,0.9702592629439664
70_V1,2,1940.0,1.2059706451300738
70_V1,2,1950.0,1.5805599873395018
70_V1,2,1960.0,1.7100069123213362
70_V1,2,1970.0,1.7004346411777225
70_V1,2,1980.0,1.797895585832757
70_V1,2,1990.0,1.9456183329276506
70_V1,2,2000.0,1.9451273734862062
70_V1,2,2010.0,2.039412940869483
70_V1,2,2020.0,1.8006303098264902
70_V1,2,2030.0,2.1323046869007154
70_V1,2,2040.0,1.9250228731381065
70_V1,2,2050.0,1.7660141059183048
70_V1,2,2060.0,1.3018478670244638
70_V1,2,2070.0,0.8036607309501456
70_V1,2,2080.0,0.3923870741954061
70_V1,2,2090.0,0.1681945783474646
70_V1,2,2100.0,0.0729019298698258
70_V1,2,2110.0,0.006197177443937342
70_V1,2,2190.0,0.023634220670861097
70_V1,2,2200.0,0.13597213353530152
70_V1,2,2210.0,0.25391111425681434
70_V1,2,2220.0,0.25524964027901687
70_V1,2,2230.0,0.2006703569904663
70_V1,2,2240.0,0.20403758096801242
70_V1,2,2250.0,0.32091392656812917
70_V1,2,2260.0,0.5068002844321529
70_V1,2,2270.0,0.7502953135378738
70_V1,2,2280.0,1.1204924736900919
70_V1,2,2290.0,1.2408064517398785
70_V1,2,2300.0,1.39058326500523
70_V1,2,2310.0,1.7097191285753133
70_V1,2,2320.0,1.9621029527307488
70_V1,2,2330.0,2.489907805420515
70_V1,2,2340.0,2.413501265197536
70_V1,2,2350.0,2.5868072585408592
70_V1,2,2360.0,2.724556848612502
70_V1,2,2370.0,2.793790380870215
70_V1,2,2380.0,2.741488309940623
70_V1,2,2390.0,2.7445722907333416
70_V1,2,2400.0,2.6725699590497807
70_V1,2,2410.0,2.516592674062376
70_V1,2,2420.0,2.059920639061562
70_V1,2,2430.0,1.4080397611544586
70_V1,2,2440.0,0.7387978868458865
70_V1,2,2450.0,0.2916710372932768
70_V1,2,2460.0,0.11569580673168763
70_V1,2,2470.0,0.02194540331234762
70_V1,2,2480.0,0.0017033693683811781
70_V1,2,2560.0,0.08236031634674287
70_V1,2,2570.0,0.21848152353230396
70_V1,2,2580.0,0.27442745664491197
70_V1,2,2590.0,0.1729632602784793
70_V1,2,2600.0,0.13657856282380657
70_V1,2,2610.0,0.2537676460021563
70_V1,2,2620.0,0.36383985744958025
70_V1,2,2630.0,0.4512733874334279
70_V1,2,2640.0,0.3577827859322475
70_V1,2,2650.0,0.4021054136950243
70_V1,2,2660.0,0.5029838617432731
70_V1,2,2670.0,0.7037281161712493
70_V1,2,2680.0,0.9000141716511657
70_V1,2,2690.0,1.1174928776652182
70_V1,2,2700.0,1.1464952507940411
70_V1,2,2710.0,1.1925693100220145
70_V1,2,2720.0,1.4221738377188384
70_V1,2,2730.0,1.5289900723897285
70_V1,2,2740.0,1.858150652055579
70_V1,2,2750.0,1.5598382840657623
70_V1,2,2760.0,1.585280607305156
70_V1,2,2770.0,1.6204221972229367
70_V1,2,2780.0,1.4763384255428407
70_V1,2,2790.0,1.112525247290885
70_V1,2,2800.0,0.7158454955645398
70_V1,2,2810.0,0.34707166867448436
70_V1,2,2820.0,0.18323907272365408
70_V1,2,2830.0,0.06354711162927079
70_V1,2,2840.0,0.0033788686969707994
70_V1,2,2920.0,0.028445216546694612
70_V1,2,2930.0,0.15716677332260925
70_V1,2,2940.0,0.29722849948952323
70_V1,2,2950.0,0.31829954448641684
70_V1,2,2960.0,0.25572527631770925
70_V1,2,2970.0,0.34202960512747105
70_V1,2,2980.0,0.4039928381630426
70_V1,2,2990.0,0.4829364986561895
70_V1,2,3000.0,0.786485739203162
70_V1,2,3010.0,0.8877478914483693
70_V1,2,3020.0,0.9551235953237439
70_V1,2,3030.0,1.1895718875355716
70_V1,2,3040.0,1.4576242649892241
70_V1,2,3050.0,1.8601085614718282
70_V1,2,3060.0,2.1657688514706885
70_V1,2,3070.0,2.4184559463578
70_V1,2,3080.0,2.5935291570008627
70_V1,2,3090.0,2.821370289510486
70_V1,2,3100.0,2.990385626732321
70_V1,2,3110.0,3.055357211294522
70_V1,2,3120.0,3.1033128653130664
70_V1,2,3130.0,3.03938260402531
70_V1,2,3140.0,2.819987418123564
70_V1,2,3150.0,2.2663869867492985
70_V1,2,3160.0,1.50089460252019
70_V1,2,3170.0,0.846889451986429
70_V1,2,3180.0,0.27713647307504063
70_V1,2,3190.0,0.10338562864590702
70_V1,2,3200.0,0.019754339642542064
70_V1,2,3290.0,0.07788200645106785
70_V1,2,3300.0,0.22379532083976042
70_V1,2,3310.0,0.3135710352495469
70_V1,2,3320.0,0.26868329557501414
70_V1,2,3330.0,0.270038590507
70_V1,2,3340.0,0.35784759591388854
70_V1,2,3350.0,0.42148154049193415
70_V1,2,3360.0,0.4116104683572489
70_V1,2,3370.0,0.5844157647180052
70_V1,2,3380.0,0.8091392031082503
70_V1,2,3390.0,1.0712452848178915
70_V1,2,3400.0,1.1279313131103463
70_V1,2,3410.0,1.3403659111365165
70_V1,2,3420.0,1.6439557346922515
70_V1,2,3430.0,1.7577236842985071
70_V1,2,3440.0,1.8954068416921572
70_V1,2,3450.0,1.9785541124610002
70_V1,2,3460.0,2.087186931731433
70_V1,2,3470.0,2.154312630804861
70_V1,2,3480.0,2.2304706610063354
70_V1,2,3490.0,2.3245250997679276
70_V1,2,3500.0,2.397188477111276
70_V1,2,3510.0,2.2805757981568373
70_V1,2,3520.0,1.51108823398332
70_V1,2,3530.0,0.9473329132448315
70_V1,2,3540.0,0.41009854681345087
70_V1,2,3550.0,0.16189885452217848
70_V1,2,3560.0,0.06964716639143928
70_V1,2,3570.0,0.0033134079893676798
70_V1,2,3650.0,0.022362310638671373
70_V1,2,3650.462962962963,0.023118679595039885
70_V1,3,1830.0,0.36333418463053324
70_V1,3,1840.0,0.9173499959070422
70_V1,3,1850.0,1.316463230168184
70_V1,3,1860.0,1.3226374508429124
70_V1,3,1870.0,1.2894095761677626
70_V1,3,1880.0,1.3518538209424427
70_V1,3,1890.0,1.472658326866971
70_V1,3,1900.0,1.933774221288852
70_V1,3,1910.0,2.074941664236831
70_V1,3,1920.0,2.4444949398038576
70_V1,3,1930.0,2.6733224087637546
70_V1,3,1940.0,2.67686245216637
70_V1,3,1950.0,2.8209767285621496
70_V1,3,1960.0,2.906946359410198
70_V1,3,1970.0,3.0087764143395956
70_V1,3,1980.0,3.0888879994615044
70_V1,3,1990.0,3.0891265450903616
70_V1,3,2000.0,3.4640063717748957
70_V1,3,2010.0,3.457474530287217
70_V1,3,2020.0,3.0907278066215094
70_V1,3,2030.0,3.077840600085943
70_V1,3,2040.0,3.2266597356668827
70_V1,3,2050.0,2.6629386041565075
70_V1,3,2060.0,2.2013927384109566
70_V1,3,2070.0,1.5171852246217887
70_V1,3,2080.0,0.9425353371350076
70_V1,3,2090.0,0.25667553463152415
70_V1,3,2100.0,0.1731466146391021
70_V1,3,2110.0,0.05810860377124037
70_V1,3,2120.0,0.002229213059224626
70_V1,3,2190.0,0.1764918477658005
70_V1,3,2200.0,0.6109302354583054
70_V1,3,2210.0,1.0797224537571881
70_V1,3,2220.0,1.3008552345269033
70_V1,3,2230.0,1.2829758772624948
70_V1,3,2240.0,1.4149749881648983
70_V1,3,2250.0,1.7370740309550405
70_V1,3,2260.0,2.015800944922735
70_V1,3,2270.0,2.319660338389089
70_V1,3,2280.0,2.5512897069008984
70_V1,3,2290.0,2.7389580493256345
70_V1,3,2300.0,2.786022397373055
70_V1,3,2310.0,2.4864063049104517
70_V1,3,2320.0,2.4334067721921775
70_V1,3,2330.0,2.385260907233595
70_V1,3,2340.0,2.643106613041943
70_V1,3,2350.0,2.3486257165251954
70_V1,3,2360.0,2.374092138178562
70_V1,3,2370.0,2.335856134746838
70_V1,3,2380.0,2.3611599895722364
70_V1,3,2390.0,2.372717810305775
70_V1,3,2400.0,2.3253325067518515
70_V1,3,2410.0,2.1522815655770313
70_V1,3,2420.0,1.7178643483172693
70_V1,3,2430.0,1.2428849422909034
70_V1,3,2440.0,0.8197771318674609
70_V1,3,2450.0,0.2802280669269048
70_V1,3,2460.0,0.1857507773780212
70_V1,3,2470.0,0.11767548635129513
70_V1,3,2480.0,0.003913048672223337
70_V1,3,2550.0,0.047032444577666185
70_V1,3,2560.0,0.3532581511141081
70_V1,3,2570.0,0.8276531633314355
70_V1,3,2580.0,1.122271003282605
70_V1,3,2590.0,1.1633606221610147
70_V1,3,2600.0,1.161072736769889
70_V1,3,2610.0,1.534231925198107
70_V1,3,2620.0,1.7580822824523188
70_V1,3,2630.0,2.11505293285649
70_V1,3,2640.0,2.3899914173439205
70_V1,3,2650.0,2.5997368144141157
70_V1,3,2660.0,2.8076627569913937
70_V1,3,2670.0,2.956298710792827
70_V1,3,2680.0,3.1540963503481443
70_V1,3,2690.0,3.345245968639561
70_V1,3,2700.0,3.4847863650031043
70_V1,3,2710.0,3.513434600920123
70_V1,3,2720.0,3.5923750862208537
70_V1,3,2730.0,3.6780265371535386
70_V1,3,2740.0,3.702124542217233
70_V1,3,2750.0,3.7414363171518596
70_V1,3,2760.0,3.6642964787015897
70_V1,3,2770.0,3.468338641405153
70_V1,3,2780.0,3.0958930930772235
70_V1,3,2790.0,2.377913457314076
70_V1,3,2800.0,1.5832067596932626
70_V1,3,2810.0,0.9694840196020843
70_V1,3,2820.0,0.31895950721156324
70_V1,3,2830.0,0.16110148543067843
70_V1,3,2840.0,0.049922508479227246
70_V1,3,2920.0,0.1686672801585372
70_V1,3,2930.0,0.6131272765362307
70_V1,3,2940.0,1.0837949455442115
70_V1,3,2950.0,1.297198819880163
70_V1,3,2960.0,1.2521344016106046
70_V1,3,2970.0,1.32419985446765
70_V1,3,2980.0,1.525748725489605
70_V1,3,2990.0,1.8846882119923705
70_V1,3,3000.0,2.262986882843065
70_V1,3,3010.0,2.6044857472805307
70_V1,3,3020.0,2.8456598278022884
70_V1,3,3030.0,3.0576801951044676
70_V1,3,3040.0,2.9912572765723087
70_V1,3,3050.0,2.8749214023008554
70_V1,3,3060.0,3.016185414005345
70_V1,3,3070.0,2.9958041566590112
70_V1,3,3080.0,3.3282731040405857
70_V1,3,3090.0,3.21701420129388
70_V1,3,3100.0,2.8068723057860225
70_V1,3,3110.0,2.692005213219896
70_V1,3,3120.0,2.724886242827948
70_V1,3,3130.0,2.7233091352261614
70_V1,3,3140.0,2.6473654086917677
70_V1,3,3150.0,2.325496721608056
70_V1,3,3160.0,1.6989303069080652
70_V1,3,3170.0,1.1090839177860803
70_V1,3,3180.0,0.42414735515454705
70_V1,3,3190.0,0.21486816542543313
70_V1,3,3200.0,0.11894726396630047
70_V1,3,3210.0,0.004141564395951564
70_V1,3,3280.0,0.053033427675843035
70_V1,3,3290.0,0.36173768098620607
70_V1,3,3300.0,0.879950563471558
70_V1,3,3310.0,1.25025117700507
70_V1,3,3320.0,1.2783110714447872
70_V1,3,3330.0,1.3146548241789033
70_V1,3,3340.0,1.5326819994756025
70_V1,3,3350.0,1.8242798709910164
70_V1,3,3360.0,2.4784966412063962
70_V1,3,3370.0,2.5824808197900624
70_V1,3,3380.0,2.94019065537048
70_V1,3,3390.0,3.3322883023002476
70_V1,3,3400.0,3.6244429666186173
70_V1,3,3410.0,3.8496949077620792
70_V1,3,3420.0,4.09597358279412
70_V1,3,3430.0,4.276713481236385
70_V1,3,3440.0,4.217342815674023
70_V1,3,3450.0,4.115636874946795
70_V1,3,3460.0,3.9283174040853077
70_V1,3,3470.0,3.5049913642384842
70_V1,3,3480.0,3.056985085086903
70_V1,3,3490.0,2.9741978155580187
70_V1,3,3500.0,2.873447260746312
70_V1,3,3510.0,2.6537165568504704
70_V1,3,3520.0,2.1030056433021858
70_V1,3,3530.0,1.4113526783231443
70_V1,3,3540.0,0.860570632489422
70_V1,3,3550.0,0.22836597353488167
70_V1,3,3560.0,0.134759960157434
70_V1,3,3570.0,0.045194253071268925
70_V1,3,3650.0,0.15288650782194327
70_V1,3,3650.462962962963,0.1607240979422211
70_V1,4,1830.0,1.4984927091809896
70_V1,4,1840.0,3.171809027174833
70_V1,4,1850.0,4.96807478964851
70_V1,4,1860.0,6.889663201691713
70_V1,4,1870.0,8.606525715050713
70_V1,4,1880.0,9.883946691014655
70_V1,4,1890.0,10.830605831062144
70_V1,4,1900.0,11.212432729597243
70_V1,4,1910.0,11.203498173134374
70_V1,4,1920.0,11.269547981898205
70_V1,4,1930.0,11.036023607248055
70_V1,4,1940.0,10.677759857512036
70_V1,4,1950.0,10.408669965438394
70_V1,4,1960.0,10.136340582614478
70_V1,4,1970.0,9.792945113351816
70_V1,4,1980.0,9.318801932637491
70_V1,4,1990.0,8.949953373003344
70_V1,4,2000.0,8.391774416404566
70_V1,4,2010.0,8.226961696519963
70_V1,4,2020.0,7.7338078293489065
70_V1,4,2030.0,7.29494938625176
70_V1,4,2040.0,6.96754906307343
70_V1,4,2050.0,6.425611313689229
70_V1,4,2060.0,5.290516375402851
70_V1,4,2070.0,3.854374142303957
70_V1,4,2080.0,2.434349844361197
70_V1,4,2090.0,0.5646484231930936
70_V1,4,2100.0,0.3304289785463673
70_V1,4,2110.0,0.26083984036252583
70_V1,4,2120.0,0.10457811452263206
70_V1,4,2180.0,0.11527336820865178
70_V1,4,2190.0,0.8640648881233263
70_V1,4,2200.0,2.4443505598457964
70_V1,4,2210.0,4.235424886247914
70_V1,4,2220.0,6.147243672141739
70_V1,4,2230.0,7.959214396208499
70_V1,4,2240.0,9.10793485286794
70_V1,4,2250.0,9.900532870645447
70_V1,4,2260.0,10.592886853703373
70_V1,4,2270.0,10.7594968590812
70_V1,4,2280.0,10.668639653787203
70_V1,4,2290.0,10.716120167151509
70_V1,4,2300.0,10.630183534955348
70_V1,4,2310.0,10.494017042225767
70_V1,4,2320.0,10.41817410098503
70_V1,4,2330.0,10.100585623016912
70_V1,4,2340.0,9.832457615757036
70_V1,4,2350.0,9.225013760029118
70_V1,4,2360.0,8.5039257247099
70_V1,4,2370.0,8.164602084266807
70_V1,4,2380.0,7.4720188065314534
70_V1,4,2390.0,7.078078933717689
70_V1,4,2400.0,6.83435674936139
70_V1,4,2410.0,6.600665000327432
70_V1,4,2420.0,5.903871512200602
70_V1,4,2430.0,4.698068749753021
70_V1,4,2440.0,3.2378338483268925
70_V1,4,2450.0,1.9835905324495506
70_V1,4,2460.0,0.4710682699513701
70_V1,4,2470.0,0.3207175399744397
70_V1,4,2480.0,0.21130700316876488
70_V1,4,2490.0,0.0031887349644410695
70_V1,4,2540.0,0.016472765530433343
70_V1,4,2550.0,0.3556421693842759
70_V1,4,2560.0,1.5384298024526115
70_V1,4,2570.0,3.320841724277482
70_V1,4,2580.0,5.289581919550665
70_V1,4,2590.0,7.2813189772551725
70_V1,4,2600.0,8.9757342603482
70_V1,4,2610.0,9.90881903900073
70_V1,4,2620.0,10.685909575157885
70_V1,4,2630.0,10.928348358480587
70_V1,4,2640.0,11.139629735405581
70_V1,4,2650.0,11.13566601836582
70_V1,4,2660.0,10.927546843460203
70_V1,4,2670.0,10.807719476970167
70_V1,4,2680.0,10.45511086462916
70_V1,4,2690.0,10.16335044958977
70_V1,4,2700.0,9.860371469649431
70_V1,4,2710.0,9.695926720427721
70_V1,4,2720.0,9.37850170720304
70_V1,4,2730.0,9.14699778992413
70_V1,4,2740.0,8.887003515712328
70_V1,4,2750.0,8.526853634381606
70_V1,4,2760.0,8.088806120053532
70_V1,4,2770.0,7.491199267441871
70_V1,4,2780.0,6.981265671534045
70_V1,4,2790.0,5.7506169880449844
70_V1,4,2800.0,4.136601096325537
70_V1,4,2810.0,2.6327973342255726
70_V1,4,2820.0,1.0466716622002097
70_V1,4,2830.0,0.3321052676860805
70_V1,4,2840.0,0.2518758877549295
70_V1,4,2850.0,0.09241753956490283
70_V1,4,2910.0,0.11634839977101366
70_V1,4,2920.0,0.8433436488441309
70_V1,4,2930.0,2.349468397116777
70_V1,4,2940.0,4.130006724383828
70_V1,4,2950.0,5.983046979891992
70_V1,4,2960.0,7.857308303304981
70_V1,4,2970.0,9.423528486815446
70_V1,4,2980.0,10.21419528495969
70_V1,4,2990.0,10.738450866096883
70_V1,4,3000.0,11.141240001456454
70_V1,4,3010.0,11.442685660953007
70_V1,4,3020.0,11.534601636754862
70_V1,4,3030.0,11.44864867332152
70_V1,4,3040.0,11.347369741702668
70_V1,4,3050.0,11.060225158294214
70_V1,4,3060.0,10.721708967254012
70_V1,4,3070.0,10.493916239578057
70_V1,4,3080.0,10.049443796913902
70_V1,4,3090.0,9.504834082751733
70_V1,4,3100.0,8.99545435930726
70_V1,4,3110.0,8.159080570909222
70_V1,4,3120.0,7.4549250758956855
70_V1,4,3130.0,6.975444870092576
70_V1,4,3140.0,6.598884682192619
70_V1,4,3150.0,5.885635275049777
70_V1,4,3160.0,4.639381225477405
70_V1,4,3170.0,3.1781532362272515
70_V1,4,3180.0,2.0199156677215497
70_V1,4,3190.0,0.4026820102091582
70_V1,4,3200.0,0.3158099515551422
70_V1,4,3210.0,0.2084363577135991
70_V1,4,3270.0,0.014950729840969706
70_V1,4,3280.0,0.346751554926097
70_V1,4,3290.0,1.543667555762705
70_V1,4,3300.0,3.2725607661773872
70_V1,4,3310.0,5.072440817209964
70_V1,4,3320.0,7.012703769648636
70_V1,4,3330.0,8.449114537936524
70_V1,4,3340.0,9.566684119849224
70_V1,4,3350.0,10.391004438787089
70_V1,4,3360.0,10.754105836753194
70_V1,4,3370.0,10.907882509105162
70_V1,4,3380.0,10.819435651936923
70_V1,4,3390.0,10.720424029998146
70_V1,4,3400.0,10.598431810264433
70_V1,4,3410.0,10.236525368892847
70_V1,4,3420.0,9.798983457712339
70_V1,4,3430.0,9.622098975712966
70_V1,4,3440.0,9.445350581917474
70_V1,4,3450.0,9.051324886138827
70_V1,4,3460.0,8.893737684395118
70_V1,4,3470.0,8.839928868839248
70_V1,4,3480.0,8.39228293847792
70_V1,4,3490.0,7.951502527670357
70_V1,4,3500.0,7.477800466593467
70_V1,4,3510.0,6.860110538622642
70_V1,4,3520.0,5.712516347887968
70_V1,4,3530.0,4.16954092795206
70_V1,4,3540.0,2.685376599662709
70_V1,4,3550.0,0.9932413848235431
70_V1,4,3560.0,0.34539514776989505
70_V1,4,3570.0,0.27699716294467425
70_V1,4,3580.0,0.11710512134624003
70_V1,4,3640.0,0.11422773810819833
70_V1,4,3650.0,0.8576103905529792
70_V1,4,3650.462962962963,0.9037651406366528
70_V2,1,1830.0,2.5294183041286793
70_V2,1,1840.0,2.715807971003179
70_V2,1,1850.0,2.735961677721193
70_V2,1,1860.0,2.90439925581835
70_V2,1,1870.0,3.0692278375108097
70_V2,1,1880.0,3.2354911114101754
70_V2,1,1890.0,3.597685464014534
70_V2,1,1900.0,3.604030243667583
70_V2,1,1910.0,3.666351995803302
70_V2,1,1920.0,3.939559401953839
70_V2,1,1930.0,4.424891142122788
70_V2,1,1940.0,3.9265950894277806
70_V2,1,1950.0,4.014247543050157
70_V2,1,1960.0,4.454056841385326
70_V2,1,1970.0,4.259256304179905
70_V2,1,1980.0,4.183728705512232
70_V2,1,1990.0,4.432852869735189
70_V2,1,2000.0,4.849574735269859
70_V2,1,2010.0,4.146323064047956
70_V2,1,2020.0,4.223178654336438
70_V2,1,2030.0,4.411687533682484
70_V2,1,2040.0,4.192873007054929
70_V2,1,2050.0,4.085768780762933
70_V2,1,2060.0,3.4110795347981098
70_V2,1,2070.0,2.608559816006966
70_V2,1,2080.0,2.6469232548950514
70_V2,1,2090.0,2.1455731093855004
70_V2,1,2100.0,1.9198537109595872
70_V2,1,2110.0,2.1597751451713267
70_V2,1,2120.0,2.0349422655378104
70_V2,1,2130.0,1.7220986746514957
70_V2,1,2140.0,1.3911244082884802
70_V2,1,2150.0,2.001773629296445
70_V2,1,2160.0,2.053344942505455
70_V2,1,2170.0,1.826087313702987
70_V2,1,2180.0,2.2449799113216597
70_V2,1,2190.0,2.427954251715165
70_V2,1,2200.0,2.2427767215840655
70_V2,1,2210.0,2.4278093439273656
70_V2,1,2220.0,2.7460099655044705
70_V2,1,2230.0,2.742791066738161
70_V2,1,2240.0,2.986700688874726
70_V2,1,2250.0,2.9771944176030485
70_V2,1,2260.0,3.069716325116198
70_V2,1,2270.0,3.3546958769888393
70_V2,1,2280.0,3.598715116555906
70_V2,1,2290.0,3.439344343243982
70_V2,1,2300.0,3.664024200638928
70_V2,1,2310.0,4.112393240522577
70_V2,1,2320.0,3.774784271795228
70_V2,1,2330.0,3.9427637171729857
70_V2,1,2340.0,4.283887256260878
70_V2,1,2350.0,4.386030447287153
70_V2,1,2360.0,4.138467908632631
70_V2,1,2370.0,4.288747845299868
70_V2,1,2380.0,4.545399589292822
70_V2,1,2390.0,4.23807754733826
70_V2,1,2400.0,4.042160429248109
70_V2,1,2410.0,3.954791939524804
70_V2,1,2420.0,3.5791832460620667
70_V2,1,2430.0,2.865048465657826
70_V2,1,2440.0,1.8566509028407723
70_V2,1,2450.0,1.5708043328363155
70_V2,1,2460.0,2.0490851777109595
70_V2,1,2470.0,2.0060330195065452
70_V2,1,2480.0,1.6721275732843968
70_V2,1,2490.0,1.5991010826777257
70_V2,1,2500.0,1.986152090168725
70_V2,1,2510.0,1.9488459046266822
70_V2,1,2520.0,1.6223055109531945
70_V2,1,2530.0,2.308858157608751
70_V2,1,2540.0,2.371278239320337
70_V2,1,2550.0,2.193977655048224
70_V2,1,2560.0,2.46389388761377
70_V2,1,2570.0,2.399447024009397
70_V2,1,2580.0,2.3447160261332862
70_V2,1,2590.0,2.3622326680261962
70_V2,1,2600.0,2.4390665337565958
70_V2,1,2610.0,2.5695215920213164
70_V2,1,2620.0,2.8219491488695416
70_V2,1,2630.0,2.9296663829302534
70_V2,1,2640.0,3.03413259187141
70_V2,1,2650.0,3.318194666078211
70_V2,1,2660.0,3.8879004219197535
70_V2,1,2670.0,3.4562989486599967
70_V2,1,2680.0,3.5914396634237646
70_V2,1,2690.0,3.9009298631689875
70_V2,1,2700.0,3.738866218761346
70_V2,1,2710.0,3.680737942015238
70_V2,1,2720.0,3.969268584179268
70_V2,1,2730.0,4.2680519750273405
70_V2,1,2740.0,3.751083431260973
70_V2,1,2750.0,3.804090535925139
70_V2,1,2760.0,3.9154913412840515
70_V2,1,2770.0,3.7850176572407945
70_V2,1,2780.0,3.7073320307472906
70_V2,1,2790.0,3.140905137494779
70_V2,1,2800.0,2.3060627415822266
70_V2,1,2810.0,2.115447730103235
70_V2,1,2820.0,2.0394298095606067
70_V2,1,2830.0,1.7033391767146924
70_V2,1,2840.0,1.8371830686725072
70_V2,1,2850.0,2.0232161048678217
70_V2,1,2860.0,1.7919029783291964
70_V2,1,2870.0,1.4360408777710891
70_V2,1,2880.0,2.1085075668387936
70_V2,1,2890.0,2.1330324582225897
70_V2,1,2900.0,1.9092531380105366
70_V2,1,2910.0,2.3312642700841453
70_V2,1,2920.0,2.5105590517202416
70_V2,1,2930.0,2.4334765933036433
70_V2,1,2940.0,2.683697450167246
70_V2,1,2950.0,3.06360549185807
70_V2,1,2960.0,3.2120998954400832
70_V2,1,2970.0,3.5505400233364015
70_V2,1,2980.0,3.6208100909673946
70_V2,1,2990.0,3.826707350344043
70_V2,1,3000.0,4.187189261550636
70_V2,1,3010.0,4.4217129148272125
70_V2,1,3020.0,4.285460244038736
70_V2,1,3030.0,4.737284166680955
70_V2,1,3040.0,5.416029196366042
70_V2,1,3050.0,4.591393275327474
70_V2,1,3060.0,4.803838666992425
70_V2,1,3070.0,5.106484237360309
70_V2,1,3080.0,5.1683668589500105
70_V2,1,3090.0,4.7625152537078135
70_V2,1,3100.0,5.0894506681202625
70_V2,1,3110.0,5.324376182042834
70_V2,1,3120.0,4.906816223308302
70_V2,1,3130.0,4.971178505564518
70_V2,1,3140.0,4.94691342365152
70_V2,1,3150.0,4.558843697099411
70_V2,1,3160.0,4.227624219397949
70_V2,1,3170.0,2.670599993556313
70_V2,1,3180.0,2.2810130434383415
70_V2,1,3190.0,2.3202693696904086
70_V2,1,3200.0,2.3156109130760356
70_V2,1,3210.0,1.9287840548921154
70_V2,1,3220.0,1.9099772051242787
70_V2,1,3230.0,2.575382220815657
70_V2,1,3240.0,2.2913422180223777
70_V2,1,3250.0,1.8688038203674242
70_V2,1,3260.0,2.5523019257835577
70_V2,1,3270.0,2.579543069842452
70_V2,1,3280.0,2.344123574302984
70_V2,1,3290.0,2.6563204282488084
70_V2,1,3300.0,2.7510609903526135
70_V2,1,3310.0,2.6369820531903763
70_V2,1,3320.0,2.753778759215163
70_V2,1,3330.0,2.9886004807674986
70_V2,1,3340.0,3.1418201161718162
70_V2,1,3350.0,3.4771947989128953
70_V2,1,3360.0,3.576919347382586
70_V2,1,3370.0,3.6411390779792194
70_V2,1,3380.0,3.951497432785262
70_V2,1,3390.0,4.468286181448447
70_V2,1,3400.0,4.004203806810565
70_V2,1,3410.0,4.244374058820736
70_V2,1,3420.0,4.8182682114659645
70_V2,1,3430.0,4.553875456113448
70_V2,1,3440.0,4.5707901328839675
70_V2,1,3450.0,4.906259538485278
70_V2,1,3460.0,5.21054652711224
70_V2,1,3470.0,4.538593786809454
70_V2,1,3480.0,4.6392813699340305
70_V2,1,3490.0,4.781390067127129
70_V2,1,3500.0,4.478952052109857
70_V2,1,3510.0,4.424361171687305
70_V2,1,3520.0,3.2469344842862844
70_V2,1,3530.0,2.3122290289384013
70_V2,1,3540.0,2.3091906889387532
70_V2,1,3550.0,1.8771858437107096
70_V2,1,3560.0,1.529301048886393
70_V2,1,3570.0,1.6262841055089123
70_V2,1,3580.0,1.9875790605758354
70_V2,1,3590.0,1.7664473400209997
70_V2,1,3600.0,1.4324471295024517
70_V2,1,3610.0,2.128367299290768
70_V2,1,3620.0,2.088214544278281
70_V2,1,3630.0,1.8240762746811847
70_V2,1,3640.0,2.305937516637519
70_V2,1,3650.0,2.5816173698527094
70_V2,1,3650.462962962963,2.608054468890832
70_V2,2,1830.0,1.819016903591504
70_V2,2,1840.0,2.0676439275295713
70_V2,2,1850.0,2.123387732069339
70_V2,2,1860.0,2.2724494693601667
70_V2,2,1870.0,2.386893704912487
70_V2,2,1880.0,2.5026199010914727
70_V2,2,1890.0,2.7319332307702484
70_V2,2,1900.0,2.7542860301550234
70_V2,2,1910.0,2.807207901283364
70_V2,2,1920.0,3.0592268874006576
70_V2,2,1930.0,3.4994168784406883
70_V2,2,1940.0,3.149556491568427
70_V2,2,1950.0,3.2699050246122368
70_V2,2,1960.0,3.5313137233366207
70_V2,2,1970.0,3.484583605823931
70_V2,2,1980.0,3.4459367280480238
70_V2,2,1990.0,3.6061985754121544
70_V2,2,2000.0,3.9000819121525034
70_V2,2,2010.0,3.532903663800333
70_V2,2,2020.0,3.6013284454677708
70_V2,2,2030.0,3.6607111827198437
70_V2,2,2040.0,3.5299352871851064
70_V2,2,2050.0,3.1780708069923085
70_V2,2,2060.0,2.763237350702922
70_V2,2,2070.0,1.826555855097941
70_V2,2,2080.0,1.7690064939856114
70_V2,2,2090.0,1.8121629489621154
70_V2,2,2100.0,1.5908240542100969
70_V2,2,2110.0,1.8163080071732807
70_V2,2,2120.0,2.0900825216321293
70_V2,2,2130.0,1.795515285529801
70_V2,2,2140.0,1.4111057677756595
70_V2,2,2150.0,2.198278179729076
70_V2,2,2160.0,2.0502539915217155
70_V2,2,2170.0,1.6454227847332952
70_V2,2,2180.0,1.9439007740631795
70_V2,2,2190.0,2.146017782469251
70_V2,2,2200.0,1.9709460825796257
70_V2,2,2210.0,2.142767030008848
70_V2,2,2220.0,2.467849622329714
70_V2,2,2230.0,2.570045912498345
70_V2,2,2240.0,2.8418623406889836
70_V2,2,2250.0,2.9331740275173983
70_V2,2,2260.0,3.1357867003482993
70_V2,2,2270.0,3.4707150146806134
70_V2,2,2280.0,3.7416863620277745
70_V2,2,2290.0,3.6010692311083305
70_V2,2,2300.0,3.9161741018153458
70_V2,2,2310.0,4.381883270659946
70_V2,2,2320.0,4.107130613644328
70_V2,2,2330.0,4.182456011346175
70_V2,2,2340.0,4.410015311811758
70_V2,2,2350.0,4.6173935498161525
70_V2,2,2360.0,4.346051857612152
70_V2,2,2370.0,4.37379156217709
70_V2,2,2380.0,4.480576151647095
70_V2,2,2390.0,4.1658427353234515
70_V2,2,2400.0,4.1469667640523955
70_V2,2,2410.0,4.121772231406379
70_V2,2,2420.0,3.7374130237504923
70_V2,2,2430.0,3.614653042765814
70_V2,2,2440.0,2.8861491756428665
70_V2,2,2450.0,2.159795710934006
70_V2,2,2460.0,2.903007303103954
70_V2,2,2470.0,2.67767980390154
70_V2,2,2480.0,2.161988598944191
70_V2,2,2490.0,1.968039322468755
70_V2,2,2500.0,2.5256018249977883
70_V2,2,2510.0,2.05601189826064
70_V2,2,2520.0,1.5974982794694643
70_V2,2,2530.0,2.1244457539194928
70_V2,2,2540.0,2.1695985604982986
70_V2,2,2550.0,1.8434256139850826
70_V2,2,2560.0,2.168040247806239
70_V2,2,2570.0,2.2555860928868574
70_V2,2,2580.0,2.3693206813999796
70_V2,2,2590.0,2.5839023065403475
70_V2,2,2600.0,2.739784212366513
70_V2,2,2610.0,2.865141333123492
70_V2,2,2620.0,2.9603573511011847
70_V2,2,2630.0,3.015957161012738
70_V2,2,2640.0,3.0613463813313895
70_V2,2,2650.0,3.1709290632365095
70_V2,2,2660.0,3.638678544971545
70_V2,2,2670.0,3.285936817175121
70_V2,2,2680.0,3.4214810049215707
70_V2,2,2690.0,3.6816226003650896
70_V2,2,2700.0,3.62199505091682
70_V2,2,2710.0,3.5147487340273855
70_V2,2,2720.0,3.66472949429527
70_V2,2,2730.0,3.939279224608579
70_V2,2,2740.0,3.580356222628746
70_V2,2,2750.0,3.5230045335794586
70_V2,2,2760.0,3.475097157845866
70_V2,2,2770.0,3.123046956263477
70_V2,2,2780.0,3.065893994906925
70_V2,2,2790.0,2.635383195932276
70_V2,2,2800.0,2.0756886143547315
70_V2,2,2810.0,1.971730087103684
70_V2,2,2820.0,1.7082690536629912
70_V2,2,2830.0,1.5243760179787842
70_V2,2,2840.0,1.6703484505229604
70_V2,2,2850.0,1.9159976211207586
70_V2,2,2860.0,1.6871053169500936
70_V2,2,2870.0,1.1954045347828757
70_V2,2,2880.0,1.9189936181948948
70_V2,2,2890.0,1.8731157249506
70_V2,2,2900.0,1.5714180795299586
70_V2,2,2910.0,1.871571877249529
70_V2,2,2920.0,1.9208485864749363
70_V2,2,2930.0,1.7197206243003804
70_V2,2,2940.0,1.8330212831127102
70_V2,2,2950.0,2.1186897805597464
70_V2,2,2960.0,2.175120878505277
70_V2,2,2970.0,2.297081659547
70_V2,2,2980.0,2.2579992867525553
70_V2,2,2990.0,2.3038367970380316
70_V2,2,3000.0,2.4952650919525454
70_V2,2,3010.0,2.4286893661089555
70_V2,2,3020.0,2.3048784636528286
70_V2,2,3030.0,2.40705807037157
70_V2,2,3040.0,2.6613119597974455
70_V2,2,3050.0,2.5882890839466253
70_V2,2,3060.0,2.6876670225332546
70_V2,2,3070.0,2.9040822709198144
70_V2,2,3080.0,3.083251666240058
70_V2,2,3090.0,2.8419875539965354
70_V2,2,3100.0,2.967925145075569
70_V2,2,3110.0,3.167662424900662
70_V2,2,3120.0,3.001401243375681
70_V2,2,3130.0,3.0372795754488786
70_V2,2,3140.0,3.018693295197103
70_V2,2,3150.0,2.7005150748444846
70_V2,2,3160.0,2.6599708876092363
70_V2,2,3170.0,2.281705152232704
70_V2,2,3180.0,1.941300544914031
70_V2,2,3190.0,2.4474471172880166
70_V2,2,3200.0,2.179658352792738
70_V2,2,3210.0,1.8076613030240616
70_V2,2,3220.0,1.7129409784265426
70_V2,2,3230.0,2.167015589962167
70_V2,2,3240.0,1.914319698160186
70_V2,2,3250.0,1.523107641101979
70_V2,2,3260.0,2.17500947539055
70_V2,2,3270.0,2.0717564421700225
70_V2,2,3280.0,1.8572384274783338
70_V2,2,3290.0,2.128676590315078
70_V2,2,3300.0,2.4010508345629864
70_V2,2,3310.0,2.32724300076534
70_V2,2,3320.0,2.3543362169062414
70_V2,2,3330.0,2.539583573246137
70_V2,2,3340.0,2.647372221123407
70_V2,2,3350.0,2.8285182850887916
70_V2,2,3360.0,2.784694532642124
70_V2,2,3370.0,2.7357075692660215
70_V2,2,3380.0,2.909393389629533
70_V2,2,3390.0,3.324668899797905
70_V2,2,3400.0,2.9800853503625993
70_V2,2,3410.0,3.080865916803506
70_V2,2,3420.0,3.3069956561016545
70_V2,2,3430.0,3.3169388635302943
70_V2,2,3440.0,3.1335143633325764
70_V2,2,3450.0,3.2606518737905015
70_V2,2,3460.0,3.5397518187618195
70_V2,2,3470.0,3.171566306057153
70_V2,2,3480.0,3.3141852369715172
70_V2,2,3490.0,3.341995453311278
70_V2,2,3500.0,3.139987467166498
70_V2,2,3510.0,3.0807228394064268
70_V2,2,3520.0,2.6808900248727494
70_V2,2,3530.0,1.990583636703753
70_V2,2,3540.0,2.3114225620346334
70_V2,2,3550.0,1.9682829584420023
70_V2,2,3560.0,1.705764426955729
70_V2,2,3570.0,1.9691398802943734
70_V2,2,3580.0,2.26591064786943
70_V2,2,3590.0,1.932619732294139
70_V2,2,3600.0,1.4365488204599528
70_V2,2,3610.0,2.1736382693436633
70_V2,2,3620.0,1.9689192463478442
70_V2,2,3630.0,1.6064400389002487
70_V2,2,3640.0,2.0064762372883616
70_V2,2,3650.0,2.170518817328832
70_V2,2,3650.462962962963,2.192086383455533
70_V2,3,1830.0,1.9208462297095443
70_V2,3,1840.0,2.0111214374087245
70_V2,3,1850.0,2.0973653557350684
70_V2,3,1860.0,2.1571081804950905
70_V2,3,1870.0,2.252362117900073
70_V2,3,1880.0,2.2700675834158046
70_V2,3,1890.0,2.4251166380804166
70_V2,3,1900.0,2.437555100239651
70_V2,3,1910.0,2.384046625620008
70_V2,3,1920.0,2.457539827120999
70_V2,3,1930.0,2.7396551639460385
70_V2,3,1940.0,2.504570407364786
70_V2,3,1950.0,2.4708116348533977
70_V2,3,1960.0,2.5623273008269565
70_V2,3,1970.0,2.460293825355561
70_V2,3,1980.0,2.392982157628822
70_V2,3,1990.0,2.5032392194979587
70_V2,3,2000.0,2.750272578352513
70_V2,3,2010.0,2.5650338467446065
70_V2,3,2020.0,2.6378361215200927
70_V2,3,2030.0,2.759301248895465
70_V2,3,2040.0,2.69504294559525
70_V2,3,2050.0,2.7499125201444983
70_V2,3,2060.0,2.6499030902648744
70_V2,3,2070.0,2.0304047974167716
70_V2,3,2080.0,2.4428225588991146
70_V2,3,2090.0,2.164767005408226
70_V2,3,2100.0,1.7899311395281228
70_V2,3,2110.0,2.0624933983416622
70_V2,3,2120.0,2.4076504906028107
70_V2,3,2130.0,2.03957134798537
70_V2,3,2140.0,1.5016536363565423
70_V2,3,2150.0,2.244716997714542
70_V2,3,2160.0,1.9335288794246785
70_V2,3,2170.0,1.5067556805741769
70_V2,3,2180.0,2.02536167986223
70_V2,3,2190.0,1.9671297414712854
70_V2,3,2200.0,1.830765312893617
70_V2,3,2210.0,2.0383325699260033
70_V2,3,2220.0,2.2959046562679433
70_V2,3,2230.0,2.4244068435566133
70_V2,3,2240.0,2.5573958315550245
70_V2,3,2250.0,2.4375681697555645
70_V2,3,2260.0,2.4274892693776513
70_V2,3,2270.0,2.480323096621937
70_V2,3,2280.0,2.5483102606673684
70_V2,3,2290.0,2.3660475927958307
70_V2,3,2300.0,2.326243636669888
70_V2,3,2310.0,2.4778986740917652
70_V2,3,2320.0,2.2831873015540443
70_V2,3,2330.0,2.313415085650428
70_V2,3,2340.0,2.4593784310539033
70_V2,3,2350.0,2.477594032402245
70_V2,3,2360.0,2.3214823680646894
70_V2,3,2370.0,2.3119119881140198
70_V2,3,2380.0,2.46386910965688
70_V2,3,2390.0,2.379847636613868
70_V2,3,2400.0,2.397782940075866
70_V2,3,2410.0,2.468923117248339
70_V2,3,2420.0,2.346611190205177
70_V2,3,2430.0,2.2953220044313527
70_V2,3,2440.0,1.81257311025649
70_V2,3,2450.0,1.547205763224461
70_V2,3,2460.0,2.122639669433851
70_V2,3,2470.0,2.1660835463384744
70_V2,3,2480.0,1.8142645690468318
70_V2,3,2490.0,1.7295914281944178
70_V2,3,2500.0,2.2659549422362413
70_V2,3,2510.0,1.9332900744393018
70_V2,3,2520.0,1.4280043219752572
70_V2,3,2530.0,2.0469728544943484
70_V2,3,2540.0,2.066511779591958
70_V2,3,2550.0,1.844775692666817
70_V2,3,2560.0,2.252236427078267
70_V2,3,2570.0,2.4148542610586103
70_V2,3,2580.0,2.497657529092737
70_V2,3,2590.0,2.6375346481346926
70_V2,3,2600.0,2.856544332084842
70_V2,3,2610.0,2.95025650668833
70_V2,3,2620.0,3.0854299502971037
70_V2,3,2630.0,3.0944152457973475
70_V2,3,2640.0,2.9462563568696862
70_V2,3,2650.0,3.0195600448282063
70_V2,3,2660.0,3.277183580464443
70_V2,3,2670.0,2.9791096903327134
70_V2,3,2680.0,3.01065736788492
70_V2,3,2690.0,3.169249244062436
70_V2,3,2700.0,3.166539786479728
70_V2,3,2710.0,3.11232496523712
70_V2,3,2720.0,3.261363885991982
70_V2,3,2730.0,3.5392196377981477
70_V2,3,2740.0,3.162870275593943
70_V2,3,2750.0,3.2530373992939374
70_V2,3,2760.0,3.3859242313573064
70_V2,3,2770.0,3.343862814932894
70_V2,3,2780.0,3.3002322318178257
70_V2,3,2790.0,3.0353750835703543
70_V2,3,2800.0,2.2970902059664917
70_V2,3,2810.0,2.23658946096217
70_V2,3,2820.0,2.0483150137214787
70_V2,3,2830.0,1.730973480281812
70_V2,3,2840.0,2.0723622210449966
70_V2,3,2850.0,2.3606950217993132
70_V2,3,2860.0,2.079182669821221
70_V2,3,2870.0,1.4749654720320962
70_V2,3,2880.0,2.3215944046503547
70_V2,3,2890.0,2.1527568110838824
70_V2,3,2900.0,1.736435551253873
70_V2,3,2910.0,2.2965417083389648
70_V2,3,2920.0,2.6198284497674384
70_V2,3,2930.0,2.5543948265955114
70_V2,3,2940.0,2.825987809065513
70_V2,3,2950.0,3.1717626963446004
70_V2,3,2960.0,3.276803052002337
70_V2,3,2970.0,3.5167632929258064
70_V2,3,2980.0,3.419113236991982
70_V2,3,2990.0,3.4229827286633663
70_V2,3,3000.0,3.5364421385941136
70_V2,3,3010.0,3.6429856661305693
70_V2,3,3020.0,3.378514246998892
70_V2,3,3030.0,3.504662816243717
70_V2,3,3040.0,3.73396656990154
70_V2,3,3050.0,3.643832380600466
70_V2,3,3060.0,3.5772699700754536
70_V2,3,3070.0,3.7139197584835335
70_V2,3,3080.0,3.7563097073513605
70_V2,3,3090.0,3.4564881462339168
70_V2,3,3100.0,3.400398444493521
70_V2,3,3110.0,3.518152089266158
70_V2,3,3120.0,3.3427607287958523
70_V2,3,3130.0,3.2973192476906696
70_V2,3,3140.0,3.2687037251789994
70_V2,3,3150.0,3.106422090602994
70_V2,3,3160.0,3.1653322483874886
70_V2,3,3170.0,2.513153642090649
70_V2,3,3180.0,1.9631542333900356
70_V2,3,3190.0,2.2933172797208647
70_V2,3,3200.0,2.2842405245447677
70_V2,3,3210.0,1.7853880280006962
70_V2,3,3220.0,1.721555683550384
70_V2,3,3230.0,2.2814153853569525
70_V2,3,3240.0,1.8578010679125303
70_V2,3,3250.0,1.4555276264431707
70_V2,3,3260.0,2.0808297956612747
70_V2,3,3270.0,1.9411583867907776
70_V2,3,3280.0,1.6214228200657679
70_V2,3,3290.0,1.9067493832067801
70_V2,3,3300.0,2.07299156462273
70_V2,3,3310.0,2.101940113953681
70_V2,3,3320.0,2.2783576171487923
70_V2,3,3330.0,2.3819797899977417
70_V2,3,3340.0,2.3343862136994034
70_V2,3,3350.0,2.4418270554595893
70_V2,3,3360.0,2.479464812780687
70_V2,3,3370.0,2.4632165628209295
70_V2,3,3380.0,2.5603702422432706
70_V2,3,3390.0,2.7907167010669434
70_V2,3,3400.0,2.5105588622156767
70_V2,3,3410.0,2.5055350189925294
70_V2,3,3420.0,2.6795964864452837
70_V2,3,3430.0,2.70848875941675
70_V2,3,3440.0,2.599901746985523
70_V2,3,3450.0,2.720666639318768
70_V2,3,3460.0,2.947148471679691
70_V2,3,3470.0,2.6947279613149444
70_V2,3,3480.0,2.784087211799059
70_V2,3,3490.0,2.896379221910226
70_V2,3,3500.0,2.8627639272777694
70_V2,3,3510.0,2.8873386616340957
70_V2,3,3520.0,2.7301184887749796
70_V2,3,3530.0,2.2764474727375386
70_V2,3,3540.0,2.2505106728827657
70_V2,3,3550.0,2.20662255777348
70_V2,3,3560.0,1.9012115556365514
70_V2,3,3570.0,2.350563662688396
70_V2,3,3580.0,2.512998794853896
70_V2,3,3590.0,2.154724977235011
70_V2,3,3600.0,1.4500782854678782
70_V2,3,3610.0,2.4905837190202194
70_V2,3,3620.0,2.336987972453683
70_V2,3,3630.0,1.7868519643584047
70_V2,3,3640.0,2.149237544669564
70_V2,3,3650.0,2.153482306839289
70_V2,3,3650.462962962963,2.174411086240032
70_V2,4,1830.0,2.753885696683422
70_V2,4,1840.0,3.067900949686768
70_V2,4,1850.0,3.1865093147708645
70_V2,4,1860.0,3.3792293055427143
70_V2,4,1870.0,3.489638292840792
70_V2,4,1880.0,3.4937822472272884
70_V2,4,1890.0,3.510566456284272
70_V2,4,1900.0,3.4339164583732726
70_V2,4,1910.0,3.2495255709353223
70_V2,4,1920.0,3.228675586768889
70_V2,4,1930.0,3.374865233075988
70_V2,4,1940.0,3.0679108535584634
70_V2,4,1950.0,3.0199933950463214
70_V2,4,1960.0,3.10585519349071
70_V2,4,1970.0,3.01406316118686
70_V2,4,1980.0,2.9014269045863785
70_V2,4,1990.0,2.722641574965745
70_V2,4,2000.0,2.8030226351786998
70_V2,4,2010.0,2.555928979886294
70_V2,4,2020.0,2.609156613700491
70_V2,4,2030.0,2.610492891200318
70_V2,4,2040.0,2.477345103988884
70_V2,4,2050.0,2.52048197118481
70_V2,4,2060.0,2.4383045431092145
70_V2,4,2070.0,1.9928589499481277
70_V2,4,2080.0,2.3065820274670092
70_V2,4,2090.0,2.247913673055132
70_V2,4,2100.0,1.9342527124275926
70_V2,4,2110.0,2.3672233763653283
70_V2,4,2120.0,2.6725977464739366
70_V2,4,2130.0,2.255121539267095
70_V2,4,2140.0,1.5312881257429314
70_V2,4,2150.0,2.8790461285405433
70_V2,4,2160.0,2.5303001135091683
70_V2,4,2170.0,1.9834377961249696
70_V2,4,2180.0,2.56229085842914
70_V2,4,2190.0,2.6436042321505853
70_V2,4,2200.0,2.4656020593052608
70_V2,4,2210.0,2.726574865659232
70_V2,4,2220.0,3.090105990482969
70_V2,4,2230.0,3.156149010204735
70_V2,4,2240.0,3.2256109468267673
70_V2,4,2250.0,3.120573046895733
70_V2,4,2260.0,3.067620112170309
70_V2,4,2270.0,3.133545507791023
70_V2,4,2280.0,3.1785068974402995
70_V2,4,2290.0,2.885524614608881
70_V2,4,2300.0,2.8356209420354372
70_V2,4,2310.0,2.99346858110506
70_V2,4,2320.0,2.7575573237169513
70_V2,4,2330.0,2.6054038457280635
70_V2,4,2340.0,2.656290034610621
70_V2,4,2350.0,2.7097079018197068
70_V2,4,2360.0,2.409815296379884
70_V2,4,2370.0,2.331341090697254
70_V2,4,2380.0,2.463928723474734
70_V2,4,2390.0,2.39642101025742
70_V2,4,2400.0,2.316877159388931
70_V2,4,2410.0,2.3549893453457384
70_V2,4,2420.0,2.2676940425730985
70_V2,4,2430.0,2.3386485465436957
70_V2,4,2440.0,2.1199873142701273
70_V2,4,2450.0,1.562749398606668
70_V2,4,2460.0,2.094109704951216
70_V2,4,2470.0,2.015267598280534
70_V2,4,2480.0,1.776582089621811
70_V2,4,2490.0,1.7691811130972515
70_V2,4,2500.0,2.5618432075449773
70_V2,4,2510.0,2.1474652600971322
70_V2,4,2520.0,1.5987238022232644
70_V2,4,2530.0,2.3389809408863784
70_V2,4,2540.0,2.147964201641961
70_V2,4,2550.0,1.9441596832797117
70_V2,4,2560.0,2.3850525635198574
70_V2,4,2570.0,2.521984380361348
70_V2,4,2580.0,2.6141753600280353
70_V2,4,2590.0,2.699454365302681
70_V2,4,2600.0,2.947947854505972
70_V2,4,2610.0,2.9821135890125756
70_V2,4,2620.0,3.0860569049156417
70_V2,4,2630.0,3.0111761049200076
70_V2,4,2640.0,2.8237837928638045
70_V2,4,2650.0,2.817578894872855
70_V2,4,2660.0,2.990659794934942
70_V2,4,2670.0,2.7299887575944224
70_V2,4,2680.0,2.726456462816872
70_V2,4,2690.0,2.788476702464423
70_V2,4,2700.0,2.7152144277315045
70_V2,4,2710.0,2.482142139670056
70_V2,4,2720.0,2.4867071692738265
70_V2,4,2730.0,2.631167359156534
70_V2,4,2740.0,2.42707104821663
70_V2,4,2750.0,2.436484120172742
70_V2,4,2760.0,2.511332755364365
70_V2,4,2770.0,2.4698657533318666
70_V2,4,2780.0,2.5009999427631877
70_V2,4,2790.0,2.411499499970746
70_V2,4,2800.0,1.9987596315894176
70_V2,4,2810.0,2.269997757340029
70_V2,4,2820.0,2.43436820036493
70_V2,4,2830.0,2.156641440633755
70_V2,4,2840.0,2.658510462948514
70_V2,4,2850.0,2.9350865249153006
70_V2,4,2860.0,2.5906655195241917
70_V2,4,2870.0,1.7210904376224487
70_V2,4,2880.0,2.852050501912742
70_V2,4,2890.0,2.307983833102362
70_V2,4,2900.0,1.783730731230322
70_V2,4,2910.0,2.2942964821303753
70_V2,4,2920.0,2.2178447110354087
70_V2,4,2930.0,2.0771299301020236
70_V2,4,2940.0,2.1973831909150805
70_V2,4,2950.0,2.5208814986713737
70_V2,4,2960.0,2.5631989974304914
70_V2,4,2970.0,2.634112269195821
70_V2,4,2980.0,2.6056673799031254
70_V2,4,2990.0,2.5687837649535323
70_V2,4,3000.0,2.52413123073278
70_V2,4,3010.0,2.5287022998963833
70_V2,4,3020.0,2.288088888966712
70_V2,4,3030.0,2.201495581505723
70_V2,4,3040.0,2.175624941097367
70_V2,4,3050.0,1.9715478293983992
70_V2,4,3060.0,1.9271604157550963
70_V2,4,3070.0,1.9316007810287215
70_V2,4,3080.0,1.880880371046444
70_V2,4,3090.0,1.7245668659487745
70_V2,4,3100.0,1.6922911314466913
70_V2,4,3110.0,1.805164701882796
70_V2,4,3120.0,1.7391521707664797
70_V2,4,3130.0,1.7607300207898784
70_V2,4,3140.0,1.7689178411163802
70_V2,4,3150.0,1.7266530013474939
70_V2,4,3160.0,1.8909614659583809
70_V2,4,3170.0,1.6093838192948122
70_V2,4,3180.0,1.2996510888711288
70_V2,4,3190.0,1.8847184401785306
70_V2,4,3200.0,1.8595883492238436
70_V2,4,3210.0,1.6575839957713945
70_V2,4,3220.0,1.6858757929788595
70_V2,4,3230.0,2.2308532547076565
70_V2,4,3240.0,2.008316488108144
70_V2,4,3250.0,1.5348804053199552
70_V2,4,3260.0,2.3091086890407633
70_V2,4,3270.0,2.279277095024385
70_V2,4,3280.0,2.185685190139989
70_V2,4,3290.0,2.715943821645081
70_V2,4,3300.0,2.8801369313301786
70_V2,4,3310.0,2.9546064462853296
70_V2,4,3320.0,3.117477204025196
70_V2,4,3330.0,3.2764054692593008
70_V2,4,3340.0,3.3337441981480764
70_V2,4,3350.0,3.4432019317112976
70_V2,4,3360.0,3.3708953130735346
70_V2,4,3370.0,3.2701750563351046
70_V2,4,3380.0,3.2003358335714296
70_V2,4,3390.0,3.382956021722903
70_V2,4,3400.0,3.2063146759342773
70_V2,4,3410.0,3.1701490955931204
70_V2,4,3420.0,3.1273271676192786
70_V2,4,3430.0,3.084711851578273
70_V2,4,3440.0,2.939064349879978
70_V2,4,3450.0,2.7900456607096795
70_V2,4,3460.0,2.935097556791802
70_V2,4,3470.0,2.683501378823434
70_V2,4,3480.0,2.574799930989445
70_V2,4,3490.0,2.613323005340968
70_V2,4,3500.0,2.5842722618864737
70_V2,4,3510.0,2.5768910917118264
70_V2,4,3520.0,2.4962226814834034
70_V2,4,3530.0,2.144520242137897
70_V2,4,3540.0,2.2537898599316164
70_V2,4,3550.0,1.8821754005080886
70_V2,4,3560.0,1.6698829425422788
70_V2,4,3570.0,2.094223605293619
70_V2,4,3580.0,2.3868730828311517
70_V2,4,3590.0,2.1181193799951243
70_V2,4,3600.0,1.4449114281095532
70_V2,4,3610.0,2.6337490483664197
70_V2,4,3620.0,2.24220991906006
70_V2,4,3630.0,1.726582794085136
70_V2,4,3640.0,2.2480812042553766
70_V2,4,3650.0,2.4404622732493606
70_V2,4,3650.462962962963,2.462844500665005
105_V0,1,1830.0,0.02164179217204384
105_V0,1,1840.0,0.022008407786408928
105_V0,1,1850.0,0.021983687149996246
105_V0,1,1860.0,0.021737307578564798
105_V0,1,1870.0,0.020672837639291966
105_V0,1,1880.0,0.01946649438349252
105_V0,1,1890.0,0.019251600609056927
105_V0,1,1900.0,0.019375201913289192
105_V0,1,1910.0,0.020492139902107305
105_V0,1,1920.0,0.0205884961307994
105_V0,1,1930.0,0.02117805598474385
105_V0,1,1940.0,0.02167986409996008
105_V0,1,1950.0,0.022899080281265242
105_V0,1,1960.0,0.022807786034524522
105_V0,1,1970.0,0.02537788470267139
105_V0,1,1980.0,0.026572504084456196
105_V0,1,1990.0,0.02627317843827097
105_V0,1,2000.0,0.026131905787461107
105_V0,1,2010.0,0.0271171865167104
105_V0,1,2020.0,0.028633594654302548
105_V0,1,2030.0,0.02844773035873629
105_V0,1,2040.0,0.02774787677023878
105_V0,1,2050.0,0.02943672437083082
105_V0,1,2060.0,0.030965358984717542
105_V0,1,2070.0,0.029035772464775657
105_V0,1,2080.0,0.03346948976623084
105_V0,1,2090.0,0.03439681705130423
105_V0,1,2100.0,0.030044479477783943
105_V0,1,2110.0,0.029758074548704803
105_V0,1,2120.0,0.030824379724793165
105_V0,1,2130.0,0.03004033490850251
105_V0,1,2140.0,0.02591406215324768
105_V0,1,2150.0,0.02751637355046222
105_V0,1,2160.0,0.028858373170788404
105_V0,1,2170.0,0.029289763394243905
105_V0,1,2180.0,0.02631181382899018
105_V0,1,2190.0,0.026036951856719337
105_V0,1,2200.0,0.0265212803487316
105_V0,1,2210.0,0.026680969967718748
105_V0,1,2220.0,0.025417214267700605
105_V0,1,2230.0,0.025651165178393026
105_V0,1,2240.0,0.024491195221821648
105_V0,1,2250.0,0.023067283978979742
105_V0,1,2260.0,0.025504111281028516
105_V0,1,2270.0,0.021869202558628616
105_V0,1,2280.0,0.022130175900681087
105_V0,1,2290.0,0.020491291021344088
105_V0,1,2300.0,0.02041145737311624
105_V0,1,2310.0,0.021042628739930826
105_V0,1,2320.0,0.021265378168378028
105_V0,1,2330.0,0.019821444946155526
105_V0,1,2340.0,0.019613470347713626
105_V0,1,2350.0,0.019352650242529655
105_V0,1,2360.0,0.019852114796976607
105_V0,1,2370.0,0.020281486507022217
105_V0,1,2380.0,0.018654313793561007
105_V0,1,2390.0,0.01886594088757258
105_V0,1,2400.0,0.019846859043987274
105_V0,1,2410.0,0.01963989268178224
105_V0,1,2420.0,0.021750083136394698
105_V0,1,2430.0,0.01904728490963044
105_V0,1,2440.0,0.02011467717635253
105_V0,1,2450.0,0.018769630062873903
105_V0,1,2460.0,0.018867441647997685
105_V0,1,2470.0,0.016503481792779714
105_V0,1,2480.0,0.01664030057242649
105_V0,1,2490.0,0.01602512049405265
105_V0,1,2500.0,0.01721932807010056
105_V0,1,2510.0,0.02002741647037404
105_V0,1,2520.0,0.019644161127229127
105_V0,1,2530.0,0.019961913718106315
105_V0,1,2540.0,0.020279621561774673
105_V0,1,2550.0,0.020706071408161317
105_V0,1,2560.0,0.01991101666799999
105_V0,1,2570.0,0.019241251443897135
105_V0,1,2580.0,0.016769168824772203
105_V0,1,2590.0,0.017429119377721
105_V0,1,2600.0,0.01757785286384901
105_V0,1,2610.0,0.01736978595177783
105_V0,1,2620.0,0.017728714031117355
105_V0,1,2630.0,0.019035421173636713
105_V0,1,2640.0,0.02060724991951952
105_V0,1,2650.0,0.020801130468112872
105_V0,1,2660.0,0.021381568968248204
105_V0,1,2670.0,0.0217998827520871
105_V0,1,2680.0,0.020751399225804
105_V0,1,2690.0,0.019934880942590293
105_V0,1,2700.0,0.020984211132466964
105_V0,1,2710.0,0.0214970640303559
105_V0,1,2720.0,0.022379406594145564
105_V0,1,2730.0,0.022653803622260556
105_V0,1,2740.0,0.02388246485271319
105_V0,1,2750.0,0.022587799692947788
105_V0,1,2760.0,0.020604272507330823
105_V0,1,2770.0,0.020257026866350187
105_V0,1,2780.0,0.018647080394525065
105_V0,1,2790.0,0.020120102008517802
105_V0,1,2800.0,0.020644012794117237
105_V0,1,2810.0,0.02041032237550203
105_V0,1,2820.0,0.020118037991962354
105_V0,1,2830.0,0.02015235391217874
105_V0,1,2840.0,0.017116814333165857
105_V0,1,2850.0,0.017477870824724427
105_V0,1,2860.0,0.01761430472611463
105_V0,1,2870.0,0.01958225553947115
105_V0,1,2880.0,0.015437320632335522
105_V0,1,2890.0,0.014676352317680899
105_V0,1,2900.0,0.013743295502255707
105_V0,1,2910.0,0.013254746333609565
105_V0,1,2920.0,0.013555465519840795
105_V0,1,2930.0,0.013276029548694227
105_V0,1,2940.0,0.013931848635152141
105_V0,1,2950.0,0.014694365125654576
105_V0,1,2960.0,0.014337871465213259
105_V0,1,2970.0,0.014558330469892331
105_V0,1,2980.0,0.01467090347193058
105_V0,1,2990.0,0.014264748899151447
105_V0,1,3000.0,0.012703590107624516
105_V0,1,3010.0,0.014196820478858674
105_V0,1,3020.0,0.01371010462628319
105_V0,1,3030.0,0.016961692934302875
105_V0,1,3040.0,0.016712851710515307
105_V0,1,3050.0,0.013762357242412836
105_V0,1,3060.0,0.013441659116575475
105_V0,1,3070.0,0.014975073889261404
105_V0,1,3080.0,0.011370324408330709
105_V0,1,3090.0,0.010633164764122799
105_V0,1,3100.0,0.011044918686975254
105_V0,1,3110.0,0.010683199602980972
105_V0,1,3120.0,0.011949826215689777
105_V0,1,3130.0,0.011926951970587431
105_V0,1,3140.0,0.010147524716568315
105_V0,1,3150.0,0.010839814472124747
105_V0,1,3160.0,0.011394518387607905
105_V0,1,3170.0,0.011992545267420959
105_V0,1,3180.0,0.011667433402283807
105_V0,1,3190.0,0.01226858023786791
105_V0,1,3200.0,0.01369309691933619
105_V0,1,3210.0,0.014561186464940456
105_V0,1,3220.0,0.013915989357038049
105_V0,1,3230.0,0.011844062278265854
105_V0,1,3240.0,0.010829292202404521
105_V0,1,3250.0,0.011132419091089295
105_V0,1,3260.0,0.011849426478069589
105_V0,1,3270.0,0.012286105382352782
105_V0,1,3280.0,0.012750955688782987
105_V0,1,3290.0,0.014507830155760845
105_V0,1,3300.0,0.016616176106685296
105_V0,1,3310.0,0.018502426233768767
105_V0,1,3320.0,0.017899803679011183
105_V0,1,3330.0,0.017669511223532233
105_V0,1,3340.0,0.016223211523788174
105_V0,1,3350.0,0.016658108839516468
105_V0,1,3360.0,0.017979802832448287
105_V0,1,3370.0,0.018058739650365512
105_V0,1,3380.0,0.013616227354452434
105_V0,1,3390.0,0.01373385924087852
105_V0,1,3400.0,0.018082324750033192
105_V0,1,3410.0,0.016686483675692112
105_V0,1,3420.0,0.01718652063543462
105_V0,1,3430.0,0.01906753365931375
105_V0,1,3440.0,0.018496518290478055
105_V0,1,3450.0,0.015328460027715962
105_V0,1,3460.0,0.01543155237423946
105_V0,1,3470.0,0.015828944027256854
105_V0,1,3480.0,0.0169341428353429
105_V0,1,3490.0,0.019975101351813115
105_V0,1,3500.0,0.019557225362760486
105_V0,1,3510.0,0.019408577837317777
105_V0,1,3520.0,0.019428198587224395
105_V0,1,3530.0,0.021307372685595558
105_V0,1,3540.0,0.022163529701461383
105_V0,1,3550.0,0.02238997361939611
105_V0,1,3560.0,0.02419415336525079
105_V0,1,3570.0,0.02267435861723605
105_V0,1,3580.0,0.022511580720847066
105_V0,1,3590.0,0.020939639451174028
105_V0,1,3600.0,0.02164929958926811
105_V0,1,3610.0,0.02165757525591195
105_V0,1,3620.0,0.022406474127951482
105_V0,1,3630.0,0.022511374693160946
105_V0,1,3640.0,0.02353277049115908
105_V0,1,3650.0,0.023829141335513206
105_V0,1,3650.462962962963,0.023688887948927394
105_V0,2,1830.0,0.12108632049469784
105_V0,2,1840.0,0.12220987220207755
105_V0,2,1850.0,0.12388194669879034
105_V0,2,1860.0,0.125657025533025
105_V0,2,1870.0,0.12490330826780147
105_V0,2,1880.0,0.12911435898170534
105_V0,2,1890.0,0.12999454669279467
105_V0,2,1900.0,0.12949143024829662
105_V0,2,1910.0,0.12844400472859063
105_V0,2,1920.0,0.13172820863250095
105_V0,2,1930.0,0.13046817908014233
105_V0,2,1940.0,0.12712174113726457
105_V0,2,1950.0,0.12523103450386322
105_V0,2,1960.0,0.12681131899984047
105_V0,2,1970.0,0.12276641893515143
105_V0,2,1980.0,0.11998346936746584
105_V0,2,1990.0,0.12340293629879026
105_V0,2,2000.0,0.12485376565541537
105_V0,2,2010.0,0.12420507363834463
105_V0,2,2020.0,0.12173064566222207
105_V0,2,2030.0,0.11788006228474099
105_V0,2,2040.0,0.11845143342579716
105_V0,2,2050.0,0.11548469696314301
105_V0,2,2060.0,0.11565184780906328
105_V0,2,2070.0,0.11669328402283843
105_V0,2,2080.0,0.11025815739885733
105_V0,2,2090.0,0.10616193557607964
105_V0,2,2100.0,0.1066965230165637
105_V0,2,2110.0,0.10121375225692571
105_V0,2,2120.0,0.10114167159771481
105_V0,2,2130.0,0.10113190048375378
105_V0,2,2140.0,0.10535090461397853
105_V0,2,2150.0,0.105586004142693
105_V0,2,2160.0,0.10460063014218941
105_V0,2,2170.0,0.1017054143075777
105_V0,2,2180.0,0.10385378962666658
105_V0,2,2190.0,0.1055140072367943
105_V0,2,2200.0,0.10716827599190257
105_V0,2,2210.0,0.10832796335597401
105_V0,2,2220.0,0.10826685617733522
105_V0,2,2230.0,0.10969712746018916
105_V0,2,2240.0,0.11280325237681285
105_V0,2,2250.0,0.1129181965949205
105_V0,2,2260.0,0.11426233964897443
105_V0,2,2270.0,0.11350393023234484
105_V0,2,2280.0,0.11198861862927303
105_V0,2,2290.0,0.11089140349664757
105_V0,2,2300.0,0.11291065993586591
105_V0,2,2310.0,0.11451302331422694
105_V0,2,2320.0,0.11260833221700921
105_V0,2,2330.0,0.10734471521170408
105_V0,2,2340.0,0.1076104577299799
105_V0,2,2350.0,0.11006011907828876
105_V0,2,2360.0,0.11536593146506671
105_V0,2,2370.0,0.11562515511735223
105_V0,2,2380.0,0.11774795900488859
105_V0,2,2390.0,0.12145048832344937
105_V0,2,2400.0,0.12103369800302491
105_V0,2,2410.0,0.12167869851676798
105_V0,2,2420.0,0.12395567819913414
105_V0,2,2430.0,0.12539522015464882
105_V0,2,2440.0,0.1253900025401566
105_V0,2,2450.0,0.12352801723806292
105_V0,2,2460.0,0.1231966671412464
105_V0,2,2470.0,0.12223264590758712
105_V0,2,2480.0,0.12214421430136309
105_V0,2,2490.0,0.12461837282322341
105_V0,2,2500.0,0.12378097528733137
105_V0,2,2510.0,0.1255181388709532
105_V0,2,2520.0,0.1272924572848231
105_V0,2,2530.0,0.12596248968337748
105_V0,2,2540.0,0.12467707298192385
105_V0,2,2550.0,0.12350944817602658
105_V0,2,2560.0,0.12294036365020036
105_V0,2,2570.0,0.12122684401842307
105_V0,2,2580.0,0.12042985360650091
105_V0,2,2590.0,0.12047221935553813
105_V0,2,2600.0,0.11766263041292217
105_V0,2,2610.0,0.1185371015859937
105_V0,2,2620.0,0.11879391920483498
105_V0,2,2630.0,0.11996416579755165
105_V0,2,2640.0,0.11911007823294348
105_V0,2,2650.0,0.12034683801199249
105_V0,2,2660.0,0.11244007572867057
105_V0,2,2670.0,0.110661412900255
105_V0,2,2680.0,0.11070377357908741
105_V0,2,2690.0,0.11126849060943109
105_V0,2,2700.0,0.11065481674988324
105_V0,2,2710.0,0.1100771998317116
105_V0,2,2720.0,0.11163882884067364
105_V0,2,2730.0,0.1085189157842408
105_V0,2,2740.0,0.11111165491059347
105_V0,2,2750.0,0.11311261297516033
105_V0,2,2760.0,0.11126837049293974
105_V0,2,2770.0,0.11100626299271935
105_V0,2,2780.0,0.10943784764226398
105_V0,2,2790.0,0.11518723207046899
105_V0,2,2800.0,0.12023661589314352
105_V0,2,2810.0,0.12284485271049243
105_V0,2,2820.0,0.12655221288219262
105_V0,2,2830.0,0.12982186035318288
105_V0,2,2840.0,0.12977796865078775
105_V0,2,2850.0,0.12600891456029567
105_V0,2,2860.0,0.12314545732998845
105_V0,2,2870.0,0.12446733564482988
105_V0,2,2880.0,0.12315701716636167
105_V0,2,2890.0,0.12041866193153763
105_V0,2,2900.0,0.11778822761239971
105_V0,2,2910.0,0.11567661736630766
105_V0,2,2920.0,0.11158195461011577
105_V0,2,2930.0,0.1095410344397394
105_V0,2,2940.0,0.10844107363665678
105_V0,2,2950.0,0.10680518388090025
105_V0,2,2960.0,0.10360290993178181
105_V0,2,2970.0,0.10544660331993619
105_V0,2,2980.0,0.1063322564859401
105_V0,2,2990.0,0.10619436095918915
105_V0,2,3000.0,0.10514717424830104
105_V0,2,3010.0,0.10809695024830039
105_V0,2,3020.0,0.10823932180421489
105_V0,2,3030.0,0.109573442011544
105_V0,2,3040.0,0.11212340978269637
105_V0,2,3050.0,0.10776921318830338
105_V0,2,3060.0,0.10744627858565121
105_V0,2,3070.0,0.10504103197055861
105_V0,2,3080.0,0.1081581961459684
105_V0,2,3090.0,0.10954595581445328
105_V0,2,3100.0,0.10720445838062306
105_V0,2,3110.0,0.1011982276724569
105_V0,2,3120.0,0.09731433285454039
105_V0,2,3130.0,0.09868106814235408
105_V0,2,3140.0,0.1011092868905854
105_V0,2,3150.0,0.10356546236946526
105_V0,2,3160.0,0.10332195002377417
105_V0,2,3170.0,0.10518288282670671
105_V0,2,3180.0,0.10478611396531914
105_V0,2,3190.0,0.10038738620962231
105_V0,2,3200.0,0.09904982249386621
105_V0,2,3210.0,0.09624795287559268
105_V0,2,3220.0,0.09426322715422976
105_V0,2,3230.0,0.09738681382321437
105_V0,2,3240.0,0.09771358981467551
105_V0,2,3250.0,0.09868316955771653
105_V0,2,3260.0,0.09928583373707056
105_V0,2,3270.0,0.09624604452322577
105_V0,2,3280.0,0.09658005595284959
105_V0,2,3290.0,0.09393800845361397
105_V0,2,3300.0,0.09282270716532137
105_V0,2,3310.0,0.09629789507771123
105_V0,2,3320.0,0.09590697632702239
105_V0,2,3330.0,0.09762823009445301
105_V0,2,3340.0,0.09694643267172766
105_V0,2,3350.0,0.09783499648022279
105_V0,2,3360.0,0.09705213692143125
105_V0,2,3370.0,0.09864215043502092
105_V0,2,3380.0,0.10226300388927907
105_V0,2,3390.0,0.10108336461159242
105_V0,2,3400.0,0.09966961370934993
105_V0,2,3410.0,0.09653466628239664
105_V0,2,3420.0,0.09463591554964154
105_V0,2,3430.0,0.09600368906218477
105_V0,2,3440.0,0.10009211851863913
105_V0,2,3450.0,0.1008678608636961
105_V0,2,3460.0,0.09421890273955551
105_V0,2,3470.0,0.09446715850564083
105_V0,2,3480.0,0.09439651617205218
105_V0,2,3490.0,0.09176482119194082
105_V0,2,3500.0,0.08967242776883916
105_V0,2,3510.0,0.0864969519298522
105_V0,2,3520.0,0.08741386636386872
105_V0,2,3530.0,0.0894193251160693
105_V0,2,3540.0,0.09063885172325391
105_V0,2,3550.0,0.09151672460087631
105_V0,2,3560.0,0.09327051732384561
105_V0,2,3570.0,0.09321536203293324
105_V0,2,3580.0,0.09575790264937559
105_V0,2,3590.0,0.09342484647942867
105_V0,2,3600.0,0.0916848517734922
105_V0,2,3610.0,0.09254336056360704
105_V0,2,3620.0,0.09590464400655867
105_V0,2,3630.0,0.09578736937664933
105_V0,2,3640.0,0.09615060190965187
105_V0,2,3650.0,0.09741416423505961
105_V0,2,3650.462962962963,0.0972350576929217
105_V0,3,1830.0,0.7523741599090557
105_V0,3,1840.0,0.748644306697505
105_V0,3,1850.0,0.7555123403784937
105_V0,3,1860.0,0.7501933878697647
105_V0,3,1870.0,0.7462452857574211
105_V0,3,1880.0,0.7440098139312321
105_V0,3,1890.0,0.745636522868665
105_V0,3,1900.0,0.7445502826570392
105_V0,3,1910.0,0.7539729598154665
105_V0,3,1920.0,0.7514560933920513
105_V0,3,1930.0,0.7418222626703945
105_V0,3,1940.0,0.7452398843113326
105_V0,3,1950.0,0.7396008947668167
105_V0,3,1960.0,0.7328622480946098
105_V0,3,1970.0,0.7228268542433192
105_V0,3,1980.0,0.7230576781267973
105_V0,3,1990.0,0.7230076941047762
105_V0,3,2000.0,0.7223693669553638
105_V0,3,2010.0,0.7305060296938491
105_V0,3,2020.0,0.7343339890580873
105_V0,3,2030.0,0.732001802618534
105_V0,3,2040.0,0.7357187840014948
105_V0,3,2050.0,0.7377707045119642
105_V0,3,2060.0,0.7447260771728244
105_V0,3,2070.0,0.7484958851825951
105_V0,3,2080.0,0.752224252790849
105_V0,3,2090.0,0.7536909395567939
105_V0,3,2100.0,0.7489368290172103
105_V0,3,2110.0,0.7506991336197331
105_V0,3,2120.0,0.7544406040084886
105_V0,3,2130.0,0.7533421646217148
105_V0,3,2140.0,0.7598815998760363
105_V0,3,2150.0,0.7570039135142494
105_V0,3,2160.0,0.7621093616981979
105_V0,3,2170.0,0.7593022611345253
105_V0,3,2180.0,0.7612676687644645
105_V0,3,2190.0,0.7522488686690394
105_V0,3,2200.0,0.7481922319590446
105_V0,3,2210.0,0.7388414909444909
105_V0,3,2220.0,0.7399807495039955
105_V0,3,2230.0,0.7391380484671035
105_V0,3,2240.0,0.7466525288020848
105_V0,3,2250.0,0.7411313940653727
105_V0,3,2260.0,0.7335244064562341
105_V0,3,2270.0,0.7334907880372376
105_V0,3,2280.0,0.7452812545012214
105_V0,3,2290.0,0.7506841554958859
105_V0,3,2300.0,0.7538229838767746
105_V0,3,2310.0,0.7538671697214677
105_V0,3,2320.0,0.7510062454898789
105_V0,3,2330.0,0.7511992952761214
105_V0,3,2340.0,0.7548324804144213
105_V0,3,2350.0,0.748339087459298
105_V0,3,2360.0,0.7556918897774632
105_V0,3,2370.0,0.7515235062321327
105_V0,3,2380.0,0.7644131261656086
105_V0,3,2390.0,0.768593588417007
105_V0,3,2400.0,0.7671127680371584
105_V0,3,2410.0,0.7627564503056079
105_V0,3,2420.0,0.7569516572161064
105_V0,3,2430.0,0.7404815671611041
105_V0,3,2440.0,0.7353255254072658
105_V0,3,2450.0,0.7400394387836983
105_V0,3,2460.0,0.7290738890213438
105_V0,3,2470.0,0.7238657421328611
105_V0,3,2480.0,0.7362357336265736
105_V0,3,2490.0,0.7375635475336744
105_V0,3,2500.0,0.7424643539498901
105_V0,3,2510.0,0.7381202878546592
105_V0,3,2520.0,0.7368063875947751
105_V0,3,2530.0,0.7361336552123595
105_V0,3,2540.0,0.7340836568493294
105_V0,3,2550.0,0.7285024525637491
105_V0,3,2560.0,0.7285175273515132
105_V0,3,2570.0,0.7319452508066279
105_V0,3,2580.0,0.7362556861298319
105_V0,3,2590.0,0.7406590293745825
105_V0,3,2600.0,0.7322497615162907
105_V0,3,2610.0,0.7430035805886671
105_V0,3,2620.0,0.7447015902725325
105_V0,3,2630.0,0.7501157989775038
105_V0,3,2640.0,0.760211924662217
105_V0,3,2650.0,0.7618889188770732
105_V0,3,2660.0,0.7715792941965878
105_V0,3,2670.0,0.7626291551413014
105_V0,3,2680.0,0.7678088127402949
105_V0,3,2690.0,0.7645890132889184
105_V0,3,2700.0,0.7480099914699216
105_V0,3,2710.0,0.7305027384904067
105_V0,3,2720.0,0.7269173404994093
105_V0,3,2730.0,0.7262525918496796
105_V0,3,2740.0,0.738528263177726
105_V0,3,2750.0,0.7439058108464179
105_V0,3,2760.0,0.7361584095541145
105_V0,3,2770.0,0.7280828619842968
105_V0,3,2780.0,0.7263067600401533
105_V0,3,2790.0,0.729367793519934
105_V0,3,2800.0,0.7209082135151967
105_V0,3,2810.0,0.7086590126436605
105_V0,3,2820.0,0.713449352730961
105_V0,3,2830.0,0.7169609960547113
105_V0,3,2840.0,0.7231190200630707
105_V0,3,2850.0,0.72055865938362
105_V0,3,2860.0,0.7089828397372984
105_V0,3,2870.0,0.7114657661513308
105_V0,3,2880.0,0.7180860916899353
105_V0,3,2890.0,0.7234775864443191
105_V0,3,2900.0,0.7257096006584378
105_V0,3,2910.0,0.7245803374735029
105_V0,3,2920.0,0.7232675321699057
105_V0,3,2930.0,0.7085289593946626
105_V0,3,2940.0,0.7107911001098695
105_V0,3,2950.0,0.7089722201243811
105_V0,3,2960.0,0.7128892261463122
105_V0,3,2970.0,0.7205372045684709
105_V0,3,2980.0,0.718734036662813
105_V0,3,2990.0,0.7180304690558102
105_V0,3,3000.0,0.7225950288207749
105_V0,3,3010.0,0.722686885094942
105_V0,3,3020.0,0.7162503134754469
105_V0,3,3030.0,0.7153651124984195
105_V0,3,3040.0,0.7157483855977096
105_V0,3,3050.0,0.6953812341536513
105_V0,3,3060.0,0.6909552228012762
105_V0,3,3070.0,0.6920970046992486
105_V0,3,3080.0,0.6914374332155633
105_V0,3,3090.0,0.6997812712953971
105_V0,3,3100.0,0.6999061431315836
105_V0,3,3110.0,0.6960574741425345
105_V0,3,3120.0,0.6864145669072816
105_V0,3,3130.0,0.6885689994785142
105_V0,3,3140.0,0.6961756065449072
105_V0,3,3150.0,0.6836086601444735
105_V0,3,3160.0,0.6903842505062883
105_V0,3,3170.0,0.6892682788184022
105_V0,3,3180.0,0.6970614120877952
105_V0,3,3190.0,0.6937813392588965
105_V0,3,3200.0,0.6937241882778584
105_V0,3,3210.0,0.7003672986115593
105_V0,3,3220.0,0.6853672130117856
105_V0,3,3230.0,0.692576398333283
105_V0,3,3240.0,0.694464261222031
105_V0,3,3250.0,0.687349527563119
105_V0,3,3260.0,0.6869901378581005
105_V0,3,3270.0,0.6876955734700458
105_V0,3,3280.0,0.6913490526686646
105_V0,3,3290.0,0.7019748441616857
105_V0,3,3300.0,0.7081324513098675
105_V0,3,3310.0,0.7060226321172574
105_V0,3,3320.0,0.7145154959900967
105_V0,3,3330.0,0.7227767970611956
105_V0,3,3340.0,0.7173651938466825
105_V0,3,3350.0,0.718589059138519
105_V0,3,3360.0,0.7081831169365961
105_V0,3,3370.0,0.7091616334582238
105_V0,3,3380.0,0.7146480833349114
105_V0,3,3390.0,0.7164053121584167
105_V0,3,3400.0,0.6976774988467497
105_V0,3,3410.0,0.6995185051541372
105_V0,3,3420.0,0.7083625293934953
105_V0,3,3430.0,0.7086154621749108
105_V0,3,3440.0,0.7166822154399781
105_V0,3,3450.0,0.7195495035440362
105_V0,3,3460.0,0.7084166420045517
105_V0,3,3470.0,0.7146531733276794
105_V0,3,3480.0,0.7209786021329657
105_V0,3,3490.0,0.7233093612682597
105_V0,3,3500.0,0.7211169276100254
105_V0,3,3510.0,0.7320898934943735
105_V0,3,3520.0,0.7405355729258455
105_V0,3,3530.0,0.7420806164725989
105_V0,3,3540.0,0.7331002938658765
105_V0,3,3550.0,0.7320632965269467
105_V0,3,3560.0,0.7357596306956782
105_V0,3,3570.0,0.7312537596560539
105_V0,3,3580.0,0.7411827615579111
105_V0,3,3590.0,0.7360183530275095
105_V0,3,3600.0,0.7244703304414869
105_V0,3,3610.0,0.7260511323869192
105_V0,3,3620.0,0.7337251171616174
105_V0,3,3630.0,0.7336760288199485
105_V0,3,3640.0,0.7411832722744776
105_V0,3,3650.0,0.7257485482325816
105_V0,3,3650.462962962963,0.7265270749360727
105_V0,4,1830.0,3.979531426236748
105_V0,4,1840.0,3.9858504096443164
105_V0,4,1850.0,3.9590023492894195
105_V0,4,1860.0,3.968745629986165
105_V0,4,1870.0,3.952833558226615
105_V0,4,1880.0,3.9552576288025323
105_V0,4,1890.0,3.9480385651993695
105_V0,4,1900.0,3.95533608659134
105_V0,4,1910.0,3.91728294675379
105_V0,4,1920.0,3.9161097388569126
105_V0,4,1930.0,3.9187231784052594
105_V0,4,1940.0,3.929146624934476
105_V0,4,1950.0,3.921947737894534
105_V0,4,1960.0,3.938179815697223
105_V0,4,1970.0,3.9582354549071717
105_V0,4,1980.0,3.9626102205663414
105_V0,4,1990.0,3.9663144892398976
105_V0,4,2000.0,3.928037360982117
105_V0,4,2010.0,3.924179250939369
105_V0,4,2020.0,3.941211558492647
105_V0,4,2030.0,3.9154467730557245
105_V0,4,2040.0,3.9378072645498094
105_V0,4,2050.0,3.956990882297555
105_V0,4,2060.0,3.9213222347858165
105_V0,4,2070.0,3.931715044314072
105_V0,4,2080.0,3.9281733110603603
105_V0,4,2090.0,3.9412630449173753
105_V0,4,2100.0,3.9556567012318284
105_V0,4,2110.0,3.9591399836834285
105_V0,4,2120.0,3.960335198820219
105_V0,4,2130.0,3.95455586785262
105_V0,4,2140.0,3.9538490855055506
105_V0,4,2150.0,3.958187718169083
105_V0,4,2160.0,3.9604513283807288
105_V0,4,2170.0,3.9557034986126696
105_V0,4,2180.0,3.961805437918465
105_V0,4,2190.0,3.968338420298244
105_V0,4,2200.0,3.9863789158580003
105_V0,4,2210.0,4.004220724678496
105_V0,4,2220.0,4.007789063256635
105_V0,4,2230.0,3.994656762377379
105_V0,4,2240.0,3.9887570072692298
105_V0,4,2250.0,3.9931101055501337
105_V0,4,2260.0,3.959650416514593
105_V0,4,2270.0,3.9800197073698627
105_V0,4,2280.0,3.979799779283232
105_V0,4,2290.0,3.955822781355258
105_V0,4,2300.0,3.962734085823702
105_V0,4,2310.0,3.979112517012666
105_V0,4,2320.0,3.9619360276969764
105_V0,4,2330.0,3.967425030596968
105_V0,4,2340.0,3.9517476002567875
105_V0,4,2350.0,3.9582005974699896
105_V0,4,2360.0,3.936976951358136
105_V0,4,2370.0,3.9436166313941756
105_V0,4,2380.0,3.9200576726380687
105_V0,4,2390.0,3.933039960861928
105_V0,4,2400.0,3.9392275076126055
105_V0,4,2410.0,3.943565869501229
105_V0,4,2420.0,3.950983108188038
105_V0,4,2430.0,3.957948395924082
105_V0,4,2440.0,3.979095055880549
105_V0,4,2450.0,3.99947994130883
105_V0,4,2460.0,3.9924178378272446
105_V0,4,2470.0,3.9714746008109243
105_V0,4,2480.0,3.96042120954064
105_V0,4,2490.0,3.9800514607236614
105_V0,4,2500.0,3.96684779474673
105_V0,4,2510.0,3.968076953307726
105_V0,4,2520.0,3.9747347366629553
105_V0,4,2530.0,3.990014190781095
105_V0,4,2540.0,3.9818870519945513
105_V0,4,2550.0,4.005713816590385
105_V0,4,2560.0,4.0085353623839755
105_V0,4,2570.0,4.019652825187526
105_V0,4,2580.0,4.003834780403894
105_V0,4,2590.0,3.999868446179126
105_V0,4,2600.0,4.001253859974435
105_V0,4,2610.0,3.9865604769913907
105_V0,4,2620.0,3.9717653981351377
105_V0,4,2630.0,3.958927961801913
105_V0,4,2640.0,3.9547597055737524
105_V0,4,2650.0,3.970442840652093
105_V0,4,2660.0,3.986556545056657
105_V0,4,2670.0,3.981620055495747
105_V0,4,2680.0,3.978619742288597
105_V0,4,2690.0,3.9781797828984664
105_V0,4,2700.0,4.015878727159196
105_V0,4,2710.0,4.018656998307565
105_V0,4,2720.0,4.022415652817946
105_V0,4,2730.0,4.010857351436732
105_V0,4,2740.0,3.987477258758178
105_V0,4,2750.0,3.9622917764807646
105_V0,4,2760.0,4.000572737490644
105_V0,4,2770.0,3.9650710437008065
105_V0,4,2780.0,3.9902155898479776
105_V0,4,2790.0,4.0037775157700235
105_V0,4,2800.0,3.9942495082962752
105_V0,4,2810.0,3.981301754437628
105_V0,4,2820.0,3.984031006893808
105_V0,4,2830.0,3.9995484656410456
105_V0,4,2840.0,3.9756530313309377
105_V0,4,2850.0,3.968481712432419
105_V0,4,2860.0,3.992117153197058
105_V0,4,2870.0,3.9763188016598314
105_V0,4,2880.0,3.991719136472183
105_V0,4,2890.0,3.9640612029031166
105_V0,4,2900.0,3.9950131404870044
105_V0,4,2910.0,4.00831674559943
105_V0,4,2920.0,4.033628181574859
105_V0,4,2930.0,4.020411573899247
105_V0,4,2940.0,4.052111715698333
105_V0,4,2950.0,4.040087806211632
105_V0,4,2960.0,4.019194721261119
105_V0,4,2970.0,4.015169619295862
105_V0,4,2980.0,3.993301861949302
105_V0,4,2990.0,4.020305118224422
105_V0,4,3000.0,4.033572998378405
105_V0,4,3010.0,4.045501443718374
105_V0,4,3020.0,4.047893239808991
105_V0,4,3030.0,4.05281997581115
105_V0,4,3040.0,4.030654921314291
105_V0,4,3050.0,4.061941165267674
105_V0,4,3060.0,4.062987514243468
105_V0,4,3070.0,4.078075633363183
105_V0,4,3080.0,4.08498984846284
105_V0,4,3090.0,4.060950242641726
105_V0,4,3100.0,4.065461380877403
105_V0,4,3110.0,4.095860342005577
105_V0,4,3120.0,4.10208961441585
105_V0,4,3130.0,4.094633081594812
105_V0,4,3140.0,4.108484332589403
105_V0,4,3150.0,4.115356701572264
105_V0,4,3160.0,4.095528635079314
105_V0,4,3170.0,4.095028080538899
105_V0,4,3180.0,4.087852423283573
105_V0,4,3190.0,4.105632877051425
105_V0,4,3200.0,4.111187770905516
105_V0,4,3210.0,4.109058509184992
105_V0,4,3220.0,4.133850930904406
105_V0,4,3230.0,4.150123932233161
105_V0,4,3240.0,4.120260934775873
105_V0,4,3250.0,4.126994107597955
105_V0,4,3260.0,4.1133752288866
105_V0,4,3270.0,4.131964131259595
105_V0,4,3280.0,4.122754993230719
105_V0,4,3290.0,4.092407716973835
105_V0,4,3300.0,4.098456759687773
105_V0,4,3310.0,4.107604764926151
105_V0,4,3320.0,4.091664260754579
105_V0,4,3330.0,4.0879714552017505
105_V0,4,3340.0,4.082393549128033
105_V0,4,3350.0,4.086422644544173
105_V0,4,3360.0,4.0875107686605805
105_V0,4,3370.0,4.099696753167258
105_V0,4,3380.0,4.087807082373272
105_V0,4,3390.0,4.094860651577252
105_V0,4,3400.0,4.112918989531668
105_V0,4,3410.0,4.09695516260743
105_V0,4,3420.0,4.072241427040164
105_V0,4,3430.0,4.080166936715009
105_V0,4,3440.0,4.078097750270805
105_V0,4,3450.0,4.059110991115974
105_V0,4,3460.0,4.069198889640856
105_V0,4,3470.0,4.057430166137514
105_V0,4,3480.0,4.075536944793439
105_V0,4,3490.0,4.046498729046624
105_V0,4,3500.0,4.0712428394222515
105_V0,4,3510.0,4.078800113138891
105_V0,4,3520.0,4.040677038201047
105_V0,4,3530.0,4.036868104869727
105_V0,4,3540.0,4.041783880603244
105_V0,4,3550.0,4.019148476742581
105_V0,4,3560.0,4.016215897815952
105_V0,4,3570.0,4.0144684530952945
105_V0,4,3580.0,3.9848659372484336
105_V0,4,3590.0,3.995528075373889
105_V0,4,3600.0,4.022105328917637
105_V0,4,3610.0,4.016019645601982
105_V0,4,3620.0,4.0005787993473145
105_V0,4,3630.0,3.995306406214047
105_V0,4,3640.0,4.010421768140292
105_V0,4,3650.0,4.011456437739763
105_V0,4,3650.462962962963,4.01419830240156
105_V1,1,1860.0,0.08516166957876506
105_V1,1,1870.0,0.14996089319731165
105_V1,1,1880.0,0.12474068119155494
105_V1,1,1890.0,0.08173000755955469
105_V1,1,1900.0,0.058247802990543336
105_V1,1,1910.0,0.03594864418345905
105_V1,1,1920.0,0.05885367214218619
105_V1,1,1930.0,0.08000567901547365
105_V1,1,1940.0,0.21266811925692738
105_V1,1,1950.0,0.35575486601308415
105_V1,1,1960.0,0.5649462309178525
105_V1,1,1970.0,0.9035427572549128
105_V1,1,1980.0,1.2821489219361892
105_V1,1,1990.0,1.4067837101276999
105_V1,1,2000.0,1.452475005302518
105_V1,1,2010.0,1.5421176248721893
105_V1,1,2020.0,1.4773201262473865
105_V1,1,2030.0,1.2421726000217648
105_V1,1,2040.0,0.9415656741579845
105_V1,1,2050.0,0.6426685748641138
105_V1,1,2060.0,0.36334912333918024
105_V1,1,2070.0,0.1272014897948193
105_V1,1,2080.0,0.009797329367929219
105_V1,1,2090.0,0.0020126096122469457
105_V1,1,2220.0,0.037322566993500686
105_V1,1,2230.0,0.13337664559677356
105_V1,1,2240.0,0.14529455113694004
105_V1,1,2250.0,0.11960352413510238
105_V1,1,2260.0,0.11944080873232434
105_V1,1,2270.0,0.14650083435189865
105_V1,1,2280.0,0.11049657468058952
105_V1,1,2290.0,0.18474489617434348
105_V1,1,2300.0,0.2836224372380622
105_V1,1,2310.0,0.4366611820090515
105_V1,1,2320.0,0.5589712823070827
105_V1,1,2330.0,0.5762657631482057
105_V1,1,2340.0,0.8489233077370186
105_V1,1,2350.0,1.0899351738741765
105_V1,1,2360.0,1.321677497271659
105_V1,1,2370.0,1.4758757142890464
105_V1,1,2380.0,1.4725087422941692
105_V1,1,2390.0,1.284117750201236
105_V1,1,2400.0,1.0481613985144578
105_V1,1,2410.0,0.7855501324714063
105_V1,1,2420.0,0.48915027837167735
105_V1,1,2430.0,0.19654628955653314
105_V1,1,2440.0,0.03969368583645976
105_V1,1,2450.0,0.006089360518747041
105_V1,1,2590.0,0.08784042978962331
105_V1,1,2600.0,0.14751936779397992
105_V1,1,2610.0,0.1360066580565143
105_V1,1,2620.0,0.08713251804440164
105_V1,1,2630.0,0.07699809939570426
105_V1,1,2640.0,0.15271138763363845
105_V1,1,2650.0,0.2404216935410434
105_V1,1,2660.0,0.39476411235927217
105_V1,1,2670.0,0.38232214032192335
105_V1,1,2680.0,0.6205175000065882
105_V1,1,2690.0,0.843331955819213
105_V1,1,2700.0,1.1771686166413973
105_V1,1,2710.0,1.283310494883689
105_V1,1,2720.0,1.284999606689854
105_V1,1,2730.0,1.4804304588361472
105_V1,1,2740.0,1.3288780437021526
105_V1,1,2750.0,1.2435356853981285
105_V1,1,2760.0,1.0517539524783037
105_V1,1,2770.0,0.7897938989969778
105_V1,1,2780.0,0.5301676890236291
105_V1,1,2790.0,0.2311765169579573
105_V1,1,2800.0,0.08027532825535168
105_V1,1,2810.0,0.01360607147690115
105_V1,1,2820.0,0.002611016873423193
105_V1,1,2950.0,0.03522838861905886
105_V1,1,2960.0,0.12728507869766797
105_V1,1,2970.0,0.13552507979493952
105_V1,1,2980.0,0.1106429989807594
105_V1,1,2990.0,0.07359515873100406
105_V1,1,3000.0,0.06563047493097575
105_V1,1,3010.0,0.10595330116286084
105_V1,1,3020.0,0.20053432228292206
105_V1,1,3030.0,0.39835547775694813
105_V1,1,3040.0,0.5906247618685918
105_V1,1,3050.0,1.003032102109452
105_V1,1,3060.0,1.2366534823134414
105_V1,1,3070.0,1.556356936119376
105_V1,1,3080.0,1.6750601903413613
105_V1,1,3090.0,1.8115298356689433
105_V1,1,3100.0,1.806052505285153
105_V1,1,3110.0,1.662985770772158
105_V1,1,3120.0,1.420325909349465
105_V1,1,3130.0,1.1144210253890363
105_V1,1,3140.0,0.8242997590754862
105_V1,1,3150.0,0.5069136128735684
105_V1,1,3160.0,0.14998584642399596
105_V1,1,3170.0,0.03196270327566776
105_V1,1,3180.0,0.007770022514059638
105_V1,1,3320.0,0.09269602639145899
105_V1,1,3330.0,0.14756568637850492
105_V1,1,3340.0,0.15569538755682893
105_V1,1,3350.0,0.13435363286489582
105_V1,1,3360.0,0.10084108837371912
105_V1,1,3370.0,0.12698236814326552
105_V1,1,3380.0,0.12382260600605813
105_V1,1,3390.0,0.1655628374504632
105_V1,1,3400.0,0.20648497939921176
105_V1,1,3410.0,0.2267639557196046
105_V1,1,3420.0,0.2889690490357199
105_V1,1,3430.0,0.357338826754195
105_V1,1,3440.0,0.4916601389903897
105_V1,1,3450.0,0.7008349832799223
105_V1,1,3460.0,0.7534669500991281
105_V1,1,3470.0,0.840915033527228
105_V1,1,3480.0,0.6985090269033125
105_V1,1,3490.0,0.6379571650481823
105_V1,1,3500.0,0.5272152750939789
105_V1,1,3510.0,0.38888618092656985
105_V1,1,3520.0,0.22380018270033714
105_V1,1,3530.0,0.09241728955858723
105_V1,1,3540.0,0.008628465406341516
105_V1,2,1850.0,0.03154229822728547
105_V1,2,1860.0,0.24156061229496864
105_V1,2,1870.0,0.39499397656774493
105_V1,2,1880.0,0.36992613794962936
105_V1,2,1890.0,0.3667677867413348
105_V1,2,1900.0,0.4448018660415369
105_V1,2,1910.0,0.41602804003391136
105_V1,2,1920.0,0.3837485950201901
105_V1,2,1930.0,0.5527140155777073
105_V1,2,1940.0,0.7820047227732672
105_V1,2,1950.0,0.915032413985156
105_V1,2,1960.0,1.0117843486770328
105_V1,2,1970.0,1.1877895107239969
105_V1,2,1980.0,1.325449461439351
105_V1,2,1990.0,1.5795655736958565
105_V1,2,2000.0,1.6790346200440256
105_V1,2,2010.0,1.685748974869193
105_V1,2,2020.0,1.5895748327402948
105_V1,2,2030.0,1.3668622624406235
105_V1,2,2040.0,0.9706491702839715
105_V1,2,2050.0,0.6902339749216965
105_V1,2,2060.0,0.2936763256416962
105_V1,2,2070.0,0.087343233284472
105_V1,2,2080.0,0.00856508175401804
105_V1,2,2220.0,0.1312569971818757
105_V1,2,2230.0,0.35884416843578676
105_V1,2,2240.0,0.39458158064662185
105_V1,2,2250.0,0.3796276469519257
105_V1,2,2260.0,0.36781036228652747
105_V1,2,2270.0,0.4073529496118401
105_V1,2,2280.0,0.5919425940077695
105_V1,2,2290.0,0.7462802805173465
105_V1,2,2300.0,0.8676332403404003
105_V1,2,2310.0,1.0437339020321106
105_V1,2,2320.0,1.2064189903322422
105_V1,2,2330.0,1.3357471760728634
105_V1,2,2340.0,1.4097563704933977
105_V1,2,2350.0,1.4523585185577377
105_V1,2,2360.0,1.4256811034046768
105_V1,2,2370.0,1.710904724055883
105_V1,2,2380.0,1.6509885334793504
105_V1,2,2390.0,1.4865229486287284
105_V1,2,2400.0,1.0642031017497269
105_V1,2,2410.0,0.8228056034361405
105_V1,2,2420.0,0.486372813775999
105_V1,2,2430.0,0.14631302203019486
105_V1,2,2440.0,0.045475538114896775
105_V1,2,2450.0,0.004078975947251572
105_V1,2,2580.0,0.029433534290440277
105_V1,2,2590.0,0.23677276033824946
105_V1,2,2600.0,0.35709790189182666
105_V1,2,2610.0,0.3377644175915274
105_V1,2,2620.0,0.3191181842509522
105_V1,2,2630.0,0.35105710225915865
105_V1,2,2640.0,0.4167484380729959
105_V1,2,2650.0,0.5091720461827719
105_V1,2,2660.0,0.5165576101844813
105_V1,2,2670.0,0.626357246336735
105_V1,2,2680.0,0.7634354295490586
105_V1,2,2690.0,0.9360723698295929
105_V1,2,2700.0,1.0120628467171229
105_V1,2,2710.0,1.066669002587429
105_V1,2,2720.0,1.0562047815778313
105_V1,2,2730.0,1.2361326894265872
105_V1,2,2740.0,1.17589979090344
105_V1,2,2750.0,1.2036931763073944
105_V1,2,2760.0,1.1079285564897554
105_V1,2,2770.0,0.9393524267938439
105_V1,2,2780.0,0.6295956879477491
105_V1,2,2790.0,0.34776639465984893
105_V1,2,2800.0,0.12609747281484068
105_V1,2,2810.0,0.012344774784608527
105_V1,2,2950.0,0.1315917732402127
105_V1,2,2960.0,0.3635446083563857
105_V1,2,2970.0,0.41683451206791267
105_V1,2,2980.0,0.36818071209471187
105_V1,2,2990.0,0.2591430936430751
105_V1,2,3000.0,0.22130822254089966
105_V1,2,3010.0,0.26296086725936285
105_V1,2,3020.0,0.2830108825306466
105_V1,2,3030.0,0.3553585469958451
105_V1,2,3040.0,0.48845635826188694
105_V1,2,3050.0,0.6797421513178299
105_V1,2,3060.0,0.829930106099558
105_V1,2,3070.0,0.8744731224035514
105_V1,2,3080.0,1.2704081988473632
105_V1,2,3090.0,1.4142540701974364
105_V1,2,3100.0,1.3288301693675157
105_V1,2,3110.0,1.14394789037241
105_V1,2,3120.0,1.0094222965138875
105_V1,2,3130.0,0.8170791883989239
105_V1,2,3140.0,0.6218154842435346
105_V1,2,3150.0,0.39623153313522896
105_V1,2,3160.0,0.17063514519164896
105_V1,2,3170.0,0.04481821719801593
105_V1,2,3180.0,0.0034966393036942518
105_V1,2,3310.0,0.03324125820827173
105_V1,2,3320.0,0.2912338796598072
105_V1,2,3330.0,0.47849949375598594
105_V1,2,3340.0,0.44724306270743464
105_V1,2,3350.0,0.4094190821219608
105_V1,2,3360.0,0.403109564432771
105_V1,2,3370.0,0.45069898841114786
105_V1,2,3380.0,0.48885962635477487
105_V1,2,3390.0,0.6900443458144696
105_V1,2,3400.0,0.9721723212160149
105_V1,2,3410.0,1.0914017774635332
105_V1,2,3420.0,1.3651894251299086
105_V1,2,3430.0,1.596807691293876
105_V1,2,3440.0,1.7428244753318853
105_V1,2,3450.0,1.8639401545739953
105_V1,2,3460.0,1.9907394997514551
105_V1,2,3470.0,2.098053465135011
105_V1,2,3480.0,1.9566344733243788
105_V1,2,3490.0,1.6707183731083135
105_V1,2,3500.0,1.3132231917422013
105_V1,2,3510.0,0.9233948528537974
105_V1,2,3520.0,0.38730447222374564
105_V1,2,3530.0,0.14924043730566125
105_V1,2,3540.0,0.008418678406658837
105_V1,3,1850.0,0.1649508003156761
105_V1,3,1860.0,0.8365240099507837
105_V1,3,1870.0,1.331152094988132
105_V1,3,1880.0,1.5078090237717325
105_V1,3,1890.0,1.5566636831064096
105_V1,3,1900.0,1.5929860793214072
105_V1,3,1910.0,1.9274489950196219
105_V1,3,1920.0,2.4192281187373132
105_V1,3,1930.0,2.8031863461444213
105_V1,3,1940.0,3.1228285993764304
105_V1,3,1950.0,3.410508447748911
105_V1,3,1960.0,3.624087097997503
105_V1,3,1970.0,3.7431520785412866
105_V1,3,1980.0,3.7724550068796203
105_V1,3,1990.0,3.620031631586419
105_V1,3,2000.0,3.565296751051961
105_V1,3,2010.0,3.4199049444587217
105_V1,3,2020.0,3.1175393754472784
105_V1,3,2030.0,2.696884822194369
105_V1,3,2040.0,2.2364121435085145
105_V1,3,2050.0,1.6497212990039802
105_V1,3,2060.0,0.938439210034544
105_V1,3,2070.0,0.1519720948771985
105_V1,3,2080.0,0.04868202913205977
105_V1,3,2210.0,0.022139055208825063
105_V1,3,2220.0,0.5013135999056207
105_V1,3,2230.0,1.2286459056755255
105_V1,3,2240.0,1.4989628964392039
105_V1,3,2250.0,1.534217651533036
105_V1,3,2260.0,1.6332928455945332
105_V1,3,2270.0,1.8056145264482026
105_V1,3,2280.0,2.244761768885695
105_V1,3,2290.0,2.921485498986669
105_V1,3,2300.0,3.4334557321601658
105_V1,3,2310.0,3.853388971799999
105_V1,3,2320.0,3.8865962323725247
105_V1,3,2330.0,4.198415392972899
105_V1,3,2340.0,4.305651349530082
105_V1,3,2350.0,4.346981334584706
105_V1,3,2360.0,4.243804486538536
105_V1,3,2370.0,4.0403419601229125
105_V1,3,2380.0,3.7525465646275555
105_V1,3,2390.0,3.34472298273293
105_V1,3,2400.0,2.843210897252252
105_V1,3,2410.0,2.265851352673011
105_V1,3,2420.0,1.418509081386175
105_V1,3,2430.0,0.32075894049574843
105_V1,3,2440.0,0.10340029778775958
105_V1,3,2450.0,0.004118424741210482
105_V1,3,2580.0,0.17433507018477096
105_V1,3,2590.0,0.8824111981404169
105_V1,3,2600.0,1.4264156366169538
105_V1,3,2610.0,1.6173369078018929
105_V1,3,2620.0,1.7210034064098114
105_V1,3,2630.0,1.8559004479822765
105_V1,3,2640.0,2.0405936394580264
105_V1,3,2650.0,2.3515829639110297
105_V1,3,2660.0,2.721808751345633
105_V1,3,2670.0,3.1082513289844433
105_V1,3,2680.0,3.3140780350441323
105_V1,3,2690.0,3.547338051349196
105_V1,3,2700.0,4.014016795566508
105_V1,3,2710.0,3.6567328996417516
105_V1,3,2720.0,3.5894586641060764
105_V1,3,2730.0,3.433426018840534
105_V1,3,2740.0,3.227369996604955
105_V1,3,2750.0,2.887804036398729
105_V1,3,2760.0,2.4807856546662865
105_V1,3,2770.0,2.054540382355296
105_V1,3,2780.0,1.5234986551308116
105_V1,3,2790.0,0.9049951961014229
105_V1,3,2800.0,0.14375370440064594
105_V1,3,2810.0,0.03171607591863529
105_V1,3,2940.0,0.025499944985720398
105_V1,3,2950.0,0.46347008794098415
105_V1,3,2960.0,1.1645915217199028
105_V1,3,2970.0,1.4437942490921885
105_V1,3,2980.0,1.5509084395107666
105_V1,3,2990.0,1.585309038552309
105_V1,3,3000.0,1.7257974076966645
105_V1,3,3010.0,1.8494173270099368
105_V1,3,3020.0,1.869184681581262
105_V1,3,3030.0,1.9185932064925275
105_V1,3,3040.0,2.017023430325235
105_V1,3,3050.0,2.15440159602227
105_V1,3,3060.0,2.3417493103202625
105_V1,3,3070.0,2.431053677349187
105_V1,3,3080.0,2.587996308271154
105_V1,3,3090.0,2.5737475263192184
105_V1,3,3100.0,2.46830824437012
105_V1,3,3110.0,2.3305325224317945
105_V1,3,3120.0,2.129391760158609
105_V1,3,3130.0,1.8427097555148069
105_V1,3,3140.0,1.4948633876732853
105_V1,3,3150.0,0.9904145164574075
105_V1,3,3160.0,0.2543179859919106
105_V1,3,3170.0,0.11471083026135771
105_V1,3,3180.0,0.005499011986434981
105_V1,3,3310.0,0.18665357508645836
105_V1,3,3320.0,0.8776806341942196
105_V1,3,3330.0,1.315273812930608
105_V1,3,3340.0,1.4112640734618291
105_V1,3,3350.0,1.3733622916081132
105_V1,3,3360.0,1.3240894033393213
105_V1,3,3370.0,1.3136160317998393
105_V1,3,3380.0,1.3488333886442292
105_V1,3,3390.0,1.477202004834973
105_V1,3,3400.0,1.6827623412378323
105_V1,3,3410.0,1.8673253992675267
105_V1,3,3420.0,2.061759136018663
105_V1,3,3430.0,2.179772867511585
105_V1,3,3440.0,2.227182429372225
105_V1,3,3450.0,2.19806231006521
105_V1,3,3460.0,2.177063489703263
105_V1,3,3470.0,2.0461062580340426
105_V1,3,3480.0,1.8635559621558673
105_V1,3,3490.0,1.6671137539696037
105_V1,3,3500.0,1.3531498601810819
105_V1,3,3510.0,1.0011942101625537
105_V1,3,3520.0,0.6045519632218972
105_V1,3,3530.0,0.15967731447871986
105_V1,3,3540.0,0.039597848387504325
105_V1,4,1840.0,0.009343690099864138
105_V1,4,1850.0,0.6724244618885099
105_V1,4,1860.0,2.6685815893131553
105_V1,4,1870.0,4.466464344992488
105_V1,4,1880.0,5.820012362203176
105_V1,4,1890.0,7.1555876105272915
105_V1,4,1900.0,8.313217719913357
105_V1,4,1910.0,8.964570189395833
105_V1,4,1920.0,9.275374729996251
105_V1,4,1930.0,9.593477574615429
105_V1,4,1940.0,9.942826609537228
105_V1,4,1950.0,10.014671035271578
105_V1,4,1960.0,9.596654707753386
105_V1,4,1970.0,9.474770483040334
105_V1,4,1980.0,9.01619187098721
105_V1,4,1990.0,8.560042528435341
105_V1,4,2000.0,8.2890721750873
105_V1,4,2010.0,7.769760026882148
105_V1,4,2020.0,7.353830575649054
105_V1,4,2030.0,6.716625258481005
105_V1,4,2040.0,5.862970409940409
105_V1,4,2050.0,4.564235796118173
105_V1,4,2060.0,2.75992878224737
105_V1,4,2070.0,0.38332549891282297
105_V1,4,2080.0,0.16069468618851518
105_V1,4,2210.0,0.17860224991367685
105_V1,4,2220.0,1.5534512526088355
105_V1,4,2230.0,3.660405054974967
105_V1,4,2240.0,5.083910882113443
105_V1,4,2250.0,6.418156920778299
105_V1,4,2260.0,7.5706672226751355
105_V1,4,2270.0,8.427392477725705
105_V1,4,2280.0,9.089433462928884
105_V1,4,2290.0,9.487613810919134
105_V1,4,2300.0,9.302433189769026
105_V1,4,2310.0,9.259345079820378
105_V1,4,2320.0,8.98544264762587
105_V1,4,2330.0,8.811561386735473
105_V1,4,2340.0,8.47870548896692
105_V1,4,2350.0,8.272760564427276
105_V1,4,2360.0,7.939812231959254
105_V1,4,2370.0,7.577720637802413
105_V1,4,2380.0,7.18210772696342
105_V1,4,2390.0,6.6513804366049865
105_V1,4,2400.0,5.835304191262262
105_V1,4,2410.0,4.91986076568759
105_V1,4,2420.0,3.3251998594324874
105_V1,4,2430.0,1.9155376127479613
105_V1,4,2440.0,0.23244767749057044
105_V1,4,2450.0,0.041858207117436826
105_V1,4,2570.0,0.01213169377858862
105_V1,4,2580.0,0.7071254850356319
105_V1,4,2590.0,2.7282469731067676
105_V1,4,2600.0,4.468693969941606
105_V1,4,2610.0,5.850699427635779
105_V1,4,2620.0,7.101973349473806
105_V1,4,2630.0,8.297089585267518
105_V1,4,2640.0,9.04288107170743
105_V1,4,2650.0,9.257987196495101
105_V1,4,2660.0,9.374327445707022
105_V1,4,2670.0,9.396863743410517
105_V1,4,2680.0,9.539407575473586
105_V1,4,2690.0,9.554890271492733
105_V1,4,2700.0,9.492172096282543
105_V1,4,2710.0,9.329046368788742
105_V1,4,2720.0,9.13545634846687
105_V1,4,2730.0,8.796009362585913
105_V1,4,2740.0,8.299862901977422
105_V1,4,2750.0,7.680776486781122
105_V1,4,2760.0,6.988843699564123
105_V1,4,2770.0,6.052538807730377
105_V1,4,2780.0,4.712171448349232
105_V1,4,2790.0,2.8919537097219874
105_V1,4,2800.0,0.43061681735397217
105_V1,4,2810.0,0.15492295627915148
105_V1,4,2940.0,0.17226933629306473
105_V1,4,2950.0,1.5823470443115513
105_V1,4,2960.0,3.6590286482211893
105_V1,4,2970.0,5.143908296947749
105_V1,4,2980.0,6.5027222200672155
105_V1,4,2990.0,7.710237186821322
105_V1,4,3000.0,8.71821140498504
105_V1,4,3010.0,9.438042711339087
105_V1,4,3020.0,10.157427046945156
105_V1,4,3030.0,10.496191131919828
105_V1,4,3040.0,10.52301935735008
105_V1,4,3050.0,10.386807480887198
105_V1,4,3060.0,10.10675716744504
105_V1,4,3070.0,9.732541211722765
105_V1,4,3080.0,9.289574833946086
105_V1,4,3090.0,8.973146646794387
105_V1,4,3100.0,8.660050856576778
105_V1,4,3110.0,8.244079607696507
105_V1,4,3120.0,7.695561193690068
105_V1,4,3130.0,6.861656375947801
105_V1,4,3140.0,5.814186107753574
105_V1,4,3150.0,3.967128227706001
105_V1,4,3160.0,2.278057772586522
105_V1,4,3170.0,0.2194842074635095
105_V1,4,3180.0,0.04033587394606181
105_V1,4,3300.0,0.013183157456035469
105_V1,4,3310.0,0.6771085543044899
105_V1,4,3320.0,2.619675866231565
105_V1,4,3330.0,4.426213885827567
105_V1,4,3340.0,5.834484263642299
105_V1,4,3350.0,7.139499300018093
105_V1,4,3360.0,8.454274544631259
105_V1,4,3370.0,9.634477685500377
105_V1,4,3380.0,10.341371573469411
105_V1,4,3390.0,10.584491789928773
105_V1,4,3400.0,10.644802802774597
105_V1,4,3410.0,10.634448309287496
105_V1,4,3420.0,10.589144097056753
105_V1,4,3430.0,10.12785573388397
105_V1,4,3440.0,9.877989799273337
105_V1,4,3450.0,9.46973096856475
105_V1,4,3460.0,8.96722333668556
105_V1,4,3470.0,8.602698447563021
105_V1,4,3480.0,8.090037086028131
105_V1,4,3490.0,7.373812553734625
105_V1,4,3500.0,6.417906460231523
105_V1,4,3510.0,4.9922452996751
105_V1,4,3520.0,3.042563747635281
105_V1,4,3530.0,0.4914251115653845
105_V1,4,3540.0,0.16067339668131017
105_V1,4,3550.0,0.0023857207167919813
105_V2,1,1830.0,0.0983108693429546
105_V2,1,1840.0,0.08401821871219317
105_V2,1,1850.0,0.08106121152876514
105_V2,1,1860.0,0.08698088937166365
105_V2,1,1870.0,0.08827479560978899
105_V2,1,1880.0,0.09209465316398828
105_V2,1,1890.0,0.09969688454470957
105_V2,1,1900.0,0.08579353744565796
105_V2,1,1910.0,0.08747480752750678
105_V2,1,1920.0,0.09719575088221402
105_V2,1,1930.0,0.1275985960178057
105_V2,1,1940.0,0.09187833392855235
105_V2,1,1950.0,0.10118402189059987
105_V2,1,1960.0,0.1126858363830463
105_V2,1,1970.0,0.10420488544025044
105_V2,1,1980.0,0.09978190185188167
105_V2,1,1990.0,0.1047266499146082
105_V2,1,2000.0,0.11498392368273169
105_V2,1,2010.0,0.09271206253324393
105_V2,1,2020.0,0.09449531643995883
105_V2,1,2030.0,0.08528257317467916
105_V2,1,2040.0,0.08501100468045361
105_V2,1,2050.0,0.08453751804206593
105_V2,1,2060.0,0.06378169195698455
105_V2,1,2070.0,0.04440331927483497
105_V2,1,2080.0,0.05884868999094224
105_V2,1,2090.0,0.03900777963543244
105_V2,1,2100.0,0.027982503557476012
105_V2,1,2110.0,0.03650376742074759
105_V2,1,2120.0,0.027244210243238125
105_V2,1,2130.0,0.029269129107204077
105_V2,1,2140.0,0.02688582365021384
105_V2,1,2150.0,0.05805978901587415
105_V2,1,2160.0,0.06561555971261993
105_V2,1,2170.0,0.06373998028165077
105_V2,1,2180.0,0.08444899661342967
105_V2,1,2190.0,0.07827375858462993
105_V2,1,2200.0,0.07081455133897
105_V2,1,2210.0,0.07510796745480312
105_V2,1,2220.0,0.07278736379445623
105_V2,1,2230.0,0.07718484342641252
105_V2,1,2240.0,0.08644176045681148
105_V2,1,2250.0,0.08180763565478259
105_V2,1,2260.0,0.08021429602658285
105_V2,1,2270.0,0.08504237846757627
105_V2,1,2280.0,0.08444369698094459
105_V2,1,2290.0,0.0766302519161407
105_V2,1,2300.0,0.07143519381161849
105_V2,1,2310.0,0.09164802698336123
105_V2,1,2320.0,0.07766859719629765
105_V2,1,2330.0,0.08157559472123499
105_V2,1,2340.0,0.09044803361311005
105_V2,1,2350.0,0.09218849696898182
105_V2,1,2360.0,0.08138795516581013
105_V2,1,2370.0,0.09061083536021837
105_V2,1,2380.0,0.1048499500750362
105_V2,1,2390.0,0.0904263155128757
105_V2,1,2400.0,0.09250072119118267
105_V2,1,2410.0,0.08426500255407197
105_V2,1,2420.0,0.0659652872692397
105_V2,1,2430.0,0.05705931343270228
105_V2,1,2440.0,0.05081500098067243
105_V2,1,2450.0,0.03192131532866597
105_V2,1,2460.0,0.04590117607652532
105_V2,1,2470.0,0.037312839112000104
105_V2,1,2480.0,0.02975195466624218
105_V2,1,2490.0,0.034381685880104346
105_V2,1,2500.0,0.04948239671339489
105_V2,1,2510.0,0.04674407482126107
105_V2,1,2520.0,0.03308533360265699
105_V2,1,2530.0,0.0602783246112127
105_V2,1,2540.0,0.0648474810113818
105_V2,1,2550.0,0.0625114948968842
105_V2,1,2560.0,0.07193648146199035
105_V2,1,2570.0,0.06928770778115725
105_V2,1,2580.0,0.06543524432897577
105_V2,1,2590.0,0.06563075527871567
105_V2,1,2600.0,0.06843733771025878
105_V2,1,2610.0,0.06929005080575038
105_V2,1,2620.0,0.07483360461582061
105_V2,1,2630.0,0.07206526322434596
105_V2,1,2640.0,0.07165268734669533
105_V2,1,2650.0,0.06680776910476552
105_V2,1,2660.0,0.0843656270949425
105_V2,1,2670.0,0.06396205477406404
105_V2,1,2680.0,0.07034698428336002
105_V2,1,2690.0,0.08831326558903849
105_V2,1,2700.0,0.07855328483946802
105_V2,1,2710.0,0.08138531938202136
105_V2,1,2720.0,0.09767913226317759
105_V2,1,2730.0,0.12822899209608726
105_V2,1,2740.0,0.10077526827048433
105_V2,1,2750.0,0.10485705639849212
105_V2,1,2760.0,0.10421212065249015
105_V2,1,2770.0,0.09782522207876207
105_V2,1,2780.0,0.09524208138843278
105_V2,1,2790.0,0.06301617461703571
105_V2,1,2800.0,0.04467956929635505
105_V2,1,2810.0,0.06266535622807567
105_V2,1,2820.0,0.052392433444572686
105_V2,1,2830.0,0.03205420627906176
105_V2,1,2840.0,0.04045455218554293
105_V2,1,2850.0,0.03720771657609489
105_V2,1,2860.0,0.03607647796903741
105_V2,1,2870.0,0.02394607728052136
105_V2,1,2880.0,0.044133903887925124
105_V2,1,2890.0,0.05492673384054007
105_V2,1,2900.0,0.056525553838491206
105_V2,1,2910.0,0.07329509837265198
105_V2,1,2920.0,0.07906120255427443
105_V2,1,2930.0,0.07423111241900004
105_V2,1,2940.0,0.07521373743404632
105_V2,1,2950.0,0.07609578153025112
105_V2,1,2960.0,0.07716195087142458
105_V2,1,2970.0,0.0806939048920857
105_V2,1,2980.0,0.07002527915337022
105_V2,1,2990.0,0.06950058123384951
105_V2,1,3000.0,0.07260747077217475
105_V2,1,3010.0,0.07704327658684963
105_V2,1,3020.0,0.06478712422710871
105_V2,1,3030.0,0.07141559681461276
105_V2,1,3040.0,0.08788577886572571
105_V2,1,3050.0,0.06207616171152871
105_V2,1,3060.0,0.0641199104030289
105_V2,1,3070.0,0.07374722271359221
105_V2,1,3080.0,0.07086928529557819
105_V2,1,3090.0,0.0605920545913101
105_V2,1,3100.0,0.061342601411053355
105_V2,1,3110.0,0.06930984368570584
105_V2,1,3120.0,0.062199760234461325
105_V2,1,3130.0,0.06288957922482667
105_V2,1,3140.0,0.05864436948778126
105_V2,1,3150.0,0.039908609335385606
105_V2,1,3160.0,0.04069431066842254
105_V2,1,3170.0,0.04479982899968719
105_V2,1,3180.0,0.03841484616211243
105_V2,1,3190.0,0.05110661761051938
105_V2,1,3200.0,0.040630692900063194
105_V2,1,3210.0,0.03299433372203223
105_V2,1,3220.0,0.03785707041730546
105_V2,1,3230.0,0.042468821887217297
105_V2,1,3240.0,0.049570400353096886
105_V2,1,3250.0,0.047981115174705526
105_V2,1,3260.0,0.06948320296437561
105_V2,1,3270.0,0.05193810303964008
105_V2,1,3280.0,0.052598761591837774
105_V2,1,3290.0,0.06987579443782828
105_V2,1,3300.0,0.0744365820901983
105_V2,1,3310.0,0.06994941279194865
105_V2,1,3320.0,0.07558138336767173
105_V2,1,3330.0,0.077188350197546
105_V2,1,3340.0,0.07335477389655788
105_V2,1,3350.0,0.0758405020428282
105_V2,1,3360.0,0.07056102639966619
105_V2,1,3370.0,0.06977878246915857
105_V2,1,3380.0,0.07370328995394071
105_V2,1,3390.0,0.09304915879903664
105_V2,1,3400.0,0.07250382092091098
105_V2,1,3410.0,0.07929442781750799
105_V2,1,3420.0,0.09696805213677186
105_V2,1,3430.0,0.0817385496301038
105_V2,1,3440.0,0.08595820802453387
105_V2,1,3450.0,0.09765451143584163
105_V2,1,3460.0,0.12233393896475368
105_V2,1,3470.0,0.09949220185227522
105_V2,1,3480.0,0.10431461779167353
105_V2,1,3490.0,0.10233746044146996
105_V2,1,3500.0,0.09169657801002751
105_V2,1,3510.0,0.0876977892916969
105_V2,1,3520.0,0.05175768799210735
105_V2,1,3530.0,0.04218134073426254
105_V2,1,3540.0,0.054654649106887054
105_V2,1,3550.0,0.043257825361722665
105_V2,1,3560.0,0.03002648870776444
105_V2,1,3570.0,0.038544217954502545
105_V2,1,3580.0,0.034637998030662503
105_V2,1,3590.0,0.034705966450816
105_V2,1,3600.0,0.029140600972093488
105_V2,1,3610.0,0.057617709018829864
105_V2,1,3620.0,0.053834373576652696
105_V2,1,3630.0,0.044316152046721166
105_V2,1,3640.0,0.0594137802354988
105_V2,1,3650.0,0.06010272721177277
105_V2,1,3650.462962962963,0.060406808237355
105_V2,2,1830.0,0.23742629845627924
105_V2,2,1840.0,0.25238172405166137
105_V2,2,1850.0,0.24364773692859715
105_V2,2,1860.0,0.257498510904155
105_V2,2,1870.0,0.27984384432533255
105_V2,2,1880.0,0.29679939485067636
105_V2,2,1890.0,0.32108856434473887
105_V2,2,1900.0,0.3110676618515226
105_V2,2,1910.0,0.3099861374093577
105_V2,2,1920.0,0.3413521600373347
105_V2,2,1930.0,0.440734855375928
105_V2,2,1940.0,0.3274373031692181
105_V2,2,1950.0,0.34071512491709743
105_V2,2,1960.0,0.3891247784890696
105_V2,2,1970.0,0.34055865286437575
105_V2,2,1980.0,0.34607107069388937
105_V2,2,1990.0,0.3875177143976666
105_V2,2,2000.0,0.4658583828253489
105_V2,2,2010.0,0.36909813277394454
105_V2,2,2020.0,0.3918679144760239
105_V2,2,2030.0,0.40158066640720075
105_V2,2,2040.0,0.3695555923907389
105_V2,2,2050.0,0.3662174797080528
105_V2,2,2060.0,0.2686405179475712
105_V2,2,2070.0,0.1708300148067233
105_V2,2,2080.0,0.23991614588475602
105_V2,2,2090.0,0.17732365058746394
105_V2,2,2100.0,0.12364409573740194
105_V2,2,2110.0,0.16306309472584743
105_V2,2,2120.0,0.1541631328108631
105_V2,2,2130.0,0.12527335785980692
105_V2,2,2140.0,0.06454993060215618
105_V2,2,2150.0,0.14790007731026586
105_V2,2,2160.0,0.17846785082502276
105_V2,2,2170.0,0.17200089317516157
105_V2,2,2180.0,0.23327693968563884
105_V2,2,2190.0,0.267079666078738
105_V2,2,2200.0,0.25186146575690904
105_V2,2,2210.0,0.265849433460801
105_V2,2,2220.0,0.31109111867234157
105_V2,2,2230.0,0.30992320815050317
105_V2,2,2240.0,0.33863414239562106
105_V2,2,2250.0,0.3238557783228097
105_V2,2,2260.0,0.32277151232462387
105_V2,2,2270.0,0.3489910024556023
105_V2,2,2280.0,0.35602632419991
105_V2,2,2290.0,0.31452758015059323
105_V2,2,2300.0,0.3489189835944956
105_V2,2,2310.0,0.39862458786811705
105_V2,2,2320.0,0.3138340296393024
105_V2,2,2330.0,0.32072525982222755
105_V2,2,2340.0,0.3806780820638619
105_V2,2,2350.0,0.38012603619409735
105_V2,2,2360.0,0.32862482608236154
105_V2,2,2370.0,0.33467114204030324
105_V2,2,2380.0,0.3856131788011979
105_V2,2,2390.0,0.3274788085434307
105_V2,2,2400.0,0.32310619634477133
105_V2,2,2410.0,0.3145905935952018
105_V2,2,2420.0,0.27224507136492465
105_V2,2,2430.0,0.21989833203606485
105_V2,2,2440.0,0.19612570857600437
105_V2,2,2450.0,0.13049037889206022
105_V2,2,2460.0,0.2014570603505131
105_V2,2,2470.0,0.20063203493832008
105_V2,2,2480.0,0.14607765033887088
105_V2,2,2490.0,0.1488758241599451
105_V2,2,2500.0,0.1739129903259288
105_V2,2,2510.0,0.1693741288775133
105_V2,2,2520.0,0.1349036671980746
105_V2,2,2530.0,0.23991254347576074
105_V2,2,2540.0,0.2537464832601254
105_V2,2,2550.0,0.23570078092118943
105_V2,2,2560.0,0.28589677112228784
105_V2,2,2570.0,0.2912087088131477
105_V2,2,2580.0,0.28896461010974694
105_V2,2,2590.0,0.3045593638855323
105_V2,2,2600.0,0.31656021119924554
105_V2,2,2610.0,0.32182143397388774
105_V2,2,2620.0,0.3491479867353993
105_V2,2,2630.0,0.3280340821748124
105_V2,2,2640.0,0.3248381631273123
105_V2,2,2650.0,0.3709772508870131
105_V2,2,2660.0,0.4878358798002587
105_V2,2,2670.0,0.36122288074927217
105_V2,2,2680.0,0.3760980853580789
105_V2,2,2690.0,0.4419093228217326
105_V2,2,2700.0,0.3855612445431521
105_V2,2,2710.0,0.3767559253613359
105_V2,2,2720.0,0.40393272149886383
105_V2,2,2730.0,0.46519851766623266
105_V2,2,2740.0,0.36247517866525847
105_V2,2,2750.0,0.36756276466449844
105_V2,2,2760.0,0.3813381875855554
105_V2,2,2770.0,0.3600299871721873
105_V2,2,2780.0,0.33628259760268914
105_V2,2,2790.0,0.2414610858648846
105_V2,2,2800.0,0.15245045564069434
105_V2,2,2810.0,0.23115521482081172
105_V2,2,2820.0,0.18530995678358678
105_V2,2,2830.0,0.12344036113716594
105_V2,2,2840.0,0.15207333802597164
105_V2,2,2850.0,0.12156663509088997
105_V2,2,2860.0,0.11011971517818045
105_V2,2,2870.0,0.08685535271092981
105_V2,2,2880.0,0.18132693998308552
105_V2,2,2890.0,0.16320904216227364
105_V2,2,2900.0,0.13594395349376537
105_V2,2,2910.0,0.20077721215032054
105_V2,2,2920.0,0.22517540019559426
105_V2,2,2930.0,0.23726130756500882
105_V2,2,2940.0,0.25970144299650844
105_V2,2,2950.0,0.3045812922596295
105_V2,2,2960.0,0.326571434660752
105_V2,2,2970.0,0.3596302110367301
105_V2,2,2980.0,0.3515036464355003
105_V2,2,2990.0,0.358539384650496
105_V2,2,3000.0,0.40500072329938136
105_V2,2,3010.0,0.42971693417677886
105_V2,2,3020.0,0.3716304864156651
105_V2,2,3030.0,0.40696930606773085
105_V2,2,3040.0,0.5007822948619254
105_V2,2,3050.0,0.3991843361814239
105_V2,2,3060.0,0.4181220548702762
105_V2,2,3070.0,0.4789616990593976
105_V2,2,3080.0,0.45878764909833664
105_V2,2,3090.0,0.38696872813721744
105_V2,2,3100.0,0.3965237549919267
105_V2,2,3110.0,0.436546801433602
105_V2,2,3120.0,0.37708052279362103
105_V2,2,3130.0,0.3646341893453803
105_V2,2,3140.0,0.35609919748777663
105_V2,2,3150.0,0.3195377116450516
105_V2,2,3160.0,0.25320104712134744
105_V2,2,3170.0,0.23906173336908004
105_V2,2,3180.0,0.15933598273179958
105_V2,2,3190.0,0.23185595214814483
105_V2,2,3200.0,0.1959665798023491
105_V2,2,3210.0,0.14794744373814728
105_V2,2,3220.0,0.1545161408186992
105_V2,2,3230.0,0.18127627891157352
105_V2,2,3240.0,0.17622695559357854
105_V2,2,3250.0,0.13979442020048877
105_V2,2,3260.0,0.23220344483762106
105_V2,2,3270.0,0.22357994001371453
105_V2,2,3280.0,0.189833055024688
105_V2,2,3290.0,0.2421936952237059
105_V2,2,3300.0,0.27356683217116473
105_V2,2,3310.0,0.2819791958688728
105_V2,2,3320.0,0.295681128770777
105_V2,2,3330.0,0.3144961173790235
105_V2,2,3340.0,0.3136633107236825
105_V2,2,3350.0,0.33752072879224715
105_V2,2,3360.0,0.3177474870336156
105_V2,2,3370.0,0.3167672049096047
105_V2,2,3380.0,0.34997248261853886
105_V2,2,3390.0,0.4329869464746567
105_V2,2,3400.0,0.3214848609287319
105_V2,2,3410.0,0.33074843601950477
105_V2,2,3420.0,0.3498169070413756
105_V2,2,3430.0,0.3013731113251487
105_V2,2,3440.0,0.2967706843097974
105_V2,2,3450.0,0.3114788369192526
105_V2,2,3460.0,0.4026558853549395
105_V2,2,3470.0,0.29942556421981714
105_V2,2,3480.0,0.31993722773040056
105_V2,2,3490.0,0.3379099101074719
105_V2,2,3500.0,0.3104690990274365
105_V2,2,3510.0,0.307387144335196
105_V2,2,3520.0,0.2152017224719316
105_V2,2,3530.0,0.1608881401756537
105_V2,2,3540.0,0.23191013110239975
105_V2,2,3550.0,0.18254425645017114
105_V2,2,3560.0,0.11406145304865312
105_V2,2,3570.0,0.15094789349233637
105_V2,2,3580.0,0.14658224021981353
105_V2,2,3590.0,0.12081704578868686
105_V2,2,3600.0,0.07706900748371998
105_V2,2,3610.0,0.17094793660502403
105_V2,2,3620.0,0.18547412505804564
105_V2,2,3630.0,0.1586163210929353
105_V2,2,3640.0,0.2128107014316259
105_V2,2,3650.0,0.23363034241275038
105_V2,2,3650.462962962963,0.23547374764137485
105_V2,3,1830.0,0.8984640762127851
105_V2,3,1840.0,1.0192133351451713
105_V2,3,1850.0,1.0121089707331612
105_V2,3,1860.0,1.069663833546618
105_V2,3,1870.0,1.127999390116282
105_V2,3,1880.0,1.1505040092184757
105_V2,3,1890.0,1.2902488861360897
105_V2,3,1900.0,1.2395772162778673
105_V2,3,1910.0,1.2258910599716573
105_V2,3,1920.0,1.3402207146028082
105_V2,3,1930.0,1.6697006642112817
105_V2,3,1940.0,1.2282617475242794
105_V2,3,1950.0,1.2356139732414309
105_V2,3,1960.0,1.342535217775568
105_V2,3,1970.0,1.2134195192593005
105_V2,3,1980.0,1.1395162537751462
105_V2,3,1990.0,1.232586296669076
105_V2,3,2000.0,1.4331889775664295
105_V2,3,2010.0,1.1087482052761737
105_V2,3,2020.0,1.1394176197558774
105_V2,3,2030.0,1.212933635058836
105_V2,3,2040.0,1.1418720167178988
105_V2,3,2050.0,1.128295426612684
105_V2,3,2060.0,0.9287068262078698
105_V2,3,2070.0,0.670725742516628
105_V2,3,2080.0,1.0581872988528271
105_V2,3,2090.0,0.9985332463964733
105_V2,3,2100.0,0.7229882590795024
105_V2,3,2110.0,0.9327500738473768
105_V2,3,2120.0,0.9462411561704356
105_V2,3,2130.0,0.7613985421616176
105_V2,3,2140.0,0.49861489049515273
105_V2,3,2150.0,1.0005734584517043
105_V2,3,2160.0,0.888081695809098
105_V2,3,2170.0,0.6664049839753232
105_V2,3,2180.0,0.9272392004129756
105_V2,3,2190.0,1.0568608553693555
105_V2,3,2200.0,0.9923356655234199
105_V2,3,2210.0,1.0794819807228393
105_V2,3,2220.0,1.2392035573380267
105_V2,3,2230.0,1.271993306967762
105_V2,3,2240.0,1.3854135091033666
105_V2,3,2250.0,1.3121854532538197
105_V2,3,2260.0,1.3310250654332418
105_V2,3,2270.0,1.4708470814612167
105_V2,3,2280.0,1.5086586181307164
105_V2,3,2290.0,1.317964815172474
105_V2,3,2300.0,1.3806062528135203
105_V2,3,2310.0,1.6234210352742984
105_V2,3,2320.0,1.3267060494867264
105_V2,3,2330.0,1.344158796542758
105_V2,3,2340.0,1.454380367949555
105_V2,3,2350.0,1.4625753911949366
105_V2,3,2360.0,1.2558032730780506
105_V2,3,2370.0,1.2972709645251568
105_V2,3,2380.0,1.3880686968574145
105_V2,3,2390.0,1.1859562295116015
105_V2,3,2400.0,1.170546294784199
105_V2,3,2410.0,1.1536795625061234
105_V2,3,2420.0,1.0721312957188442
105_V2,3,2430.0,1.0131545970249463
105_V2,3,2440.0,0.886410906192212
105_V2,3,2450.0,0.569811579394149
105_V2,3,2460.0,0.8874512924491464
105_V2,3,2470.0,0.8635459195256503
105_V2,3,2480.0,0.5781020990387025
105_V2,3,2490.0,0.5848124205012578
105_V2,3,2500.0,0.6958608356818219
105_V2,3,2510.0,0.5828085395865441
105_V2,3,2520.0,0.37715191298210204
105_V2,3,2530.0,0.6506193274326776
105_V2,3,2540.0,0.7078029545149879
105_V2,3,2550.0,0.6799215370866569
105_V2,3,2560.0,0.8632539485030183
105_V2,3,2570.0,0.9464471502598913
105_V2,3,2580.0,0.9575828130652224
105_V2,3,2590.0,1.0022925475220696
105_V2,3,2600.0,1.0707753329416223
105_V2,3,2610.0,1.1191446075017604
105_V2,3,2620.0,1.2063223760057016
105_V2,3,2630.0,1.1391202232540267
105_V2,3,2640.0,1.1138182245678876
105_V2,3,2650.0,1.1885772709549252
105_V2,3,2660.0,1.5177294398841188
105_V2,3,2670.0,1.1258354005969866
105_V2,3,2680.0,1.2061940755230038
105_V2,3,2690.0,1.3854301989252056
105_V2,3,2700.0,1.2465667497889565
105_V2,3,2710.0,1.2213429267877474
105_V2,3,2720.0,1.3412734712359227
105_V2,3,2730.0,1.604116424944848
105_V2,3,2740.0,1.2455847766636432
105_V2,3,2750.0,1.2698231411064556
105_V2,3,2760.0,1.2896555177337425
105_V2,3,2770.0,1.2103842448966105
105_V2,3,2780.0,1.1897959284096076
105_V2,3,2790.0,0.9173583299543322
105_V2,3,2800.0,0.682326711825119
105_V2,3,2810.0,0.960780681049292
105_V2,3,2820.0,0.8229580884151719
105_V2,3,2830.0,0.6281266395589424
105_V2,3,2840.0,0.7860970299701461
105_V2,3,2850.0,0.7887675923067493
105_V2,3,2860.0,0.6259534071748752
105_V2,3,2870.0,0.35247137242265436
105_V2,3,2880.0,0.7433589608608576
105_V2,3,2890.0,0.7301405421546774
105_V2,3,2900.0,0.6354738696210894
105_V2,3,2910.0,0.8920751063729252
105_V2,3,2920.0,0.9931313117255088
105_V2,3,2930.0,0.9263381767092236
105_V2,3,2940.0,0.9968201652693057
105_V2,3,2950.0,1.1430190303877787
105_V2,3,2960.0,1.1555785128677043
105_V2,3,2970.0,1.2651469270605866
105_V2,3,2980.0,1.2040890133461082
105_V2,3,2990.0,1.2249974002166408
105_V2,3,3000.0,1.371262907505971
105_V2,3,3010.0,1.4198547083249111
105_V2,3,3020.0,1.206418432417159
105_V2,3,3030.0,1.2597644869425628
105_V2,3,3040.0,1.5015505600643624
105_V2,3,3050.0,1.2464310737762478
105_V2,3,3060.0,1.2364264252974992
105_V2,3,3070.0,1.3584191940763313
105_V2,3,3080.0,1.3301265491607392
105_V2,3,3090.0,1.1450831419833487
105_V2,3,3100.0,1.197082376028534
105_V2,3,3110.0,1.347701128980828
105_V2,3,3120.0,1.167118760547698
105_V2,3,3130.0,1.1315238289762004
105_V2,3,3140.0,1.1092976498144949
105_V2,3,3150.0,1.0147669251369433
105_V2,3,3160.0,0.93187455946023
105_V2,3,3170.0,0.8508145101988859
105_V2,3,3180.0,0.6071160254203326
105_V2,3,3190.0,0.8952241805820664
105_V2,3,3200.0,0.8102836627596277
105_V2,3,3210.0,0.5397433756762109
105_V2,3,3220.0,0.5581943477023215
105_V2,3,3230.0,0.7586817430605357
105_V2,3,3240.0,0.6330961715011971
105_V2,3,3250.0,0.4733489691442875
105_V2,3,3260.0,0.8489342220467876
105_V2,3,3270.0,0.8392596257395353
105_V2,3,3280.0,0.7080379830956575
105_V2,3,3290.0,0.8750695201139594
105_V2,3,3300.0,0.9682309046278762
105_V2,3,3310.0,0.9790828676426784
105_V2,3,3320.0,1.0324255739100408
105_V2,3,3330.0,1.0856966950272877
105_V2,3,3340.0,1.11805060197363
105_V2,3,3350.0,1.2225109818164976
105_V2,3,3360.0,1.1592014273809024
105_V2,3,3370.0,1.1165723156172986
105_V2,3,3380.0,1.1819786599455497
105_V2,3,3390.0,1.466602814042277
105_V2,3,3400.0,1.094085193759695
105_V2,3,3410.0,1.1194988316850298
105_V2,3,3420.0,1.2943743854035255
105_V2,3,3430.0,1.1709166619124105
105_V2,3,3440.0,1.122026856242405
105_V2,3,3450.0,1.2348322643125327
105_V2,3,3460.0,1.4571031935789835
105_V2,3,3470.0,1.1589170300755054
105_V2,3,3480.0,1.2127339879042427
105_V2,3,3490.0,1.2172538046066548
105_V2,3,3500.0,1.128934345666281
105_V2,3,3510.0,1.1326582001917322
105_V2,3,3520.0,0.8804658088142043
105_V2,3,3530.0,0.6586256738195867
105_V2,3,3540.0,0.9781142902026133
105_V2,3,3550.0,0.8699051200865904
105_V2,3,3560.0,0.5829589556219499
105_V2,3,3570.0,0.7564246062698102
105_V2,3,3580.0,0.8179315026676335
105_V2,3,3590.0,0.6766445639860432
105_V2,3,3600.0,0.3901217416586521
105_V2,3,3610.0,0.8048681590697134
105_V2,3,3620.0,0.7964575973092487
105_V2,3,3630.0,0.6131882650539426
105_V2,3,3640.0,0.838578143926082
105_V2,3,3650.0,0.9496098045526832
105_V2,3,3650.462962962963,0.9580556008564516
105_V2,4,1830.0,2.7618550685930794
105_V2,4,1840.0,3.1365391552610644
105_V2,4,1850.0,3.203709254071987
105_V2,4,1860.0,3.342290932388277
105_V2,4,1870.0,3.5929478818911975
105_V2,4,1880.0,3.7313381507467924
105_V2,4,1890.0,4.143878982201478
105_V2,4,1900.0,4.034705853731501
105_V2,4,1910.0,3.966351579491512
105_V2,4,1920.0,4.119668951357733
105_V2,4,1930.0,5.0070419689229
105_V2,4,1940.0,3.799626716748608
105_V2,4,1950.0,4.012385632638475
105_V2,4,1960.0,4.523906415585236
105_V2,4,1970.0,4.252557210619372
105_V2,4,1980.0,4.012391872217075
105_V2,4,1990.0,4.290711293290547
105_V2,4,2000.0,4.956458923748591
105_V2,4,2010.0,3.9533707021069504
105_V2,4,2020.0,3.9313119384760746
105_V2,4,2030.0,4.013446857177695
105_V2,4,2040.0,3.7386717874000808
105_V2,4,2050.0,3.6558311656848526
105_V2,4,2060.0,2.8010055232152644
105_V2,4,2070.0,2.099266800081778
105_V2,4,2080.0,2.9134551906536723
105_V2,4,2090.0,2.6723414298287103
105_V2,4,2100.0,1.998163928572795
105_V2,4,2110.0,2.6359257200344564
105_V2,4,2120.0,2.909830702380039
105_V2,4,2130.0,2.095894191419261
105_V2,4,2140.0,1.300810698584101
105_V2,4,2150.0,2.5399327495892248
105_V2,4,2160.0,2.2546176366554356
105_V2,4,2170.0,1.7153868608149516
105_V2,4,2180.0,2.44772148456133
105_V2,4,2190.0,2.5747443837794473
105_V2,4,2200.0,2.3823949795556887
105_V2,4,2210.0,2.675108016443071
105_V2,4,2220.0,3.1930443126058785
105_V2,4,2230.0,3.26261948933906
105_V2,4,2240.0,3.586848496823321
105_V2,4,2250.0,3.507703095186245
105_V2,4,2260.0,3.6402305728429076
105_V2,4,2270.0,4.04000055555125
105_V2,4,2280.0,4.301162447804744
105_V2,4,2290.0,3.741413253574623
105_V2,4,2300.0,4.035706484459284
105_V2,4,2310.0,4.6742287274998064
105_V2,4,2320.0,3.844220325129142
105_V2,4,2330.0,3.901793954721011
105_V2,4,2340.0,4.309797131926148
105_V2,4,2350.0,4.510699614984154
105_V2,4,2360.0,3.9462522757436345
105_V2,4,2370.0,4.076787625825019
105_V2,4,2380.0,4.4692316763282385
105_V2,4,2390.0,3.981236166633006
105_V2,4,2400.0,3.9449898014464955
105_V2,4,2410.0,3.8704225652678454
105_V2,4,2420.0,3.5112845347091506
105_V2,4,2430.0,3.1727835314877355
105_V2,4,2440.0,2.7879201290270483
105_V2,4,2450.0,1.87334589392816
105_V2,4,2460.0,2.9474556468457296
105_V2,4,2470.0,2.9681246174107785
105_V2,4,2480.0,2.149785062581701
105_V2,4,2490.0,2.2804311414375156
105_V2,4,2500.0,3.039016420905443
105_V2,4,2510.0,2.449897359193698
105_V2,4,2520.0,1.6403817454909695
105_V2,4,2530.0,2.8073747548747714
105_V2,4,2540.0,2.7144924562882786
105_V2,4,2550.0,2.2297655612718863
105_V2,4,2560.0,2.8270766050799416
105_V2,4,2570.0,3.1483341805396
105_V2,4,2580.0,3.2275050034835644
105_V2,4,2590.0,3.406077519303625
105_V2,4,2600.0,3.6336152479520782
105_V2,4,2610.0,3.762057769341895
105_V2,4,2620.0,4.2036499445784425
105_V2,4,2630.0,4.093267728674695
105_V2,4,2640.0,4.004747903473902
105_V2,4,2650.0,4.281284057242717
105_V2,4,2660.0,5.138010587939194
105_V2,4,2670.0,3.906254656918177
105_V2,4,2680.0,4.038855874885541
105_V2,4,2690.0,4.526235348912983
105_V2,4,2700.0,4.202979455083556
105_V2,4,2710.0,3.918235838236926
105_V2,4,2720.0,4.051231443539684
105_V2,4,2730.0,4.7524505942236095
105_V2,4,2740.0,3.7778406214260065
105_V2,4,2750.0,3.8402691644761155
105_V2,4,2760.0,3.9229343376729853
105_V2,4,2770.0,3.775601982186418
105_V2,4,2780.0,3.7605288872795817
105_V2,4,2790.0,2.7511075990892393
105_V2,4,2800.0,2.210865677067817
105_V2,4,2810.0,3.077061266694095
105_V2,4,2820.0,2.8657251803112023
105_V2,4,2830.0,2.09233641683937
105_V2,4,2840.0,2.7991978036783647
105_V2,4,2850.0,2.9978631464769547
105_V2,4,2860.0,2.307955477642697
105_V2,4,2870.0,1.5275108014880028
105_V2,4,2880.0,2.950975059007495
105_V2,4,2890.0,2.42754576887385
105_V2,4,2900.0,1.8885475452500764
105_V2,4,2910.0,2.5632955525971264
105_V2,4,2920.0,2.74922717768743
105_V2,4,2930.0,2.568217410022144
105_V2,4,2940.0,2.7906757593721037
105_V2,4,2950.0,3.3303342944621663
105_V2,4,2960.0,3.392130262884566
105_V2,4,2970.0,3.713888097656439
105_V2,4,2980.0,3.618956791135478
105_V2,4,2990.0,3.7544831282556688
105_V2,4,3000.0,4.099252293687811
105_V2,4,3010.0,4.366400187875316
105_V2,4,3020.0,3.8225371762308784
105_V2,4,3030.0,3.9501416121104227
105_V2,4,3040.0,4.551103755589173
105_V2,4,3050.0,3.823570172865118
105_V2,4,3060.0,3.912710054469398
105_V2,4,3070.0,4.244878479825755
105_V2,4,3080.0,4.454133373201534
105_V2,4,3090.0,3.9479576936576875
105_V2,4,3100.0,4.112139001128748
105_V2,4,3110.0,4.458192321397258
105_V2,4,3120.0,3.9099722243329635
105_V2,4,3130.0,3.926009917890666
105_V2,4,3140.0,3.864385631459341
105_V2,4,3150.0,3.5054114329261927
105_V2,4,3160.0,3.2866651504396103
105_V2,4,3170.0,2.794288320551681
105_V2,4,3180.0,1.9467954981366102
105_V2,4,3190.0,2.9741546486902104
105_V2,4,3200.0,2.9581580104586642
105_V2,4,3210.0,2.1934464809350915
105_V2,4,3220.0,2.286124291272116
105_V2,4,3230.0,2.8707125669722515
105_V2,4,3240.0,2.312159833064093
105_V2,4,3250.0,1.5655635744957481
105_V2,4,3260.0,2.7649425011829103
105_V2,4,3270.0,2.711569673699217
105_V2,4,3280.0,2.167004333880999
105_V2,4,3290.0,2.834413632512183
105_V2,4,3300.0,3.1628458563818067
105_V2,4,3310.0,3.2048131383141163
105_V2,4,3320.0,3.3947844390524056
105_V2,4,3330.0,3.6074277652489313
105_V2,4,3340.0,3.746675459915539
105_V2,4,3350.0,4.169435919965091
105_V2,4,3360.0,4.0785305167553485
105_V2,4,3370.0,3.9900477602231605
105_V2,4,3380.0,4.2291217290267955
105_V2,4,3390.0,5.237567146023733
105_V2,4,3400.0,3.968376688615362
105_V2,4,3410.0,4.193016010293392
105_V2,4,3420.0,4.714401909218656
105_V2,4,3430.0,4.3697696126309395
105_V2,4,3440.0,4.054730919834699
105_V2,4,3450.0,4.369595792253043
105_V2,4,3460.0,4.967704337283129
105_V2,4,3470.0,3.9335246145405742
105_V2,4,3480.0,3.9996547344057234
105_V2,4,3490.0,4.119323340771259
105_V2,4,3500.0,3.9140784508422115
105_V2,4,3510.0,3.817412197387516
105_V2,4,3520.0,2.8161294551214993
105_V2,4,3530.0,2.264995968574738
105_V2,4,3540.0,3.0320141063277934
105_V2,4,3550.0,2.897307800308959
105_V2,4,3560.0,2.079253464342607
105_V2,4,3570.0,2.7853988759602464
105_V2,4,3580.0,2.9592954978578425
105_V2,4,3590.0,2.1884484207522297
105_V2,4,3600.0,1.423310477489103
105_V2,4,3610.0,2.825080001651041
105_V2,4,3620.0,2.4972540748479877
105_V2,4,3630.0,1.8159892342281458
105_V2,4,3640.0,2.644335288790328
105_V2,4,3650.0,2.828830076630074
105_V2,4,3650.462962962963,2.861519311688932
