plant	time	x	y	r_ag	h_ag	r_bg	h_bg	aboveground_resources	belowground_resources	res_ag	res_bg	res_eff	grow	maint	volume	age	salinity	transpiration
Saltmarsh_3_000000001	0.0	1	1	0.05	0.1	0.05	0.1	NaN	NaN	NaN	NaN	NaN	NaN	NaN	NaN	NaN	NaN	NaN
Saltmarsh_3_000000001	86400.0	1	1	0.07481278841708175	0.1496255768341635	0.07586013855027232	0.15172027710054464	1.0	0.8887068629264832	923552.841931713	820767.7488999708	820767.7488999708	0.003803090309860519	0.00030074843463933525	0.005373886636655418	86400.0	0.033831116	0.0069645570811054216
Saltmarsh_3_000000001	172800.0	1	1	0.10241021661584108	0.20482043323168217	0.10422821662142444	0.20845643324284888	1.0	0.887169599533081	2067632.8545168606	1903581.6380374266	1903581.6380374266	0.008489010957405159	0.0010288972327819744	0.013862897594060581	172800.0	0.034174449	0.017966315281902512
Saltmarsh_3_000000001	259200.0	1	1	0.13107312193748724	0.2621462438749745	0.13361705725674788	0.26723411451349577	1.0	0.8831044435501099	3874434.3807754684	3585784.0841809977	3585784.0841809977	0.015274696776591924	0.0026542236443130645	0.02913759437065252	259200.0	0.035063059	0.037762322304365666
Saltmarsh_3_000000001	345600.0	1	1	0.15959877400750455	0.3191975480150091	0.1629406837892573	0.3258813675785146	1.0	0.8731744885444641	6346715.454172162	5833030.1592372535	5833030.1592372535	0.023586397047754646	0.005578753748431621	0.05272399141840718	345600.0	0.037126151	0.06833029287825572
Saltmarsh_3_000000001	432000.0	1	1	0.18681371961215756	0.3736274392243151	0.19118739836472085	0.3823747967294417	1.0	0.8496490716934204	9409809.735723786	8448889.206515614	8448889.206515614	0.032149784098030425	0.010094661934547644	0.08487377551643763	432000.0	0.041514425	0.10999641306930318
Saltmarsh_3_000000001	518400.0	1	1	0.21086569530508656	0.4217313906101731	0.21683737189002386	0.4336747437800477	1.0	0.7926649451255798	12892563.399533356	10869369.202233007	10869369.202233007	0.03809670925372665	0.016250136757438388	0.1229704847701643	518400.0	0.050198571	0.15936974826213293
Saltmarsh_3_000000001	604800.0	1	1	0.2275500163381337	0.4551000326762674	0.23618750517709677	0.47237501035419355	1.0	0.6486657857894897	16426067.566708177	11477801.808801845	11477801.808801845	0.033844784900750116	0.023544224143259105	0.15681526967091441	604800.0	0.066373789	0.2032325894935051
Saltmarsh_3_000000001	691200.0	1	1	0.2557046981831272	0.5114093963662544	0.2640501294872459	0.5281002589744918	1.0	0.8893995881080627	19128260.711331002	18786762.61171581	18786762.61171581	0.06390958517073857	0.030024227887840482	0.22072485484165305	691200.0	0.033675054	0.28605941187478234
Saltmarsh_3_000000001	777600.0	1	1	0.28228247973408227	0.5645649594681645	0.2905673244922207	0.5811346489844414	1.0	0.8893995881080627	24154561.378991667	23401297.520479623	23401297.520479623	0.07474597715476361	0.042260510447634514	0.29547083199641666	777600.0	0.033675054	0.382930198267356
Saltmarsh_3_000000001	864000.0	1	1	0.3073914551403322	0.6147829102806645	0.3157496519618741	0.6314993039237482	1.0	0.889399528503418	29436731.605843473	28277884.13503696	28277884.13503696	0.08481786605115409	0.056571554624030726	0.3802886980475708	864000.0	0.033675056	0.49285415266965177
Saltmarsh_3_000000001	950400.0	1	1	0.33110784654308995	0.6622156930861799	0.33961874643878825	0.6792374928775765	1.0	0.8893992900848389	34906420.97572577	33345469.76571555	33345469.76571555	0.09391636200751453	0.07281098682106323	0.47420506005508534	950400.0	0.033675117	0.6145697578313907
Saltmarsh_3_000000001	1036800.0	1	1	0.35349564277319984	0.7069912855463997	0.36220620469105635	0.7244124093821127	1.0	0.8893961310386658	40500528.067308895	38540490.51700914	38540490.51700914	0.10191001369475493	0.09079243889029077	0.5761150737498404	1036800.0	0.033675834	0.7466451355797932
Saltmarsh_3_000000001	1123200.0	1	1	0.3746135341430714	0.7492270682861428	0.3835507878862249	0.7671015757724498	1.0	0.8893753886222839	46162558.431949966	43806426.63857747	43806426.63857747	0.1087277584965659	0.11030437469632144	0.6848428322464062	1123200.0	0.033680511	0.8875563105913424
Saltmarsh_3_000000001	1209600.0	1	1	0.3945156969677218	0.7890313939354436	0.4036944886571472	0.8073889773142944	1.0	0.8892820477485657	51842826.04172712	49091511.85539593	49091511.85539593	0.11433590699228532	0.13112165228469433	0.7991787392386915	1209600.0	0.033701593	1.0357356460533442
Saltmarsh_3_000000001	1296000.0	1	1	0.41324744669388225	0.8264948933877645	0.42267623127405207	0.8453524625481041	1.0	0.8889548182487488	57497679.20886012	54342610.93878879	54342610.93878879	0.11870037525032984	0.15301267944361407	0.9178791144890213	1296000.0	0.033775338	1.1895713323777717
Saltmarsh_3_000000001	1382400.0	1	1	0.4308339807590101	0.8616679615180202	0.44052061067227843	0.8810412213445569	1.0	0.8879982829093933	63087322.841955215	59491738.97247057	59491738.97247057	0.12171935669241005	0.17573933816994278	1.0395984711814314	1382400.0	0.03398988	1.3473196186511351
Saltmarsh_3_000000001	1468800.0	1	1	0.44725766323187127	0.8945153264637425	0.45721696756649005	0.9144339351329801	1.0	0.8855474591255188	68571182.63373609	64428742.41543	64428742.41543	0.12309969374842233	0.1990440183287277	1.1626981649298538	1468800.0	0.034532311	1.5068568217490905
Saltmarsh_3_000000001	1555200.0	1	1	0.4624145032444133	0.9248290064888266	0.47267955526325756	0.9453591105265151	1.0	0.8798274993896484	73898788.94556476	68947234.98523019	68947234.98523019	0.12212319379308537	0.22261298113306563	1.2848213587229393	1555200.0	0.035760044	1.6651284809049296
Saltmarsh_3_000000001	1641600.0	1	1	0.47602616341851817	0.9520523268370363	0.48666493277316125	0.9733298655463225	1.0	0.8672088980674744	78992277.25264683	72629440.38255869	72629440.38255869	0.11715222100043851	0.24599498091235492	1.4019735797233772	1641600.0	0.038299933	1.816957759321497
Saltmarsh_3_000000001	1728000.0	1	1	0.48744166150031426	0.9748833230006285	0.4985749317334504	0.9971498634669008	1.0	0.8398496508598328	83711165.12274565	74569159.62303878	74569159.62303878	0.10442057180476477	0.26842522631042914	1.5063941515281423	1728000.0	0.043175338	1.9522868203804724
Saltmarsh_3_000000001	1814400.0	1	1	0.4951555573010656	0.9903111146021312	0.5069153485264039	1.0138306970528077	1.0	0.7793665528297424	87774230.60541444	72650438.1881343	72650438.1881343	0.07483435134312971	0.2884178395975418	1.581228502871272	1814400.0	0.051956028	2.0492721397211686
Saltmarsh_3_000000001	1900800.0	1	1	0.5080526150760271	1.0161052301520541	0.5199668876491488	1.0399337752982976	1.0	0.8893995881080627	90574314.47045016	85754861.10588984	85754861.10588984	0.12602850142130856	0.30274580410814067	1.7072570042925803	1900800.0	0.033675054	2.2126050775631843
Saltmarsh_3_000000001	1987200.0	1	1	0.5201498321694926	1.0402996643389852	0.5322156080205346	1.0644312160410692	1.0	0.8893995881080627	95354045.37792829	90210144.14648113	90210144.14648113	0.12417519727373794	0.3268755234586677	1.8314322015663183	1987200.0	0.033675054	2.3735361332299485
Saltmarsh_3_000000001	2073600.0	1	1	0.5314948263879085	1.062989652775817	0.543707975381488	1.087415950762976	1.0	0.8893995881080627	99949048.89391427	94494790.66603547	94494790.66603547	0.1218235485810063	0.3506504047491711	1.953255750147325	2073600.0	0.033675055	2.5314194521909332
Saltmarsh_3_000000001	2160000.0	1	1	0.5421326234968392	1.0842652469936784	0.5544882307324883	1.1089764614649766	1.0	0.8893994092941284	104356576.48447695	98605874.64586362	98605874.64586362	0.11905433949231092	0.3739750337370072	2.072310089639636	2160000.0	0.033675084	2.685713876172968
Saltmarsh_3_000000001	2246400.0	1	1	0.5521057269360294	1.1042114538720589	0.5645983691479365	1.129196738295873	1.0	0.8893979787826538	108575746.73313068	102542170.14020854	102542170.14020854	0.11594138739442289	0.39676946330661983	2.1882514770340586	2246400.0	0.033675415	2.8359739142361398
Saltmarsh_3_000000001	2332800.0	1	1	0.5614539578621645	1.122907915724329	0.5740779325900416	1.1481558651800832	1.0	0.889388918876648	112607221.9610867	106303293.43913426	106303293.43913426	0.11254858759918551	0.41896787959648574	2.3008000646332443	2332800.0	0.033677451	2.9818368837646845
Saltmarsh_3_000000001	2419200.0	1	1	0.5702138192326563	1.1404276384653127	0.582963375682298	1.165926751364596	1.0	0.889350950717926	116452826.94399466	109888060.23360382	109888060.23360382	0.10892359887318304	0.4405167022948361	2.4097236635064267	2419200.0	0.033686032	3.123001867904329
Saltmarsh_3_000000001	2505600.0	1	1	0.5784168982055927	1.1568337964111854	0.5912865358208745	1.182573071641749	1.0	0.889228105545044	120114992.07903697	113291197.0817683	113291197.0817683	0.10508450945710868	0.4613714759517329	2.514808172963535	2505600.0	0.033713765	3.259191392160741
Saltmarsh_3_000000001	2592000.0	1	1	0.5860870017389944	1.1721740034779888	0.5990718919527676	1.198143783905535	1.0	0.8889025449752808	123595791.99091606	116498354.19810455	116498354.19810455	0.10100056265530916	0.4814912083352136	2.6158087356188444	2592000.0	0.033787113	3.390088121362022
Saltmarsh_3_000000001	2678400.0	1	1	0.5932361343476434	1.1864722686952869	0.6063326724654403	1.2126653449308806	1.0	0.8881676197052002	126895411.88916104	119480189.82308269	119480189.82308269	0.09657193065286396	0.5008290184625495	2.7123806662717085	2678400.0	0.033952013	3.5152453434881346
Saltmarsh_3_000000001	2764800.0	1	1	0.5998605344972997	1.1997210689945994	0.6130669073631138	1.2261338147262275	1.0	0.8867229223251343	130010052.28438716	122188632.11202759	122188632.11202759	0.09162424848215756	0.5193189120779804	2.8040049147538664	2764800.0	0.034273424	3.633990369521011
Saltmarsh_3_000000001	2851200.0	1	1	0.6059402535326742	1.2118805070653484	0.6192566904242922	1.2385133808485844	1.0	0.8842374682426453	132929790.61818147	124562844.96792655	124562844.96792655	0.08595271424906215	0.5368615105905706	2.8899576290029287	2851200.0	0.034818124	3.745385087187796
Saltmarsh_3_000000001	2937600.0	1	1	0.6114501609244881	1.2229003218489762	0.6248782722522302	1.2497565445044605	1.0	0.8805728554725647	135637991.11380672	126560891.71650203	126560891.71650203	0.07948623503529983	0.5533182235472103	2.9694438640382286	2937600.0	0.03560299	3.848399247793544
Saltmarsh_3_000000001	3024000.0	1	1	0.6163989885727282	1.2327979771454565	0.6299395550102013	1.2598791100204025	1.0	0.8763517141342163	138115960.39208543	128250118.75764066	128250118.75764066	0.07271374491417026	0.568536848874033	3.0421576089523983	3024000.0	0.036481629	3.9426362612023085
Saltmarsh_3_000000001	3110400.0	1	1	0.6217021988376872	1.2434043976753744	0.635323728607137	1.270647457214274	1.0	0.8893995881080627	140360716.09256473	132277169.07943027	132277169.07943027	0.07892704840886378	0.5824587969882876	3.121084657361262	3110400.0	0.033675054	4.044925715940195
Saltmarsh_3_000000001	3196800.0	1	1	0.6266685496656382	1.2533370993312765	0.640366437298525	1.28073287459705	1.0	0.8893995881080627	142786302.37084487	134543031.83366877	134543031.83366877	0.07514480006677904	0.5975703591015649	3.1962294574280405	3196800.0	0.033675054	4.14231337682674
Saltmarsh_3_000000001	3283200.0	1	1	0.6313191697536011	1.2626383395072023	0.6450890173839752	1.2901780347679503	1.0	0.8893995881080627	145076656.93449864	136682720.4067151	136682720.4067151	0.07145583916370501	0.6119577628698705	3.267685296591746	3283200.0	0.033675054	4.234920144382903
Saltmarsh_3_000000001	3369600.0	1	1	0.6356738984716236	1.2713477969432472	0.6495115163904607	1.2990230327809213	1.0	0.8893995881080627	147237926.8343703	138701946.4976392	138701946.4976392	0.06787086315802848	0.6256388693301675	3.3355561597497747	3369600.0	0.033675052	4.322880783035708
Saltmarsh_3_000000001	3456000.0	1	1	0.6397513656697227	1.2795027313394454	0.6536527703091873	1.3073055406183747	1.0	0.8893997073173523	149276175.1148769	140606367.0881065	140606367.0881065	0.06439824776005731	0.6386335876804753	3.3999544075098314	3456000.0	0.033675014	4.406340912132741
Saltmarsh_3_000000001	3542400.0	1	1	0.6435691281778159	1.2871382563556317	0.657530536577062	1.315061073154124	1.0	0.889401376247406	151197351.4648756	142401748.17693502	142401748.17693502	0.061045310132264774	0.6509634307524104	3.4609997176420952	3542400.0	0.033674639	4.485455634064155
Saltmarsh_3_000000001	3628800.0	1	1	0.6471440133005726	1.2942880266011452	0.6611618302135017	1.3223236604270034	1.0	0.8894115686416626	153007298.13582447	144094666.01349795	144094666.01349795	0.05782201772841189	0.6626513123390778	3.5188217353705067	3628800.0	0.033672353	4.560392969040177
Saltmarsh_3_000000001	3715200.0	1	1	0.6504931632835036	1.3009863265670072	0.664563949015925	1.32912789803185	1.0	0.8894570469856262	154711863.1200359	145694987.68601596	145694987.68601596	0.05475288380387777	0.673722054626202	3.5735746191743845	3715200.0	0.033662063	4.631352706450003
Saltmarsh_3_000000001	3801600.0	1	1	0.6536369211492791	1.3072738422985581	0.6677573139178904	1.3355146278357808	1.0	0.8896220326423645	156317360.5564315	147222674.48144913	147222674.48144913	0.05190819924103196	0.6842051731662137	3.6254828184154153	3801600.0	0.033624752	4.698625732666378
Saltmarsh_3_000000001	3888000.0	1	1	0.6566056282788523	1.3132112565577045	0.6707721727753279	1.3415443455506557	1.0	0.8901291489601135	157831938.9009526	148722962.46367413	148722962.46367413	0.049471170745791104	0.6941436415725796	3.674953989161206	3888000.0	0.033509763	4.762740369952923
Saltmarsh_3_000000001	3974400.0	1	1	0.6594539354679754	1.3189078709359507	0.6736627065699518	1.3473254131399035	1.0	0.8914963603019714	159268886.04862076	150296767.92494643	150296767.92494643	0.047868328970353646	0.7036155106543786	3.722822318131559	3974400.0	0.033197402	4.824777724298501
Saltmarsh_3_000000001	4060800.0	1	1	0.6622870925146468	1.3245741850292936	0.6765327655190071	1.3530655310380142	1.0	0.8947904109954834	160653676.6647408	152152159.5059274	152152159.5059274	0.04798030172660517	0.7127804958030319	3.7708026198581646	4060800.0	0.032430343	4.886960195336181
Saltmarsh_3_000000001	4147200.0	1	1	0.6653004955763236	1.3306009911526473	0.6795736389620536	1.3591472779241072	1.0	0.9019150137901306	162037047.9613695	154669547.91945726	154669547.91945726	0.051380820072954414	0.7219669195243319	3.822183439931119	4147200.0	0.030695872	4.9535497381507305
Saltmarsh_3_000000001	4233600.0	1	1	0.6688150509921841	1.3376301019843682	0.6830943082210134	1.3661886164420267	1.0	0.9155570268630981	163514938.09228244	158417873.6449467	158417873.6449467	0.06028495357526564	0.7318044146494679	3.8824683935063846	4233600.0	0.02703432	5.031679037984274
Saltmarsh_3_000000001	4320000.0	1	1	0.6707696293934693	1.3415392587869386	0.6850810417595687	1.3701620835191375	1.0	0.8893995881080627	165247088.4223001	155480107.170244	155480107.170244	0.034053819306343214	0.7433467165448768	3.916522212812729	4320000.0	0.033675054	5.0758127878052965
Saltmarsh_3_000000001	4406400.0	1	1	0.6725991412218307	1.3451982824436615	0.686940701272769	1.373881402545538	1.0	0.8893995881080627	166214352.3859349	156384382.2222584	156384382.2222584	0.032055168592856176	0.7498667425184358	3.948577381405584	4406400.0	0.033675054	5.117356286301637
Saltmarsh_3_000000001	4492800.0	1	1	0.6743115557486129	1.3486231114972258	0.6886813772597133	1.3773627545194267	1.0	0.8893995881080627	167122282.05914515	157233202.14085212	157233202.14085212	0.0301619086746322	0.7560041020296284	3.9787392900802168	4492800.0	0.033675053	5.156446119943961
Saltmarsh_3_000000001	4579200.0	1	1	0.675914338719326	1.351828677438652	0.6903106499563106	1.3806212999126213	1.0	0.8893995881080627	167974340.62299433	158029801.64136356	158029801.64136356	0.028370034753763318	0.7617789734530545	4.00710932483398	4579200.0	0.033675035	5.193213684984839
Saltmarsh_3_000000001	4665600.0	1	1	0.6774145408213886	1.3548290816427773	0.6918356780695055	1.383671356139011	1.0	0.8894007205963135	168773811.9500446	158777450.4255021	158777450.4255021	0.026676483732417045	0.7672107683950934	4.033785808566397	4665600.0	0.033674789	5.227786407902051
Saltmarsh_3_000000001	4752000.0	1	1	0.6788190520545354	1.3576381041090708	0.6932634538025856	1.3865269076051712	1.0	0.8894086480140686	169523835.43028668	159480098.75056306	159480098.75056306	0.02508218175875232	0.772318311994063	4.058867990325148	4752000.0	0.033673008	5.260292915461393
Saltmarsh_3_000000001	4838400.0	1	1	0.6801355616678814	1.3602711233357627	0.6946017655899268	1.3892035311798536	1.0	0.8894478678703308	170227525.55228668	160145078.94115815	160145078.94115815	0.02360478799496102	0.7771206067108297	4.082472778320111	4838400.0	0.033664127	5.290884720702863
Saltmarsh_3_000000001	4924800.0	1	1	0.6813753744316021	1.3627507488632042	0.6958620250671194	1.3917240501342387	1.0	0.8895997405052185	170888448.34234333	160790479.02190888	160790479.02190888	0.022312359037708007	0.7816400360718364	4.104785137357818	4924800.0	0.033629786	5.319801538015732
Saltmarsh_3_000000001	5011200.0	1	1	0.6825603029756299	1.3651206059512597	0.6970661869201507	1.3941323738403013	1.0	0.8900868892669678	171512038.10594058	161461932.31891465	161461932.31891465	0.021397647711715817	0.7859120138828575	4.126182785069534	5011200.0	0.033519357	5.347532889450116
Saltmarsh_3_000000001	5097600.0	1	1	0.6837374691609076	1.3674749383218152	0.6982615772653453	1.3965231545306906	1.0	0.8914385437965393	172109084.10375053	162266344.24680856	162266344.24680856	0.021322862365945605	0.7900088588680972	4.147505647435478	5097600.0	0.033210674	5.375167319076381
Saltmarsh_3_000000001	5184000.0	1	1	0.6850068163065007	1.3700136326130015	0.6995482173909199	1.3990964347818398	1.0	0.894759476184845	172703246.112019	163428882.26177877	163428882.26177877	0.023053026037343383	0.7940913852715505	4.170558673472822	5184000.0	0.032437646	5.405044040820777
Saltmarsh_3_000000001	5270400.0	1	1	0.6865626477888322	1.3731252955776645	0.7011189488234696	1.4022378976469392	1.0	0.9020341038703918	173345082.6994709	165363823.4756621	165363823.4756621	0.028313944414387837	0.7985051729639228	4.19887261788721	5270400.0	0.030665932	5.441738912781824
Saltmarsh_3_000000001	5356800.0	1	1	0.6887301814252901	1.3774603628505802	0.7032906441023609	1.4065812882047217	1.0	0.9160543084144592	174133401.89771724	168686154.2954559	168686154.2954559	0.03950454276231141	0.8039262287149681	4.238377160649522	5356800.0	0.026891	5.492936800201781
Saltmarsh_3_000000001	5443200.0	1	1	0.6919190589953296	1.3838381179906591	0.7064473836351963	1.4128947672703926	1.0	0.9387959837913513	175234643.89311945	173939663.14497846	173939663.14497846	0.058208452441749325	0.811489863283143	4.2965856130912705	5443200.0	0.019324757	5.568374954566287
Saltmarsh_3_000000001	5529600.0	1	1	0.6923833706161677	1.3847667412323355	0.7069196546608147	1.4138393093216295	1.0	0.8893995881080627	176861102.23570552	166254639.63672405	166254639.63672405	0.008638604895694235	0.8226345932879261	4.305224217986965	5529600.0	0.033675054	5.579570586511108
Saltmarsh_3_000000001	5616000.0	1	1	0.6928179025939136	1.3856358051878273	0.7073616377129939	1.4147232754259877	1.0	0.8893995881080627	177098546.8234793	166476722.50216812	166476722.50216812	0.00809505119693299	0.8242885613139076	4.313319269183898	5616000.0	0.033675054	5.590061772862332
Saltmarsh_3_000000001	5702400.0	1	1	0.6932245630662816	1.386449126132563	0.7077752732273215	1.415550546454643	1.0	0.8893995881080627	177320906.6695196	166684697.22863677	166684697.22863677	0.007585026898988656	0.8258384592441952	4.320904296082887	5702400.0	0.033675053	5.599891967723421
Saltmarsh_3_000000001	5788800.0	1	1	0.6936051441368423	1.3872102882736845	0.7081623836515902	1.4163247673031805	1.0	0.8893997073173523	177529130.4070322	166879473.31519502	166879473.31519502	0.007106659877635146	0.82729070669834	4.328010955960521	5788800.0	0.033675019	5.609102198924837
Saltmarsh_3_000000001	5875200.0	1	1	0.6939614102422474	1.387922820484495	0.7085247630009663	1.4170495260019327	1.0	0.8894016742706299	177724111.30218548	167062210.8666776	167062210.8666776	0.006659689478892283	0.8286513648544958	4.334670645439413	5875200.0	0.033674579	5.6177331564894795
Saltmarsh_3_000000001	5961600.0	1	1	0.6942955077064461	1.3885910154128922	0.7088645919796221	1.4177291839592443	1.0	0.8894153237342834	177906732.03019834	167235585.40421185	167235585.40421185	0.006251482035680156	0.8299264449853792	4.340922127475093	5961600.0	0.033671494	5.625835077207721
Saltmarsh_3_000000001	6048000.0	1	1	0.6946115024121785	1.389223004824357	0.7091859968425545	1.418371993685109	1.0	0.8894815444946289	178078074.39874008	167408309.18170002	167408309.18170002	0.005918177169012995	0.8311233687394871	4.346840304644105	6048000.0	0.033656532	5.63350503481876
Saltmarsh_3_000000001	6134400.0	1	1	0.6949197635242619	1.3898395270485238	0.7094994929780699	1.4189989859561398	1.0	0.8897308111190796	178240208.62996548	167606917.87343767	167606917.87343767	0.005778112223296827	0.8322564771438915	4.352618416867402	6134400.0	0.033600125	5.640993468260153
Saltmarsh_3_000000001	6220800.0	1	1	0.695247482354076	1.390494964708152	0.709832632944367	1.419665265888734	1.0	0.890510618686676	178398445.9083115	167901968.5014227	167901968.5014227	0.0061470741294803455	0.8333627683776332	4.358765490996882	6220800.0	0.033422961	5.64896007633196
Saltmarsh_3_000000001	6307200.0	1	1	0.6956602851222663	1.3913205702445326	0.7102517720046613	1.4205035440093225	1.0	0.8926184773445129	178566748.26123086	168457252.1540716	168457252.1540716	0.00774655882691655	0.8345397019434415	4.366512049823798	6307200.0	0.032938425	5.658999616571641
Saltmarsh_3_000000001	6393600.0	1	1	0.6962997446471797	1.3925994892943594	0.7108992393557045	1.421798478711409	1.0	0.8976403474807739	178778859.00838113	169604743.23566887	169604743.23566887	0.012000839490160509	0.8360228766881839	4.378512889313957	6393600.0	0.031749412	5.674552704550889
Saltmarsh_3_000000001	6480000.0	1	1	0.6974309615426567	1.3948619230853134	0.7120380045552067	1.4240760091104134	1.0	0.9081794023513794	179107681.53776115	171908178.11000255	171908178.11000255	0.02122030433102806	0.8383205862189846	4.399733193644986	6480000.0	0.029075448	5.702054218963901
Saltmarsh_3_000000001	6566400.0	1	1	0.699452708499356	1.398905416998712	0.7140525446884531	1.4281050893769063	1.0	0.9271341562271118	179690115.2325684	176056146.2626849	176056146.2626849	0.03789725469849081	0.8423834766149337	4.4376304483434765	6566400.0	0.023478246	5.751169061053146
Saltmarsh_3_000000001	6652800.0	1	1	0.702335926202143	1.404671852404286	0.7168848913202819	1.4337697826405638	1.0	0.9543483853340149	180733414.2029456	182242470.91563216	180733414.2029456	0.054027695061810044	0.8496393759529179	4.491658143405287	6652800.0	0.01244464	5.821188953853253
Saltmarsh_3_000000001	6739200.0	1	1	0.7021141950816114	1.4042283901632229	0.716672072818075	1.43334414563615	1.0	0.8893995881080627	182226489.50218886	171172325.0005387	171172325.0005387	-0.004122023113226847	0.8599836481159204	4.48753612029206	6739200.0	0.033675054	5.81584681189851
Saltmarsh_3_000000001	6825600.0	1	1	0.7019080352772704	1.4038160705545408	0.716474206933568	1.432948413867136	1.0	0.8893995881080627	182111447.95548415	171072844.24223354	171072844.24223354	-0.0038302144666388926	0.8591944356778066	4.4837059058254205	6825600.0	0.033675054	5.810882853949746
Saltmarsh_3_000000001	6912000.0	1	1	0.701716354500414	1.403432709000828	0.71629024380855	1.4325804876171	1.0	0.8893995881080627	182004517.91828048	170980380.1829983	170980380.1829983	-0.0035591927085175668	0.8584610936235091	4.480146713116903	6912000.0	0.033675053	5.806270140199506
Saltmarsh_3_000000001	6998400.0	1	1	0.7015381461785916	1.4030762923571831	0.7161192160880531	1.4322384321761061	1.0	0.8893997669219971	181905125.96919063	170894470.83534423	170894470.83534423	-0.003307287868752562	0.8577796420454737	4.476839425248151	6998400.0	0.033675004	5.801983895121604
Saltmarsh_3_000000001	7084800.0	1	1	0.7013725976715588	1.4027451953431176	0.7159603427357139	1.4319206854714277	1.0	0.8894025087356567	181812744.2234886	170815117.15675426	170815117.15675426	-0.0030708349888604047	0.8571464207726317	4.47376859025929	7084800.0	0.033674397	5.79800409297604
Saltmarsh_3_000000001	7171200.0	1	1	0.7012196414937324	1.4024392829874648	0.7158135579636523	1.4316271159273046	1.0	0.8894211053848267	181726946.24606174	170744501.07370895	170744501.07370895	-0.00283596596711555	0.8565584713356603	4.470932624292173	7171200.0	0.033670187	5.794328681082656
Saltmarsh_3_000000001	7257600.0	1	1	0.7010820541902312	1.4021641083804623	0.7156815252478582	1.4313630504957164	1.0	0.8895103931427002	181647692.42782778	170693107.22613627	170693107.22613627	-0.0025499543545964842	0.8560154904852778	4.4683826699375775	7257600.0	0.033650008	5.7910239402391
Saltmarsh_3_000000001	7344000.0	1	1	0.7009713331636654	1.4019426663273309	0.7155752764368465	1.431150552873693	1.0	0.8898425698280334	181576416.7167357	170695192.9307513	170695192.9307513	-0.0020513054508999318	0.8555272701046565	4.466331364486678	7344000.0	0.033574795	5.788365448374734
Saltmarsh_3_000000001	7430400.0	1	1	0.7009215353064358	1.4018430706128715	0.715527490658335	1.43105498131667	1.0	0.8908690214157104	181519068.96517646	170842427.785886	170842427.785886	-0.0009223833104641255	0.8551345222398941	4.465408981176212	7430400.0	0.033341135	5.787170039604371
Saltmarsh_3_000000001	7516800.0	1	1	0.7010141791851299	1.4020283583702597	0.7156215303261276	1.4312430606522553	1.0	0.89360511302948	181493279.2098096	171344726.15473866	171344726.15473866	0.0017657102561409177	0.8549579205175524	4.467174691432353	7516800.0	0.032708754	5.789458400096329
Saltmarsh_3_000000001	7603200.0	1	1	0.7014231608865898	1.4028463217731797	0.7160352018232319	1.4320704036464638	1.0	0.9000012278556824	181541259.90865237	172616430.77164915	172616430.77164915	0.007786166217348067	0.8552959876408978	4.4749608576497	7603200.0	0.031172479	5.799549271514011
Saltmarsh_3_000000001	7689600.0	1	1	0.7024648477898775	1.404929695579755	0.7170813332442798	1.4341626664885596	1.0	0.9130305647850037	181753149.23689833	175317293.87582198	175317293.87582198	0.019799723667439983	0.8567867457116699	4.4947605813171405	7689600.0	0.027750821	5.825209713387014
Saltmarsh_3_000000001	7776000.0	1	1	0.7045710416102999	1.4091420832205999	0.7191714736303363	1.4383429472606726	1.0	0.9352652430534363	182293395.04887044	180108995.99718267	180108995.99718267	0.03996733166153843	0.8605776483243749	4.534727912978679	7776000.0	0.020654866	5.877007375220368
Saltmarsh_3_000000001	7862400.0	1	1	0.7071407930583086	1.4142815861166171	0.7216836518243425	1.443367303648685	1.0	0.9642354249954224	183388171.00259984	186761702.4776672	183388171.00259984	0.04871096544711029	0.8682298895658889	4.583438878425788	7862400.0	0.006791639	5.940136786439822
Saltmarsh_3_000000001	7948800.0	1	1	0.7065949381551702	1.4131898763103403	0.7211595986172761	1.4423191972345522	1.0	0.8893995881080627	184728337.98896202	173454807.32770544	173454807.32770544	-0.010282171278182428	0.8775562079167096	4.573156707147604	7948800.0	0.033675054	5.926811092463295
Saltmarsh_3_000000001	8035200.0	1	1	0.7060873900153816	1.4121747800307631	0.7206723653099261	1.4413447306198521	1.0	0.8893995881080627	184443257.69974628	173208241.48867	173208241.48867	-0.009546351283227339	0.8755875587265773	4.563610355864377	8035200.0	0.033675054	5.9144390212002325
Saltmarsh_3_000000001	8121600.0	1	1	0.7056154676306143	1.4112309352612287	0.7202193692056411	1.4404387384112822	1.0	0.8893995881080627	184178381.16068548	172979164.15101755	172979164.15101755	-0.008863970643559926	0.8737597913986477	4.554746385220817	8121600.0	0.033675052	5.902951315246178
Saltmarsh_3_000000001	8208000.0	1	1	0.705176692112695	1.41035338422539	0.7197982230229334	1.4395964460458668	1.0	0.8893998861312866	183932267.561285	172766384.1287326	172766384.1287326	-0.00823075366203907	0.8720626743057021	4.546515631558777	8208000.0	0.033674992	5.892284258500175
Saltmarsh_3_000000001	8294400.0	1	1	0.7047688931718578	1.4095377863437155	0.7194068368807536	1.4388136737615072	1.0	0.8894031047821045	183703588.09740376	172569258.33869675	172569258.33869675	-0.0076405027622754584	0.8704867944557593	4.5388751287965015	8294400.0	0.033674253	5.882382166920267
Saltmarsh_3_000000001	8380800.0	1	1	0.7043909010085195	1.408781802017039	0.7190440820637188	1.4380881641274377	1.0	0.8894256353378296	183491180.43185478	172389954.5821818	172389954.5821818	-0.007074152548778079	0.8690239254596872	4.531800976247721	8380800.0	0.03366916	5.873214065217047
Saltmarsh_3_000000001	8467200.0	1	1	0.7040450146531039	1.4080900293062077	0.7187121592597763	1.4374243185195525	1.0	0.8895328640937805	183294407.76127565	172240570.05484867	172240570.05484867	-0.0064666409604883235	0.8676694912347317	4.5253343352872335	8467200.0	0.033644931	5.864833298532255
Saltmarsh_3_000000001	8553600.0	1	1	0.7037439377438418	1.4074878754876836	0.7184232528524639	1.4368465057049278	1.0	0.8899287581443787	183114441.01626027	172161530.52929544	172161530.52929544	-0.005623719990021092	0.8664313726364984	4.519710615297212	8553600.0	0.033555261	5.857544957425187
Saltmarsh_3_000000001	8640000.0	1	1	0.7035268770389496	1.4070537540778991	0.7182149756508122	1.4364299513016243	1.0	0.8911422491073608	182957860.85275716	172260643.53201744	172260643.53201744	-0.004051424050193764	0.865354641710281	4.515659191247018	8640000.0	0.033278611	5.852294311856134
Saltmarsh_3_000000001	8726400.0	1	1	0.7034910016395414	1.4069820032790827	0.7181805527165188	1.4363611054330376	1.0	0.8943464159965515	182845016.29200658	172781915.00249642	172781915.00249642	-0.0006693713257308609	0.864578946338213	4.514989819921286	8726400.0	0.032534934	5.8514268066179875
Saltmarsh_3_000000001	8812800.0	1	1	0.7038311390421249	1.4076622780842498	0.7185242301892943	1.4370484603785887	1.0	0.9017384052276611	182826368.89997816	174193653.96208638	174193653.96208638	0.0065174829127346845	0.8644507868976973	4.521507302834019	8812800.0	0.030740196	5.859873464472889
Saltmarsh_3_000000001	8899200.0	1	1	0.704895439156283	1.409790878312566	0.7195909747171553	1.4391819494343105	1.0	0.916476845741272	183003204.48013723	177209658.44810718	177209658.44810718	0.020349652422407938	0.865698639818128	4.541856955256426	8899200.0	0.026768613	5.886246614012328
Saltmarsh_3_000000001	8985600.0	1	1	0.7071247838926876	1.4142495677853753	0.7217968074607622	1.4435936149215245	1.0	0.9406833648681641	183557080.49340966	182427385.30375534	182427385.30375534	0.04254209340868875	0.869594833110088	4.584399048665114	8985600.0	0.018584053	5.941381167069988
Saltmarsh_3_000000001	9072000.0	1	1	0.7095309284931915	1.419061856986383	0.7241418277450808	1.4482836554901617	1.0	0.9700796008110046	184719973.8467412	189271210.80995402	184719973.8467412	0.04585982481856654	0.8777400444151395	4.63025887348368	9072000.0	0.002692497	6.000815500034849
Saltmarsh_3_000000001	9158400.0	1	1	0.7088287678923694	1.4176575357847387	0.7234677556854294	1.4469355113708589	1.0	0.8893995881080627	185979211.730566	174641468.0137802	174641468.0137802	-0.013313136469580544	0.8865204765384816	4.616945737014098	9158400.0	0.033675054	5.983561675170272
Saltmarsh_3_000000001	9244800.0	1	1	0.7081758872400171	1.4163517744800342	0.722841063488136	1.445682126976272	1.0	0.8893995881080627	185611299.2001471	174323275.2059229	174323275.2059229	-0.012355135448873455	0.883971511478488	4.604590601565224	9244800.0	0.033675054	5.967549419628531
Saltmarsh_3_000000001	9331200.0	1	1	0.7075688398865551	1.4151376797731101	0.7222584279349128	1.4445168558698256	1.0	0.8893995881080627	185269534.80499196	174027720.5524669	174027720.5524669	-0.01146736483078703	0.8816059675931216	4.593123236734437	9331200.0	0.033675052	5.95268771480783
Saltmarsh_3_000000001	9417600.0	1	1	0.7070044341224335	1.414008868244867	0.721716772792001	1.443433545584002	1.0	0.8893998861312866	184952045.38077557	173753237.41629624	173753237.41629624	-0.010644211319462249	0.8794103984009435	4.582479025414973	9417600.0	0.033674985	5.9388928169378055
Saltmarsh_3_000000001	9504000.0	1	1	0.7064798608708711	1.4129597217417422	0.7212133910091728	1.4424267820183456	1.0	0.8894035816192627	184657102.01674294	173498930.81852156	173498930.81852156	-0.009877778063003939	0.8773724321556118	4.572601247351971	9504000.0	0.033674154	5.926091216568154
Saltmarsh_3_000000001	9590400.0	1	1	0.7059934426745051	1.4119868853490103	0.7207466630128928	1.4414933260257856	1.0	0.8894287347793579	184383185.0904807	173266998.61055088	173266998.61055088	-0.009146216008247499	0.8754812090610019	4.5634550313437225	9590400.0	0.033668475	5.914237720621465
Saltmarsh_3_000000001	9676800.0	1	1	0.7055473630686455	1.411094726137291	0.7203186747088609	1.4406373494177218	1.0	0.88954758644104	184129373.29484513	173070680.45877686	173070680.45877686	-0.008376650299259936	0.8737300525931443	4.555078381044462	9676800.0	0.033641596	5.9033815818336235
Saltmarsh_3_000000001	9763200.0	1	1	0.7051552675374047	1.4103105350748093	0.7199425080198899	1.4398850160397798	1.0	0.8899842500686646	183896763.74208993	172954412.72506478	172954412.72506478	-0.007354175397563112	0.8721262390228871	4.547724205646897	9763200.0	0.03354265	5.893850570518379
Saltmarsh_3_000000001	9849600.0	1	1	0.7048597071356606	1.4097194142713212	0.7196589714178815	1.439317942835763	1.0	0.8913150429725647	183692425.75579405	173036007.89038008	173036007.89038008	-0.00553815149934811	0.8707181909512486	4.542186054147548	9849600.0	0.033239001	5.886673126175222
Saltmarsh_3_000000001	9936000.0	1	1	0.7047657167518114	1.4095314335036229	0.7195688077012231	1.4391376154024462	1.0	0.8948044180870056	183538471.49473336	173579528.64874244	173579528.64874244	-0.0017601999299072801	0.8696578431736195	4.540425854217641	9936000.0	0.032427014	5.884391907066063
Saltmarsh_3_000000001	10022400.0	1	1	0.7050829468918831	1.4101658937837662	0.7198890773997513	1.4397781547995026	1.0	0.9027807712554932	183489526.43220738	175083884.40335813	175083884.40335813	0.006098590946230886	0.8693208310705598	4.546524445163872	10022400.0	0.030477548	5.892295680932379
Saltmarsh_3_000000001	10108800.0	1	1	0.7061741844507889	1.4123483689015779	0.7209813787904794	1.4419627575809588	1.0	0.9184632897377014	183654748.73860896	178283330.60304517	178283330.60304517	0.020928171085482616	0.8704884819297433	4.567452616249355	10108800.0	0.026185597	5.9194185906591645
Saltmarsh_3_000000001	10195200.0	1	1	0.7084785146087567	1.4169570292175133	0.7232573390724245	1.446514678144849	1.0	0.9436222910881042	184223663.4907096	183719536.7474107	183719536.7474107	0.044102243943673125	0.8744954397933805	4.611554860193028	10195200.0	0.017385497	5.976575098810164
Saltmarsh_3_000000001	10281600.0	1	1	0.710790770466293	1.421581540932586	0.7255070363313684	1.4510140726627367	1.0	0.9729517698287964	185427912.44147533	190614344.45534456	185427912.44147533	0.04420020094315513	0.8829393612642216	4.655755061136182	10281600.0	0.000384142	6.033858559232493
Saltmarsh_3_000000001	10368000.0	1	1	0.7100110007445902	1.4200220014891805	0.7247586286746586	1.4495172573493171	1.0	0.8893995881080627	186640246.8536809	175313291.64206672	175313291.64206672	-0.014835579606946592	0.8914020378172802	4.6409194815292345	10368000.0	0.033675054	6.014631648061888
Saltmarsh_3_000000001	10454400.0	1	1	0.7092859825467925	1.418571965093585	0.724062858649905	1.44812571729981	1.0	0.8893995881080627	186230965.84056872	174959377.17913252	174959377.17913252	-0.013764696244680352	0.888561582140343	4.627154785284555	10454400.0	0.033675054	5.9967926017287825
Saltmarsh_3_000000001	10540800.0	1	1	0.708611886336467	1.417223772672934	0.7234160328852232	1.4468320657704463	1.0	0.8893995881080627	185850825.52801573	174630690.69895905	174630690.69895905	-0.012772706867270278	0.8859261603620655	4.614382078417283	10540800.0	0.033675052	5.980239173628799
Saltmarsh_3_000000001	10627200.0	1	1	0.7079851639505796	1.4159703279011593	0.7228147308327854	1.4456294616655707	1.0	0.8893998861312866	185497732.96062943	174325474.7967327	174325474.7967327	-0.01185329326709783	0.8834806672507614	4.602528785150184	10627200.0	0.033674981	5.964877305554639
Saltmarsh_3_000000001	10713600.0	1	1	0.7074026838628108	1.4148053677256216	0.7222559341213379	1.4445118682426759	1.0	0.889403760433197	185169756.0421932	174042694.91204026	174042694.91204026	-0.010997732713737385	0.8812112072739388	4.591531052436445	10713600.0	0.033674109	5.950624243957633
Saltmarsh_3_000000001	10800000.0	1	1	0.7068625091620269	1.4137250183240537	0.7217377723752005	1.443475544750401	1.0	0.889430046081543	184865192.23944175	173784551.55496505	173784551.55496505	-0.010182797199182358	0.8791055549740077	4.581348255237262	10800000.0	0.033668169	5.937427338787491
Saltmarsh_3_000000001	10886400.0	1	1	0.7063667290992495	1.412733458198499	0.7212622383251537	1.4425244766503074	1.0	0.8895537853240967	184582972.85950047	173564740.4474043	173564740.4474043	-0.009332229946517168	0.8771559321835387	4.572016025290743	10886400.0	0.033640194	5.925332768776803
Saltmarsh_3_000000001	10972800.0	1	1	0.7059292750037692	1.4118585500075385	0.7208426820395983	1.4416853640791967	1.0	0.8900061845779419	184324137.6147587	173429138.29767755	173429138.29767755	-0.008223469552238738	0.8753691610406265	4.563792555738505	10972800.0	0.033537692	5.914675152237104
Saltmarsh_3_000000001	11059200.0	1	1	0.7055937199106593	1.4111874398213187	0.7205208771228815	1.441041754245763	1.0	0.891377866268158	184095903.81667373	173498731.0846208	173498731.0846208	-0.006301020400724	0.8737946758238281	4.55749153533778	11059200.0	0.033224595	5.906509029797764
Saltmarsh_3_000000001	11145600.0	1	1	0.7054672523781432	1.4109345047562865	0.7203995967339203	1.4407991934678406	1.0	0.8949559330940247	183920929.8115173	174043005.3857166	174043005.3857166	-0.002373240406873256	0.8725882673354562	4.555118294930906	11145600.0	0.032391231	5.903433310230454
Saltmarsh_3_000000001	11232000.0	1	1	0.7057631341540129	1.4115262683080259	0.7206981678849447	1.4413963357698893	1.0	0.9030876755714417	183855005.35385182	175566543.90848133	175566543.90848133	0.005698838511027704	0.872133881031379	4.560817133441933	11232000.0	0.030399714	5.910819004940746
Saltmarsh_3_000000001	11318400.0	1	1	0.7068447986941814	1.4136895973883628	0.7217802467193198	1.4435604934386397	1.0	0.9189677834510803	184009259.86583838	178801278.30630505	178801278.30630505	0.020781397201612428	0.8732249943299129	4.581598530643545	11318400.0	0.026035472	5.937751695714034
Saltmarsh_3_000000001	11404800.0	1	1	0.7091463060633025	1.418292612126605	0.7240519686503277	1.4481039373006555	1.0	0.9442344307899475	184573723.50814804	184265640.8106679	184265640.8106679	0.04412435353985278	0.8772038505134867	4.625722884183396	11404800.0	0.017128476	5.994936857901681
Saltmarsh_3_000000001	11491200.0	1	1	0.7114043154436741	1.4228086308873482	0.7262476894433469	1.4524953788866939	1.0	0.9734029769897461	185777635.2087118	191141749.18925208	185777635.2087118	0.0432361709028839	0.8856520051406751	4.668959055086281	11491200.0	0.0	6.050970935391821
Saltmarsh_3_000000001	11577600.0	1	1	0.7105919684456593	1.4211839368913186	0.7254682628669001	1.4509365257338003	1.0	0.8893995881080627	186962596.59000066	175689745.19021964	175689745.19021964	-0.01548138023745338	0.8939301061885516	4.653477674848828	11577600.0	0.033675054	6.0309070666040805
Saltmarsh_3_000000001	11664000.0	1	1	0.7098366982516746	1.4196733965033492	0.7247436963791842	1.4494873927583685	1.0	0.8893995881080627	186535858.13382176	175320817.66653338	175320817.66653338	-0.014361915640309308	0.8909660039729762	4.639115759208518	11664000.0	0.033675054	6.012294023934239
Saltmarsh_3_000000001	11750400.0	1	1	0.7091345108090732	1.4182690216181464	0.724070138281957	1.448140276563914	1.0	0.8893995881080627	186139540.3917797	174978221.83106977	174978221.83106977	-0.013325127980536089	0.8882162371358849	4.625790631227982	11750400.0	0.033675052	5.995024658071465
Saltmarsh_3_000000001	11836800.0	1	1	0.7084817049021749	1.4169634098043498	0.7234440208682391	1.4468880417364782	1.0	0.8893998861312866	185771455.16886744	174660117.89636216	174660117.89636216	-0.01236438667061368	0.8856649761524245	4.613426244557367	11836800.0	0.033674982	5.979000412946347
Saltmarsh_3_000000001	11923200.0	1	1	0.7078750005338394	1.415750001067679	0.7228621830946319	1.4457243661892638	1.0	0.8894036412239075	185429582.4166922	174365372.9714883	174365372.9714883	-0.011470796148498885	0.8832976610059404	4.601955448408868	11923200.0	0.033674118	5.964134261137893
Saltmarsh_3_000000001	12009600.0	1	1	0.7073123232050853	1.4146246464101706	0.7223226221505263	1.4446452443010527	1.0	0.8894296884536743	185112135.21342206	174096121.11828333	174096121.11828333	-0.010620829254021302	0.881101434845438	4.5913346191548445	12009600.0	0.033668262	5.950369666424678
Saltmarsh_3_000000001	12096000.0	1	1	0.7067955310340033	1.4135910620680066	0.7218271074417757	1.4436542148835514	1.0	0.889551043510437	184817967.44412133	173865619.64699125	173865619.64699125	-0.009739847151516323	0.8790679453864726	4.581594772003328	12096000.0	0.033640808	5.937746824516313
Saltmarsh_3_000000001	12182400.0	1	1	0.7063380403185379	1.4126760806370757	0.7213884896067695	1.442776979213539	1.0	0.8899930119514465	184547994.52608106	173718559.94289133	173718559.94289133	-0.00861033116075327	0.87720313087521	4.572984440842575	12182400.0	0.033540674	5.9265878353319765
Saltmarsh_3_000000001	12268800.0	1	1	0.7059819713037738	1.4119639426075477	0.7210471336147011	1.4420942672294021	1.0	0.8913271427154541	184309165.42776173	173772158.90052933	173772158.90052933	-0.006693781703730806	0.8755545762063774	4.5662906591388435	12268800.0	0.033236224	5.917912694243942
Saltmarsh_3_000000001	12355200.0	1	1	0.7058307496137741	1.4116614992275482	0.7209021669031126	1.4418043338062252	1.0	0.8947933316230774	184123389.6722909	174286435.38960686	174286435.38960686	-0.002840791748270566	0.8742729686963049	4.563449867390572	12355200.0	0.032429652	5.914231028138182
Saltmarsh_3_000000001	12441600.0	1	1	0.7060904070817348	1.4121808141634695	0.7211641525637139	1.4423283051274278	1.0	0.9026477336883545	184044519.47660348	175747144.90044898	175747144.90044898	0.005006660611964198	0.8737290638902807	4.568456528002535	12441600.0	0.030511194	5.920719660291286
Saltmarsh_3_000000001	12528000.0	1	1	0.7071108383010122	1.4142216766020244	0.7221851447192641	1.4443702894385282	1.0	0.917985737323761	184179955.12898412	178862885.86134154	178862885.86134154	0.01962677815967495	0.8746876511470327	4.5880833061622095	12528000.0	0.026326913	5.946155964786223
Saltmarsh_3_000000001	12614400.0	1	1	0.7093193939645633	1.4186387879291267	0.7243662422511689	1.4487324845023377	1.0	0.9425539970397949	184712687.9928535	184166625.66702655	184166625.66702655	0.04238768713738139	0.8784454411977514	4.630470993299591	12614400.0	0.017827845	6.00109040731627
Saltmarsh_3_000000001	12700800.0	1	1	0.7115515157717845	1.423103031543569	0.7265380591319485	1.453076118263897	1.0	0.9715210199356079	185868335.20952627	190961850.2746819	185868335.20952627	0.04278058654010786	0.8865610895075235	4.6732515798396985	12700800.0	0.001562272	6.05653404747225
Saltmarsh_3_000000001	12787200.0	1	1	0.7107391368272161	1.4214782736544322	0.725758902954724	1.451517805909448	1.0	0.8893995881080627	187039975.38070014	175852712.7349084	175852712.7349084	-0.015488399605358194	0.8947519632799003	4.65776318023434	12787200.0	0.033675054	6.036461081583706
Saltmarsh_3_000000001	12873600.0	1	1	0.7099838837600071	1.4199677675200142	0.725034633593677	1.450069267187354	1.0	0.8893995881080627	186613131.79952228	175483794.85307983	175483794.85307983	-0.014367542853900184	0.8917865171192993	4.643395637380439	12873600.0	0.033675054	6.017840746045049
Saltmarsh_3_000000001	12960000.0	1	1	0.7092817559809942	1.4185635119619884	0.7243613943805209	1.4487227887610419	1.0	0.8893995881080627	186216740.91788942	175141229.438446	175141229.438446	-0.013329525690158661	0.8890356728823886	4.63006611169028	12960000.0	0.033675052	6.000565680750604
Saltmarsh_3_000000001	13046400.0	1	1	0.7086290463919565	1.417258092783913	0.7237356131875053	1.4474712263750107	1.0	0.8893998861312866	185848610.60083058	174823173.80187422	174823173.80187422	-0.01236770089351813	0.8864835699028892	4.617698410796762	13046400.0	0.033674986	5.984537140392604
Saltmarsh_3_000000001	13132800.0	1	1	0.7080224605050002	1.4160449210100003	0.7231541161681715	1.446308232336343	1.0	0.8894034624099731	185506717.25794205	174528457.90235308	174528457.90235308	-0.011473330695568551	0.8841156202073339	4.6062250801011935	13132800.0	0.03367418	5.969667703811147
Saltmarsh_3_000000001	13219200.0	1	1	0.7074598243687057	1.4149196487374114	0.7226148058471655	1.445229611694331	1.0	0.8894274830818176	185189265.9871569	174258885.922248	174258885.922248	-0.010624479165126655	0.8819189087763667	4.595600600936067	13219200.0	0.033668747	5.955898378813143
Saltmarsh_3_000000001	13305600.0	1	1	0.7069426241155774	1.4138852482311548	0.72211909433704	1.44423818867408	1.0	0.8895395398139954	184895058.4457008	174026624.11817914	174026624.11817914	-0.009751599905765906	0.8798847204966617	4.585849001030301	13305600.0	0.033643401	5.9432603053352695
Saltmarsh_3_000000001	13392000.0	1	1	0.7064829337105989	1.4129658674211978	0.7216785408241634	1.4433570816483268	1.0	0.8899456262588501	184624816.0584937	173872469.81476423	173872469.81476423	-0.008655306701042642	0.8780176557748638	4.577193694329259	13392000.0	0.033551423	5.93204302785072
Saltmarsh_3_000000001	13478400.0	1	1	0.7061189681463644	1.4122379362927289	0.7213297522768523	1.4426595045537045	1.0	0.8911657929420471	184384789.04620492	173903105.70775524	173903105.70775524	-0.006844961442370234	0.8763604899811465	4.570348732886888	13478400.0	0.033273219	5.923171957821407
Saltmarsh_3_000000001	13564800.0	1	1	0.7059445810434365	1.411889162086873	0.7211626448383521	1.4423252896767043	1.0	0.8943246603012085	184194855.43619457	174354560.98303416	174354560.98303416	-0.003277132320311682	0.8750499372354825	4.567071600566576	13564800.0	0.032540057	5.918924794334282
Saltmarsh_3_000000001	13651200.0	1	1	0.7061480029529917	1.4122960059059835	0.7213679412827874	1.4427358825655747	1.0	0.9014775156974792	184103887.0803061	175669416.65979847	175669416.65979847	0.003924593682674171	0.8744224896163182	4.5709961942492505	13651200.0	0.030805546	5.9240110677470295
Saltmarsh_3_000000001	13737600.0	1	1	0.7070503613653296	1.4141007227306592	0.7222716385685517	1.4445432771371034	1.0	0.9155265092849731	184210003.5123792	178508299.61661926	178508299.61661926	0.01736759634126861	0.8751739017418277	4.588363790590519	13737600.0	0.027043076	5.9465194726053126
Saltmarsh_3_000000001	13824000.0	1	1	0.7090658270512145	1.418131654102429	0.7242655043748663	1.4485310087497325	1.0	0.9384891390800476	184681093.56934148	183441241.34374696	183441241.34374696	0.038707063299176725	0.8784991434195581	4.627070853889696	13824000.0	0.019443182	5.996683826641045
Saltmarsh_3_000000001	13910400.0	1	1	0.7112961968959945	1.422592393791989	0.7264397867232326	1.4528795734464652	1.0	0.9669418334960938	185735470.84280577	190036386.61286157	185735470.84280577	0.04276726355825833	0.8859100906557705	4.669838117447954	13910400.0	0.004980659	6.052110200212549
Saltmarsh_3_000000001	13996800.0	1	1	0.710511915513372	1.421023831026744	0.7256879141092135	1.451375828218427	1.0	0.8893995881080627	186905772.11504802	175831170.40874875	175831170.40874875	-0.014942561534323384	0.8940984135780672	4.65489555591363	13996800.0	0.033675054	6.032744640464064
Saltmarsh_3_000000001	14083200.0	1	1	0.7097828370523072	1.4195656741046143	0.7249890547182516	1.4499781094365032	1.0	0.8893995881080627	186493831.48013917	175475244.96234545	175475244.96234545	-0.013861250072830456	0.8912374748845577	4.641034305840799	14083200.0	0.033675054	6.014780460369676
Saltmarsh_3_000000001	14169600.0	1	1	0.7091050915406149	1.4182101830812297	0.7243394799360083	1.4486789598720167	1.0	0.8893995881080627	186111293.56105527	175144754.61445284	175144754.61445284	-0.012859793606349146	0.8885835666786134	4.62817451223445	14169600.0	0.033675052	5.998114167855847
Saltmarsh_3_000000001	14256000.0	1	1	0.708475093752029	1.416950187504058	0.7237357370105039	1.4474714740210077	1.0	0.8893998861312866	185756041.59961683	174837922.7813329	174837922.7813329	-0.01193178582457255	0.8861213997312372	4.616242726409877	14256000.0	0.033674994	5.9826505734272
Saltmarsh_3_000000001	14342400.0	1	1	0.707889635103787	1.415779270207574	0.723174736683706	1.446349473367412	1.0	0.8894029259681702	185426121.78508338	174553535.3958556	174553535.3958556	-0.01106923440170049	0.8838369113809785	4.605173492008176	14342400.0	0.033674295	5.968304845642597
Saltmarsh_3_000000001	14428800.0	1	1	0.7073465108520635	1.414693021704127	0.7226543536780522	1.4453087073561044	1.0	0.8894237279891968	185119789.2893313	174293021.43801606	174293021.43801606	-0.010252462006185903	0.8817175691962662	4.5949210300019905	14428800.0	0.033669597	5.95501765488258
Saltmarsh_3_000000001	14515200.0	1	1	0.7068466697295642	1.4136933394591285	0.7221754854116356	1.4443509708232711	1.0	0.8895200490951538	184835834.075084	174066619.24107128	174066619.24107128	-0.00942151200929664	0.8797546082146531	4.585499517992694	14515200.0	0.033647823	5.942807375318531
Saltmarsh_3_000000001	14601600.0	1	1	0.7064000726305476	1.4128001452610952	0.7217476628065755	1.443495325613151	1.0	0.8898667097091675	184574700.6517166	173908818.3537688	173908818.3537688	-0.008406651144880373	0.8779507429137243	4.5770928668478135	14601600.0	0.033569318	5.931912355434767
Saltmarsh_3_000000001	14688000.0	1	1	0.7060387751914116	1.4120775503828231	0.721401578663307	1.442803157326614	1.0	0.8909026980400085	184341539.80106652	173909594.16154185	173909594.16154185	-0.006793214501853551	0.8763411853095628	4.570299652345959	14688000.0	0.033333439	5.923108349440363
Saltmarsh_3_000000001	14774400.0	1	1	0.7058416589203008	1.4116833178406016	0.72121277178194	1.44242554356388	1.0	0.8935737609863281	184153020.30176976	174267447.09416184	174267447.09416184	-0.0037033046865138086	0.875040540157323	4.566596347659445	14774400.0	0.032716065	5.91830886656664
Saltmarsh_3_000000001	14860800.0	1	1	0.7059689081371416	1.4119378162742833	0.721341270116104	1.442682540232208	1.0	0.8996228575706482	184050208.69769466	175357362.72694302	175357362.72694302	0.0024553170806033142	0.8743314965541118	4.569051664740047	14860800.0	0.031265756	5.9214909575031
Saltmarsh_3_000000001	14947200.0	1	1	0.7066957265754914	1.4133914531509828	0.722070401632017	1.444140803264034	1.0	0.9116204977035522	184116575.865805	177759058.60404977	177759058.60404977	0.013993695565123976	0.8748015974551249	4.583045360305171	14947200.0	0.028142567	5.939626786955501
Saltmarsh_3_000000001	15033600.0	1	1	0.7084059395511637	1.4168118791023274	0.7237675121842472	1.4475350243684943	1.0	0.9318429827690125	184495879.2779531	182067548.96908566	182067548.96908566	0.032856880852535575	0.8774808639928927	4.615902241157705	15033600.0	0.02188112	5.982209304540386
Saltmarsh_3_000000001	15120000.0	1	1	0.7106570455311387	1.4213140910622775	0.7259702050326948	1.4519404100653897	1.0	0.9588065147399902	185389924.69203416	188208782.99117485	185389924.69203416	0.04317790220273798	0.8837717212574329	4.659080143360442	15120000.0	0.01005758	6.038167865795133
Saltmarsh_3_000000001	15206400.0	1	1	0.7099276801765078	1.4198553603530155	0.7252713292081007	1.4505426584162013	1.0	0.8893995881080627	186570026.16945237	175633259.75978372	175633259.75978372	-0.013872367241215655	0.8920386660401343	4.645207776119226	15206400.0	0.033675054	6.020189277850516
Saltmarsh_3_000000001	15292800.0	1	1	0.7092497082900048	1.4184994165800096	0.7246217784640737	1.4492435569281474	1.0	0.8893995881080627	186187259.58984503	175302658.2365587	175302658.2365587	-0.012869338131656138	0.8893826293144497	4.632338437987568	15292800.0	0.033675054	6.003510615631888
Saltmarsh_3_000000001	15379200.0	1	1	0.7086195222305117	1.4172390444610234	0.7240180796948139	1.4480361593896278	1.0	0.8893995881080627	185831816.4728643	174995683.1283483	174995683.1283483	-0.011940219307609357	0.8869186349493509	4.6203982186799575	15379200.0	0.033675053	5.988036091409225
Saltmarsh_3_000000001	15465600.0	1	1	0.7080337750936793	1.4160675501873585	0.7234570121690401	1.4469140243380803	1.0	0.8893997669219971	185501730.77295354	174710665.98332474	174710665.98332474	-0.011079201987565734	0.8846325319041894	4.609319016692392	15465600.0	0.033675007	5.9736774456333395
Saltmarsh_3_000000001	15552000.0	1	1	0.7074894618918971	1.4149789237837942	0.7229356849075643	1.4458713698151286	1.0	0.8894022107124329	185195184.88728124	174446441.3174515	174446441.3174515	-0.01027907471430789	0.8825112813015654	4.599039941978083	15552000.0	0.033674451	5.960355764803596
Saltmarsh_3_000000001	15638400.0	1	1	0.7069843914731039	1.4139687829462078	0.7224519882456695	1.444903976491339	1.0	0.8894185423851013	184910550.33987442	174203873.32944924	174203873.32944924	-0.009523858339738345	0.8805432249869846	4.589516083638344	15638400.0	0.033670763	5.948012844395294
Saltmarsh_3_000000001	15724800.0	1	1	0.7065188518500043	1.4130377037000086	0.7220061879746377	1.4440123759492753	1.0	0.8894935250282288	184646632.59136504	173990672.320289	173990672.320289	-0.008766402610553059	0.878719764211998	4.58074968102779	15724800.0	0.033653819	5.936651586612015
Saltmarsh_3_000000001	15811200.0	1	1	0.706100054263729	1.412200108527458	0.7216051794415748	1.4432103588831495	1.0	0.8897607922554016	184403538.0537018	173832994.3400172	173832994.3400172	-0.007876356028729048	0.877041327728815	4.572873324999061	15811200.0	0.033593325	5.926443829198782
Saltmarsh_3_000000001	15897600.0	1	1	0.7057519579519037	1.4115039159038074	0.7212718918746	1.4425437837492	1.0	0.8905524611473083	184184987.99635398	173798747.18489355	173798747.18489355	-0.006539565775832479	0.8755333017003002	4.5663337592232285	15897600.0	0.033413406	5.9179685519533045
Saltmarsh_3_000000001	15984000.0	1	1	0.7055337456700568	1.4110674913401136	0.7210629733876252	1.4421259467752503	1.0	0.8925792574882507	184003432.10778323	174037005.9354202	174037005.9354202	-0.004096191064800525	0.8742812207419015	4.562237568158428	15984000.0	0.032947502	5.912659888333323
Saltmarsh_3_000000001	16070400.0	1	1	0.705567908306467	1.411135816612934	0.7210975027389545	1.442195005477909	1.0	0.8971604108810425	183889665.22115126	174831186.9123712	174831186.9123712	0.0006589803920795667	0.8734969541697764	4.562896548550507	16070400.0	0.031865221	5.913513926921457
Saltmarsh_3_000000001	16156800.0	1	1	0.7060643922094654	1.4121287844189307	0.7215967799747354	1.4431935599494707	1.0	0.9063378572463989	183907473.8884338	176636465.04238176	176636465.04238176	0.00955920107471242	0.8736231241371964	4.57245574962522	16156800.0	0.029561834	5.925902651514286
Saltmarsh_3_000000001	16243200.0	1	1	0.7073439452070313	1.4146878904140625	0.7228723894300868	1.4457447788601736	1.0	0.9223681092262268	184166383.69480857	180008276.21732852	180008276.21732852	0.024588029369598807	0.8754533517170439	4.597043778994819	16243200.0	0.025000745	5.957768737577286
Saltmarsh_3_000000001	16329600.0	1	1	0.7096372604005878	1.4192745208011757	0.7251306423372896	1.4502612846745793	1.0	0.9457060098648071	184834493.22651216	185210534.0254957	184834493.22651216	0.04401143130114327	0.8801610348314176	4.6410552102959635	16329600.0	0.016499588	6.0148075525435685
Saltmarsh_3_000000001	16416000.0	1	1	0.7089893319992504	1.4179786639985008	0.7245101414364817	1.4490202828729635	1.0	0.8893995881080627	186034958.4368125	175259612.9476969	175259612.9476969	-0.012289504357285375	0.8885875690957699	4.628765705938677	16416000.0	0.033675054	5.998880354896525
Saltmarsh_3_000000001	16502400.0	1	1	0.7083871141021235	1.416774228204247	0.7239334800221039	1.4478669600442078	1.0	0.8893995881080627	185695398.17939365	174966443.66857997	174966443.66857997	-0.011402372753813506	0.8862345910967133	4.617363333184862	16502400.0	0.033675054	5.984102879807581
Saltmarsh_3_000000001	16588800.0	1	1	0.7078273929307886	1.4156547858615771	0.7233975673113496	1.4467951346226993	1.0	0.8893995881080627	185380071.57812852	174694218.56991133	174694218.56991133	-0.010580372594016563	0.8840514654435733	4.606782960590845	16588800.0	0.033675053	5.970390716925736
Saltmarsh_3_000000001	16675200.0	1	1	0.707307185400359	1.414614370800718	0.7228995354923842	1.4457990709847683	1.0	0.8893997073173523	185087236.89465332	174441452.86951232	174441452.86951232	-0.009818457566267091	0.8820257219138287	4.5969645030245765	16675200.0	0.033675021	5.957665995919851
Saltmarsh_3_000000001	16761600.0	1	1	0.706823791374684	1.413647582749368	0.7224367894463717	1.4448735788927434	1.0	0.889401376247406	184815282.47696677	174207031.51101953	174207031.51101953	-0.009110698908795012	0.8801458564638927	4.587853804115782	16761600.0	0.033674644	5.945858530134053
Saltmarsh_3_000000001	16848000.0	1	1	0.7063751025346127	1.4127502050692253	0.722007302099384	1.444014604198768	1.0	0.8894123435020447	184562752.6654118	173991209.28885618	173991209.28885618	-0.00844545374085659	0.8784015001851375	4.579408350374925	16848000.0	0.033672176	5.934913222085904
Saltmarsh_3_000000001	16934400.0	1	1	0.7059606642550096	1.4119213285100192	0.7216106303764664	1.4432212607529329	1.0	0.8894615769386292	184328507.68298724	173798653.46748888	173798653.46748888	-0.007791246005379726	0.8767845133428241	4.571617104369546	16934400.0	0.033661043	5.924815767262931
Saltmarsh_3_000000001	17020800.0	1	1	0.7055844693420202	1.4111689386840405	0.7212505882343175	1.442501176468635	1.0	0.8896340131759644	184112275.88468596	173645682.026167	173645682.026167	-0.007064372552808673	0.8752927826836437	4.564552731816736	17020800.0	0.033622055	5.915660340434489
Saltmarsh_3_000000001	17107200.0	1	1	0.7052608883869986	1.4105217767739973	0.7209409205318489	1.4418818410636978	1.0	0.8901346921920776	183916107.31385443	173573976.47754878	173573976.47754878	-0.006070338572444767	0.8739402209601886	4.558482393244291	17107200.0	0.033508495	5.907793181644601
Saltmarsh_3_000000001	17193600.0	1	1	0.7050256233005073	1.4100512466010147	0.7207157827017345	1.441431565403469	1.0	0.8913935422897339	183747458.18340167	173673586.2700143	173673586.2700143	-0.004410048018224311	0.8727779793682957	4.554072345226068	17193600.0	0.033220993	5.902077759412984
Saltmarsh_3_000000001	17280000.0	1	1	0.7049528699565338	1.4099057399130677	0.7206461630522016	1.4412923261044033	1.0	0.8942002654075623	183624887.50919843	174114090.79807732	174114090.79807732	-0.0013631670002249852	0.8719336209906116	4.552709178225842	17280000.0	0.032569296	5.900311094980691
Saltmarsh_3_000000001	17366400.0	1	1	0.7051709250336551	1.4103418500673102	0.7208661271557996	1.4417322543115991	1.0	0.8998133540153503	183586992.0487481	175173959.5252697	175173959.5252697	0.004197171861200943	0.8716726257651475	4.5569063500870435	17366400.0	0.031218846	5.905750629712809
Saltmarsh_3_000000001	17452800.0	1	1	0.7058847398613451	1.4117694797226903	0.7215822256251926	1.4431644512503852	1.0	0.9098677635192871	183700583.37875044	177239002.4466748	177239002.4466748	0.013718785870468375	0.8724762263629056	4.570625135957512	17452800.0	0.028621745	5.923530176200936
Saltmarsh_3_000000001	17539200.0	1	1	0.7073606261011313	1.4147212522022625	0.72305021743149	1.44610043486298	1.0	0.9257354140281677	184072676.33775046	180686162.59738293	180686162.59738293	0.028327954956163248	0.8751028580307514	4.598953090913675	17539200.0	0.023934336	5.960243205824122
Saltmarsh_3_000000001	17625600.0	1	1	0.7068803464902983	1.4137606929805966	0.7225905749149741	1.4451811498299483	1.0	0.8893995881080627	184843211.0249274	174294637.52162078	174294637.52162078	-0.009053408665646523	0.8805265962737504	4.589899682248026	17625600.0	0.033675054	5.948509988193442
Saltmarsh_3_000000001	17712000.0	1	1	0.7064340011122439	1.4128680022244877	0.7221634442451083	1.4443268884902165	1.0	0.8893995881080627	184592288.69837847	174078098.45202488	174078098.45202488	-0.008402716662319953	0.8787932089224444	4.581496965585707	17712000.0	0.033675054	5.937620067399076
Saltmarsh_3_000000001	17798400.0	1	1	0.7060191985651437	1.4120383971302874	0.7217665294513993	1.4435330589027986	1.0	0.8893995881080627	184359248.11962938	173877002.74271902	173877002.74271902	-0.007799390910161796	0.8771844046237569	4.573697574675544	17798400.0	0.033675054	5.927512056779505
Saltmarsh_3_000000001	17884800.0	1	1	0.7056337151434666	1.4112674302869332	0.7213976962102557	1.4427953924205115	1.0	0.8893995881080627	184142808.27092603	173690242.4588257	173690242.4588257	-0.007239902227430317	0.8756911145215589	4.566457672448113	17884800.0	0.033675038	5.918129143492755
Saltmarsh_3_000000001	17971200.0	1	1	0.7052755265961554	1.4105510531923109	0.7210550020590673	1.4421100041181345	1.0	0.8894004225730896	183941780.81593427	173516952.83625552	173516952.83625552	-0.006720181284052051	0.8743049454653297	4.55973749116406	17971200.0	0.03367486	5.909419788548622
Saltmarsh_3_000000001	18057600.0	1	1	0.7049429213312759	1.4098858426625518	0.7207368045339928	1.4414736090679856	1.0	0.889405369758606	183755085.89020607	173356838.77046928	173356838.77046928	-0.006234089575903323	0.8730182834282497	4.553503401588156	18057600.0	0.033673756	5.90134040845825
Saltmarsh_3_000000001	18144000.0	1	1	0.7046349094621523	1.4092698189243047	0.7204421522918995	1.440884304583799	1.0	0.8894259929656982	183581810.35398185	173211360.62937972	173211360.62937972	-0.005767886529333466	0.8718246896762321	4.5477355150588235	18144000.0	0.033669076	5.893865227516236
Saltmarsh_3_000000001	18230400.0	1	1	0.704352188936487	1.408704377872974	0.7201717090116299	1.4403434180232597	1.0	0.8894934058189392	183421419.99725538	173086103.3299577	173086103.3299577	-0.00528983962860996	0.8707203562783985	4.542445675430214	18230400.0	0.033653848	5.887009595357558
Saltmarsh_3_000000001	18316800.0	1	1	0.7040988121832742	1.4081976243665484	0.7199293471301972	1.4398586942603944	1.0	0.8896730542182922	183274261.24512237	172994070.91069436	172994070.91069436	-0.0047371963340179235	0.8697075508874897	4.537708479096197	18316800.0	0.033613211	5.880870188908671
Saltmarsh_3_000000001	18403200.0	1	1	0.7038845745127156	1.4077691490254312	0.7197244316463647	1.4394488632927294	1.0	0.8900808691978455	183142426.3888764	172959554.61381835	172959554.61381835	-0.004002782839015895	0.8688005559081077	4.533705696257181	18403200.0	0.033520727	5.875682582349307
Saltmarsh_3_000000001	18489600.0	1	1	0.7037273677873294	1.4074547355746587	0.7195740706273643	1.4391481412547287	1.0	0.8908858895301819	183030993.05901188	173019699.48110676	173019699.48110676	-0.002935676093537176	0.868034173499071	4.5307700201636445	18489600.0	0.033337283	5.871877946132083
Saltmarsh_3_000000001	18576000.0	1	1	0.7036535519604555	1.407307103920911	0.7195034706737312	1.4390069413474624	1.0	0.8922754526138306	182949245.30967358	173218823.73423436	173218823.73423436	-0.0013779832374080092	0.8674721019085798	4.529392036926236	18576000.0	0.033017827	5.870092079856402
Saltmarsh_3_000000001	18662400.0	1	1	0.7036915714290147	1.4073831428580295	0.7195419197933648	1.4390838395867296	1.0	0.8943468928337097	182910867.26109222	173587666.9378136	173587666.9378136	0.0007300647582824116	0.8672082699307857	4.530122101684518	18662400.0	0.032534826	5.871038243783136
Saltmarsh_3_000000001	18748800.0	1	1	0.7038553562886117	1.4077107125772235	0.7197073223622977	1.4394146447245955	1.0	0.8968824744224548	182930633.69819716	174098346.23417684	174098346.23417684	0.0031436812893222976	0.8673480498815619	4.533265782973839	18748800.0	0.031932097	5.875112454734095
Saltmarsh_3_000000001	18835200.0	1	1	0.7036236719590788	1.4072473439181576	0.7194857363130243	1.4389714726260485	1.0	0.8893995881080627	183015798.15412986	172724858.77130932	172724858.77130932	-0.004325652789503809	0.8679499466460504	4.528940130184335	18835200.0	0.033675054	5.869506408718898
Saltmarsh_3_000000001	18921600.0	1	1	0.7034083822687001	1.4068167645374001	0.719279838781323	1.438559677562646	1.0	0.8893995881080627	182895333.30717626	172620948.40348408	172620948.40348408	-0.0040170047639848105	0.8671217467814052	4.524923125420349	18921600.0	0.033675054	5.864300370544773
Saltmarsh_3_000000001	19008000.0	1	1	0.7032083285771399	1.4064166571542798	0.7190885198820188	1.4381770397640377	1.0	0.8893995881080627	182783428.4428691	172524424.50050113	172524424.50050113	-0.0037305189059753108	0.866352641408481	4.521192606514374	19008000.0	0.033675054	5.859465618042629
Saltmarsh_3_000000001	19094400.0	1	1	0.7030224308250127	1.4060448616500254	0.7189107451645537	1.4378214903291073	1.0	0.889399528503418	182679473.75404707	172434748.9189638	172434748.9189638	-0.0034646427106787003	0.8656383873054977	4.5177279638036945	19094400.0	0.033675057	5.854975441089588
Saltmarsh_3_000000001	19180800.0	1	1	0.7028496789208377	1.4056993578416754	0.7187455473358194	1.4374910946716388	1.0	0.8893992900848389	182582901.4769134	172351408.3461437	172351408.3461437	-0.0032179967662501197	0.8649750384969686	4.514509967037443	19180800.0	0.033675117	5.850804917280527
Saltmarsh_3_000000001	19267200.0	1	1	0.7026890099898493	1.4053780199796986	0.7185919088469335	1.437183817693867	1.0	0.8893964886665344	182493181.24266297	172273483.12504792	172273483.12504792	-0.002991497487670136	0.8643589131129098	4.511518469549773	19267200.0	0.033675743	5.846927936536506
Saltmarsh_3_000000001	19353600.0	1	1	0.7025388066612172	1.4050776133224343	0.7184482821395938	1.4368965642791875	1.0	0.8893790245056152	182409756.19777513	172198150.50537395	172198150.50537395	-0.002795401297456701	0.8637861538243264	4.5087230682523165	19353600.0	0.033679694	5.843305096455002
Saltmarsh_3_000000001	19440000.0	1	1	0.7023950477168416	1.4047900954336832	0.7183108213875541	1.4366216427751082	1.0	0.8892984986305237	182331782.51702347	172115318.5133824	172115318.5133824	-0.0026743470160403016	0.8632509395829523	4.506048721236276	19440000.0	0.033697879	5.839839142722214
Saltmarsh_3_000000001	19526400.0	1	1	0.7022460259677148	1.4044920519354296	0.718168332259653	1.436336664519306	1.0	0.889001727104187	182257169.8621815	171993561.4116633	171993561.4116633	-0.00277109562651201	0.8627389026848284	4.503277625609763	19526400.0	0.033764792	5.836247802790253
Saltmarsh_3_000000001	19612800.0	1	1	0.7020592208598557	1.4041184417197115	0.7179897216272237	1.4359794432544475	1.0	0.8880728483200073	182179841.86524287	171747263.30054107	171747263.30054107	-0.0034720255628412078	0.8622083420655466	4.499805600046921	19612800.0	0.033973218	5.8317480576608105
Saltmarsh_3_000000001	19699200.0	1	1	0.7017514298133684	1.4035028596267367	0.7176954457776712	1.4353908915553424	1.0	0.8854942917823792	182082931.10379246	171165379.153485	171165379.153485	-0.005716683950998558	0.8615435797184235	4.494088916095922	19699200.0	0.03454396	5.824339235260315
Saltmarsh_3_000000001	19785600.0	1	1	0.7011219658207334	1.4022439316414668	0.7170936741540918	1.4341873483081835	1.0	0.8789000511169434	181923311.4899988	169754691.01687318	169754691.01687318	-0.011675594604757977	0.860449049689124	4.482413321491164	19785600.0	0.035954337	5.809207664652548
Saltmarsh_3_000000001	19872000.0	1	1	0.6996913198500532	1.3993826397001063	0.7157262303517747	1.4314524607035495	1.0	0.8626904487609863	181597091.09312215	166351037.82637945	166351037.82637945	-0.026458423192772473	0.8582136123246698	4.455954898298391	19872000.0	0.039159594	5.774917548194716
Saltmarsh_3_000000001	19958400.0	1	1	0.6962458654016416	1.3924917308032831	0.7124345003698793	1.4248690007397586	1.0	0.8223082423210144	180856746.0576811	157974035.79497978	157974035.79497978	-0.0632776401450671	0.8531478191199661	4.3926772581533235	19958400.0	0.045954108	5.6929097265667075
Saltmarsh_3_000000001	20044800.0	1	1	0.6965445365223164	1.3930890730446328	0.7127369549985626	1.4254739099971252	1.0	0.8893995881080627	179079964.1259345	169331543.15251902	169331543.15251902	0.005625185491140106	0.841032530271455	4.3983024436444635	20044800.0	0.033675054	5.700199966963225
Saltmarsh_3_000000001	20131200.0	1	1	0.6968238364926168	1.3936476729852336	0.7130197955123315	1.426039591024663	1.0	0.8893995881080627	179233638.24675646	169474851.37090975	169474851.37090975	0.005264715068515113	0.8421095417860337	4.403567158712978	20131200.0	0.033675054	5.70702303769202
Saltmarsh_3_000000001	20217600.0	1	1	0.6970850212793557	1.3941700425587114	0.7132842933232507	1.4265685866465014	1.0	0.8893995881080627	179377405.03758374	169608921.31856441	169608921.31856441	0.004927069824454455	0.8431175367683676	4.408494228537434	20217600.0	0.033675055	5.713408520184514
Saltmarsh_3_000000001	20304000.0	1	1	0.6973292564190154	1.3946585128380309	0.7135316283614392	1.4270632567228785	1.0	0.8893994092941284	179511899.37359694	169734310.77325246	169734310.77325246	0.004610668484336666	0.8440608853819256	4.41310489702177	20304000.0	0.033675091	5.719383946540215
Saltmarsh_3_000000001	20390400.0	1	1	0.6975575444656364	1.395115088931273	0.7137628157856697	1.4275256315713394	1.0	0.8893973231315613	179637711.27042884	169851239.66685238	169851239.66685238	0.004312543298720883	0.844943655035541	4.417417440320491	20390400.0	0.033675553	5.724973002655356
Saltmarsh_3_000000001	20476800.0	1	1	0.6977702772160707	1.3955405544321413	0.7139782535398809	1.4279565070797617	1.0	0.889382541179657	179755348.2532696	169958118.99957097	169958118.99957097	0.004021250072236859	0.845769344925618	4.421438690392728	20476800.0	0.0336789	5.730184542748976
Saltmarsh_3_000000001	20563200.0	1	1	0.6979654663072574	1.3959309326145148	0.7141759339491797	1.4283518678983593	1.0	0.889308512210846	179865004.24053094	170046224.9905902	170046224.9905902	0.0036918618375023637	0.8465392631154487	4.425130552230231	20563200.0	0.033695614	5.734969195690379
Saltmarsh_3_000000001	20649600.0	1	1	0.6981334749616758	1.3962669499233515	0.7143461152969628	1.4286922305939256	1.0	0.8890214562416077	179965646.5242243	170085159.33938184	170085159.33938184	0.0031796808535837773	0.8472461158433254	4.428310233083813	20649600.0	0.033760353	5.739090062076622
Saltmarsh_3_000000001	20736000.0	1	1	0.6982436106516404	1.3964872213032808	0.7144577338847794	1.4289154677695588	1.0	0.8880924582481384	180052296.7286596	169988138.03837064	169988138.03837064	0.0020857850210669326	0.8478549051707863	4.430396018104881	20736000.0	0.033968825	5.741793239463926
Saltmarsh_3_000000001	20822400.0	1	1	0.6982124607081532	1.3964249214163065	0.7144279818391918	1.4288559636783835	1.0	0.8854562640190125	180109110.35762843	169536348.94942388	169536348.94942388	-0.0005725098296845976	0.848254254576804	4.429823508275197	20822400.0	0.034552312	5.741051266724655
Saltmarsh_3_000000001	20908800.0	1	1	0.6978266172024131	1.3956532344048262	0.7140594682662628	1.4281189365325255	1.0	0.8786081671714783	180093040.71265456	168211478.9714303	168211478.9714303	-0.007087245613637605	0.8481446404707891	4.42273626266156	20908800.0	0.036015224	5.73186619640938
Saltmarsh_3_000000001	20995200.0	1	1	0.6965778424029033	1.3931556848058066	0.712866967960673	1.425733935921346	1.0	0.8615561723709106	179894051.05241454	164780729.8024038	164780729.8024038	-0.0228840504041935	0.8467876994162126	4.3998522122573664	20995200.0	0.039371657	5.702208467085547
Saltmarsh_3_000000001	21081600.0	1	1	0.6931587112565064	1.3863174225130128	0.7096033870333484	1.4192067740666967	1.0	0.8184894323348999	179250779.0799949	156033736.07268283	156033736.07268283	-0.06223758384069067	0.8424062642041048	4.3376146284166754	21081600.0	0.046530077	5.621548558428011
Saltmarsh_3_000000001	21168000.0	1	1	0.683829542637669	1.367659085275338	0.7007098786220066	1.4014197572440132	1.0	0.7026420831680298	177495403.79120836	132754521.63643093	132754521.63643093	-0.16671749884961018	0.8304901070317648	4.170897129567065	21168000.0	0.060890866	5.405482679918916
Saltmarsh_3_000000001	21254400.0	1	1	0.684995403232002	1.369990806464004	0.7018872304812334	1.4037744609624667	1.0	0.8893995881080627	172749762.38380873	163955740.59449098	163955740.59449098	0.021208728392433707	0.7985699745800212	4.192105857959499	21254400.0	0.033675054	5.432969191915511
Saltmarsh_3_000000001	21340800.0	1	1	0.6860852763250981	1.3721705526501962	0.7029878981540613	1.4059757963081225	1.0	0.8893995881080627	173339306.45370397	164504490.08640218	164504490.08640218	0.01989180181302619	0.8026306486189847	4.211997659772525	21340800.0	0.033675054	5.458748967065191
Saltmarsh_3_000000001	21427200.0	1	1	0.6871041084709854	1.3742082169419707	0.7040168666979233	1.4080337333958466	1.0	0.889399528503418	173891333.91431388	165018324.39588988	165018324.39588988	0.018652441245018303	0.8064391807344311	4.230650101017543	21427200.0	0.033675056	5.482922530918735
Saltmarsh_3_000000001	21513600.0	1	1	0.688056515283998	1.376113030567996	0.7049787886476254	1.4099575772952508	1.0	0.8893992304801941	174408172.36643222	165499373.51922858	165499373.51922858	0.017486445695081843	0.8100104219010611	4.248136546712624	21513600.0	0.033675122	5.505584964539562
Saltmarsh_3_000000001	21600000.0	1	1	0.6889466513499958	1.3778933026999916	0.7058778538599525	1.411755707719905	1.0	0.889395534992218	174892007.79052502	165949079.75092608	165949079.75092608	0.016386979993319173	0.8133584187613112	4.2645235267059425	21600000.0	0.033675959	5.526822490610901
Saltmarsh_3_000000001	21686400.0	1	1	0.6897774401929737	1.3795548803859474	0.706717018458856	1.413434036917712	1.0	0.889369547367096	175344814.7333821	166365740.51651204	166365740.51651204	0.015332793302976322	0.8164959092795839	4.279856320008918	21686400.0	0.033681834	5.546693790731557
Saltmarsh_3_000000001	21772800.0	1	1	0.6905476525655051	1.3810953051310102	0.7074950763811259	1.4149901527622517	1.0	0.8892433047294617	175767960.26622576	166735985.12649897	166735985.12649897	0.014248362948419468	0.8194315626840754	4.294104682957338	21772800.0	0.033710346	5.56515966911271
Saltmarsh_3_000000001	21859200.0	1	1	0.6912433827331553	1.3824867654663107	0.7081981024392338	1.4163962048784675	1.0	0.8887656927108765	176160707.9334553	167011843.1906678	167011843.1906678	0.01289962750308804	0.822159588450251	4.307004310460425	21859200.0	0.033817899	5.581877586356711
Saltmarsh_3_000000001	21945600.0	1	1	0.6918169420324	1.3836338840648	0.7087781831412721	1.4175563662825441	1.0	0.8872531652450562	176515852.31334388	167057605.7514602	167057605.7514602	0.010658646666202864	0.8246293820910982	4.317662957126629	21945600.0	0.034155878	5.595691192436111
Saltmarsh_3_000000001	22032000.0	1	1	0.6921385422068077	1.3842770844136154	0.7091042210656268	1.4182084421312535	1.0	0.8830224275588989	176808901.95113775	166532321.6224602	166532321.6224602	0.005991495949739356	0.8266701121625616	4.323654453076368	22032000.0	0.035080701	5.603456171186973
Saltmarsh_3_000000001	22118400.0	1	1	0.6918754550234477	1.3837509100468954	0.7088535789515975	1.417707157903195	1.0	0.8720486164093018	176973324.03079277	164613543.1481865	164613543.1481865	-0.00474954261575633	0.8278172583566888	4.318904910460612	22118400.0	0.037351227	5.5973007639569525
Saltmarsh_3_000000001	22204800.0	1	1	0.6901680552952227	1.3803361105904455	0.707227271806963	1.414454543613926	1.0	0.8441337943077087	176838811.75697795	159234342.52731907	159234342.52731907	-0.030736186891978434	0.8269078995285738	4.288168723568631	22204800.0	0.042459713	5.557466665744946
Saltmarsh_3_000000001	22291200.0	1	1	0.6846621148036606	1.3693242296073211	0.7019867318019456	1.4039734636038912	1.0	0.769929051399231	175967088.4368008	144587593.67369226	144587593.67369226	-0.09808510705092555	0.8210230754193868	4.190083616517706	22291200.0	0.053157539	5.430348367006947
Saltmarsh_3_000000001	22377600.0	1	1	0.6684344860445526	1.3368689720891052	0.6865774010406306	1.3731548020812612	1.0	0.5642786622047424	173170669.02898407	104442685.6017971	104442685.6017971	-0.28003003741017407	0.8022434654191596	3.910053579107532	22377600.0	0.074254552	5.067429438523361
Saltmarsh_3_000000001	22464000.0	1	1	0.6707125046927666	1.341425009385533	0.688866989476339	1.377733978952678	1.0	0.8893995881080627	165059086.20074674	157658261.49211657	157658261.49211657	0.039663065076064874	0.748628242384518	3.9497166441835976	22464000.0	0.033675054	5.1188327708619425
Saltmarsh_3_000000001	22550400.0	1	1	0.672840612521549	1.345681225043098	0.6910062056501858	1.3820124113003716	1.0	0.8893995881080627	166186042.99204507	158703877.4299628	158703877.4299628	0.03729715913447651	0.7562222280153376	3.9870138033180735	22550400.0	0.033675054	5.167169889100224
Saltmarsh_3_000000001	22636800.0	1	1	0.6748286821796948	1.3496573643593897	0.6930049112919138	1.3860098225838275	1.0	0.889399528503418	167242301.47694653	159683980.41047406	159683980.41047406	0.035056670435963944	0.7633632316164064	4.022070473754037	22636800.0	0.033675057	5.212603333985233
Saltmarsh_3_000000001	22723200.0	1	1	0.6766859187642911	1.3533718375285821	0.6948723074057109	1.3897446148114219	1.0	0.8893991112709045	168232076.91218868	160602408.98033255	160602408.98033255	0.032936779027577856	0.7700752658740849	4.055007252781614	22723200.0	0.03367515	5.255289399604972
Saltmarsh_3_000000001	22809600.0	1	1	0.6784206995295369	1.3568413990590737	0.6966167753263354	1.3932335506526707	1.0	0.8893940448760986	169159354.39156306	161462065.0904504	161462065.0904504	0.030928904817277503	0.7763814206349745	4.0859361575988915	22809600.0	0.033676314	5.295373260248164
Saltmarsh_3_000000001	22896000.0	1	1	0.6800395142904091	1.3600790285808182	0.6982448283102628	1.3964896566205256	1.0	0.8893582820892334	170027794.3640443	162261569.75023666	162261569.75023666	0.029004705770521277	0.7823031429806621	4.114940863369412	22896000.0	0.033684377	5.332963358926758
Saltmarsh_3_000000001	22982400.0	1	1	0.6815430566569493	1.3630861133138985	0.6997572381782353	1.3995144763564706	1.0	0.8891869783401489	170840186.7036472	162984222.2928941	162984222.2928941	0.02706465790569068	0.7878564535587798	4.142005521275102	22982400.0	0.033723039	5.368039155572532
Saltmarsh_3_000000001	23068800.0	1	1	0.6829148899306831	1.3658297798613661	0.7011377753191486	1.4022755506382971	1.0	0.8885461688041687	171596464.57649392	163568225.55834687	163568225.55834687	0.024802809875152265	0.7930383179165821	4.1668083311502535	23068800.0	0.033867187	5.400183597170729
Saltmarsh_3_000000001	23155200.0	1	1	0.6840936088287296	1.3681872176574592	0.7023253999172658	1.4046507998345317	1.0	0.8865342736244202	172287950.31554782	163838123.25897112	163838123.25897112	0.021403492872833274	0.7977871234220224	4.188211824023086	23155200.0	0.03431514	5.427922523933919
Saltmarsh_3_000000001	23241600.0	1	1	0.6849086792235696	1.3698173584471391	0.703149271657552	1.406298543315104	1.0	0.8809279203414917	172883205.52034807	163350554.8584982	163350554.8584982	0.014867686756653176	0.8018850875358378	4.203079510779739	23241600.0	0.035527843	5.447191045970542
Saltmarsh_3_000000001	23328000.0	1	1	0.6849269372231149	1.3698538744462299	0.703167881779577	1.406335763559154	1.0	0.8663004040718079	173295417.90264028	161013316.20793182	161013316.20793182	0.00033489051494439703	0.8047316905247147	4.203414401294683	23328000.0	0.038474747	5.44762506407791
Saltmarsh_3_000000001	23414400.0	1	1	0.6829387980367374	1.3658775960734748	0.7012819703257069	1.4025639406514139	1.0	0.8282392024993896	173304657.29448888	153947270.90417367	153947270.90417367	-0.03505945494557472	0.8047958094664431	4.168354946349108	23414400.0	0.045040018	5.4021880104684445
Saltmarsh_3_000000001	23500800.0	1	1	0.67549420730556	1.35098841461112	0.6942276979176966	1.3884553958353931	1.0	0.7231916189193726	172300013.75346956	133721241.01649927	133721241.01649927	-0.12947703699737523	0.7980832420798716	4.038877909351731	23500800.0	0.058658916	5.234385770519843
Saltmarsh_3_000000001	23587200.0	1	1	0.6530401443955272	1.3060802887910543	0.6730270981755888	1.3460541963511776	1.0	0.4409583508968353	168564066.01303	79947920.52659157	79947920.52659157	-0.3735536551985071	0.773293257831465	3.665324254153224	23587200.0	0.085272749	4.750260233382578
Saltmarsh_3_000000001	23673600.0	1	1	0.6564874925080703	1.3129749850161405	0.6764690196942329	1.3529380393884658	1.0	0.8893995881080627	157543866.33128217	151833712.51512986	151833712.51512986	0.05739678409726312	0.7017717784783862	3.7227210382504876	23673600.0	0.033675054	4.8246464655726315
Saltmarsh_3_000000001	23760000.0	1	1	0.6597045580134083	1.3194091160268167	0.6796820295533383	1.3593640591066767	1.0	0.8893995881080627	159211580.23464116	153374067.43064404	153374067.43064404	0.054109232639289906	0.7127611045139303	3.776830270889777	23760000.0	0.033675054	4.894772031073152
Saltmarsh_3_000000001	23846400.0	1	1	0.6627068220798347	1.3254136441596693	0.6826813707389058	1.3653627414778116	1.0	0.889399528503418	160775811.30427405	154819142.26970598	154819142.26970598	0.05097472329132302	0.7231209880572069	3.8278049941810997	23846400.0	0.033675057	4.960835272458705
Saltmarsh_3_000000001	23932800.0	1	1	0.6655086896513629	1.3310173793027258	0.6854812488898008	1.3709624977796016	1.0	0.8893990516662598	162242497.5071541	156174295.1679907	156174295.1679907	0.04799074492205413	0.7328807309178994	3.8757957391031534	23932800.0	0.033675172	5.023031277877687
Saltmarsh_3_000000001	24019200.0	1	1	0.6681233034923235	1.336246606984647	0.6880946474630278	1.3761892949260557	1.0	0.8893927335739136	163617292.3459512	157443733.24100927	157443733.24100927	0.0451495120865828	0.7420691541184635	3.9209452511897362	24019200.0	0.033676595	5.0815450455418985
Saltmarsh_3_000000001	24105600.0	1	1	0.6705613035953646	1.3411226071907292	0.6905321147064661	1.3810642294129323	1.0	0.8893494606018066	164905438.9760215	158626687.07040814	158626687.07040814	0.04241984729065085	0.7507135880613899	3.9633650984803865	24105600.0	0.033686381	5.136521167630581
Saltmarsh_3_000000001	24192000.0	1	1	0.6728260834530795	1.345652166906159	0.6927971221722956	1.3855942443445912	1.0	0.8891429901123047	166111123.62016684	159704202.97617057	159704202.97617057	0.03968562104956164	0.7588353938312913	4.0030507195299485	24192000.0	0.033732957	5.187953732510813
Saltmarsh_3_000000001	24278400.0	1	1	0.67490029187787	1.34980058375574	0.6948728128401876	1.3897456256803753	1.0	0.8883759379386902	167235078.81954736	160604642.54832974	160604642.54832974	0.03658951465871774	0.7664336980829309	4.039640234188665	24278400.0	0.03390537	5.23537374350851
Saltmarsh_3_000000001	24364800.0	1	1	0.676712687471348	1.353425374942696	0.6966892343489689	1.3933784686979378	1.0	0.8859796524047852	168267782.8261717	161123451.61606398	161123451.61606398	0.03217804370599597	0.773439214374324	4.071818277894661	24364800.0	0.034437406	5.277076488151482
Saltmarsh_3_000000001	24451200.0	1	1	0.6780613381566173	1.3561226763132346	0.6980461376059263	1.3960922752118525	1.0	0.8793134093284607	169172738.05048707	160740697.8867743	160740697.8867743	0.0241033895842927	0.7796000998495788	4.0959216674789545	24451200.0	0.035867894	5.308314481052725
Saltmarsh_3_000000001	24537600.0	1	1	0.6784252928280878	1.3568505856561757	0.6984160211174744	1.3968320422349487	1.0	0.861828625202179	169847713.659369	158153993.88011485	158153993.88011485	0.006554976733051721	0.7842149926675226	4.102476644212007	24537600.0	0.039320846	5.31680973089876
Saltmarsh_3_000000001	24624000.0	1	1	0.6763238149538482	1.3526476299076964	0.6964336369318452	1.3928672738636905	1.0	0.8155742883682251	170030096.74386817	149823843.6479027	149823843.6479027	-0.0363508060052633	0.7854700242447769	4.066125838206743	24624000.0	0.046963428	5.2696990863159385
Saltmarsh_3_000000001	24710400.0	1	1	0.667355844678785	1.33471168935757	0.6879856856714336	1.3759713713428672	1.0	0.6851992607116699	168978363.90135866	125181431.76507308	125181431.76507308	-0.15260305285970932	0.7785102116850747	3.913522785347034	24710400.0	0.062716228	5.071925529809756
Saltmarsh_3_000000001	24796800.0	1	1	0.6405033926013216	1.2810067852026432	0.6628126450581823	1.3256252901163645	1.0	0.35459834337234497	164526809.92780763	63268420.66879188	63268420.66879188	-0.4329503615932686	0.749292464937228	3.480572423753765	24796800.0	0.093308603	4.51082186118488
Saltmarsh_3_000000001	24883200.0	1	1	0.6449842380793992	1.2899684761587984	0.6672505812140719	1.3345011624281438	1.0	0.8893995881080627	151553024.98471633	147657787.21044332	147657787.21044332	0.07189018642650369	0.6663987496257129	3.5524626101802683	24883200.0	0.033675054	4.603991542793628
Saltmarsh_3_000000001	24969600.0	1	1	0.6491598673622967	1.2983197347245934	0.6713885764805855	1.342777152961171	1.0	0.8893995881080627	153680917.12288705	149612322.77179778	149612322.77179778	0.0678985966036103	0.6801630172553786	3.6203612067838784	24969600.0	0.033675054	4.691988123991907
Saltmarsh_3_000000001	25056000.0	1	1	0.6530514076449773	1.3061028152899545	0.6752470370277392	1.3504940740554785	1.0	0.889399528503418	155677219.45206046	151446700.22943953	151446700.22943953	0.06407045562946001	0.6931630455177377	3.6844316624133375	25056000.0	0.033675058	4.775023434487686
Saltmarsh_3_000000001	25142400.0	1	1	0.6566784411216358	1.3133568822432715	0.6788449333162114	1.3576898666324229	1.0	0.8893989324569702	157549300.82465422	153167454.06794757	153167454.06794757	0.060407141618090354	0.7054301287216475	3.744838804031428	25142400.0	0.033675188	4.853311090024731
Saltmarsh_3_000000001	25228800.0	1	1	0.6600588391627057	1.3201176783254114	0.6821996286204599	1.3643992572409198	1.0	0.8893918395042419	159304211.55563033	154779894.60843855	154779894.60843855	0.056903648009205776	0.716995825032987	3.801742452040634	25228800.0	0.033676788	4.927058217844662
Saltmarsh_3_000000001	25315200.0	1	1	0.6632073807164078	1.3264147614328157	0.6853255401348489	1.3706510802696978	1.0	0.8893433809280396	160948540.54522806	156283816.0237891	156283816.0237891	0.053528346069360855	0.7278907340495847	3.855270798109995	25315200.0	0.033687731	4.996430954350553
Saltmarsh_3_000000001	25401600.0	1	1	0.6661305024583216	1.3322610049166432	0.6882290624058837	1.3764581248117673	1.0	0.8891138434410095	162487681.50495934	157659157.75221878	157659157.75221878	0.050156389105038834	0.7381393996560551	3.905427187215034	25401600.0	0.033739529	5.061433634630685
Saltmarsh_3_000000001	25488000.0	1	1	0.6688113263377204	1.337622652675441	0.6908940373168576	1.3817880746337152	1.0	0.8882649540901184	163923184.2421009	158828277.8239991	158828277.8239991	0.0463989268305558	0.7477424622894397	3.9518261140455904	25488000.0	0.033930241	5.121566643803085
Saltmarsh_3_000000001	25574400.0	1	1	0.6711731045483988	1.3423462090967977	0.6932459959396168	1.3864919918792336	1.0	0.8856236934661865	165245247.89376912	159568796.82679978	159568796.82679978	0.04121787195615645	0.7566261121778425	3.993043986001746	25574400.0	0.034515607	5.174985005858263
Saltmarsh_3_000000001	25660800.0	1	1	0.6729942662907723	1.3459885325815446	0.6950675046717976	1.3901350093435951	1.0	0.878291130065918	166414371.97032827	159313589.3049386	159313589.3049386	0.03205016165923236	0.7645177848654607	4.025094147660978	25660800.0	0.0360812	5.216522015368628
Saltmarsh_3_000000001	25747200.0	1	1	0.6736973310953195	1.347394662190639	0.6957785943461685	1.391557188692337	1.0	0.8590197563171387	167318695.03500983	156628999.6520813	156628999.6520813	0.012490812523281436	0.7706541857371252	4.037584960184258	25747200.0	0.039840618	5.232710108398799
Saltmarsh_3_000000001	25833600.0	1	1	0.6716303492949172	1.3432606985898343	0.693841276685234	1.387682553370468	1.0	0.8076256513595581	167668467.2026093	147557434.100369	147557434.100369	-0.03525853617893748	0.7730457066807825	4.002326424005322	25833600.0	0.048118772	5.187015045510897
Saltmarsh_3_000000001	25920000.0	1	1	0.6617782895354068	1.3235565790708137	0.6846226939793613	1.3692453879587225	1.0	0.6616658568382263	166641192.78940102	120240105.19452673	120240105.19452673	-0.16509449675084287	0.7662950227234765	3.8372319272544786	25920000.0	0.065094964	4.973052577721804
Saltmarsh_3_000000001	26006400.0	1	1	0.6325749067050872	1.2651498134101744	0.6574585819651096	1.3149171639302193	1.0	0.30887287855148315	161788173.222712	54698342.164857894	54698342.164857894	-0.4611939233244784	0.7346856341487679	3.37603800393	26006400.0	0.097897644	4.375345253093281
Saltmarsh_3_000000001	26092800.0	1	1	0.6378148994715332	1.2756297989430665	0.6626042933076274	1.3252085866152548	1.0	0.8893995881080627	147824241.9528286	145698231.66291174	145698231.66291174	0.08210681959091137	0.6463843387236473	3.458144823520912	26092800.0	0.033675054	4.481755691283102
Saltmarsh_3_000000001	26179200.0	1	1	0.6426902027670847	1.2853804055341693	0.667396005349478	1.334792010698956	1.0	0.8893995881080627	150283416.91289082	147943683.46444574	147943683.46444574	0.0776137098633386	0.6621047074588902	3.5357585333842505	26179200.0	0.033675054	4.582343059265988
Saltmarsh_3_000000001	26265600.0	1	1	0.6472269126315917	1.2944538252631834	0.6718584038219247	1.3437168076438495	1.0	0.889399528503418	152589657.9317793	150050752.72261834	150050752.72261834	0.07328894899086291	0.6769648146222288	3.6090474823751126	26265600.0	0.033675058	4.677325537158146
Saltmarsh_3_000000001	26352000.0	1	1	0.6514491082896801	1.3028982165793601	0.6760143719873357	1.3520287439746714	1.0	0.8893989324569702	154751502.9255984	152026879.11780673	152026879.11780673	0.0691375028995369	0.6909968926894968	3.6781849852746498	26352000.0	0.033675196	4.766927740915946
Saltmarsh_3_000000001	26438400.0	1	1	0.6553787192875992	1.3107574385751983	0.6798848383687331	1.3597696767374663	1.0	0.8893914818763733	156777136.64056948	153878213.9473755	153878213.9473755	0.06515694481222845	0.7042341249246491	3.7433419300868787	26438400.0	0.03367688	4.851371141392595
Saltmarsh_3_000000001	26524800.0	1	1	0.6590341073969448	1.3180682147938896	0.6834874076568965	1.366974815313793	1.0	0.8893406391143799	158674234.2411093	155605154.50982085	155605154.50982085	0.06131654259403829	0.7167092299550659	3.8046584726809174	26524800.0	0.033688348	4.930837380594469
Saltmarsh_3_000000001	26611200.0	1	1	0.6624246131866985	1.324849226373397	0.6868311366974286	1.3736622733948571	1.0	0.8891012668609619	160449187.91976902	157187538.72147518	157187538.72147518	0.05748865124755309	0.7284490423598229	3.8621471239284695	26611200.0	0.033742374	5.005342672611296
Saltmarsh_3_000000001	26697600.0	1	1	0.6655349765427788	1.3310699530855576	0.6899015643956755	1.379803128791351	1.0	0.8882197141647339	162104347.34711567	158545657.80006614	158545657.80006614	0.053272331499888526	0.7394559575004422	3.915419455428358	26697600.0	0.033940362	5.074383614235153
Saltmarsh_3_000000001	26784000.0	1	1	0.6682875541612466	1.3365751083224933	0.6926240992908326	1.3852481985816651	1.0	0.8854885697364807	163630218.0222251	159450964.64433914	159450964.64433914	0.04759921727868921	0.7496556059430065	3.963018672707047	26784000.0	0.034545224	5.136072199828333
Saltmarsh_3_000000001	26870400.0	1	1	0.6704546808783814	1.340909361756763	0.6947774421431681	1.3895548842863361	1.0	0.8779335618019104	164986529.27146202	159320902.49526936	159320902.49526936	0.037835446155041086	0.7587690663213057	4.000854118862088	26870400.0	0.03615543	5.185106938045266
Saltmarsh_3_000000001	26956800.0	1	1	0.6714408004482559	1.3428816008965119	0.6957686662764384	1.3915373325528768	1.0	0.8581269383430481	166058302.76355374	156682574.01028523	156682574.01028523	0.0173997384042055	0.7660131316472206	4.018253857266293	26956800.0	0.040004021	5.207656999017116
Saltmarsh_3_000000001	27043200.0	1	1	0.6695519471197235	1.339103894239447	0.6940100956774803	1.3880201913549606	1.0	0.8053749203681946	166547146.4476603	147466362.4590929	147466362.4590929	-0.03201271502599756	0.769344527321462	3.9862411422402952	27043200.0	0.04843927	5.166168520343422
Saltmarsh_3_000000001	27129600.0	1	1	0.6596075926609678	1.3192151853219356	0.6847685778333469	1.3695371556666938	1.0	0.6559745669364929	165611425.38521224	119526893.45998985	119526893.45998985	-0.1655808287721191	0.7632152960720684	3.8206603134681756	27129600.0	0.065657631	4.951575766254756
Saltmarsh_3_000000001	27216000.0	1	1	0.629964019881702	1.259928039763404	0.6574018778049976	1.3148037556099952	1.0	0.30051255226135254	160728552.15680113	53363325.26663097	53363325.26663097	-0.46469616686821447	0.7315127932013693	3.3559641465999617	27216000.0	0.098774628	4.34932953399355
Saltmarsh_3_000000001	27302400.0	1	1	0.635607948283057	1.271215896566114	0.6629003062541343	1.3258006125082686	1.0	0.8893995881080627	146606501.9749043	146061545.25332898	146061545.25332898	0.08776677644466435	0.6425409498219805	3.443730923044626	27302400.0	0.033675054	4.463075276265836
Saltmarsh_3_000000001	27388800.0	1	1	0.6408510439956675	1.281702087991335	0.6680139605904734	1.3360279211809467	1.0	0.8893995881080627	149245202.37482893	148457456.2554296	148457456.2554296	0.08294229379680851	0.6593449874803395	3.5266732168414343	27388800.0	0.033675054	4.570568489026499
Saltmarsh_3_000000001	27475200.0	1	1	0.6457228735102538	1.2914457470205076	0.6727703097381514	1.3455406194763029	1.0	0.889399528503418	151717589.04452524	150704124.9776961	150704124.9776961	0.07829530677629903	0.6752253181121814	3.6049685236177336	27475200.0	0.033675058	4.6720392066085825
Saltmarsh_3_000000001	27561600.0	1	1	0.6502506034746914	1.3005012069493829	0.6771947442089822	1.3543894884179644	1.0	0.8893989324569702	154033109.19796708	152809654.44575536	152809654.44575536	0.07383234677246886	0.6902159254563079	3.6788008703902024	27561600.0	0.033675196	4.767725928025702
Saltmarsh_3_000000001	27648000.0	1	1	0.6544589229251024	1.3089178458502049	0.6813104619047635	1.362620923809527	1.0	0.8893916010856628	156200805.17353287	154780851.341021	154780851.341021	0.06955221293810776	0.7043520437669972	3.7483530833283103	27648000.0	0.033676866	4.85786559599349
Saltmarsh_3_000000001	27734400.0	1	1	0.6583686690511826	1.3167373381023653	0.6851371406397955	1.370274281279591	1.0	0.889341413974762	158229161.6036608	156618761.76039907	156618761.76039907	0.06542513142055706	0.7176686773814384	3.813778214748867	27734400.0	0.033688196	4.942656566314532
Saltmarsh_3_000000001	27820800.0	1	1	0.6619914767251175	1.323982953450235	0.6886858456926804	1.3773716913853609	1.0	0.8891058564186096	160125334.76042798	158304097.30168846	158304097.30168846	0.061325356444908885	0.7301951300635334	3.875103571193776	27820800.0	0.033741329	5.0221342282671335
Saltmarsh_3_000000001	27907200.0	1	1	0.6653145700529581	1.3306291401059163	0.6919445239601918	1.3838890479203836	1.0	0.8882429599761963	161892427.84111124	159759218.19245324	159759218.19245324	0.05685946097293504	0.7419366299893312	3.931963032166711	27907200.0	0.033935149	5.095824089688057
Saltmarsh_3_000000001	27993600.0	1	1	0.6682640304601091	1.3365280609202181	0.6948426768364554	1.3896853536729108	1.0	0.8855829238891602	163521856.50444016	160761374.55334124	160761374.55334124	0.05098379391679053	0.7528230788499157	3.9829468260835013	27993600.0	0.034524546	5.161899086604218
Saltmarsh_3_000000001	28080000.0	1	1	0.6706204152188878	1.3412408304377756	0.6971686466637464	1.394337293327493	1.0	0.8782665729522705	164974914.43448067	160745791.28553352	160745791.28553352	0.0411443980333378	0.7625845583943298	4.024091224116838	28080000.0	0.036086295	5.215222226455422
Saltmarsh_3_000000001	28166400.0	1	1	0.6718116210511049	1.3436232421022098	0.6983576765604544	1.3967153531209089	1.0	0.8592321872711182	166140411.11689118	158298079.40384176	158298079.40384176	0.021028233430861132	0.7704621635883477	4.045119457547699	28166400.0	0.039801612	5.242474816981818
Saltmarsh_3_000000001	28252800.0	1	1	0.6702409414880142	1.3404818829760283	0.69690451120343	1.39380902240686	1.0	0.8091061115264893	166731157.21150896	149565191.51506191	149565191.51506191	-0.026662322053470966	0.7744882796287805	4.018457135494227	28252800.0	0.047906399	5.207920447600519
Saltmarsh_3_000000001	28339200.0	1	1	0.6610456461475813	1.3220912922951626	0.688412472887514	1.376824945775028	1.0	0.6689130663871765	165952441.64024317	123156999.73181179	123156999.73181179	-0.1535984487997909	0.7693834474588499	3.8648586866944354	28339200.0	0.06437171	5.008856857955989
Saltmarsh_3_000000001	28425600.0	1	1	0.6328742331313066	1.2657484662626133	0.6625696565432233	1.3251393130864466	1.0	0.3284952640533447	161430145.69515896	59076316.46127387	59076316.46127387	-0.44459353750899533	0.7399751198153647	3.4202651491854406	28425600.0	0.095888861	4.4326636333443314
Saltmarsh_3_000000001	28512000.0	1	1	0.6382902585371719	1.2765805170743438	0.6678124349479156	1.3356248698958313	1.0	0.8893995881080627	147964172.16602245	148681133.90153956	147964172.16602245	0.08496868673070979	0.6548521740994024	3.50523383591615	28512000.0	0.033675054	4.542783051347331
Saltmarsh_3_000000001	28598400.0	1	1	0.6433950532878644	1.2867901065757288	0.6727599891948852	1.3455199783897704	1.0	0.8893995881080627	150507510.78729624	150979987.6504367	150507510.78729624	0.0814170711507688	0.6711204827857123	3.5866509070669186	28598400.0	0.033675054	4.648299575558727
Saltmarsh_3_000000001	28684800.0	1	1	0.6482054887402452	1.2964109774804904	0.6774274715440202	1.3548549430880403	1.0	0.889399528503418	152924537.4026251	153166569.00213754	152924537.4026251	0.07791389638391644	0.6867087906292092	3.664564803450835	28684800.0	0.033675058	4.749275985272282
Saltmarsh_3_000000001	28771200.0	1	1	0.6527376611880397	1.3054753223760793	0.6818294716172395	1.363658943234479	1.0	0.8893989324569702	155219810.41611898	155244566.1320412	155219810.41611898	0.07447267985636974	0.7016263722242252	3.739037483307205	28771200.0	0.033675187	4.845792578366138
Saltmarsh_3_000000001	28857600.0	1	1	0.6569528777664913	1.3139057555329825	0.6859274640800453	1.3718549281600907	1.0	0.889392077922821	157397953.90048996	157216846.1265958	157216846.1265958	0.07019914038902153	0.7158850902439574	3.8092366236962265	28857600.0	0.033676748	4.93677066431031
Saltmarsh_3_000000001	28944000.0	1	1	0.6608649211560221	1.3217298423120443	0.689734038272943	1.379468076545886	1.0	0.8893454074859619	159437391.04201618	159057539.43822297	159057539.43822297	0.06596211105033845	0.7293255861407765	3.875198734746565	28944000.0	0.033687284	5.022257560231548
Saltmarsh_3_000000001	29030400.0	1	1	0.664486839075762	1.328973678151524	0.6932614449086955	1.386522889817391	1.0	0.8891274333000183	161341890.14473787	160745840.4015337	160745840.4015337	0.06177435177612778	0.7419548502315407	3.9369730865226926	29030400.0	0.033736453	5.10231712013341
Saltmarsh_3_000000001	29116800.0	1	1	0.6678089492502743	1.3356178985005487	0.6965005428553958	1.3930010857107915	1.0	0.8883334398269653	163115228.0761634	162210327.31222475	162210327.31222475	0.05726932068008128	0.7537823158810425	3.9942424072027736	29116800.0	0.033914902	5.176538159734795
Saltmarsh_3_000000001	29203200.0	1	1	0.6707654519795155	1.341530903959031	0.6993888590777959	1.3987777181555918	1.0	0.8859007358551025	164750298.36391625	163246326.87482986	163246326.87482986	0.051484396909329044	0.7647472374648203	4.0457268041121015	29203200.0	0.034454767	5.243261938129283
Saltmarsh_3_000000001	29289600.0	1	1	0.6731590614122733	1.3463181228245467	0.7017371917512776	1.4034743835025552	1.0	0.8792661428451538	166212282.09544343	163340373.4559697	163340373.4559697	0.04209730362021569	0.7746045636596328	4.087824107732317	29289600.0	0.03587779	5.2978200436210825
Saltmarsh_3_000000001	29376000.0	1	1	0.6744808228502289	1.3489616457004578	0.7030470514836565	1.406094102967313	1.0	0.8622341752052307	167400647.23572344	161231550.0035636	161231550.0035636	0.023493135573530166	0.7826646144442879	4.111317243305846	29376000.0	0.039245087	5.328267147324377
Saltmarsh_3_000000001	29462400.0	1	1	0.6733579768443209	1.3467159536886417	0.7020138004183073	1.4040276008366146	1.0	0.8183497786521912	168058681.75028875	153587524.582932	153587524.582932	-0.01922504365006139	0.7871626665647213	4.092092199655784	29462400.0	0.046550957	5.303351490753897
Saltmarsh_3_000000001	29548800.0	1	1	0.6656835277070796	1.3313670554141592	0.694962679411069	1.389925358822138	1.0	0.6986718773841858	167499594.10806632	130758079.1148851	130758079.1148851	-0.12969139799295015	0.7834817935673757	3.9624008016628336	29548800.0	0.061311524	5.135271438955032
Saltmarsh_3_000000001	29635200.0	1	1	0.6411182667104082	1.2822365334208163	0.6725288330464441	1.3450576660928881	1.0	0.3957222104072571	163703272.5514081	72645338.66065636	72645338.66065636	-0.39542407394500834	0.7586507672482902	3.566976727717825	29635200.0	0.089407144	4.622801839122301
Saltmarsh_3_000000001	29721600.0	1	1	0.645861627944806	1.291723255889612	0.6771021327633475	1.354204265526695	1.0	0.8893995881080627	151844142.13077152	153383275.70105147	151844142.13077152	0.07627878562085644	0.6829419250330012	3.6432555133386817	29721600.0	0.033675054	4.721659145286932
Saltmarsh_3_000000001	29808000.0	1	1	0.6503337261246149	1.3006674522492299	0.6814188096333775	1.362837619266755	1.0	0.8893995881080627	154099314.29666185	155415833.98439354	154099314.29666185	0.07295012708625326	0.697546444397056	3.716205640424934	29808000.0	0.033675054	4.816202509990714
Saltmarsh_3_000000001	29894400.0	1	1	0.6545492747808207	1.3090985495616414	0.6854921131205998	1.3709842262411995	1.0	0.889399528503418	156240742.5596702	157347443.49493468	156240742.5596702	0.06969006198905614	0.711513650809295	3.7858957024139905	29894400.0	0.033675057	4.906520830328532
Saltmarsh_3_000000001	29980800.0	1	1	0.658522296540491	1.317044593080982	0.6893347711573105	1.378669542314621	1.0	0.8893990516662598	158272853.52907377	159181745.53812325	158272853.52907377	0.06650759031150055	0.7248566773338684	3.8524032927254916	29980800.0	0.03367517	4.992714667372237
Saltmarsh_3_000000001	30067200.0	1	1	0.6622661345670879	1.3245322691341759	0.6929589894746346	1.3859179789492693	1.0	0.8893929719924927	160200072.5917432	160921544.67225024	160200072.5917432	0.06340998276559084	0.7375903801931252	3.9158132754910815	30067200.0	0.033676532	5.074894005036442
Saltmarsh_3_000000001	30153600.0	1	1	0.6657934482494123	1.3315868964988247	0.6963764716884621	1.3927529433769241	1.0	0.889352560043335	162026792.86124802	162565315.8406512	162026792.86124802	0.06040295662885642	0.7497310076773837	3.9762162321199375	30153600.0	0.033685667	5.15317623682744
Saltmarsh_3_000000001	30240000.0	1	1	0.6691161565071061	1.3382323130142122	0.6995984874996724	1.3991969749993447	1.0	0.8891648650169373	163757339.7992943	164095794.3019246	163757339.7992943	0.0574907962758312	0.7612959027206403	4.033707028395769	30240000.0	0.033728027	5.227684308800916
Saltmarsh_3_000000001	30326400.0	1	1	0.6722452626172549	1.3444905252345098	0.7026360352373077	1.4052720704746153	1.0	0.8884855508804321	165395912.8544596	165451926.40011775	165395912.8544596	0.05467633571877606	0.7723032285535221	4.088383364114543	30326400.0	0.033880792	5.298544839892448
Saltmarsh_3_000000001	30412800.0	1	1	0.675055334559148	1.350110669118296	0.7053687495562823	1.4107374991125645	1.0	0.8864220380783081	166946470.23233438	166467747.99547815	166467747.99547815	0.04956704896394648	0.7827716910134443	4.13795041307849	30412800.0	0.034339921	5.362783735349723
Saltmarsh_3_000000001	30499200.0	1	1	0.6773664506560917	1.3547329013121834	0.707624466259905	1.41524893251981	1.0	0.880861222743988	168345102.94344366	166680962.3092266	166680962.3092266	0.04114289437713403	0.792261917168999	4.179093307455623	30499200.0	0.035541967	5.416104926462488
Saltmarsh_3_000000001	30585600.0	1	1	0.6787658952265329	1.3575317904530657	0.7090017852311169	1.4180035704622338	1.0	0.8668630123138428	169499767.03670242	165058565.43636236	165058565.43636236	0.02515359271242046	0.8001392344693914	4.204246900168044	30585600.0	0.038366615	5.4487039826177845
Saltmarsh_3_000000001	30672000.0	1	1	0.6781981458231063	1.3563962916462127	0.7084814808418333	1.4169629616836665	1.0	0.8319754004478455	170200866.3093688	159020458.33114144	159020458.33114144	-0.009852910043026797	0.804955201698734	4.1943939901250165	30672000.0	0.044451289	5.435934611202022
Saltmarsh_3_000000001	30758400.0	1	1	0.6726152789075504	1.3452305578151007	0.7033709030364894	1.4067418060729788	1.0	0.7408847212791443	169916258.53041825	141411520.62848383	141411520.62848383	-0.09601113675249284	0.803068739894912	4.098382853372524	30758400.0	0.056653954	5.311504177970791
Saltmarsh_3_000000001	30844800.0	1	1	0.653867443727652	1.307734887455304	0.6862886750108735	1.372577350021747	1.0	0.5033286213874817	167130301.69239628	94752426.26098506	94752426.26098506	-0.3109240859206261	0.7846862172255514	3.787458767451898	30844800.0	0.079704117	4.90854656261766
Saltmarsh_3_000000001	30931200.0	1	1	0.6577328082542363	1.3154656165084726	0.6900108554139217	1.3800217108278434	1.0	0.8893995881080627	157943285.8588529	159782837.81687242	157943285.8588529	0.06456048377688217	0.7251559455173823	3.8520192512287794	30931200.0	0.033675054	4.992216949592498
Saltmarsh_3_000000001	31017600.0	1	1	0.6613769244269853	1.3227538488539705	0.6935232572466622	1.3870465144933244	1.0	0.8893995881080627	159816181.97270325	161469357.6107852	159816181.97270325	0.06156405917705121	0.737516850686465	3.913583310405831	31017600.0	0.033675054	5.072003970285957
Saltmarsh_3_000000001	31104000.0	1	1	0.6648119320134701	1.3296238640269402	0.6968369607767191	1.3936739215534382	1.0	0.889399528503418	161591985.35435593	163069507.70331904	161591985.35435593	0.05865587356153423	0.7493040532102454	3.972239183967365	31104000.0	0.033675057	5.148021982421705
Saltmarsh_3_000000001	31190400.0	1	1	0.6680493726137396	1.3360987452274793	0.6999625616648623	1.3999251233297245	1.0	0.8893991112709045	163274871.8106986	164586802.3071123	163274871.8106986	0.05583991151705969	0.7605344475364333	4.028079095484425	31190400.0	0.033675147	5.2203905077478145
Saltmarsh_3_000000001	31276800.0	1	1	0.6711002064015318	1.3422004128030636	0.7029101800104945	1.405820360020989	1.0	0.8893944025039673	164868945.9233324	166024037.77012232	164868945.9233324	0.053119038605384916	0.771225691011277	4.081198134089809	31276800.0	0.033676231	5.289232781780393
Saltmarsh_3_000000001	31363200.0	1	1	0.6739748175356591	1.3479496350713183	0.7056894824258467	1.4113789648516935	1.0	0.8893624544143677	166378224.39397913	167380356.07398272	166378224.39397913	0.050495132341538906	0.7813959896283568	4.131693266431348	31363200.0	0.033683435	5.354674473295027
Saltmarsh_3_000000001	31449600.0	1	1	0.6766829871744173	1.3533659743488347	0.7083097324648453	1.4166194649296906	1.0	0.8892158269882202	167806616.20697358	168642481.99043095	167806616.20697358	0.047969172180082564	0.7910639088547854	4.179662438611431	31449600.0	0.03371654	5.416842520440415
Saltmarsh_3_000000001	31536000.0	1	1	0.6792337923799683	1.3584675847599366	0.7107798990357773	1.4215597980715546	1.0	0.8886904716491699	169157888.70486137	169762902.91454718	169157888.70486137	0.04554124183790953	0.8002482016863973	4.225203680449341	31536000.0	0.033834789	5.4758639698623455
Saltmarsh_3_000000001	31622400.0	1	1	0.6816364671179147	1.3632729342358294	0.713107858646041	1.426215717292082	1.0	0.8887068629264832	170435598.04688272	170920638.08629718	170435598.04688272	0.04321035308674981	0.8089676371476638	4.268414033536091	31622400.0	0.033831116	5.531864587462775
Saltmarsh_3_000000001	31708800.0	1	1	0.6838983980310729	1.3677967960621458	0.7153024438025829	1.4306048876051658	1.0	0.887169599533081	171643504.90106001	171715030.48133984	171643504.90106001	0.040976729450799554	0.8172407950545005	4.30939076298689	31708800.0	0.034174449	5.58497042883101
Saltmarsh_3_000000001	31795200.0	1	1	0.6857992996019834	1.3715985992039668	0.7171517785643473	1.4343035571286946	1.0	0.8831044435501099	172784552.7839134	171954771.37876105	171954771.37876105	0.03468755887450403	0.8250862980193012	4.344078321861394	31795200.0	0.035063059	5.629925505132366
Saltmarsh_3_000000001	31881600.0	1	1	0.6870324459819314	1.3740648919638627	0.7183586256625524	1.4367172513251047	1.0	0.8731744885444641	173746400.00747877	170879801.78878784	170879801.78878784	0.02267134765238432	0.831727661291555	4.366749669513778	31881600.0	0.037126151	5.659307571689856
Saltmarsh_3_000000001	31968000.0	1	1	0.6869227619660235	1.373845523932047	0.7182583012710925	1.436516602542185	1.0	0.8496490716934204	174371793.97249308	166823382.41464946	166823382.41464946	-0.001951459851067483	0.8360683719243148	4.36479820966271	31968000.0	0.041514425	5.656778479722871
Saltmarsh_3_000000001	32054400.0	1	1	0.683662158750175	1.36732431750035	0.715277776123745	1.43055555224749	1.0	0.7926649451255798	174316121.8655093	155593473.45471108	155593473.45471108	-0.05772737346417023	0.8356947407377256	4.307070836198539	32054400.0	0.050198571	5.5819638037133075
Saltmarsh_3_000000001	32140800.0	1	1	0.6725269402081173	1.3450538804162346	0.7051265705346101	1.4102531410692203	1.0	0.6486657857894897	172665203.33480582	126322839.9303735	126322839.9303735	-0.19302791961671173	0.8246421192685792	4.114042916581827	32140800.0	0.066373789	5.331799619890048
Saltmarsh_3_000000001	32227200.0	1	1	0.6752343371431686	1.3504686742863372	0.7077387687756844	1.4154775375513688	1.0	0.8893995881080627	167086404.07537198	168557884.16733953	167086404.07537198	0.047747489865103576	0.7876845305117564	4.161790406446931	32227200.0	0.033675054	5.393680366755223
Saltmarsh_3_000000001	32313600.0	1	1	0.6777855933834348	1.3555711867668696	0.7102018354666354	1.4204036709332708	1.0	0.8893995881080627	168434394.00506234	169773434.0326998	168434394.00506234	0.04534559051000686	0.7968263795153049	4.2071359969569375	32313600.0	0.033675054	5.452448252056191
Saltmarsh_3_000000001	32400000.0	1	1	0.6801894718041549	1.3603789436083098	0.7125239491163037	1.4250478982326074	1.0	0.889399528503418	169709599.0269302	170923847.2465655	169709599.0269302	0.04303964003088312	0.805508355103768	4.25017563698782	32400000.0	0.033675056	5.5082276255362155
Saltmarsh_3_000000001	32486400.0	1	1	0.6824542736472562	1.3649085472945124	0.714712882829224	1.429425765658448	1.0	0.8893992900848389	170915539.95516467	172012185.89805323	170915539.95516467	0.040828871896606556	0.8137488278792168	4.291004508884427	32486400.0	0.033675117	5.561141843514217
Saltmarsh_3_000000001	32572800.0	1	1	0.6845878572594887	1.3691757145189773	0.7167760199434192	1.4335520398868384	1.0	0.8893961310386658	172055617.1993909	173040905.1259943	172055617.1993909	0.03871206431512064	0.8215660216818338	4.329716573199548	32572800.0	0.033675834	5.6113126788666134
Saltmarsh_3_000000001	32659200.0	1	1	0.6865976513812367	1.3731953027624735	0.718720374362617	1.437440748725234	1.0	0.8893753886222839	173133107.34423697	174010016.86504558	173133107.34423697	0.03668761029662371	0.8289779264245611	4.3664041834961695	32659200.0	0.033680511	5.658859821811037
Saltmarsh_3_000000001	32745600.0	1	1	0.6884906536178221	1.3769813072356443	0.7205526226230162	1.4411052452460325	1.0	0.8892820477485657	174151158.32540637	174911439.9119099	174151158.32540637	0.034753567284814824	0.836002224342217	4.401157750780984	32745600.0	0.033701593	5.703900445012154
Saltmarsh_3_000000001	32832000.0	1	1	0.690273398066466	1.380546796132932	0.7222791587556829	1.4445583175113659	1.0	0.8889548182487488	175112778.25588	175715793.59336108	175112778.25588	0.032907665536271	0.842656225743129	4.434065416317255	32832000.0	0.033775338	5.746548779547163
Saltmarsh_3_000000001	32918400.0	1	1	0.6919518691033083	1.3839037382066166	0.7239061860357386	1.4478123720714773	1.0	0.8879982829093933	176020809.4842308	176346580.56020328	176020809.4842308	0.031147241056053265	0.8489568063651007	4.465212657373307	32918400.0	0.03398988	5.786915603955806
Saltmarsh_3_000000001	33004800.0	1	1	0.6934656712202502	1.3869313424405003	0.7253761079099826	1.4507522158199653	1.0	0.8855474591255188	176877875.78564143	176632353.21535456	176632353.21535456	0.028241434185701797	0.8549203318910711	4.493454091559007	33004800.0	0.034532311	5.823516502660473
Saltmarsh_3_000000001	33091200.0	1	1	0.694564214201657	1.389128428403314	0.7264465430202187	1.4528930860404374	1.0	0.8798274993896484	177652643.5278869	176186706.33211336	176186706.33211336	0.02060602700085945	0.8603275046597073	4.514060118559867	33091200.0	0.035760044	5.850221913653588
Saltmarsh_3_000000001	33177600.0	1	1	0.6949102709310885	1.389820541862177	0.7267862285308846	1.4535724570617692	1.0	0.8672088980674744	178215940.75195333	174160348.16959107	174160348.16959107	0.006528956804198516	0.8642727840437568	4.520589075364065	33177600.0	0.038299933	5.858683441671829
Saltmarsh_3_000000001	33264000.0	1	1	0.6937315684355035	1.387463136871007	0.7257088821379493	1.4514177642758985	1.0	0.8398496508598328	178393572.10160083	168820207.0819941	168820207.0819941	-0.021421798373014278	0.8655228337829848	4.4991672769910505	33264000.0	0.043175338	5.830920790980401
Saltmarsh_3_000000001	33350400.0	1	1	0.6892759950024585	1.378551990004917	0.7216406453040601	1.4432812906081203	1.0	0.7793665528297424	177788905.2098172	156220212.07707915	156220212.07707915	-0.08032030446877558	0.8614213648541713	4.4188469725222745	33350400.0	0.051956028	5.726825676388868
Saltmarsh_3_000000001	33436800.0	1	1	0.690980063055053	1.381960126110106	0.7232893481287439	1.4465786962574878	1.0	0.8893995881080627	175512498.2679177	176377729.00920072	175512498.2679177	0.03151944474773971	0.8460430465918488	4.450366417270014	33436800.0	0.033675054	5.767674876781937
Saltmarsh_3_000000001	33523200.0	1	1	0.6925850417864087	1.3851700835728173	0.7248427429684541	1.4496854859369082	1.0	0.8893995881080627	176381395.34610376	177162809.73105016	176381395.34610376	0.02982914160060035	0.8520778351299184	4.480195558870615	33523200.0	0.033675054	5.806333444296317
Saltmarsh_3_000000001	33609600.0	1	1	0.6940966034335827	1.3881932068671654	0.7263062173907946	1.4526124347815892	1.0	0.8893995881080627	177201729.1764091	177904203.32710594	177201729.1764091	0.028219651711336335	0.8577889941707092	4.508415210581951	33609600.0	0.033675055	5.84290611291421
Saltmarsh_3_000000001	33696000.0	1	1	0.695520106295239	1.391040212590478	0.7276848694709623	1.4553697389419247	1.0	0.8893994092941284	177976056.12031695	178604150.12363258	177976056.12031695	0.02668828418705904	0.8631919964145257	4.535103494769009	33696000.0	0.033675084	5.877494129220636
Saltmarsh_3_000000001	33782400.0	1	1	0.6968606104107283	1.3937212208214567	0.7289835217248075	1.457967043449615	1.0	0.8893979787826538	178706816.70171767	179264609.70803475	178706816.70171767	0.025232284151726514	0.8683017993568619	4.560335778920734	33782400.0	0.033675415	5.9101951694812715
Saltmarsh_3_000000001	33868800.0	1	1	0.6981228910509035	1.396245782101807	0.7302067359968841	1.4604134719937683	1.0	0.889388918876648	179396338.32808465	179886368.04856032	179396338.32808465	0.023848858602390055	0.8731328330380332	4.5841846375231246	33868800.0	0.033677451	5.941103290229969
Saltmarsh_3_000000001	33955200.0	1	1	0.6993114485916407	1.3986228971832815	0.7313588302004873	1.4627176604009746	1.0	0.889350950717926	180046837.4774817	180467076.81635678	180046837.4774817	0.02253519464410092	0.8776989927433075	4.606719832167226	33955200.0	0.033686032	5.970308902488725
Saltmarsh_3_000000001	34041600.0	1	1	0.7004305121928794	1.4008610243857589	0.7324438985839483	1.4648877971678966	1.0	0.889228105545044	180660420.54069695	180997187.34842896	180660420.54069695	0.021288467509150477	0.8820136351943343	4.628008299676376	34041600.0	0.033713765	5.997898756380582
Saltmarsh_3_000000001	34128000.0	1	1	0.7014840363976228	1.4029680727952456	0.7334658351400771	1.4669316702801543	1.0	0.8889025449752808	181239081.9125689	181454317.3721389	181239081.9125689	0.02010583328688642	0.8860895762759581	4.648114132963261	34128000.0	0.033787113	6.023955916320387
Saltmarsh_3_000000001	34214400.0	1	1	0.7024756924109342	1.4049513848218684	0.7344283573750783	1.4688567147501566	1.0	0.8881676197052002	181784698.7966697	181797596.15861666	181784698.7966697	0.01898440661228329	0.8899390873710652	4.667098539575544	34214400.0	0.033952013	6.048559707289906
Saltmarsh_3_000000001	34300800.0	1	1	0.7033223835238164	1.4066447670476327	0.7352509942696587	1.4705019885393174	1.0	0.8867229223251343	182299023.56695598	181966467.04586416	181966467.04586416	0.016258447805692078	0.8935738874236288	4.683356987381236	34300800.0	0.034273424	6.0696306556460815
Saltmarsh_3_000000001	34387200.0	1	1	0.7039755500193253	1.4079511000386506	0.7358865881637233	1.4717731763274466	1.0	0.8842374682426453	182738736.95236063	181852986.89957392	181852986.89957392	0.012578165637088468	0.8966867688607811	4.695935153018325	34387200.0	0.034818124	6.085931958311749
Saltmarsh_3_000000001	34473600.0	1	1	0.7043862605510987	1.4087725211021973	0.7362871187337475	1.472574237467495	1.0	0.8805728554725647	183078308.80933756	181404915.4702894	181404915.4702894	0.007929562710191296	0.8990950146412557	4.703864715728516	34473600.0	0.03560299	6.096208671584157
Saltmarsh_3_000000001	34560000.0	1	1	0.7045425216567976	1.4090850433135953	0.7364398802942533	1.4728797605885067	1.0	0.8763517141342163	183291992.71845856	180727263.1385648	180727263.1385648	0.003023087944124647	0.9006132277486993	4.70688780367264	34560000.0	0.036481629	6.100126593559741
Saltmarsh_3_000000001	34646400.0	1	1	0.7053546957101158	1.4107093914202316	0.7372281129542593	1.4744562259085185	1.0	0.8893995881080627	183373324.76014787	183492471.95568085	183373324.76014787	0.015674588378846943	0.9011920354218924	4.722562392051486	34646400.0	0.033675054	6.120440860098727
Saltmarsh_3_000000001	34732800.0	1	1	0.7061192505870797	1.4122385011741594	0.7379702485490339	1.4759404970980678	1.0	0.8893995881080627	183796342.23130447	183875531.8056016	183796342.23130447	0.01478858142460393	0.9041931297319185	4.737350973476089	34732800.0	0.033675054	6.139606861625012
Saltmarsh_3_000000001	34819200.0	1	1	0.7068389592781661	1.4136779185563322	0.7386689574890435	1.477337914978087	1.0	0.8893995881080627	184195002.7885232	184236576.42983976	184195002.7885232	0.013950426918547754	0.9070245870240683	4.751301400394637	34819200.0	0.033675054	6.15768661491145
Saltmarsh_3_000000001	34905600.0	1	1	0.7075164355281327	1.4150328710562654	0.7393267584979794	1.4786535169959587	1.0	0.8893995881080627	184570673.90431127	184576836.9896262	184570673.90431127	0.013157800278638221	0.9096955692429182	4.764459200673275	34905600.0	0.033675052	6.174739124072564
Saltmarsh_3_000000001	34992000.0	1	1	0.7081471734381835	1.416294346876367	0.7399392586332033	1.4798785172664066	1.0	0.8893997073173523	184924650.3520159	184897504.56413394	184897504.56413394	0.012272729557682882	0.9122147932629868	4.776731930230958	34992000.0	0.033675014	6.190644581579322
Saltmarsh_3_000000001	35078400.0	1	1	0.7087330194641694	1.417466038928339	0.7405082333927853	1.4810164667855705	1.0	0.889401376247406	185254511.17892528	185196678.00421748	185196678.00421748	0.01141883050243575	0.9145645595186517	4.788150760733393	35078400.0	0.033674639	6.205443385910478
Saltmarsh_3_000000001	35164800.0	1	1	0.7092776435921525	1.418555287184305	0.7410372297654122	1.4820744595308244	1.0	0.8894115686416626	185561157.92303947	185476623.55945942	185476623.55945942	0.010632281585455927	0.9167508362118412	4.798783042318847	35164800.0	0.033672353	6.219222822845227
Saltmarsh_3_000000001	35251200.0	1	1	0.7097858831649675	1.419571766329935	0.7415309245423148	1.4830618490846297	1.0	0.8894570469856262	185846455.5206234	185744620.20544285	185744620.20544285	0.0099365826655462	0.918786518361668	4.808719624984394	35251200.0	0.033662063	6.232100633979774
Saltmarsh_3_000000001	35337600.0	1	1	0.7102667330166015	1.420533466033203	0.7419980159252028	1.4839960318504055	1.0	0.8896220326423645	186112890.99946728	186020549.7204045	186020549.7204045	0.009413748275410638	0.9206890003266119	4.818133373259805	35337600.0	0.033624752	6.244300851744707
Saltmarsh_3_000000001	35424000.0	1	1	0.7107404518015844	1.4214809036031688	0.7424580929464796	1.4849161858929592	1.0	0.8901291489601135	186365143.6063073	186355326.94854686	186355326.94854686	0.009285255578316165	0.9224913791644181	4.827418628838121	35424000.0	0.033509763	6.256334542974205
Saltmarsh_3_000000001	35510400.0	1	1	0.7111890057348683	1.4223780114697366	0.7428934363277814	1.4857868726555628	1.0	0.8914963603019714	186613822.3249187	186867335.27757213	186613822.3249187	0.008799955142537619	0.9242691564820559	4.836218583980658	35510400.0	0.033197402	6.267739284838933
Saltmarsh_3_000000001	35596800.0	1	1	0.7116116112533416	1.4232232225066832	0.7433028775877908	1.4866057551755816	1.0	0.8947904109954834	186849443.5778576	187772302.21765095	186849443.5778576	0.008293200875749807	0.9259540170135383	4.844511784856409	35596800.0	0.032430343	6.278487273173907
Saltmarsh_3_000000001	35683200.0	1	1	0.7120102490532977	1.4240204981065954	0.7436876054746551	1.4873752109493101	1.0	0.9019150137901306	187071570.37221032	189470730.0915579	187071570.37221032	0.007815998704160054	0.9275418531568916	4.852327783560568	35683200.0	0.030695872	6.288616807494496
Saltmarsh_3_000000001	35769600.0	1	1	0.712387060112631	1.424774120225262	0.7440485845778477	1.4880971691556955	1.0	0.9155570268630981	187281220.37179145	192530360.72190374	187281220.37179145	0.007367778831770311	0.9290383230271869	4.8596955623923375	35769600.0	0.02703432	6.29816544886047
Saltmarsh_3_000000001	35856000.0	1	1	0.7126701180590869	1.4253402361181737	0.7443237199803062	1.4886474399606124	1.0	0.8893995881080627	187479499.2831297	187205995.1139211	187205995.1139211	0.005580999924618912	0.9304489756449866	4.865276562316955	35856000.0	0.033675054	6.305398424762775
Saltmarsh_3_000000001	35942400.0	1	1	0.7129330361491276	1.4258660722982552	0.7445792927919219	1.4891585855838438	1.0	0.8893995881080627	187628514.0755152	187341081.28033477	187341081.28033477	0.00518787911672014	0.9315175272849537	4.8704644414336755	35942400.0	0.033675054	6.312121916098043
Saltmarsh_3_000000001	36028800.0	1	1	0.7131772497497162	1.4263544994994324	0.7448166953619181	1.4896333907238362	1.0	0.8893995881080627	187766979.34544927	187466608.7342928	187466608.7342928	0.00482223259991299	0.9325108110715511	4.875286674033589	36028800.0	0.033675053	6.318371529547532
Saltmarsh_3_000000001	36115200.0	1	1	0.7134040915962535	1.426808183192507	0.7450372207440158	1.4900744414880316	1.0	0.8893995881080627	187895639.6868229	187583251.48279083	187583251.48279083	0.004482170115465589	0.9334340872984885	4.879768844149055	36115200.0	0.033675035	6.324180422017175
Saltmarsh_3_000000001	36201600.0	1	1	0.7136148596678824	1.4272297193357648	0.7452421284847054	1.4904842569694108	1.0	0.8894007205963135	188015187.44976297	187691875.32396263	187691875.32396263	0.00416712227380911	0.934292254346004	4.883935966422863	36201600.0	0.033674789	6.329581012484031
Saltmarsh_3_000000001	36288000.0	1	1	0.7138110616413422	1.4276221232826845	0.7454328817957949	1.4908657635915898	1.0	0.8894086480140686	188126298.25708953	187794287.93648046	187794287.93648046	0.0038813381047616557	0.9350901015776407	4.8878173045276245	36288000.0	0.033673008	6.334611226667802
Saltmarsh_3_000000001	36374400.0	1	1	0.7139954057961134	1.4279908115922268	0.745612109240056	1.491224218480112	1.0	0.8894478678703308	188229759.73807397	187896379.54785794	187896379.54785794	0.0036486658528998017	0.9358332318863899	4.891465970380524	36374400.0	0.033664127	6.339339897613159
Saltmarsh_3_000000001	36460800.0	1	1	0.7141747519573944	1.4283495039147889	0.7457864686986841	1.4915729373973683	1.0	0.8895997405052185	188326994.25404516	188016641.8667407	188016641.8667407	0.003551395126319523	0.936531814207384	4.895017365506844	36460800.0	0.033629786	6.3439425056968695
Saltmarsh_3_000000001	36547200.0	1	1	0.7143673610564639	1.4287347221129278	0.7459736779416006	1.4919473558832013	1.0	0.8900868892669678	188421616.61496615	188205450.04060662	188205450.04060662	0.003815477361415631	0.9372117728416175	4.898832842868259	36547200.0	0.033519357	6.348887364357265
Saltmarsh_3_000000001	36633600.0	1	1	0.7146032606458435	1.429206521291687	0.7462028001160439	1.4924056002320878	1.0	0.8914385437965393	188523262.91809505	188583582.4086018	188523262.91809505	0.004674021296095399	0.9379422932943798	4.903506864164355	36633600.0	0.033210674	6.354944895957005
Saltmarsh_3_000000001	36720000.0	1	1	0.7148254890123231	1.4296509780246462	0.746418253635557	1.492836507271114	1.0	0.894759476184845	188647792.4126869	189399548.66751203	188647792.4126869	0.004401769434053127	0.9388371926293815	4.907908633598408	36720000.0	0.032437646	6.360649589143537
Saltmarsh_3_000000001	36806400.0	1	1	0.7150350996791114	1.4300701993582228	0.7466206637319954	1.4932413274639909	1.0	0.9020341038703918	188765142.5891495	191046901.68875724	188765142.5891495	0.004145746976275677	0.9396799659694719	4.912054380574684	36806400.0	0.030665932	6.36602247722479
Saltmarsh_3_000000001	36892800.0	1	1	0.7152332349385883	1.4304664698771765	0.7468105338509208	1.4936210677018416	1.0	0.9160543084144592	188875863.28733975	194118746.74716896	188875863.28733975	0.0039055958013562986	0.9404737206353424	4.91595997637604	36892800.0	0.026891	6.371084129383348
Saltmarsh_3_000000001	36979200.0	1	1	0.7154210572056887	1.4308421144113774	0.7469883385354386	1.4939766770708771	1.0	0.9387959837913513	188980552.2826774	199036092.86859867	188980552.2826774	0.003681266032486974	0.9412214953809	4.919641242408526	36979200.0	0.019324757	6.37585505016145
Saltmarsh_3_000000001	37065600.0	1	1	0.7154876994907222	1.4309753989814444	0.747053153926934	1.494106307853868	1.0	0.8893995881080627	189079818.96813065	188650221.1505353	188650221.1505353	0.0013247863421582684	0.9419263194105182	4.920966028750684	37065600.0	0.033675054	6.377571973260886
Saltmarsh_3_000000001	37152000.0	1	1	0.7155496068206317	1.4310992136412635	0.7471133649057177	1.4942267298114353	1.0	0.8893995881080627	189115046.60910684	188682169.43438217	188682169.43438217	0.0012308809888360583	0.9421799661830749	4.922196909739519	37152000.0	0.033675054	6.379167195022416
Saltmarsh_3_000000001	37238400.0	1	1	0.7156071157451163	1.4312142314902325	0.747169298641092	1.494338597282184	1.0	0.8893995881080627	189147774.25512514	188711850.70806617	188711850.70806617	0.001143619929019235	0.9424156336113116	4.923340529668538	37238400.0	0.033675053	6.380649326450425
Saltmarsh_3_000000001	37324800.0	1	1	0.7156605452358693	1.4313210904717386	0.7472212652279616	1.4944425304559232	1.0	0.8893997073173523	189178179.19723865	188739451.00197056	188739451.00197056	0.0010626611822432963	0.9426345938276095	4.924403190850781	37324800.0	0.033675019	6.382026535342612
Saltmarsh_3_000000001	37411200.0	1	1	0.7157102838105591	1.4314205676211182	0.747269642380414	1.494539284760828	1.0	0.8894016742706299	189206429.5343018	188765489.59138617	188765489.59138617	0.0009893944689822742	0.9428380534879486	4.925392585319763	37411200.0	0.033674579	6.383308790574413
Saltmarsh_3_000000001	37497600.0	1	1	0.7157572171156779	1.4315144342313557	0.7473152911205522	1.4946305822411043	1.0	0.8894153237342834	189232730.2301226	188792240.02063107	188792240.02063107	0.0009337147756288688	0.9430274853275266	4.926326300095392	37497600.0	0.033671494	6.384518884923628
Saltmarsh_3_000000001	37584000.0	1	1	0.7158043495508464	1.4316086991016927	0.7473611322508584	1.4947222645017169	1.0	0.8894815444946289	189257549.23543012	188828807.65752962	188828807.65752962	0.0009377816882641943	0.943206256599384	4.927264081783655	37584000.0	0.033656532	6.385734249991616
Saltmarsh_3_000000001	37670400.0	1	1	0.7158614343429909	1.4317228686859818	0.7474166458656448	1.4948332917312896	1.0	0.8897308111190796	189282475.18141198	188904338.2693066	188904338.2693066	0.0011358848144381595	0.9433858065320948	4.928399966598093	37670400.0	0.033600125	6.387206356711128
Saltmarsh_3_000000001	37756800.0	1	1	0.715956081427127	1.431912162854254	0.7475086490595572	1.4950172981191143	1.0	0.890510618686676	189312666.62020367	189097313.69977516	189097313.69977516	0.0018832827340850011	0.9436032857647908	4.930283249332178	37756800.0	0.033422961	6.389647091134504
Saltmarsh_3_000000001	37843200.0	1	1	0.7160993407200018	1.4321986814400036	0.7476477456215322	1.4952954912430645	1.0	0.8926184773445129	189362729.594758	189590442.40281522	189362729.594758	0.002849784376852904	0.9439638635969372	4.93313303370903	37843200.0	0.032938425	6.393340411686903
Saltmarsh_3_000000001	37929600.0	1	1	0.7162343624382764	1.4324687248765529	0.7477784812042367	1.4955569624084735	1.0	0.8976403474807739	189438518.27936926	190726283.66996855	189438518.27936926	0.002683101243634578	0.9445094901532117	4.935816134952665	37929600.0	0.031749412	6.396817710898654
Saltmarsh_3_000000001	38016000.0	1	1	0.7163618427043866	1.4327236854087733	0.747901201226055	1.49580240245211	1.0	0.9081794023513794	189509962.90781018	193031326.10380867	189509962.90781018	0.002526611382289823	0.9450232031567611	4.938342746334957	38016000.0	0.029075448	6.400092199250104
Saltmarsh_3_000000001	38102400.0	1	1	0.7164825278919281	1.4329650557838562	0.7480161911070358	1.4960323822140715	1.0	0.9271341562271118	189577429.45714426	197123001.90032536	189577429.45714426	0.0023801930498392743	0.945506954235882	4.940722939384796	38102400.0	0.023478246	6.4031769294426955
Saltmarsh_3_000000001	38188800.0	1	1	0.7165971019249353	1.4331942038498706	0.7481237948876411	1.4962475897752823	1.0	0.9543483853340149	189641310.90221113	202969602.9513936	189641310.90221113	0.0022438828013880974	0.9459626717096675	4.942966822186184	38188800.0	0.01244464	6.406085001553295
Saltmarsh_3_000000001	38275200.0	1	1	0.7165791112957236	1.4331582225914472	0.7481072886463207	1.4962145772926414	1.0	0.8893995881080627	189701967.53024784	189208804.0834384	189208804.0834384	-0.00034827047894803176	0.9463922908961401	4.942618551707236	38275200.0	0.033675054	6.405633643012578
Saltmarsh_3_000000001	38361600.0	1	1	0.7165625056137567	1.4331250112275133	0.7480920531708395	1.496184106341679	1.0	0.8893995881080627	189692442.47102442	189200833.13007513	189200833.13007513	-0.00032144454401583644	0.9463256101943915	4.94229710716322	38361600.0	0.033675054	6.405217050883532
Saltmarsh_3_000000001	38448000.0	1	1	0.7165471782830151	1.4330943565660301	0.7480779906402522	1.4961559812805043	1.0	0.8893995881080627	189683650.87823713	189193476.00329104	189193476.00329104	-0.00029668563407203585	0.9462640656505272	4.942000421529147	38448000.0	0.033675053	6.404832546301774
Saltmarsh_3_000000001	38534400.0	1	1	0.7165330407346958	1.4330660814693916	0.7480650197767499	1.4961300395534998	1.0	0.8893997669219971	189675536.26733768	189186723.46328488	189186723.46328488	-0.0002736441905577536	0.9462072615069822	4.941726777338587	38534400.0	0.033675004	6.404477903430809
Saltmarsh_3_000000001	38620800.0	1	1	0.7165201422237335	1.433040284447467	0.7480531857545979	1.4961063715091958	1.0	0.8894025087356567	189668051.7061346	189181043.35553595	189181043.35553595	-0.00024965215583183653	0.9461548689335116	4.941477125182756	38620800.0	0.033674397	6.4041543542368515
Saltmarsh_3_000000001	38707200.0	1	1	0.7165092585873593	1.4330185171747185	0.7480432003635568	1.4960864007271135	1.0	0.8894211053848267	189661223.2326782	189179284.5793477	189179284.5793477	-0.00021064703585227385	0.9461070699325907	4.941266478146902	38707200.0	0.033670187	6.403881355678385
Saltmarsh_3_000000001	38793600.0	1	1	0.7165041191179891	1.4330082382359781	0.7480384850762634	1.4960769701525267	1.0	0.8895103931427002	189655461.52972212	189193453.89075622	189193453.89075622	-9.946949177241926e-05	0.9460667389455535	4.94116700865513	38793600.0	0.033650008	6.403752443217048
Saltmarsh_3_000000001	38880000.0	1	1	0.7165172338374775	1.433034467674955	0.7480512397954732	1.4961024795909463	1.0	0.8898425698280334	189652740.76951444	189261827.92395002	189261827.92395002	0.00026144534181804513	0.946047694277932	4.941428453996948	38880000.0	0.033574795	6.404091276380044
Saltmarsh_3_000000001	38966400.0	1	1	0.7165841880398004	1.4331683760796008	0.7481163191703516	1.4962326383407032	1.0	0.8908690214157104	189659683.54958218	189486450.9964177	189486450.9964177	0.0013345037515432034	0.9460977512305453	4.94276295774849	38966400.0	0.033341135	6.405820793242044
Saltmarsh_3_000000001	39052800.0	1	1	0.7166907299045578	1.4333814598091157	0.7482197211602075	1.496439442320415	1.0	0.89360511302948	189695130.30654708	190100681.23624375	189695130.30654708	0.0021223930111107236	0.9463532585216247	4.944885350759602	39052800.0	0.032708754	6.408571414584444
Saltmarsh_3_000000001	39139200.0	1	1	0.7167911865691962	1.4335823731383923	0.7483168730152371	1.4966337460304742	1.0	0.9000012278556824	189751542.31145588	191512969.2583929	189751542.31145588	0.0019980945760041946	0.9467596169812752	4.946883445335606	39139200.0	0.031172479	6.411160945154946
Saltmarsh_3_000000001	39225600.0	1	1	0.7168861048368266	1.4337722096736532	0.7484080144330678	1.4968160288661356	1.0	0.9130305647850037	189804739.99401814	194334645.52928025	189804739.99401814	0.0018815230058666366	0.9471421769642241	4.948764968341472	39225600.0	0.027750821	6.413599398970548
Saltmarsh_3_000000001	39312000.0	1	1	0.7169760565933314	1.4339521131866628	0.7484933571804132	1.4969867143608264	1.0	0.9352652430534363	189855011.62204832	199114305.43679592	189855011.62204832	0.001772640235659373	0.9475024178745822	4.950537608577131	39312000.0	0.020654866	6.415896740715962
Saltmarsh_3_000000001	39398400.0	1	1	0.7170615116747915	1.434123023349583	0.7485732089473679	1.4971464178947358	1.0	0.9642354249954224	189902658.97658628	205327220.2921248	189902658.97658628	0.0016714830544934944	0.947841811828438	4.952209091631625	39398400.0	0.006791639	6.418062982754585
Saltmarsh_3_000000001	39484800.0	1	1	0.7170093871354154	1.4340187742708308	0.7485253808975021	1.4970507617950042	1.0	0.8893995881080627	189947929.98429948	189430305.61951396	189430305.61951396	-0.0010103098880409611	0.9481618379856108	4.951198781743583	39484800.0	0.033675054	6.4167536211396845
Saltmarsh_3_000000001	39571200.0	1	1	0.7169612741466703	1.4339225482933406	0.7484812344838307	1.4969624689676615	1.0	0.8893995881080627	189920315.64902845	189407195.28906807	189407195.28906807	-0.0009324251843622067	0.9479684016297026	4.950266356559222	39571200.0	0.033675054	6.4155451981007525
Saltmarsh_3_000000001	39657600.0	1	1	0.7169168641387212	1.4338337282774425	0.7484404864031741	1.4968809728063481	1.0	0.8893995881080627	189894828.3190296	189385865.31208625	189385865.31208625	-0.0008605507056532735	0.9477898772660845	4.9494058058535675	39657600.0	0.033675052	6.414429924386224
Saltmarsh_3_000000001	39744000.0	1	1	0.7168758886289516	1.4337517772579031	0.7484028901637099	1.4968057803274197	1.0	0.8893998861312866	189871304.12057236	189366241.93584684	189366241.93584684	-0.0007939044834239795	0.9476251141626582	4.9486119013701435	39744000.0	0.033674992	6.413401024175706
Saltmarsh_3_000000001	39830400.0	1	1	0.7168382438772254	1.4336764877544508	0.7483683504518795	1.496736700903759	1.0	0.8894031047821045	189849600.4851011	189348764.1136689	189348764.1136689	-0.000729290736546484	0.947473111304891	4.947882610633596	39830400.0	0.033674253	6.41245586338114
Saltmarsh_3_000000001	39916800.0	1	1	0.7168047347957166	1.4336094695914332	0.7483376056588196	1.4966752113176391	1.0	0.8894256353378296	189829662.1567498	189336874.6944945	189336874.6944945	-0.0006491060777014113	0.9473334795501739	4.947233504555894	39916800.0	0.03366916	6.411614621904438
Saltmarsh_3_000000001	40003200.0	1	1	0.716779697248297	1.433559394496594	0.748314633778901	1.496629267557802	1.0	0.8895328640937805	189811915.14338574	189344847.23669896	189344847.23669896	-0.0004849639591875121	0.9472092001426823	4.946748540596707	40003200.0	0.033644931	6.410986108613333
Saltmarsh_3_000000001	40089600.0	1	1	0.7167783404760312	1.4335566809520623	0.7483133889496857	1.4966267778993714	1.0	0.8899287581443787	189798655.34864426	189418013.7581259	189418013.7581259	-2.627898851348398e-05	0.947116347779143	4.946722261608194	40089600.0	0.033555261	6.4109520510442195
Saltmarsh_3_000000001	40176000.0	1	1	0.7168418756893041	1.4336837513786083	0.7483751373328391	1.4967502746656782	1.0	0.8911422491073608	189797936.8201788	189675698.30646804	189675698.30646804	0.0012671751914075102	0.9471113163409327	4.947989436799601	40176000.0	0.033278611	6.412594310092283
Saltmarsh_3_000000001	40262400.0	1	1	0.7169323905207543	1.4338647810415086	0.7484629505508672	1.4969259011017344	1.0	0.8943464159965515	189831585.67969877	190388341.89119127	189831585.67969877	0.0018039956541939794	0.9473539327442999	4.949793432453795	40262400.0	0.032534934	6.414932288460118
Saltmarsh_3_000000001	40348800.0	1	1	0.7170177616114071	1.4340355232228141	0.7485454355894218	1.4970908711788435	1.0	0.9017384052276611	189879528.3554179	192005872.76532978	189879528.3554179	0.0016983116952480337	0.9476993300818415	4.951491744149044	40348800.0	0.030740196	6.417133300417161
Saltmarsh_3_000000001	40435200.0	1	1	0.7170984689562254	1.4341969379124508	0.7486227874583514	1.4972455749167028	1.0	0.916476845741272	189924752.11092275	195185984.61892384	189924752.11092275	0.0015992676396519023	0.9480244929149619	4.953091011788693	40435200.0	0.026768613	6.419205951278147
Saltmarsh_3_000000001	40521600.0	1	1	0.7171750020415438	1.4343500040830877	0.7486951910716126	1.4973903821432253	1.0	0.9406833648681641	189967510.28500152	200381543.24860013	189967510.28500152	0.0015068588895160717	0.9483306925354915	4.954597870678208	40521600.0	0.018584053	6.421158840398958
Saltmarsh_3_000000001	40608000.0	1	1	0.7172477282690655	1.434495456538131	0.7487629446023136	1.4975258892046273	1.0	0.9700796008110046	190008061.41189998	206682055.1164866	190008061.41189998	0.001421107704560609	0.9486191993549393	4.956018978382769	40608000.0	0.002692497	6.423000595984069
Saltmarsh_3_000000001	40694400.0	1	1	0.7171825766468694	1.4343651532937387	0.748703162644433	1.497406325288866	1.0	0.8893995881080627	190046599.48172235	189525569.23537388	189525569.23537388	-0.0012634418698436178	0.9488912880467131	4.954755536512925	40694400.0	0.033675054	6.421363175320751
Saltmarsh_3_000000001	40780800.0	1	1	0.7171224388624171	1.4342448777248342	0.7486479824609547	1.4972959649219093	1.0	0.8893995881080627	190012075.0589741	189496675.6568461	189496675.6568461	-0.0011660081498217068	0.9486493864340523	4.9535895283631035	40780800.0	0.033675054	6.419852028758582
Saltmarsh_3_000000001	40867200.0	1	1	0.7170669293224888	1.4341338586449777	0.7485970499762323	1.4971940999524647	1.0	0.8893995881080627	189980210.29678893	189470008.37841278	189470008.37841278	-0.0010760978232039475	0.9484261397152679	4.952513430539897	40867200.0	0.033675052	6.418457405979706
Saltmarsh_3_000000001	40953600.0	1	1	0.7170157084271356	1.4340314168542712	0.7485500533618308	1.4971001067236616	1.0	0.8893998861312866	189950800.23974124	189445459.25722557	189445459.25722557	-0.0009928111572741205	0.948220107443402	4.951520619382624	40953600.0	0.033674985	6.417170722719881
Saltmarsh_3_000000001	41040000.0	1	1	0.7169686329807498	1.4339372659614995	0.7485068610308953	1.4970137220617905	1.0	0.8894035816192627	189923664.41135275	189423537.26360908	189423537.26360908	-0.0009123351184382456	0.9480300214364836	4.9506082842641845	41040000.0	0.033674154	6.415988336406384
Saltmarsh_3_000000001	41126400.0	1	1	0.7169265632018224	1.4338531264036447	0.7484682620460416	1.496936524092083	1.0	0.8894287347793579	189898726.47017378	189408024.20576257	189408024.20576257	-0.0008152225362901833	0.947855343565103	4.949793061727894	41126400.0	0.033668475	6.41493180799935
Saltmarsh_3_000000001	41212800.0	1	1	0.7168942627789955	1.433788525557991	0.7484386268092496	1.496877253618499	1.0	0.88954758644104	189876441.63737264	189414682.1527571	189414682.1527571	-0.0006258483379850688	0.9476992591017707	4.9491672133899085	41212800.0	0.033641596	6.414120708553322
Saltmarsh_3_000000001	41299200.0	1	1	0.7168884431529768	1.4337768863059537	0.7484332874090591	1.4968665748181182	1.0	0.8899842500686646	189859332.6292695	189493335.68751162	189493335.68751162	-0.0001127542393859482	0.9475794326769441	4.9490544591505214	41299200.0	0.03354265	6.413974579059076
Saltmarsh_3_000000001	41385600.0	1	1	0.7169542415362855	1.433908483072571	0.7484972282989901	1.4969944565979802	1.0	0.8913150429725647	189856250.15006807	189774099.87789044	189774099.87789044	0.0013126549097914886	0.9475578444796607	4.950367114060313	41385600.0	0.033239001	6.415675779822165
Saltmarsh_3_000000001	41472000.0	1	1	0.7170368322426351	1.4340736644852703	0.748577332359873	1.497154664719746	1.0	0.8948044180870056	189891103.0138001	190548798.53351343	189891103.0138001	0.0016463465299393354	0.9478091685390613	4.952013460590253	41472000.0	0.032427014	6.417809444924968
Saltmarsh_3_000000001	41558400.0	1	1	0.7171147437798233	1.4342294875596466	0.7486525655088779	1.4973051310177559	1.0	0.9027807712554932	189934855.16072085	192287482.53960124	189934855.16072085	0.0015498938066891288	0.9481243819969152	4.953563354396941	41558400.0	0.030477548	6.419818107298436
Saltmarsh_3_000000001	41644800.0	1	1	0.7171884210833002	1.4343768421666003	0.7487231021613524	1.4974462043227048	1.0	0.9184632897377014	189976133.15323114	195666050.5233211	189976133.15323114	0.0014595373812668067	0.9484211283848889	4.955022891778207	41644800.0	0.026185597	6.421709667744557
Saltmarsh_3_000000001	41731200.0	1	1	0.7172583099291863	1.4345166198583725	0.7487891158838067	1.4975782317676134	1.0	0.9436222910881042	190015171.94965383	201062588.3904964	190015171.94965383	0.001375284833473267	0.9487005749147959	4.95639817661168	41731200.0	0.017385497	6.423492036888737
Saltmarsh_3_000000001	41817600.0	1	1	0.7173247268677077	1.4346494537354153	0.7488508989458872	1.4977017978917744	1.0	0.9729517698287964	190052207.09336874	207347269.62684792	190052207.09336874	0.0012971452171475217	0.9489638902496962	4.957695321828828	41817600.0	0.000384142	6.425173137090161
Saltmarsh_3_000000001	41904000.0	1	1	0.7172548447451297	1.4345096894902594	0.7487867777139625	1.497573555427925	1.0	0.8893995881080627	190087405.76586813	189571357.08591443	189571357.08591443	-0.0013554593565476836	0.9492122447861199	4.95633986247228	41904000.0	0.033675054	6.423416461764075
Saltmarsh_3_000000001	41990400.0	1	1	0.7171903406435414	1.4343806812870827	0.7487275924964589	1.4974551849929179	1.0	0.8893995881080627	190050370.7555306	189540362.8792498	189540362.8792498	-0.0012509108883634878	0.9489527252846126	4.955088951583916	41990400.0	0.033675054	6.421795281252755
Saltmarsh_3_000000001	42076800.0	1	1	0.717130800970881	1.434261601941762	0.7486729634949927	1.4973459269899854	1.0	0.8893995881080627	190016189.10510892	189511757.10630682	189511757.10630682	-0.0011544373522061058	0.9487132228837403	4.953934514231708	42076800.0	0.033675052	6.420299130444294
Saltmarsh_3_000000001	42163200.0	1	1	0.7170758602760073	1.4341517205520147	0.7486225551348967	1.4972451102697935	1.0	0.8893998861312866	189984640.9052894	189485419.1112362	189485419.1112362	-0.001065095981455877	0.948492191537637	4.952869418250252	42163200.0	0.033674981	6.418918766052327
Saltmarsh_3_000000001	42249600.0	1	1	0.7170253613290964	1.434050722658193	0.7485762229260685	1.497152445852137	1.0	0.889403760433197	189955531.88266838	189461884.53137514	189461884.53137514	-0.000978843047921396	0.9482882657047971	4.95189057520233	42249600.0	0.033674109	6.41765018546222
Saltmarsh_3_000000001	42336000.0	1	1	0.7169801940150451	1.4339603880300902	0.748534783099732	1.497069566199464	1.0	0.889430046081543	189928778.1817532	189445094.63555834	189445094.63555834	-0.0008753808878267932	0.9481008540656185	4.951015194314502	42336000.0	0.033668169	6.416515691831594
Saltmarsh_3_000000001	42422400.0	1	1	0.7169453035247827	1.4338906070495654	0.7485027724229931	1.4970055448459862	1.0	0.8895537853240967	189904850.70849842	189451423.94432193	189451423.94432193	-0.0006761318183112763	0.9479332515399209	4.950339062496191	42422400.0	0.033640194	6.415639424995064
Saltmarsh_3_000000001	42508800.0	1	1	0.7169379590926447	1.4338759181852894	0.7484960342383935	1.496992068476787	1.0	0.8900061845779419	189886368.43470088	189532296.1333615	189532296.1333615	-0.00014231705246325888	0.9478037977192707	4.950196745443728	42508800.0	0.033537692	6.4154549820950715
Saltmarsh_3_000000001	42595200.0	1	1	0.7170045766235095	1.434009153247019	0.7485607669694445	1.497121533938889	1.0	0.891377866268158	189882478.03916633	189821141.40928766	189821141.40928766	0.0013291576915931413	0.9477765493548452	4.951525903135321	42595200.0	0.033224595	6.417177570463377
Saltmarsh_3_000000001	42681600.0	1	1	0.7170827183655678	1.4341654367311356	0.7486365473573169	1.4972730947146338	1.0	0.8949559330940247	189917767.25596356	190615259.82810462	189917767.25596356	0.0015578032033617406	0.9480310330764561	4.953083706338683	42681600.0	0.032391231	6.419196483414933
Saltmarsh_3_000000001	42768000.0	1	1	0.7171564368488357	1.4343128736976714	0.7487077173449219	1.4974154346898438	1.0	0.9030876755714417	189959165.35675937	192385193.9591404	189959165.35675937	0.0014665329672973737	0.9483292938164994	4.954550239305981	42768000.0	0.030399714	6.4210971101405505
Saltmarsh_3_000000001	42854400.0	1	1	0.7172261537227956	1.4344523074455913	0.7487744419901232	1.4975488839802464	1.0	0.9189677834510803	189998224.22959918	195804369.16430897	189998224.22959918	0.0013810414098984758	0.9486100797380974	4.9559312807158795	42854400.0	0.026035472	6.422886939807779
Saltmarsh_3_000000001	42940800.0	1	1	0.7172922889002296	1.4345845778004591	0.7488368879119961	1.4976737758239922	1.0	0.9442344307899475	190035166.59089106	201222722.3952315	190035166.59089106	0.0013013357135192027	0.9488744972409361	4.957232616429399	42940800.0	0.017128476	6.4245734708925015
Saltmarsh_3_000000001	43027200.0	1	1	0.7173551373151558	1.4347102746303115	0.7488953359244851	1.4977906718489702	1.0	0.9734029769897461	190070214.3616447	207472136.2712955	190070214.3616447	0.0012274177083710924	0.9491236540998523	4.9584600341377705	43027200.0	0.0	6.426164204242551
Saltmarsh_3_000000001	43113600.0	1	1	0.7172840565515786	1.4345681131031571	0.7488301170880093	1.4976602341760186	1.0	0.8893995881080627	190103523.33544326	189595967.03978983	189595967.03978983	-0.001378823241150351	0.9493586584400995	4.95708121089662	43113600.0	0.033675054	6.424377249322019
Saltmarsh_3_000000001	43200000.0	1	1	0.7172184463900719	1.4344368927801439	0.7487699190906175	1.497539838181235	1.0	0.8893995881080627	190065851.52290282	189564440.7069895	189564440.7069895	-0.001272462098225513	0.949094665633173	4.955808748798393	43200000.0	0.033675054	6.422728138442718
Saltmarsh_3_000000001	43286400.0	1	1	0.7171578860980748	1.4343157721961497	0.7487143555846905	1.497428711169381	1.0	0.8893995881080627	190031082.36618492	189535344.01801127	189535344.01801127	-0.0011743168958811001	0.9488510369859375	4.9546344319025115	43286400.0	0.033675052	6.4212062237456555
Saltmarsh_3_000000001	43372800.0	1	1	0.717102003633963	1.434204007267926	0.748663084951292	1.497326169902584	1.0	0.8893998861312866	189998992.13753667	189508553.13009948	189508553.13009948	-0.0010834338041940672	0.9486261994546915	4.953550998098317	43372800.0	0.033674982	6.419802093535419
Saltmarsh_3_000000001	43459200.0	1	1	0.717050629142135	1.43410125828427	0.7486159511137794	1.4972319022275589	1.0	0.8894036412239075	189969383.0419894	189484575.42064643	189484575.42064643	-0.0009958855150670187	0.9484187626182992	4.95255511258325	43459200.0	0.033674118	6.418511425907892
Saltmarsh_3_000000001	43545600.0	1	1	0.7170046409039814	1.4340092818079628	0.7485737596217432	1.4971475192434864	1.0	0.8894296884536743	189942164.51276997	189467347.01865628	189467347.01865628	-0.0008913528941777438	0.9482280879874592	4.951663759689071	43545600.0	0.033668262	6.417356232557035
Saltmarsh_3_000000001	43632000.0	1	1	0.7169688622295114	1.4339377244590228	0.7485409352552125	1.497081870510425	1.0	0.889551043510437	189917801.30875665	189472807.46758634	189472807.46758634	-0.0006933900851610053	0.9480574274230927	4.950970369603908	43632000.0	0.033640808	6.416457599006665
Saltmarsh_3_000000001	43718400.0	1	1	0.7169601262236286	1.4339202524472572	0.7485329206570096	1.4970658413140192	1.0	0.8899930119514465	189898847.90939116	189551075.23266515	189551075.23266515	-0.00016929312992552958	0.9479246692932513	4.950801076473983	43718400.0	0.033540674	6.4162381951102825
Saltmarsh_3_000000001	43804800.0	1	1	0.717023495277243	1.434046990554486	0.7485944962868143	1.4971889925736286	1.0	0.8913271427154541	189894220.2402329	189831338.1561648	189831338.1561648	0.0012644347565317071	0.9478922560242923	4.952065511230516	43804800.0	0.033236224	6.417876902554749
Saltmarsh_3_000000001	43891200.0	1	1	0.7170989610660019	1.4341979221320038	0.7486676854665882	1.4973353709331765	1.0	0.8947933316230774	189927789.6072718	190600141.01913127	189927789.6072718	0.0015046002989375085	0.9481343477374214	4.953570111529453	43891200.0	0.032429652	6.419826864542171
Saltmarsh_3_000000001	43977600.0	1	1	0.7171701493123369	1.4343402986246738	0.748736426779289	1.497472853558578	1.0	0.9026477336883545	189967771.0160033	192309862.5439848	189967771.0160033	0.0014164329583197244	0.9484224221216968	4.954986544487772	43977600.0	0.030511194	6.421662561656153
Saltmarsh_3_000000001	44064000.0	1	1	0.7172374624157857	1.4344749248315714	0.7488008827282244	1.4976017654564489	1.0	0.917985737323761	190005490.06028566	195612596.0351895	190005490.06028566	0.0013338345260927031	0.9486936157753356	4.956320379013865	44064000.0	0.026326913	6.423391211201968
Saltmarsh_3_000000001	44150400.0	1	1	0.7173013036836702	1.4346026073673404	0.7488612139991828	1.4977224279983656	1.0	0.9425539970397949	190041159.30682155	200881376.29366317	190041159.30682155	0.0012568015992034942	0.9489489949349043	4.957577180613068	44150400.0	0.017827845	6.425020026074537
Saltmarsh_3_000000001	44236800.0	1	1	0.7173619663773833	1.4347239327547665	0.7489176816614872	1.4978353633229744	1.0	0.9715210199356079	190074991.91917485	207087177.590071	190074991.91917485	0.0011853344104626462	0.9491896251854116	4.95876251502353	44236800.0	0.001562272	6.426556219470495
Saltmarsh_3_000000001	44323200.0	1	1	0.7172914703399134	1.4345829406798267	0.7488530019519439	1.4977060039038879	1.0	0.8893995881080627	190107142.83965367	189609812.85367462	189609812.85367462	-0.0013675078880679425	0.949416572156441	4.957395007135462	44323200.0	0.033675054	6.424783929247559
Saltmarsh_3_000000001	44409600.0	1	1	0.7172264003296394	1.4344528006592787	0.7487933019585465	1.497586603917093	1.0	0.8893995881080627	190069780.55286574	189578546.50460377	189578546.50460377	-0.0012620132911537185	0.9491547458141726	4.956132993844308	44409600.0	0.033675054	6.423148360022225
Saltmarsh_3_000000001	44496000.0	1	1	0.7171663390069175	1.434332678013835	0.7487381984672813	1.4974763969345626	1.0	0.8893995881080627	190035297.27207288	189549689.9262158	189549689.9262158	-0.0011646680895375239	0.9489131177206165	4.95496832575477	44496000.0	0.033675052	6.421638950178182
Saltmarsh_3_000000001	44582400.0	1	1	0.7171109174663657	1.4342218349327314	0.7486873527546577	1.4973747055093154	1.0	0.8893998861312866	190003471.07768872	189523120.80128238	189523120.80128238	-0.0010745235665782227	0.9486901275729901	4.953893802188191	44582400.0	0.033674986	6.4202463676358965
Saltmarsh_3_000000001	44668800.0	1	1	0.7170599589319949	1.4341199178639898	0.7486406024052663	1.4972812048105326	1.0	0.8894034624099731	189974105.8450439	189499309.86547393	189499309.86547393	-0.000987847384706808	0.9484843967120764	4.952905954803484	44668800.0	0.03367418	6.418966117425315
Saltmarsh_3_000000001	44755200.0	1	1	0.7170142436297464	1.4340284872594928	0.7485986629846798	1.4971973259693596	1.0	0.8894274830818176	189947107.34926507	189481834.97744006	189481834.97744006	-0.0008860861937662889	0.9482952610809666	4.952019868609718	44755200.0	0.033668747	6.417817749718195
Saltmarsh_3_000000001	44841600.0	1	1	0.716978206471566	1.433956412943132	0.7485656027935542	1.4971312055871084	1.0	0.8895395398139954	189922888.41885963	189485438.18816924	189485438.18816924	-0.0006984179508551236	0.9481256088917014	4.951321450658863	44841600.0	0.033643401	6.4169126000538865
Saltmarsh_3_000000001	44928000.0	1	1	0.7169672614702464	1.4339345229404927	0.7485555620196095	1.497111124039219	1.0	0.8899456262588501	189903797.83806306	189555956.49489725	189555956.49489725	-0.0002121056401412913	0.9479918881146275	4.951109345018721	44928000.0	0.033551423	6.416637711144262
Saltmarsh_3_000000001	45014400.0	1	1	0.717022569989037	1.434045139978074	0.748609307867201	1.497218615734402	1.0	0.8911657929420471	189897999.94508788	189810987.5015225	189810987.5015225	0.001103659647900268	0.9479512778597123	4.9522130046666195	45014400.0	0.033273219	6.4180680540479385
Saltmarsh_3_000000001	45100800.0	1	1	0.7170964868714444	1.434192973742889	0.7486810105699654	1.4973620211399308	1.0	0.8943246603012085	189927299.42018175	190510485.79286975	189927299.42018175	0.0014739099162265346	0.9481625871846823	4.953686914582846	45100800.0	0.032540057	6.4199782412993684
Saltmarsh_3_000000001	45187200.0	1	1	0.7171661992189573	1.4343323984379146	0.7487483674288369	1.4974967348576738	1.0	0.9014775156974792	189966460.13301563	192070064.85247403	189966460.13301563	0.001387515150451324	0.9484447855146269	4.955074429733298	45187200.0	0.030805546	6.421776460934354
Saltmarsh_3_000000001	45273600.0	1	1	0.717232090765947	1.434464181531894	0.7488115439958616	1.4976230879917232	1.0	0.9155265092849731	190003397.00785688	195097534.49220198	190003397.00785688	0.001306542543915934	0.9487104424953685	4.956380972277214	45273600.0	0.027043076	6.423469740071269
Saltmarsh_3_000000001	45360000.0	1	1	0.7172945522914489	1.4345891045828978	0.7488706963955021	1.4977413927910042	1.0	0.9384891390800476	190038312.7440205	200023606.30969447	190038312.7440205	0.0012309674535736503	0.9489605962665288	4.9576119397307865	45360000.0	0.019443182	6.4250650738910995
Saltmarsh_3_000000001	45446400.0	1	1	0.7173538893819701	1.4347077787639402	0.7489260582677292	1.4978521165354584	1.0	0.9669418334960938	190071413.88362384	206119298.0017055	190071413.88362384	0.0011607891686076233	0.9491962802495116	4.958772728899394	45446400.0	0.004980659	6.426569456653614
Saltmarsh_3_000000001	45532800.0	1	1	0.7172851051543363	1.4345702103086726	0.748862951948809	1.497725903897618	1.0	0.8893995881080627	190102861.91607988	189616850.60359368	189616850.60359368	-0.0013342747116590337	0.9494185277296274	4.957438454187734	45532800.0	0.033675054	6.424840236627304
Saltmarsh_3_000000001	45619200.0	1	1	0.7172216156726627	1.4344432313453255	0.7488047046145409	1.4976094092290817	1.0	0.8893995881080627	190066407.2405991	189586344.80372062	189586344.80372062	-0.0012313402724706268	0.9491630642910738	4.956207113915264	45619200.0	0.033675054	6.423244419634182
Saltmarsh_3_000000001	45705600.0	1	1	0.7171630136512169	1.4343260273024339	0.7487509423065657	1.4975018846131314	1.0	0.8893995881080627	190032761.80857724	189558190.2919936	189558190.2919936	-0.0011363574673219912	0.9489273089272899	4.955070756447942	45705600.0	0.033675052	6.421771700356533
Saltmarsh_3_000000001	45792000.0	1	1	0.717108939471542	1.434217878943084	0.7487013348488878	1.4974026696977756	1.0	0.8893998861312866	190001709.0662097	189532269.2559195	189532269.2559195	-0.0010483929197410147	0.9487097391993384	4.9540223635282	45792000.0	0.033674994	6.420412983132547
Saltmarsh_3_000000001	45878400.0	1	1	0.717059195459872	1.434118390919744	0.7486557006732723	1.4973114013465445	1.0	0.8894029259681702	189973057.84181145	189508942.31704977	189508942.31704977	-0.0009642997895327188	0.9485090113747816	4.953058063738666	45878400.0	0.033674295	6.419163250605312
Saltmarsh_3_000000001	45964800.0	1	1	0.7170144246703474	1.4340288493406947	0.7486146294905114	1.4972292589810228	1.0	0.8894237279891968	189946702.86636984	189491321.188977	189491321.188977	-0.0008677782778729881	0.948324384222758	4.952190285460793	45964800.0	0.033669597	6.418038609957188
Saltmarsh_3_000000001	46051200.0	1	1	0.7169783950652889	1.4339567901305779	0.7485815776218262	1.4971631552436524	1.0	0.8895200490951538	189922984.32701904	189491993.07668224	189491993.07668224	-0.0006982719275971938	0.9481582373110085	4.951492013533195	46051200.0	0.033647823	6.417133649539021
Saltmarsh_3_000000001	46137600.0	1	1	0.7169641925106627	1.4339283850213254	0.7485685489755802	1.4971370979511605	1.0	0.8898667097091675	189903897.74254724	189549862.2199821	189549862.2199821	-0.0002752333919875394	0.948024544491898	4.9512167801412055	46137600.0	0.033569318	6.416776947063002
Saltmarsh_3_000000001	46224000.0	1	1	0.7170067525020168	1.4340135050040337	0.7486099107395964	1.4972198214791927	1.0	0.8909026980400085	189896374.24173746	189764231.48605847	189764231.48605847	0.0008493097841847375	0.9479718476461076	4.95206608992539	46224000.0	0.033333439	6.4178776525433054
Saltmarsh_3_000000001	46310400.0	1	1	0.7170799664108106	1.4341599328216212	0.7486809580339414	1.4973619160678828	1.0	0.8935737609863281	189918919.93651375	190353694.2597253	189918919.93651375	0.00146014114683779	0.948134458535731	4.953526231072228	46310400.0	0.032716065	6.419769995469608
Saltmarsh_3_000000001	46396800.0	1	1	0.7171489924943084	1.4342979849886168	0.748747717310679	1.497495434621358	1.0	0.8996228575706482	189957707.3435838	191677774.36894196	189957707.3435838	0.0013745160538756185	0.9484140206640433	4.954900747126103	46396800.0	0.031265756	6.421551368275429
Saltmarsh_3_000000001	46483200.0	1	1	0.7172141940801996	1.4344283881603992	0.7488103630130697	1.4976207260261394	1.0	0.9116204977035522	189994279.7434956	194267782.60111627	189994279.7434956	0.001294209910921218	0.9486771888065568	4.956194957037024	46483200.0	0.028142567	6.423228664319983
Saltmarsh_3_000000001	46569600.0	1	1	0.7172759482486178	1.4345518964972357	0.7488690507755029	1.4977381015510058	1.0	0.9318429827690125	190028829.02578026	198609510.6341739	190028829.02578026	0.0012191637866958427	0.9489249813422055	4.957414120823719	46569600.0	0.02188112	6.42480870058754
Saltmarsh_3_000000001	46656000.0	1	1	0.7173345794518573	1.4346691589037146	0.7489239829414166	1.4978479658828332	1.0	0.9588065147399902	190061554.4727117	204387412.7675227	190061554.4727117	0.0011493669967592712	0.9491584053667993	4.958563487820477	46656000.0	0.01005758	6.426298280215338
Saltmarsh_3_000000001	46742400.0	1	1	0.7172683617162627	1.4345367234325255	0.7488632341671368	1.4977264683342737	1.0	0.8893995881080627	190092627.57114807	189618808.10518903	189618808.10518903	-0.0012844254045342174	0.9493784659304794	4.957279062415942	46742400.0	0.033675054	6.424633664891061
Saltmarsh_3_000000001	46828800.0	1	1	0.7172072416700623	1.4344144833401247	0.7488071632686468	1.4976143265372936	1.0	0.8893995881080627	190057533.98238143	189589442.3376795	189589442.3376795	-0.001185335071508531	0.9491325467599061	4.956093727344434	46828800.0	0.033675054	6.423097470638386
Saltmarsh_3_000000001	46915200.0	1	1	0.7171508271369417	1.4343016542738833	0.7487554101882643	1.4975108203765286	1.0	0.8893995881080627	190025144.9047331	189562340.10107762	189562340.10107762	-0.0010938991569228174	0.9489055996623109	4.95499982818751	46915200.0	0.033675053	6.421679777331013
Saltmarsh_3_000000001	47001600.0	1	1	0.7170987659010657	1.4341975318021314	0.7487076515750484	1.4974153031500967	1.0	0.8893997669219971	189995251.84847018	189537364.94238535	189537364.94238535	-0.001009334392441441	0.9486961591043682	4.953990493795068	47001600.0	0.033675007	6.420371679958409
Saltmarsh_3_000000001	47088000.0	1	1	0.7170508474782586	1.4341016949565173	0.7486636941342881	1.4973273882685763	1.0	0.8894022107124329	189967667.6131402	189514804.64147335	189514804.64147335	-0.0009288863118219748	0.9485029095191888	4.953061607483246	47088000.0	0.033674451	6.419167843298286
Saltmarsh_3_000000001	47174400.0	1	1	0.7170075164056735	1.434015032811347	0.7486239454631441	1.4972478909262883	1.0	0.8894185423851013	189942280.18449673	189497041.5787512	189497041.5787512	-0.0008398548228443214	0.9483250627166003	4.952221752660401	47174400.0	0.033670763	6.41807939144788
Saltmarsh_3_000000001	47260800.0	1	1	0.7169716433832553	1.4339432867665105	0.7485910386883802	1.4971820773767603	1.0	0.8894935250282288	189919324.61843398	189493807.61297828	189493807.61297828	-0.0006952240316754343	0.9481642620965669	4.951526528628726	47260800.0	0.033653819	6.417178381102829
Saltmarsh_3_000000001	47347200.0	1	1	0.7169532229981886	1.4339064459963773	0.7485741415928044	1.4971482831856089	1.0	0.8897607922554016	189900321.16421148	189534838.0620953	189534838.0620953	-0.00035696252444794574	0.9480311528349246	4.951169566104278	47347200.0	0.033593325	6.416715757671144
Saltmarsh_3_000000001	47433600.0	1	1	0.7169789642121117	1.4339579284242234	0.7485991618188362	1.4971983236376725	1.0	0.8905524611473083	189890563.47815308	189695302.62576783	189695302.62576783	0.0005137051955554917	0.9479628079332837	4.951683271299834	47433600.0	0.033413406	6.417381519604586
Saltmarsh_3_000000001	47520000.0	1	1	0.7170521474466002	1.4341042948932003	0.748670215333729	1.497340430667458	1.0	0.8925792574882507	189904199.23906007	190139427.602386	189904199.23906007	0.0014598330323830622	0.9480611631629173	4.953143104332217	47520000.0	0.032947502	6.419273463214554
Saltmarsh_3_000000001	47606400.0	1	1	0.7171211134863491	1.4342422269726982	0.748737004543063	1.497474009086126	1.0	0.8971604108810425	189942968.89207065	191150698.7522742	189942968.89207065	0.001374178161456574	0.9483406662988967	4.954517282493674	47606400.0	0.031865221	6.421054398111801
Saltmarsh_3_000000001	47692800.0	1	1	0.7171862012878176	1.4343724025756353	0.7487997194966644	1.4975994389933287	1.0	0.9063378572463989	189979508.05968747	193139634.2641961	189979508.05968747	0.0012937705507205521	0.9486037697477168	4.955811053044394	47692800.0	0.029561834	6.422731124745535
Saltmarsh_3_000000001	47779200.0	1	1	0.7172477663771759	1.4344955327543518	0.7488585240417492	1.4977170480834985	1.0	0.9223681092262268	190013995.70599133	196587688.44113547	190013995.70599133	0.0012185003675496686	0.948851478162407	4.957029553411944	47779200.0	0.025000745	6.42431030122188
Saltmarsh_3_000000001	47865600.0	1	1	0.7173061454524332	1.4346122909048664	0.748913594544456	1.497827189088912	1.0	0.9457060098648071	190046619.67646602	201592471.56253126	190046619.67646602	0.0011483232151510148	0.949084775167179	4.9581778766270945	47865600.0	0.016499588	6.425798528108714
Saltmarsh_3_000000001	47952000.0	1	1	0.7172432007893274	1.4344864015786547	0.7488558514620347	1.4977117029240694	1.0	0.8893995881080627	190077557.9322569	189616757.89830598	189616757.89830598	-0.0012208463943974568	0.9493046358859274	4.956957030232697	47952000.0	0.033675054	6.424216311181576
Saltmarsh_3_000000001	48038400.0	1	1	0.7171851023583955	1.434370204716791	0.7488025552236351	1.4976051104472703	1.0	0.8893995881080627	190044200.22863623	189588845.76095632	189588845.76095632	-0.0011266609004432215	0.9490708897052248	4.955830369332254	48038400.0	0.033675054	6.422756158654602
Saltmarsh_3_000000001	48124800.0	1	1	0.717131477276529	1.434262954553058	0.7487533635147907	1.4975067270295814	1.0	0.8893995881080627	190013413.39749143	189563085.20340726	189563085.20340726	-0.0010397504882035946	0.9488551765052399	4.954790618844051	48124800.0	0.033675053	6.42140864202189
Saltmarsh_3_000000001	48211200.0	1	1	0.7170819878688001	1.4341639757376001	0.7487079663620348	1.4974159327240697	1.0	0.8893997073173523	189984999.2436737	189539335.70089203	189539335.70089203	-0.0009594248769070335	0.9486561033813672	4.953831193967143	48211200.0	0.033675021	6.420165227381417
Saltmarsh_3_000000001	48297600.0	1	1	0.7170364010466641	1.4340728020933282	0.7486661497653089	1.4973322995306177	1.0	0.889401376247406	189958778.33171454	189517751.8477938	189517751.8477938	-0.0008836503528457662	0.9484724095918147	4.9529475436142985	48297600.0	0.033674644	6.419020016524131
Saltmarsh_3_000000001	48384000.0	1	1	0.7169949275604662	1.4339898551209325	0.7486281068750775	1.497256213750155	1.0	0.8894123435020447	189934626.7230284	189499880.7025815	189499880.7025815	-0.0008038202615907597	0.9483032237744983	4.952143723352707	48384000.0	0.033672176	6.417978265465108
Saltmarsh_3_000000001	48470400.0	1	1	0.7169593542282029	1.4339187084564058	0.7485954765169344	1.4971909530338687	1.0	0.8894615769386292	189912655.66745088	189491986.0686408	189491986.0686408	-0.0006893920748413107	0.9481493224180453	4.951454331277865	48470400.0	0.033661043	6.417084813336113
Saltmarsh_3_000000001	48556800.0	1	1	0.7169359990072204	1.4338719980144408	0.748574053682288	1.497148107364576	1.0	0.8896340131759644	189893811.29868904	189512951.06330916	189512951.06330916	-0.0004525744403092169	0.948017329756855	4.951001756837556	48556800.0	0.033622055	6.416498276861473
Saltmarsh_3_000000001	48643200.0	1	1	0.7169417893640528	1.4338835787281057	0.7485796828937806	1.4971593657875613	1.0	0.8901346921920776	189881439.77535552	189609247.8636898	189609247.8636898	0.00011556055011419097	0.9479306787683349	4.951117317387669	48643200.0	0.033508495	6.416648043334419
Saltmarsh_3_000000001	48729600.0	1	1	0.7170143680740093	1.4340287361480186	0.7486501925623432	1.4973003851246864	1.0	0.8913935422897339	189884506.95494667	189880184.1613564	189880184.1613564	0.0014481165381771133	0.9479528042686048	4.952565433925846	48729600.0	0.033220993	6.418524802367897
Saltmarsh_3_000000001	48816000.0	1	1	0.7170838109867765	1.434167621973553	0.7487175510597202	1.4974351021194403	1.0	0.8942002654075623	189922954.34451208	190513061.27199492	189922954.34451208	0.0013847075860764502	0.9482300641364839	4.953950141511921	48816000.0	0.032569296	6.42031938339945
Saltmarsh_3_000000001	48902400.0	1	1	0.7171492758150249	1.4342985516300497	0.7487808538126335	1.497561707625267	1.0	0.8998133540153503	189959744.23996395	191742585.66632938	189959744.23996395	0.0013035376256077535	0.948495183574212	4.955253679137529	48902400.0	0.031218846	6.422008768162238
Saltmarsh_3_000000001	48988800.0	1	1	0.7172110807703437	1.4344221615406874	0.7488402878659051	1.4976805757318101	1.0	0.9098677635192871	189994429.86383784	193917022.3790125	189994429.86383784	0.001227387302687899	0.9487447620165013	4.956481066440217	48988800.0	0.028621745	6.423599462106521
Saltmarsh_3_000000001	49075200.0	1	1	0.717269545294901	1.434539090589802	0.7488960271521758	1.4977920543043517	1.0	0.9257354140281677	190027179.26104572	197329280.5458576	190027179.26104572	0.0011561357700251573	0.9489797605352035	4.957637202210241	49075200.0	0.023934336	6.425097814064473
Saltmarsh_3_000000001	49161600.0	1	1	0.7172105243056872	1.4344210486113744	0.7488418864512252	1.4976837729024504	1.0	0.8893995881080627	190058161.21825254	189611296.6091561	189611296.6091561	-0.0011446340186774817	0.949201117064458	4.956492568191562	49161600.0	0.033675054	6.423614368376264
Saltmarsh_3_000000001	49248000.0	1	1	0.7171560479802341	1.4343120959604683	0.7487919155882587	1.4975838311765175	1.0	0.8893995881080627	190026884.3872747	189585126.71742752	189585126.71742752	-0.0010563291009824116	0.9489819626881201	4.955436239090581	49248000.0	0.033675054	6.422245365861392
Saltmarsh_3_000000001	49334400.0	1	1	0.7171057665849634	1.4342115331699268	0.7487457935322879	1.4974915870645757	1.0	0.8893995881080627	189998018.18160206	189560974.18815166	189560974.18815166	-0.0009748444424980685	0.9487797153832563	4.954461394648081	49334400.0	0.033675054	6.420981967463913
Saltmarsh_3_000000001	49420800.0	1	1	0.7170593572690512	1.4341187145381025	0.7487032239498138	1.4974064478996276	1.0	0.8893995881080627	189971376.75376788	189538683.4409727	189538683.4409727	-0.0008996521218052056	0.9485930693266686	4.953561742526276	49420800.0	0.033675038	6.419816018314053
Saltmarsh_3_000000001	49507200.0	1	1	0.7170165678740625	1.434033135748125	0.7486639753827872	1.4973279507655743	1.0	0.8894004225730896	189946788.59185463	189518288.71636608	189518288.71636608	-0.0008293761904324404	0.9484208197722629	4.9527323663358445	49507200.0	0.03367486	6.418741146771255
Saltmarsh_3_000000001	49593600.0	1	1	0.7169773458376645	1.433954691675329	0.7486279994750501	1.4972559989501002	1.0	0.889405369758606	189924119.71353272	189500376.2797108	189500376.2797108	-0.000760144017785902	0.94826202541634	4.951972222318057	49593600.0	0.033673756	6.417756000124202
Saltmarsh_3_000000001	49680000.0	1	1	0.7169422782775441	1.4338845565550882	0.7485958346122622	1.4971916692245244	1.0	0.8894259929656982	189903341.93146265	189487385.75721538	189487385.75721538	-0.0006795576322718988	0.9481164864183488	4.951292664685785	49680000.0	0.033669076	6.416875293432778
Saltmarsh_3_000000001	49766400.0	1	1	0.716913617451521	1.433827234903042	0.7485695464538625	1.497139092907725	1.0	0.8894934058189392	189884765.93588564	189486204.29650798	189486204.29650798	-0.0005553552005956863	0.9479863766831357	4.95073730948519	49766400.0	0.033653848	6.416155553092806
Saltmarsh_3_000000001	49852800.0	1	1	0.7168970397024964	1.4337940794049928	0.7485543411995308	1.4971086823990616	1.0	0.8896730542182922	189869584.39163935	189511768.70471123	189511768.70471123	-0.0003212035200210739	0.9478800470435772	4.950416105965168	49852800.0	0.033613211	6.415739273330858
Saltmarsh_3_000000001	49939200.0	1	1	0.7169039492099462	1.4338078984198923	0.7485610582427493	1.4971221164854986	1.0	0.8900808691978455	189860803.4901513	189591286.38353634	189591286.38353634	0.00013788327093644526	0.9478185486467453	4.950553989236106	49939200.0	0.033520727	6.4159179700499935
Saltmarsh_3_000000001	50025600.0	1	1	0.7169533395827551	1.4339066791655102	0.7486090514650537	1.4972181029301075	1.0	0.8908858895301819	189864463.29312247	189766082.14593938	189766082.14593938	0.0009854626209779838	0.9478449481087189	4.951539451857084	50025600.0	0.033337283	6.417195129606781
Saltmarsh_3_000000001	50112000.0	1	1	0.7170244998975657	1.4340489997951313	0.7486781458833959	1.4973562917667917	1.0	0.8922754526138306	189890625.23479244	190085845.73793626	189890625.23479244	0.001419499026720561	0.9480336271472417	4.952958950883803	50112000.0	0.033017827	6.4190348003454085
Saltmarsh_3_000000001	50198400.0	1	1	0.7170915113753003	1.4341830227506005	0.7487431375807655	1.497486275161531	1.0	0.8943468928337097	189928321.82260984	190561435.80436552	189928321.82260984	0.0013362012753542762	0.9483054078376949	4.9542951521591565	50198400.0	0.032534826	6.420766517198267
Saltmarsh_3_000000001	50284800.0	1	1	0.717154629316802	1.434309258633604	0.7488042674967403	1.4976085349934807	1.0	0.8968824744224548	189963824.0188295	191134045.60742834	189963824.0188295	0.0012578799533901064	0.9485612401407574	4.955553032112546	50284800.0	0.031932097	6.4223967296178595
Saltmarsh_3_000000001	50371200.0	1	1	0.7171054006615616	1.4342108013231232	0.7487591127573316	1.4975182255146633	1.0	0.8893995881080627	189997266.48195532	189569529.01527354	189569529.01527354	-0.0009544317791773116	0.9488020768555451	4.954598600333368	50371200.0	0.033675054	6.421159786032045
Saltmarsh_3_000000001	50457600.0	1	1	0.7170599632927931	1.4341199265855862	0.7487174362252806	1.4974348724505613	1.0	0.8893995881080627	189971182.8773331	189547705.5985787	189547705.5985787	-0.0008808110635738498	0.9486193390564673	4.953717789269794	50457600.0	0.033675054	6.420018254893653
Saltmarsh_3_000000001	50544000.0	1	1	0.7170180253747889	1.4340360507495777	0.7486789700653256	1.4973579401306512	1.0	0.8893995881080627	189947109.6595907	189527564.45859128	189527564.45859128	-0.0008128745633325662	0.948450696856289	4.95290491470646	50544000.0	0.033675054	6.4189647694595715
Saltmarsh_3_000000001	50630400.0	1	1	0.7169793142377457	1.4339586284754915	0.7486434640483887	1.4972869280967773	1.0	0.889399528503418	189924891.8430376	189508963.16827562	189508963.16827562	-0.000750246100115981	0.9482950619414942	4.952154668606344	50630400.0	0.033675057	6.417992450513822
Saltmarsh_3_000000001	50716800.0	1	1	0.7169435716305973	1.4338871432611946	0.7486106811934427	1.4972213623868853	1.0	0.8893992900848389	189904384.65971336	189491755.16453436	189491755.16453436	-0.0006926421999033927	0.9481514180225752	4.951462026406441	50716800.0	0.033675117	6.417094786222747
Saltmarsh_3_000000001	50803200.0	1	1	0.7169104280978963	1.4338208561957926	0.7485802825455601	1.4971605650911202	1.0	0.8893964886665344	189885451.03500932	189475317.81099042	189475317.81099042	-0.0006422140296884482	0.9480188030846406	4.950819812376752	50803200.0	0.033675743	6.416262476840271
Saltmarsh_3_000000001	50889600.0	1	1	0.716878877426438	1.433757754852876	0.7485513451587634	1.4971026903175269	1.0	0.8893790245056152	189867895.03915536	189456909.77188206	189456909.77188206	-0.000611294385792327	0.9478958432452026	4.9502085179909585	50889600.0	0.033679694	6.415470239316283
Saltmarsh_3_000000001	50976000.0	1	1	0.7168453300597515	1.433690660119503	0.7485205767992335	1.497041153598467	1.0	0.8892984986305237	189851183.52953202	189425776.40233105	189425776.40233105	-0.0006499213433368567	0.9477788033549921	4.949558596647622	50976000.0	0.033697879	6.4146279412553175
Saltmarsh_3_000000001	51062400.0	1	1	0.7167980508188095	1.433596101637619	0.7484772146855178	1.4969544293710355	1.0	0.889001727104187	189833415.23297063	189347703.76451743	189347703.76451743	-0.0009158490321984347	0.9476543678547856	4.948642747615423	51062400.0	0.033764792	6.413441000909589
Saltmarsh_3_000000001	51148800.0	1	1	0.7167033397520441	1.4334066795040883	0.7483903526088063	1.4967807052176125	1.0	0.8880728483200073	189808375.2880226	189128945.3599428	189128945.3599428	-0.0018342904013293193	0.9474790172010433	4.946808457214093	51148800.0	0.033973218	6.411063760549465
Saltmarsh_3_000000001	51235200.0	1	1	0.716474102146974	1.432948204293948	0.7481801241802878	1.4963602483605756	1.0	0.8854942917823792	189758219.55439642	188538025.99251443	188538025.99251443	-0.00443768959593549	0.9471278195585077	4.942370767618158	51235200.0	0.03454396	6.405312514833133
Saltmarsh_3_000000001	51321600.0	1	1	0.7158995550635683	1.4317991101271366	0.7476532925784135	1.495306585156827	1.0	0.8789000511169434	189636850.61222264	187033657.47686142	187033657.47686142	-0.011109881473707617	0.9462781688580147	4.93126088614445	51321600.0	0.035954337	6.390914108443208
Saltmarsh_3_000000001	51408000.0	1	1	0.714475311784791	1.428950623569582	0.7463477767671166	1.4926955535342332	1.0	0.8626904487609863	189332829.53741324	183337517.62364233	183337517.62364233	-0.027463456169131595	0.9441510442873432	4.903797429975318	51408000.0	0.039159594	6.355321469248013
Saltmarsh_3_000000001	51494400.0	1	1	0.7109229236374986	1.4218458472749973	0.7430943142389836	1.4861886284779673	1.0	0.8223082423210144	188580244.13622713	174173680.22704062	174173680.22704062	-0.06802442392170327	0.9388928250569064	4.835773006053614	51494400.0	0.045954108	6.267161815845484
Saltmarsh_3_000000001	51580800.0	1	1	0.7113139634262621	1.4226279268525241	0.7434738256946861	1.4869476513893722	1.0	0.8893995881080627	186709655.16465005	186821062.20896143	186709655.16465005	0.007679570229010668	0.9258687055942396	4.843452576282624	51580800.0	0.033675054	6.277114538862282
Saltmarsh_3_000000001	51667200.0	1	1	0.711682048826721	1.423364097653442	0.7438310867185026	1.4876621734370052	1.0	0.8893995881080627	186915109.17756358	187007108.91128275	186915109.17756358	0.007236491346563456	0.9273390545412544	4.850689067629187	51667200.0	0.033675054	6.286493031647426
Saltmarsh_3_000000001	51753600.0	1	1	0.7120285229306653	1.4240570458613306	0.7441673960580223	1.4883347921160446	1.0	0.8893995881080627	187108606.0793319	187182337.4804869	187108606.0793319	0.006818459854613157	0.9287245705420464	4.857507527483799	51753600.0	0.033675055	6.295329755619003
Saltmarsh_3_000000001	51840000.0	1	1	0.7123546507304843	1.4247093014609686	0.744483977339909	1.488967954679818	1.0	0.8893994092941284	187290833.71085945	187347331.4683326	187290833.71085945	0.006424119324183186	0.9300300492301141	4.863931646807982	51840000.0	0.033675091	6.303655414263145
Saltmarsh_3_000000001	51926400.0	1	1	0.7126616234644362	1.4253232469288724	0.7447819834579109	1.4895639669158218	1.0	0.8893973231315613	187462441.2626686	187502312.8341783	187462441.2626686	0.006052179779534428	0.9312600265338087	4.869983826587516	51926400.0	0.033675553	6.311499039257422
Saltmarsh_3_000000001	52012800.0	1	1	0.7129505621079282	1.4259011242158564	0.7450625012474117	1.4901250024948234	1.0	0.889382541179657	187624041.26647535	187645558.1027888	187624041.26647535	0.0057014149327471175	0.9324187913996297	4.875685241520264	52012800.0	0.0336789	6.318888073010262
Saltmarsh_3_000000001	52099200.0	1	1	0.7132203786715159	1.4264407573430318	0.7453244796930938	1.4906489593861876	1.0	0.889308512210846	187776211.17123348	187767755.80015963	187767755.80015963	0.00532838101474864	0.9335103979860495	4.881013622535011	52099200.0	0.033695614	6.325793654805375
Saltmarsh_3_000000001	52185600.0	1	1	0.7134555936246212	1.4269111872492424	0.7455529099199646	1.4911058198399292	1.0	0.8890214562416077	187918366.10269624	187835864.1968736	187835864.1968736	0.004648738381120676	0.9345305826032474	4.8856623609161325	52185600.0	0.033760353	6.331818419747307
Saltmarsh_3_000000001	52272000.0	1	1	0.7136243512663775	1.427248702532755	0.7457168917957098	1.4914337835914195	1.0	0.8880924582481384	188042334.79347706	187751743.24999583	187751743.24999583	0.003338075039310273	0.9354206412106689	4.889000435955443	52272000.0	0.033968825	6.336144564998254
Saltmarsh_3_000000001	52358400.0	1	1	0.7136402064642241	1.4272804129284482	0.7457323214331394	1.4914646428662788	1.0	0.8854562640190125	188131302.72452807	187274739.64034685	187274739.64034685	0.00031394113265903467	0.9360597570690753	4.889314377088102	52358400.0	0.034552312	6.33655143270618
Saltmarsh_3_000000001	52444800.0	1	1	0.7132780058021476	1.4265560116042952	0.7454006449647941	1.4908012899295882	1.0	0.8786081671714783	188139662.56302547	185833865.02508163	185833865.02508163	-0.006950539866384831	0.936119864991793	4.882363837221717	52444800.0	0.036015224	6.3275435330393455
Saltmarsh_3_000000001	52531200.0	1	1	0.7120022216537281	1.4240044433074561	0.7442327091575662	1.4884654183151325	1.0	0.8615561723709106	187948734.37047634	182072657.68787602	182072657.68787602	-0.0244258095082992	0.9347890979476793	4.857938027713417	52531200.0	0.039371657	6.295887683916589
Saltmarsh_3_000000001	52617600.0	1	1	0.7084347812580425	1.416869562516085	0.7409696146328173	1.4819392292656346	1.0	0.8184894323348999	187276997.4755198	172454904.59859058	172454904.59859058	-0.06783795084432442	0.9301124738372774	4.790100076869093	52617600.0	0.046530077	6.207969699622345
Saltmarsh_3_000000001	52704000.0	1	1	0.6986238629356649	1.3972477258713298	0.7320172450515343	1.4640344901030686	1.0	0.7026420831680298	185405020.75606912	146811229.44315696	146811229.44315696	-0.18306790974175624	0.9171240569575411	4.607032167127336	52704000.0	0.060890866	5.970713688597028
Saltmarsh_3_000000001	52790400.0	1	1	0.699648655321301	1.399297310642602	0.7330070727037205	1.466014145407441	1.0	0.8893995881080627	180305332.8449566	181582565.1059585	180305332.8449566	0.019453228629382036	0.882073435595401	4.626485395756718	52790400.0	0.033675054	5.9959250729007065
Saltmarsh_3_000000001	52876800.0	1	1	0.7006139213625727	1.4012278427251454	0.7339396117944978	1.4678792235889957	1.0	0.8893995881080627	180834690.8102543	182060283.53758937	180834690.8102543	0.018375456614740604	0.885797997436531	4.644860852371458	52876800.0	0.033675054	6.01973966467341
Saltmarsh_3_000000001	52963200.0	1	1	0.7015230861876878	1.4030461723753755	0.7348181343498384	1.469636268699677	1.0	0.889399528503418	181334009.991946	182510952.84156975	181334009.991946	0.017353843498644994	0.8893162064610851	4.662214695870103	52963200.0	0.033675056	6.042230245847654
Saltmarsh_3_000000001	53049600.0	1	1	0.7023793816207129	1.4047587632414258	0.73564573074058	1.47129146148116	1.0	0.8893992304801941	181804938.32184348	182936010.9477158	181804938.32184348	0.016385876622657225	0.8926388149865602	4.67860057249276	53049600.0	0.033675122	6.063466341950617
Saltmarsh_3_000000001	53136000.0	1	1	0.7031858559400792	1.4063717118801584	0.7364253197568228	1.4728506395136456	1.0	0.889395534992218	182249039.88885415	183336207.19830436	182249039.88885415	0.015469105193432808	0.8957760942508379	4.694069677686193	53136000.0	0.033675959	6.083514302281307
Saltmarsh_3_000000001	53222400.0	1	1	0.7039453804458484	1.4078907608916968	0.7371596605454567	1.4743193210909133	1.0	0.889369547367096	182667798.05639592	183708964.74882856	182667798.05639592	0.014601144024954715	0.8987378462570249	4.708670821711147	53222400.0	0.033681834	6.102437384937646
Saltmarsh_3_000000001	53308800.0	1	1	0.7046606471470459	1.4093212942940918	0.7378513709784784	1.4757027419569568	1.0	0.8892433047294617	183062617.13898283	184039387.01561722	183062617.13898283	0.013779669360125868	0.9015334163347883	4.722450491071274	53308800.0	0.033710346	6.120295836428371
Saltmarsh_3_000000001	53395200.0	1	1	0.7053341457392126	1.4106682914784252	0.7385029613123084	1.4770059226246168	1.0	0.8887656927108765	183434819.64256	184276507.67865828	183434819.64256	0.013002393311115301	0.9041717049016847	4.73545288438239	53395200.0	0.033817899	6.137146938159577
Saltmarsh_3_000000001	53481600.0	1	1	0.7059680978425619	1.4119361956851237	0.739116898704825	1.47823379740965	1.0	0.8872531652450562	183785632.8549076	184279172.3235173	183785632.8549076	0.012266989943763185	0.9066611743307749	4.747719874326152	53481600.0	0.034155878	6.153044957126693
Saltmarsh_3_000000001	53568000.0	1	1	0.7064564930473668	1.4129129860947336	0.7395910589533761	1.4791821179067521	1.0	0.8830224275588989	184116153.2166596	183697393.70324004	183697393.70324004	0.00947712685001667	0.9090098416661835	4.757197001176168	53568000.0	0.035080701	6.1653273135243145
Saltmarsh_3_000000001	53654400.0	1	1	0.7063173362618573	1.4126346725237147	0.7394640948550264	1.4789281897100528	1.0	0.8720486164093018	184370987.82143477	181641329.90671417	181641329.90671417	-0.002617705584421093	0.910824355117992	4.754579295591747	53654400.0	0.037351227	6.161934767086905
Saltmarsh_3_000000001	53740800.0	1	1	0.7046397672868203	1.4092795345736406	0.7379340189527039	1.4758680379054079	1.0	0.8441337943077087	184298360.71029288	175769435.45713085	175769435.45713085	-0.03147598563865095	0.9103231629243053	4.723103309953094	53740800.0	0.042459713	6.121141889699211
Saltmarsh_3_000000001	53827200.0	1	1	0.6989383759478784	1.3978767518957569	0.7327409844646686	1.4654819689293372	1.0	0.769929051399231	183423949.05778915	159687550.0528703	159687550.0528703	-0.10585894490721182	0.9042966951715633	4.617244365045883	53827200.0	0.053157539	5.983948697099464
Saltmarsh_3_000000001	53913600.0	1	1	0.6818737810310247	1.3637475620620494	0.7172659854970479	1.4345319709940958	1.0	0.5642786622047424	180467712.4632689	115473554.93860526	115473554.93860526	-0.3066609128251345	0.8840286875181609	4.310583452220747	53913600.0	0.074254552	5.5865161540780885
Saltmarsh_3_000000001	54000000.0	1	1	0.6837240465596238	1.3674480931192476	0.7190394228410082	1.4380788456820164	1.0	0.8893995881080627	171763042.1749693	174785628.14198366	171763042.1749693	0.03350055771237692	0.8253146531624695	4.344084009933124	54000000.0	0.033675054	5.629932876873329
Saltmarsh_3_000000001	54086400.0	1	1	0.6854686278248711	1.3709372556497421	0.72071234156668	1.44142468313336	1.0	0.8893995881080627	172696465.42743263	175623341.0729978	172696465.42743263	0.031753576793743354	0.8317287503434198	4.375837586726867	54086400.0	0.033675054	5.671085512398019
Saltmarsh_3_000000001	54172800.0	1	1	0.6871134415054255	1.374226883010851	0.7222902756872451	1.4445805513744903	1.0	0.889399528503418	173578889.83408046	176415538.9524111	173578889.83408046	0.030086082805468095	0.8378083663649342	4.405923669532335	54172800.0	0.033675057	5.710077075713906
Saltmarsh_3_000000001	54259200.0	1	1	0.6886640872706363	1.3773281745412727	0.7237784746205217	1.4475569492410434	1.0	0.8893991112709045	174412910.4214498	177164445.30987164	174412910.4214498	0.028495832121781306	0.8435687199854678	4.434419501654116	54259200.0	0.03367515	5.747007674143734
Saltmarsh_3_000000001	54345600.0	1	1	0.6901258612971739	1.3802517225943478	0.7251819167558806	1.4503638335117612	1.0	0.8893940448760986	175201012.63887066	177871392.0530552	175201012.63887066	0.026980462800852312	0.849024600393501	4.4613999644549684	54345600.0	0.033676314	5.78197435393364
Saltmarsh_3_000000001	54432000.0	1	1	0.6915037625038009	1.3830075250076017	0.7265053286015625	1.453010657203125	1.0	0.8893582820892334	175945573.3058993	178533241.0290232	175945573.3058993	0.02553752197503356	0.854190344554463	4.486937486430001	54432000.0	0.033684377	5.815070982413283
Saltmarsh_3_000000001	54518400.0	1	1	0.6928024782640356	1.3856049565280713	0.7277532197936386	1.4555064395872772	1.0	0.8891869783401489	176648858.4720627	179130824.649718	176648858.4720627	0.024164472558458105	0.8590798198018554	4.51110195898846	54518400.0	0.033723039	5.846388138849045
Saltmarsh_3_000000001	54604800.0	1	1	0.6940263210816977	1.3880526421633954	0.7289299550969397	1.4578599101938794	1.0	0.8885461688041687	177313011.30277756	179598329.1530993	177313011.30277756	0.022858648801255765	0.8637064077126321	4.533960607789716	54604800.0	0.033867187	5.876012947695472
Saltmarsh_3_000000001	54691200.0	1	1	0.695179064035196	1.390358128070392	0.7300398997395217	1.4600797994790433	1.0	0.8865342736244202	177940015.19330728	179754027.8589231	177940015.19330728	0.021617096493658727	0.8680829794728777	4.555577704283374	54691200.0	0.03431514	5.904028704751253
Saltmarsh_3_000000001	54777600.0	1	1	0.6962635632213161	1.3925271264426322	0.7310877174569275	1.462175434913855	1.0	0.8809279203414917	178531604.98953697	179145444.38564524	178531604.98953697	0.02043618429909977	0.8722218406485851	4.576013888582475	54777600.0	0.035527843	5.930513999602887
Saltmarsh_3_000000001	54864000.0	1	1	0.6966420256902779	1.3932840513805558	0.7314565029585004	1.4629130059170008	1.0	0.8663004040718079	179089068.28109097	176662439.2717603	176662439.2717603	0.007177594817468269	0.8761346015413333	4.5831914833999425	54864000.0	0.038474747	5.939816162486326
Saltmarsh_3_000000001	54950400.0	1	1	0.6948789778390032	1.3897579556780064	0.7298578419018351	1.4597156838036702	1.0	0.8282392024993896	179283813.24674946	169066821.0247993	169066821.0247993	-0.03217473594731668	0.8775088410713131	4.551016747452625	54950400.0	0.045040018	5.898117704698603
Saltmarsh_3_000000001	55036800.0	1	1	0.687309911394777	1.374619822789554	0.7230072569998753	1.4460145139997507	1.0	0.7231916189193726	178377505.6797392	147012433.9162185	147012433.9162185	-0.13628641932638097	0.8713485889074735	4.414730328126245	55036800.0	0.058658916	5.721490505251613
Saltmarsh_3_000000001	55123200.0	1	1	0.6637718848960603	1.3275437697921206	0.7018428065075801	1.4036856130151603	1.0	0.4409583508968353	174512666.24689397	88052208.86973447	88052208.86973447	-0.404993819627166	0.8452548639758384	4.009736508499078	55123200.0	0.085272749	5.196618515014805
Saltmarsh_3_000000001	55209600.0	1	1	0.6664557103804541	1.3329114207609083	0.7043891796922668	1.4087783593845336	1.0	0.8893995881080627	162764409.46344852	167917010.89735344	162764409.46344852	0.046108272032388764	0.7677137752848538	4.055844780531466	55209600.0	0.033675054	5.25637483556878
Saltmarsh_3_000000001	55296000.0	1	1	0.6689896050741009	1.3379792101482018	0.7067952208378749	1.4135904416757499	1.0	0.8893995881080627	164083279.3910729	169091911.63694024	164083279.3910729	0.043874621247336876	0.7765417757080276	4.099719401778802	55296000.0	0.033675054	5.313236344705327
Saltmarsh_3_000000001	55382400.0	1	1	0.6713816539770537	1.3427633079541075	0.7090682620625325	1.418136524125065	1.0	0.889399528503418	165333355.37408936	170206169.072339	165333355.37408936	0.04172466087931315	0.7849421159911337	4.141444062658114	55382400.0	0.033675057	5.367311505204916
Saltmarsh_3_000000001	55468800.0	1	1	0.6736395414373956	1.3472790828747911	0.7112153030544118	1.4224306061088237	1.0	0.8893990516662598	166517805.83527252	171262425.2282876	166517805.83527252	0.0396582094740896	0.792930819702273	4.181102272132204	55468800.0	0.033675172	5.418708544683337
Saltmarsh_3_000000001	55555200.0	1	1	0.6757705632967315	1.351541126593463	0.7132430220308922	1.4264860440617844	1.0	0.8893927335739136	167639703.28345758	172262268.91241935	167639703.28345758	0.03767464074940308	0.8005238756678849	4.218776912881606	55555200.0	0.033676595	5.467534879094562
Saltmarsh_3_000000001	55641600.0	1	1	0.6777816276434498	1.3555632552868997	0.7151577971185346	1.430315594237069	1.0	0.8893494606018066	168702018.99062392	173202189.59509233	168702018.99062392	0.03577294214821647	0.8077371528049031	4.254549855029822	55641600.0	0.033686381	5.513896612118649
Saltmarsh_3_000000001	55728000.0	1	1	0.6796792197994578	1.3593584395989156	0.7169657569514654	1.4339315139029307	1.0	0.8891429901123047	169707613.08276048	174059863.67359048	169707613.08276048	0.03395173925014061	0.8145863261636618	4.288501594279963	55728000.0	0.033732957	5.557898066186833
Saltmarsh_3_000000001	55814400.0	1	1	0.681469284052117	1.362938568104234	0.7186728945357056	1.4373457890714112	1.0	0.8883759379386902	170659207.59568104	174759123.71951354	170659207.59568104	0.03220923033373724	0.821086807644668	4.3207108246137	55814400.0	0.03390537	5.5996412286993555
Saltmarsh_3_000000001	55900800.0	1	1	0.6831569299861854	1.3663138599723708	0.7202853083353739	1.4405706166707477	1.0	0.8859796524047852	171559318.18371785	175089808.7048994	171559318.18371785	0.03054292673207115	0.8272536641865181	4.351253751345771	55900800.0	0.034437406	5.63922486174412
Saltmarsh_3_000000001	55987200.0	1	1	0.6847457627413874	1.3694915254827749	0.7218097126897572	1.4436194253795145	1.0	0.8793134093284607	172410097.23450926	174526480.55569035	172410097.23450926	0.028948999930881736	0.8331014862416646	4.380202751276653	55987200.0	0.035867894	5.6767427656545415
Saltmarsh_3_000000001	56073600.0	1	1	0.6858412722780198	1.3716825445560397	0.7228717266128497	1.4457434532256994	1.0	0.861828625202179	173212985.53487477	171757409.09934905	171757409.09934905	0.02014291425071424	0.838644131246031	4.400345665527366	56073600.0	0.039320846	5.702847982523467
Saltmarsh_3_000000001	56160000.0	1	1	0.6842880865482346	1.3685761730964692	0.7214740579418014	1.4429481158836028	1.0	0.8155742883682251	173767668.10888162	163004134.19688427	163004134.19688427	-0.02748007096704541	0.8425007419514668	4.372865594560321	56160000.0	0.046963428	5.667233810550176
Saltmarsh_3_000000001	56246400.0	1	1	0.6753922442093883	1.3507844884187765	0.7134870864122038	1.4269741728244076	1.0	0.6851992607116699	172981515.7814757	136447416.2433481	136447416.2433481	-0.15500226039520548	0.8372393416119459	4.217863334165115	56246400.0	0.062716228	5.466350881077989
Saltmarsh_3_000000001	56332800.0	1	1	0.6473916432341362	1.2947832864682725	0.6885619317602361	1.3771238635204721	1.0	0.35459834337234497	168513181.7368641	69146661.47110158	69146661.47110158	-0.46182892947574694	0.8075622368312548	3.7560344046893674	56332800.0	0.093308603	4.867820588477421
Saltmarsh_3_000000001	56419200.0	1	1	0.6507539562996247	1.3015079125992495	0.6917153545051564	1.3834307090103128	1.0	0.8893995881080627	154830286.89438537	162244741.84293756	154830286.89438537	0.05501207286752918	0.7191393616043976	3.8110464775568964	56419200.0	0.033675054	4.939116234913738
Saltmarsh_3_000000001	56505600.0	1	1	0.6539331499987311	1.3078662999974622	0.6947005484999311	1.3894010969998623	1.0	0.8893995881080627	156442725.8952119	163668921.03223264	156442725.8952119	0.05254152437146997	0.7296721051045896	3.863588001928366	56505600.0	0.033675054	5.007210050499163
Saltmarsh_3_000000001	56592000.0	1	1	0.6569386711586355	1.313877342317271	0.697525756700632	1.395051513401264	1.0	0.889399528503418	157975030.47585198	165023499.64258575	157975030.47585198	0.05014332091885032	0.7397318314604097	3.913731322847216	56592000.0	0.033675058	5.072195794409992
Saltmarsh_3_000000001	56678400.0	1	1	0.6597795441852203	1.3195590883704407	0.7001989124142388	1.4003978248284776	1.0	0.8893989324569702	159430495.44850338	166311097.97589266	159430495.44850338	0.04782008521501402	0.7493323920275029	3.9615514080622294	56678400.0	0.033675188	5.134170624848649
Saltmarsh_3_000000001	56764800.0	1	1	0.6624643769605202	1.3249287539210404	0.7027276411602461	1.4054552823204922	1.0	0.8893918395042419	160812362.96256265	167533280.98629415	160812362.96256265	0.045573674501839356	0.7584881403109739	4.00712508256407	56764800.0	0.033676788	5.193234107003034
