plant	time	x	y	r_ag	h_ag	r_bg	h_bg	aboveground_resources	belowground_resources	res_ag	res_bg	res_eff	grow	maint	volume	age	salinity	transpiration
Saltmarsh_4_000000001	36288000.0	1	1	0.5111725313533961	1.0223450627067923	0.5408310540205534	1.0816621080411069	1.0	0.7109494805335999	96528766.58853605	79736778.72204335	79736778.72204335	8.1601392309949e-15	0.3986838936102086	1.8331831304391244	36374400.0	0.07	2.3758053370491052
