plant	time	x	y	r_ag	h_ag	r_bg	h_bg	aboveground_resources	belowground_resources	res_ag	res_bg	res_eff	grow	maint	volume	age	salinity	transpiration
Saltmarsh_4_000000001	0.0	1	1	0.05	0.1	0.05	0.1	NaN	NaN	NaN	NaN	NaN	NaN	NaN	NaN	NaN	NaN	NaN
Saltmarsh_4_000000001	86400.0	1	1	0.06974718400408057	0.13949436800816115	0.0723578506953592	0.1447157013907184	1.0	0.7109494805335999	923552.841931713	656599.4132166813	656599.4132166813	0.0029413978738509127	0.0003415991922324941	0.004512194200645811	86400.0	0.07	0.0058478036840369715
Saltmarsh_4_000000001	172800.0	1	1	0.0920936132943282	0.1841872265886564	0.0966250750037004	0.1932501500074008	1.0	0.7109494805335999	1797111.8019158987	1408982.8085327016	1408982.8085327016	0.006063652584482104	0.0009812614581814038	0.01057584678512792	172800.0	0.07	0.013706297433525782
Saltmarsh_4_000000001	259200.0	1	1	0.1153695357140866	0.2307390714281732	0.12155108906232806	0.24310217812465612	1.0	0.7109494805335999	3133146.9612950813	2531250.575858614	2531250.575858614	0.010356336169947444	0.0022999167093456264	0.020932182955075367	259200.0	0.07	0.027128109109777677
Saltmarsh_4_000000001	345600.0	1	1	0.13867963621425458	0.27735927242850916	0.14637506033208025	0.2927501206641605	1.0	0.7109494805335999	4917043.270551892	4016592.6196276564	4016592.6196276564	0.015530866389517586	0.0045520967086206945	0.036463049344592956	345600.0	0.07	0.047256111950592476
Saltmarsh_4_000000001	432000.0	1	1	0.16151820334524855	0.3230364066904971	0.1706342238787771	0.3412684477575542	1.0	0.7109494805335999	7104722.633580815	5831621.7057322785	5831621.7057322785	0.021228532943351974	0.007929575585309418	0.05769158228794493	432000.0	0.07	0.07476829064517664
Saltmarsh_4_000000001	518400.0	1	1	0.18359216746745374	0.3671843349349075	0.19404975858142443	0.38809951716284885	1.0	0.7109494805335999	9637506.64526123	7929446.4341377495	7929446.4341377495	0.027101113000428105	0.01254611917026064	0.08479269528837305	518400.0	0.07	0.10989133309373147
Saltmarsh_4_000000001	604800.0	1	1	0.20473387175927632	0.40946774351855264	0.2164592028521988	0.4329184057043976	1.0	0.7109494805335999	12451739.85095854	10258338.159584118	10258338.159584118	0.03285192510479245	0.018439765693128142	0.11764462039316553	604800.0	0.07	0.15246742802954252
Saltmarsh_4_000000001	691200.0	1	1	0.22485344668697557	0.44970689337395114	0.23777521813728777	0.47555043627457555	1.0	0.7109494805335999	15484640.9439852	12766923.382892925	12766923.382892925	0.03825058249110739	0.025584034423357237	0.15589520288427294	691200.0	0.07	0.20204018293801776
Saltmarsh_4_000000001	777600.0	1	1	0.24391080608485932	0.48782161216971864	0.25795969991764883	0.5159193998352977	1.0	0.7109494805335999	18677590.032324776	15407071.586961737	15407071.586961737	0.043133015237809304	0.033902342696999384	0.19902821812208224	777600.0	0.07	0.2579405706862186
Saltmarsh_4_000000001	864000.0	1	1	0.26189830745559334	0.5237966149111867	0.2770070995524157	0.5540141991048314	1.0	0.7109494805335999	21977780.080496628	18135345.296490524	18135345.296490524	0.047394298721305135	0.043282427761147484	0.2464225168433874	864000.0	0.07	0.3193635818290301
Saltmarsh_4_000000001	950400.0	1	1	0.27882960409508284	0.5576592081901657	0.29493343101450903	0.5898668620290181	1.0	0.7109494805335999	25338863.028259635	20913578.809995122	20913578.809995122	0.050978685019064364	0.05358920903091125	0.2974012018624518	950400.0	0.07	0.3854319576137375
Saltmarsh_4_000000001	1036800.0	1	1	0.2947322717258866	0.5894645434517732	0.311768880213977	0.623537760427954	1.0	0.7109494805335999	28720996.533894345	23708941.587877955	23708941.587877955	0.053869225451804614	0.06467548248758516	0.3512704273142565	1036800.0	0.07	0.45524647379927646
Saltmarsh_4_000000001	1123200.0	1	1	0.3096428247589245	0.619285649517849	0.32755275413692314	0.6551055082738463	1.0	0.7109494805335999	32090547.261981767	26493707.41298136	26493707.41298136	0.05607817876138821	0.07639035830351859	0.40734860607564477	1123200.0	0.07	0.5279237934740356
Saltmarsh_4_000000001	1209600.0	1	1	0.3236032924033883	0.6472065848067766	0.3423299841646901	0.6846599683293803	1.0	0.7109494805335999	35419610.56062082	29244866.154678375	29244866.154678375	0.05763871822844868	0.08858561254494318	0.4649873243040935	1209600.0	0.07	0.6026235722981053
Saltmarsh_4_000000001	1296000.0	1	1	0.3366588390998083	0.6733176781996166	0.35614868275448197	0.7122973655089639	1.0	0.7109494805335999	38685445.58520235	31943662.438621234	31943662.438621234	0.058598076761484125	0.10112023543162205	0.5235854010655776	1296000.0	0.07	0.6785666797809886
Saltmarsh_4_000000001	1382400.0	1	1	0.34885609912302135	0.6977121982460427	0.3690584268772459	0.7381168537544918	1.0	0.7109494805335999	41869886.4792809	34575112.62535175	34575112.62535175	0.05901207425950887	0.11386348886724988	0.5825974753250865	1382400.0	0.07	0.7550463280213122
Saltmarsh_4_000000001	1468800.0	1	1	0.3602420083457619	0.7204840166915238	0.38110905069737283	0.7622181013947457	1.0	0.7109494805335999	44958765.83198601	37127530.76615307	37127530.76615307	0.058940879988789135	0.1266967738419762	0.6415383553138757	1468800.0	0.07	0.831433708486783
Saltmarsh_4_000000001	1555200.0	1	1	0.37086298726106975	0.7417259745221395	0.39234979981932777	0.7846995996386555	1.0	0.7109494805335999	47941371.12071559	39592081.07778023	39592081.07778023	0.05844582910481899	0.13951457628408218	0.6999841844186947	1555200.0	0.07	0.9071795030066284
Saltmarsh_4_000000001	1641600.0	1	1	0.3807643752073886	0.7615287504147772	0.40282874507830435	0.8056574901566087	1.0	0.7109494805335999	50809944.99337218	41962366.1629485	41962366.1629485	0.057587110210230275	0.15222472060451223	0.757571294628925	1641600.0	0.07	0.9818123978390869
Saltmarsh_4_000000001	1728000.0	1	1	0.3899900459757897	0.7799800919515794	0.412592384275182	0.825184768550364	1.0	0.7109494805335999	53559234.023569085	44234054.96460762	44234054.96460762	0.056422154465639335	0.16474812035739878	0.8139934490945644	1728000.0	0.07	1.0549355100265556
Saltmarsh_4_000000001	1814400.0	1	1	0.398582155327198	0.797164310654396	0.42168538089627977	0.8433707617925595	1.0	0.7109494805335999	56186086.70271603	46404551.186423	46404551.186423	0.05500457734965902	0.177018178582456	0.8689980264442234	1814400.0	0.07	1.1262214422717136
Saltmarsh_4_000000001	1900800.0	1	1	0.40658098489346756	0.8131619697869351	0.430150403094072	0.860300806188144	1.0	0.7109494805335999	58689099.09221653	48472700.94242946	48472700.94242946	0.05338354669895376	0.18897995801319356	0.9223815731431773	1900800.0	0.07	1.1954065187935576
Saltmarsh_4_000000001	1987200.0	1	1	0.41402485665227756	0.8280497133045551	0.43802803617309394	0.8760560723461879	1.0	0.7109494805335999	61068305.21377758	50438537.265242785	50438537.265242785	0.051603472472654954	0.200589213853559	0.9739850456158324	1987200.0	0.07	1.262284619118119
Saltmarsh_4_000000001	2073600.0	1	1	0.4209500990360675	0.841900198072135	0.44535674890236215	0.8907134978047243	1.0	0.7109494805335999	63324908.55676851	52303058.5105463	52303058.5105463	0.049703933464711136	0.21181135908802035	1.0236889790805437	2073600.0	0.07	1.3267009168883845
Saltmarsh_4_000000001	2160000.0	1	1	0.427391050658579	0.854782101317158	0.45217289906406144	0.9043457981281229	1.0	0.7109494805335999	65461050.79819324	54068037.45227873	54068037.45227873	0.04771977340752273	0.22262041385387096	1.0714087524880664	2160000.0	0.07	1.388545743224534
Saltmarsh_4_000000001	2246400.0	1	1	0.43338009121353627	0.8667601824270725	0.4585107673490292	0.9170215346980584	1.0	0.7109494805335999	67479613.8102544	55735857.83986719	55735857.83986719	0.04568131348625909	0.23299797571307684	1.1170900659743255	2246400.0	0.07	1.4477487255027257
Saltmarsh_4_000000001	2332800.0	1	1	0.43894769171828363	0.8778953834365673	0.46440261142918604	0.9288052228583721	1.0	0.7109494805335999	69384051.17100382	57309375.30084446	57309375.30084446	0.043614640364864926	0.2429322361393574	1.1607047063391904	2332800.0	0.07	1.5042732994155907
Saltmarsh_4_000000001	2419200.0	1	1	0.44412247821367723	0.8882449564273545	0.4698787340543705	0.939757468108741	1.0	0.7109494805335999	71178245.62762545	58791799.662753575	58791799.662753575	0.0415419386718317	0.25241705964193617	1.2022466450110223	2419200.0	0.07	1.5581116519342848
Saltmarsh_4_000000001	2505600.0	1	1	0.44893130447912605	0.8978626089582521	0.4749675605298908	0.9499351210597816	1.0	0.7109494805335999	72866389.2448171	60186596.00003345	60186596.00003345	0.039481844805594246	0.261451135194573	1.2417284898166165	2505600.0	0.07	1.609280122802335
Saltmarsh_4_000000001	2592000.0	1	1	0.45339933041094427	0.9067986608218885	0.47969572206798783	0.9593914441359757	1.0	0.7109494805335999	74452883.27331963	61497401.960190974	61497401.960190974	0.03744980519472302	0.2700372046062319	1.2791782950113397	2592000.0	0.07	1.6578150703346963
Saltmarsh_4_000000001	2678400.0	1	1	0.4575501035372415	0.915100207074483	0.48408814236849795	0.9681762847369959	1.0	0.7109494805335999	75942255.07713439	62727959.17331917	62727959.17331917	0.035458427064433806	0.27818136880216204	1.3146367220757735	2678400.0	0.07	1.7037691918102025
Saltmarsh_4_000000001	2764800.0	1	1	0.4614056417710484	0.9228112835420968	0.4881681254413123	0.9763362508826245	1.0	0.7109494805335999	77339089.75071049	63882056.79016703	63882056.79016703	0.033517813565083154	0.285892470385752	1.3481545356408569	2764800.0	0.07	1.7472082781905505
Saltmarsh_4_000000001	2851200.0	1	1	0.46498651598433927	0.9299730319686785	0.49195744318666035	0.9839148863733207	1.0	0.7109494805335999	78647974.33249672	64963485.42073742	64963485.42073742	0.03163587802331269	0.2931815490803744	1.3797904136641694	2851200.0	0.07	1.7882083761087637
Saltmarsh_4_000000001	2937600.0	1	1	0.46831193135505106	0.9366238627101021	0.49547642163620137	0.9909528432724027	1.0	0.7109494805335999	79873452.77507544	65975999.954707466	65975999.954707466	0.029818634262486765	0.30006136551105056	1.409609047926656	2937600.0	0.07	1.8268533261129465
Saltmarsh_4_000000001	3024000.0	1	1	0.471399806723735	0.94279961344747	0.49874402505609905	0.9974880501121981	1.0	0.7109494805335999	81019990.06309775	66923289.93552774	66923289.93552774	0.028070461555886272	0.30654598812175243	1.4376795094825425	3024000.0	0.07	1.863232644289375
Saltmarsh_4_000000001	3110400.0	1	1	0.4742668514159782	0.9485337028319564	0.5017779373433956	1.0035558746867912	1.0	0.7109494805335999	82091944.07828267	67808956.33171873	67808956.33171873	0.026394343946836485	0.31265043771175716	1.4640738534293791	3110400.0	0.07	1.8974397140444754
Saltmarsh_4_000000001	3196800.0	1	1	0.47692863915614525	0.9538572783122905	0.5045946403246846	1.0091892806493692	1.0	0.7109494805335999	83093543.99656129	68636493.7022387	68636493.7022387	0.02479208449453052	0.318390384016663	1.4888659379239093	3196800.0	0.07	1.9295702555493865
Saltmarsh_4_000000001	3283200.0	1	1	0.47939967882863305	0.9587993576572661	0.5072094887031411	1.0144189774062822	1.0	0.7109494805335999	84028874.1673102	69409276.88887544	69409276.88887544	0.023264495563190102	0.3237818888811871	1.5121304334871	3283200.0	0.07	1.9597210417992816
Saltmarsh_4_000000001	3369600.0	1	1	0.48169348194334816	0.9633869638866963	0.5096367815054321	1.0192735630108642	1.0	0.7109494805335999	84901862.57007812	70130551.48869285	70130551.48869285	0.02181156662954481	0.32884119081391944	1.533942000116645	3369600.0	0.07	1.987988832151172
Saltmarsh_4_000000001	3456000.0	1	1	0.4838226267391326	0.9676452534782652	0.5118898299608515	1.023779659921703	1.0	0.7109494805335999	85716273.07195103	70803427.46502286	70803427.46502286	0.020432611290147618	0.3335845260349667	1.5543746114067925	3456000.0	0.07	2.014469496383203
Saltmarsh_4_000000001	3542400.0	1	1	0.48579881891750787	0.9715976378350157	0.5139810218065495	1.027962043613099	1.0	0.7109494805335999	86475700.82043213	71430875.3477449	71430875.3477449	0.01912639524562293	0.33802798149310154	1.5735010066524153	3542400.0	0.07	2.0392573046215303
Saltmarsh_4_000000001	3628800.0	1	1	0.48763294904334126	0.9752658980866825	0.5159218820591367	1.0318437641182734	1.0	0.7109494805335999	87183570.20409465	72015724.55399975	72015724.55399975	0.0178912470545059	0.34218737571549285	1.5913922537069216	3628800.0	0.07	2.0624443608041707
Saltmarsh_4_000000001	3715200.0	1	1	0.4893351466819795	0.978670293363959	0.5177231303274837	1.0354462606549675	1.0	0.7109494805335999	87843134.89787348	72560663.43035068	72560663.43035068	0.016725153408813587	0.3460781637429398	1.6081174071157354	3715200.0	0.07	2.084120159621993
Saltmarsh_4_000000001	3801600.0	1	1	0.49091483136645137	0.9818296627329027	0.5193947347667498	1.0387894695334996	1.0	0.7109494805335999	88457479.583163	73068240.67793304	73068240.67793304	0.015625840605094754	0.34971536278457044	1.6237432477208298	3801600.0	0.07	2.104371249046195
Saltmarsh_4_000000001	3888000.0	1	1	0.4923807605054388	0.9847615210108775	0.5209459627915731	1.0418919255831463	1.0	0.7109494805335999	89029522.99622309	73540867.87443626	73540867.87443626	0.014590843782229634	0.35311349558995164	1.6383340915030593	3888000.0	0.07	2.123280982587965
Saltmarsh_4_000000001	3974400.0	1	1	0.4937410743543484	0.9874821487086968	0.5223854286785133	1.0447708573570267	1.0	0.7109494805335999	89562022.01298587	73980822.85184221	73980822.85184221	0.013617565380950492	0.35628654887826056	1.65195165688401	3974400.0	0.07	2.140929347321677
Saltmarsh_4_000000001	4060800.0	1	1	0.4950033381791816	0.9900066763583631	0.5237211381955102	1.0474422763910205	1.0	0.7109494805335999	90057576.52529193	74390253.72760853	74390253.72760853	0.012703324157465223	0.35924794448057745	1.6646549810414748	4060800.0	0.07	2.1573928554297512
Saltmarsh_4_000000001	4147200.0	1	1	0.49617458174694157	0.9923491634938831	0.5249605304003025	1.049921060800605	1.0	0.7109494805335999	90518634.90385234	74771183.42023805	74771183.42023805	0.011845395960077998	0.36201052114111226	1.6765003770015527	4147200.0	0.07	2.1727444885940126
Saltmarsh_4_000000001	4233600.0	1	1	0.4972613362777815	0.994522672555563	0.5261105167512211	1.0522210335024422	1.0	0.7109494805335999	90947499.87769243	75125514.50863631	75125514.50863631	0.011041047357106315	0.36458652518607526	1.687541424358659	4233600.0	0.07	2.1870536859688223
Saltmarsh_4_000000001	4320000.0	1	1	0.49826966899358643	0.9965393379871729	0.5271775176731724	1.054355035346345	1.0	0.7109494805335999	91346334.6892594	75455034.31896128	75455034.31896128	0.010287563089238005	0.3669876085055684	1.6978289874478971	4320000.0	0.07	2.2003863677324746
Saltmarsh_4_000000001	4406400.0	1	1	0.49920521539566787	0.9984104307913357	0.5281674967194426	1.0563349934388853	1.0	0.7109494805335999	91717169.40944116	75761420.14337036	75761420.14337036	0.009582268211342504	0.3692248325055093	1.70741125565924	4406400.0	0.07	2.212804987334375
Saltmarsh_4_000000001	4492800.0	1	1	0.5000732094011098	1.0001464188022196	0.5290859924665905	1.058171984933181	1.0	0.7109494805335999	92061907.31804158	76046244.51265976	76046244.51265976	0.008922545688590577	0.3713086768747082	1.7163338013478306	4492800.0	0.07	2.2243686065467885
Saltmarsh_4_000000001	4579200.0	1	1	0.5008785114633436	1.0017570229266872	0.5299381482754733	1.0598762965509465	1.0	0.7109494805335999	92382331.27330731	76310980.45969908	76310980.45969908	0.00830585011994428	0.37324905217855114	1.7246396514677746	4579200.0	0.07	2.235132988302236
Saltmarsh_4_000000001	4665600.0	1	1	0.5016256347979813	1.0032512695959626	0.5307287400466068	1.0614574800932135	1.0	0.7109494805335999	92680110.00935584	76557006.7231627	76557006.7231627	0.0077297181786983304	0.3750553154371152	1.7323693696464728	4665600.0	0.07	2.245150703061829
Saltmarsh_4_000000001	4752000.0	1	1	0.5023187698299907	1.0046375396599814	0.5314622020928101	1.0629244041856203	1.0	0.7109494805335999	92956804.31320727	76785612.85167414	76785612.85167414	0.0071917762845958855	0.37673628797377484	1.7395611459310687	4752000.0	0.07	2.254471245126665
Saltmarsh_4_000000001	4838400.0	1	1	0.5029618069731104	1.0059236139462209	0.5321426512465738	1.0642853024931476	1.0	0.7109494805335999	93213873.04391456	76998004.1773946	76998004.1773946	0.006689745954718551	0.37830027493225443	1.7462508918857873	4838400.0	0.07	2.2631411558839805
Saltmarsh_4_000000001	4924800.0	1	1	0.5035583578470806	1.0071167156941612	0.5327739093139475	1.065547818627895	1.0	0.7109494805335999	93452678.96531881	77195306.63554454	77195306.63554454	0.006221447220390752	0.37975508595733193	1.7524723391061776	4924800.0	0.07	2.2712041514816064
Saltmarsh_4_000000001	5011200.0	1	1	0.5041117750329104	1.0082235500658208	0.533359523981064	1.066719047962128	1.0	0.7109494805335999	93674494.37147951	77378571.4125621	77378571.4125621	0.005784800444196936	0.3811080566186136	1.7582571395503745	5011200.0	0.07	2.278701252857285
Saltmarsh_4_000000001	5097600.0	1	1	0.5046251704610817	1.0092503409221634	0.5339027882737716	1.0678055765475432	1.0	0.7109494805335999	93880506.49007006	77548779.41075563	77548779.41075563	0.005377826824325582	0.38236607022945257	1.7636349663747	5097600.0	0.07	2.285670916421611
Saltmarsh_4_000000001	5184000.0	1	1	0.5051014325223531	1.0102028650447061	0.5344067586653037	1.0688135173306075	1.0	0.7109494805335999	94071822.65417635	77706845.52155825	77706845.52155825	0.004998647832244907	0.38353557977554636	1.7686336142069452	5184000.0	0.07	2.292149164012201
Saltmarsh_4_000000001	5270400.0	1	1	0.5055432419857251	1.0110864839714502	0.5348742719215016	1.0697485438430032	1.0	0.7109494805335999	94249475.23715483	77853622.70297852	77853622.70297852	0.004645483793645211	0.3846226297212474	1.77327909800059	5270400.0	0.07	2.2981697110087644
Saltmarsh_4_000000001	5356800.0	1	1	0.5059530868031792	1.0119061736063584	0.5353079607678678	1.0706159215357356	1.0	0.7109494805335999	94414426.34863931	77989905.85967322	77989905.85967322	0.004316651791095305	0.38563287750727077	1.777595749791685	5356800.0	0.07	2.3037640917300237
Saltmarsh_4_000000001	5443200.0	1	1	0.5063332758760378	1.0126665517520756	0.5357102684576794	1.0714205369153589	1.0	0.7109494805335999	94567572.29255384	78116435.52635749	78116435.52635749	0.004010563039489379	0.38657161459229805	1.7816063128311743	5443200.0	0.07	2.308961781429202
Saltmarsh_4_000000001	5529600.0	1	1	0.506685951853223	1.013371903706446	0.5360834623155495	1.072166924631099	1.0	0.7109494805335999	94709747.79019544	78233901.3570875	78233901.3570875	0.0037257198616174048	0.3874437869238201	1.7853320326927913	5529600.0	0.07	2.3137903143698577
Saltmarsh_4_000000001	5616000.0	1	1	0.5070131030273224	1.0140262060546448	0.5364296463261987	1.0728592926523974	1.0	0.7109494805335999	94841729.973188	78342945.42438686	78342945.42438686	0.0034607123706721366	0.38825401475126214	1.7887927450634633	5616000.0	0.07	2.3182753976022483
Saltmarsh_4_000000001	5702400.0	1	1	0.5073165743902146	1.0146331487804292	0.5367507728337997	1.0735015456675994	1.0	0.7109494805335999	94964242.15244971	78444165.3332946	78444165.3332946	0.0032142149488156857	0.3890066117176573	1.7920069600122797	5702400.0	0.07	2.3224410201759147
Saltmarsh_4_000000001	5788800.0	1	1	0.5075980779060555	1.015196155812111	0.5370486534130706	1.0740973068261412	1.0	0.7109494805335999	95077957.37032785	78538117.1562488	78538117.1562488	0.002984982595725494	0.3897056031855185	1.7949919426080048	5788800.0	0.07	2.3263095576199744
Saltmarsh_4_000000001	5875200.0	1	1	0.5078592020556905	1.015718404111381	0.5373249689693417	1.0746499379386834	1.0	0.7109494805335999	95183501.74379417	78625318.19532897	78625318.19532897	0.002771847208013156	0.39035474376863166	1.7977637898160177	5875200.0	0.07	2.329901871601559
Saltmarsh_4_000000001	5961600.0	1	1	0.5081014207030186	1.0162028414060371	0.5375812791210686	1.0751625582421371	1.0	0.7109494805335999	95281457.60710505	78706249.57880332	78706249.57880332	0.0025737138392749603	0.39095753405474165	1.8003375036552924	5961600.0	0.07	2.3332374047372593
Saltmarsh_4_000000001	6048000.0	1	1	0.5083261013305044	1.0166522026610088	0.5378190309147436	1.0756380618294872	1.0	0.7109494805335999	95372366.46265462	78781358.69919403	78781358.69919403	0.002389556981058083	0.39151723651491205	1.8027270606363506	6048000.0	0.07	2.3363342705847105
Saltmarsh_4_000000001	6134400.0	1	1	0.5085345126878887	1.0170690253757775	0.5380395669188262	1.0760791338376523	1.0	0.7109494805335999	95456731.748923	78851061.50021674	78851061.50021674	0.0022184168969692775	0.3920368906041144	1.80494547753332	6134400.0	0.07	2.3392093388831827
Saltmarsh_4_000000001	6220800.0	1	1	0.5087278318951987	1.0174556637903973	0.5382441327401888	1.0764882654803776	1.0	0.7109494805335999	95535021.43446955	78915744.6199902	78915744.6199902	0.002059396035352934	0.3925193270645981	1.8070048735686728	6220800.0	0.07	2.341878316145
Saltmarsh_4_000000001	6307200.0	1	1	0.5089071510383816	1.0178143020767632	0.5384338840036401	1.0768677680072802	1.0	0.7109494805335999	95607670.44687006	78975767.39786947	78975767.39786947	0.0019116555402163282	0.392967181449131	1.8089165291088896	6307200.0	0.07	2.344355821725121
Saltmarsh_4_000000001	6393600.0	1	1	0.509073483293285	1.01814696658657	0.5386098928323275	1.077219785664655	1.0	0.7109494805335999	95675082.94536738	79031463.75214909	79031463.75214909	0.0017744118752701654	0.3933829068854753	1.8106909409841596	6393600.0	0.07	2.3466554595154707
Saltmarsh_4_000000001	6480000.0	1	1	0.5092277686112658	1.0184555372225317	0.5387731538642447	1.0775463077284895	1.0	0.7109494805335999	95737634.44581269	79083143.93572344	79083143.93572344	0.0016469335719211942	0.393768786106696	1.8123378745560808	6480000.0	0.07	2.3487898854246807
Saltmarsh_4_000000001	6566400.0	1	1	0.5093708789974276	1.0187417579948552	0.5389245898376482	1.0778491796752965	1.0	0.7109494805335999	95795673.80623564	79131096.17659423	79131096.17659423	0.0015285381087097316	0.3941269427742614	1.8138664126647908	6566400.0	0.07	2.350770870813569
Saltmarsh_4_000000001	6652800.0	1	1	0.5095036234103473	1.0190072468206945	0.5390650567759271	1.0781301135518542	1.0	0.7109494805335999	95849525.08110593	79175588.20988676	79175588.20988676	0.0014185889269169305	0.39445935212251687	1.8152850015917075	6652800.0	0.07	2.352609362062853
Saltmarsh_4_000000001	6739200.0	1	1	0.5096267523101567	1.0192535046203135	0.5391953488003556	1.0783906976007112	1.0	0.7109494805335999	95899489.25204822	79216868.7077887	79216868.7077887	0.0013164925847968245	0.39476785095414674	1.8166014941765043	6739200.0	0.07	2.35431553645275
Saltmarsh_4_000000001	6825600.0	1	1	0.5097409618799759	1.0194819237599517	0.5393162025971826	1.0786324051943652	1.0	0.7109494805335999	95945845.84245455	79255168.61356196	79255168.61356196	0.0012216960510383346	0.39505414701677144	1.8178231902275428	6825600.0	0.07	2.3558988545348956
Saltmarsh_4_000000001	6912000.0	1	1	0.5098468979439524	1.0196937958879049	0.5394283015636677	1.0788566031273354	1.0	0.7109494805335999	95988854.42310777	79290702.38550538	79290702.38550538	0.0011336841365714445	0.3953198277909555	1.818956874364114	6912000.0	0.07	2.357368109175892
Saltmarsh_4_000000001	6998400.0	1	1	0.5099451596035388	1.0198903192070776	0.5395322796559524	1.0790645593119048	1.0	0.7109494805335999	96028756.01559629	79323669.15647055	79323669.15647055	0.0010519770626380986	0.3955663687197147	1.8200088514267514	6998400.0	0.07	2.3587314714490697
Saltmarsh_4_000000001	7084800.0	1	1	0.510036302612116	1.020072605224232	0.5396287249600504	1.0792574499201009	1.0	0.7109494805335999	96065774.39996427	79354253.81425479	79354253.81425479	0.0009761281621200046	0.39579514090915396	1.8209849795888713	7084800.0	0.07	2.3599965335471773
Saltmarsh_4_000000001	7171200.0	1	1	0.5101208425066646	1.0202416850133291	0.5397181830057434	1.0794363660114867	1.0	0.7109494805335999	96100117.33270842	79382628.00792123	79382628.00792123	0.0009057217103898285	0.3960074183292164	1.8218907012992611	7171200.0	0.07	2.3611703488838423
Saltmarsh_4_000000001	7257600.0	1	1	0.5101992575138619	1.0203985150277237	0.539801159841775	1.07960231968355	1.0	0.7109494805335999	96131977.6809057	79408951.08482438	79408951.08482438	0.0008403708814131439	0.3962043845427088	1.822731072180674	7257600.0	0.07	2.3622594695461534
Saltmarsh_4_000000001	7344000.0	1	1	0.5102719912467589	1.0205439824935179	0.5398781248894373	1.0797562497788746	1.0	0.7109494805335999	96161534.4779355	79433370.96285641	79433370.96285641	0.0007797158244374769	0.39638713898984457	1.8235107880051116	7344000.0	0.07	2.363269981254625
Saltmarsh_4_000000001	7430400.0	1	1	0.5103394552070467	1.0206789104140934	0.5399495135904306	1.0798990271808613	1.0	0.7109494805335999	96188953.90595105	79456024.94217208	79456024.94217208	0.0007234218563342831	0.3965567028545261	1.8242342098614461	7430400.0	0.07	2.364207535980434
Saltmarsh_4_000000001	7516800.0	1	1	0.5104020311068567	1.0208040622137133	0.5400157298637575	1.080031459727515	1.0	0.7109494805335999	96214390.20995304	79477040.46040262	79477040.46040262	0.0006711777644962114	0.3967140245375169	1.8249053876259422	7516800.0	0.07	2.3650773823632214
Saltmarsh_4_000000001	7603200.0	1	1	0.5104600730230512	1.0209201460461024	0.5400771483853574	1.0801542967707147	1.0	0.7109494805335999	96237986.54803158	79496535.79513136	79496535.79513136	0.0006226942151082437	0.39685998476054857	1.8255280818410506	7603200.0	0.07	2.3658843940660015
Saltmarsh_4_000000001	7689600.0	1	1	0.5105139093960377	1.0210278187920754	0.5401341167032181	1.0802682334064362	1.0	0.7109494805335999	96259875.78206559	79514620.71717426	79514620.71717426	0.0005777022615962024	0.39699540132427513	1.826105784102647	7689600.0	0.07	2.3666330961970306
Saltmarsh_4_000000001	7776000.0	1	1	0.5105638448842822	1.0211276897685644	0.5401869571997894	1.0803739143995787	1.0	0.7109494805335999	96280181.21290496	79531397.09799176	79531397.09799176	0.0005359519480970798	0.39712103354186173	1.826641736050744	7776000.0	0.07	2.3673276899217646
Saltmarsh_4_000000001	7862400.0	1	1	0.5106101620849026	1.0212203241698052	0.5402359689126833	1.0804719378253667	1.0	0.7109494805335999	96299017.2638097	79546959.47435004	79546959.47435004	0.0004972110028780286	0.39723758636887213	1.827138947053622	7862400.0	0.07	2.3679720753814943
Saltmarsh_4_000000001	7948800.0	1	1	0.5106531231299792	1.0213062462599585	0.5402814292238605	1.080562858447721	1.0	0.7109494805335999	96316490.11568151	79561395.57315226	79561395.57315226	0.0004612636167465878	0.3973457142490147	1.8276002106703686	7948800.0	0.07	2.3685698730287976
Saltmarsh_4_000000001	8035200.0	1	1	0.510692971167531	1.021385942335062	0.5403235954267708	1.0806471908535416	1.0	0.7109494805335999	96332698.29739636	79574786.79917458	79574786.79917458	0.0004279093016406055	0.3974460246942323	1.8280281199720092	8035200.0	0.07	2.369124443483724
Saltmarsh_4_000000001	8121600.0	1	1	0.5107299317354682	1.0214598634709364	0.5403627061802432	1.0807254123604864	1.0	0.7109494805335999	96347733.2343337	79587208.68826325	79587208.68826325	0.000396961824747355	0.3975390816165689	1.828425081796757	8121600.0	0.07	2.369638906008597
Saltmarsh_4_000000001	8208000.0	1	1	0.5107642140362328	1.0215284280724657	0.5403989828572846	1.0807979657145692	1.0	0.7109494805335999	96361679.75799492	79598731.32838386	79598731.32838386	0.0003682482136767584	0.39762540842824257	1.8287933300104338	8208000.0	0.07	2.370116155693522
Saltmarsh_4_000000001	8294400.0	1	1	0.5107960121192885	1.021592024238577	0.540432630796367	1.080865261592734	1.0	0.7109494805335999	96374616.57941324	79609419.75075433	79609419.75075433	0.0003416078283985935	0.39770549092537305	1.8291349378388322	8294400.0	0.07	2.3705588794391264
Saltmarsh_4_000000001	8380800.0	1	1	0.5108255059781064	1.0216510119562128	0.5404638404622351	1.0809276809244701	1.0	0.7109494805335999	96386616.72887829	79619334.29314727	79619334.29314727	0.0003168914958509017	0.39777977996988545	1.8294518293346833	8380800.0	0.07	2.3709695708177496
Saltmarsh_4_000000001	8467200.0	1	1	0.5108528625678168	1.0217057251356336	0.5404927885227632	1.0809855770455263	1.0	0.7109494805335999	96397747.96432918	79628530.93730588	79628530.93730588	0.00029396070331100255	0.3978486939832184	1.829745790037994	8467200.0	0.07	2.3713505438892404
Saltmarsh_4_000000001	8553600.0	1	1	0.5108782367492521	1.0217564734985043	0.5405196388479221	1.0810392776958442	1.0	0.7109494805335999	96408073.15061212	79637061.6222878	79637061.6222878	0.00027268684682446587	0.3979126212646145	1.8300184768848184	8553600.0	0.07	2.3717039460427247
Saltmarsh_4_000000001	8640000.0	1	1	0.5109017721646959	1.0218035443293918	0.5405445434364775	1.081089086872955	1.0	0.7109494805335999	96417650.61164938	79644974.53542846	79644974.53542846	0.00025295053117307953	0.39797192214596927	1.8302714274159915	8640000.0	0.07	2.372031769931125
Saltmarsh_4_000000001	8726400.0	1	1	0.5109236020502702	1.0218472041005404	0.5405676432756407	1.0811352865512813	1.0	0.7109494805335999	96426534.45742734	79652314.38249968	79652314.38249968	0.0002346409180556397	0.39802693099444275	1.830506068334047	8726400.0	0.07	2.372335864560925
Saltmarsh_4_000000001	8812800.0	1	1	0.5109438499895386	1.0218876999790771	0.5405890691385142	1.0811781382770285	1.0	0.7109494805335999	96434774.88758112	79659122.6385321	79659122.6385321	0.00021765511933730108	0.3980779580733232	1.8307237234533846	8812800.0	0.07	2.3726179455955867
Saltmarsh_4_000000001	8899200.0	1	1	0.5109626306125716	1.0219252612251433	0.540608942323828	1.081217884647656	1.0	0.7109494805335999	96442418.47323032	79665437.78066903	79665437.78066903	0.0002018976324056898	0.3981252912709395	1.8309256210857905	8899200.0	0.07	2.3728796049271845
Saltmarsh_4_000000001	8985600.0	1	1	0.5109800502444173	1.0219601004888346	0.5406273753421348	1.0812547506842696	1.0	0.7109494805335999	96449508.41860713	79671295.50432411	79671295.50432411	0.00018727981483901424	0.39816919770678155	1.831112900900629	8985600.0	0.07	2.3731223195672153
Saltmarsh_4_000000001	9072000.0	1	1	0.5109962075066321	1.0219924150132642	0.5406444725523386	1.0812889451046772	1.0	0.7109494805335999	96456084.80391107	79676728.92382845	79676728.92382845	0.00017371939576354967	0.3982099252233787	1.8312866202963922	9072000.0	0.07	2.3733474599041244
Saltmarsh_4_000000001	9158400.0	1	1	0.5110111938752684	1.0220223877505368	0.5406603307521426	1.0813206615042852	1.0	0.7109494805335999	96462184.8107239	79681768.75866942	79681768.75866942	0.00016114002143502448	0.3982477037719121	1.831447760317827	9158400.0	0.07	2.3735562973719038
Saltmarsh_4_000000001	9244800.0	1	1	0.5110250941984655	1.022050188396931	0.5406750397257526	1.0813500794515052	1.0	0.7109494805335999	96467842.93122719	79686443.50634655	79686443.50634655	0.00014947083272731643	0.3982827466990055	1.8315972311505546	9244800.0	0.07	2.3737500115711185
Saltmarsh_4_000000001	9331200.0	1	1	0.5110379871765661	1.0220759743531322	0.5406886827519252	1.0813773655038503	1.0	0.7109494805335999	96473091.16237642	79690779.60279861	79690779.60279861	0.00013864607235924975	0.3983152519416338	1.8317358772229138	9331200.0	0.07	2.373929696880896
Saltmarsh_4_000000001	9417600.0	1	1	0.5110499458074698	1.0220998916149395	0.5407013370752302	1.0814026741504603	1.0	0.7109494805335999	96477959.18610522	79694801.57128887	79694801.57128887	0.00012860471982995003	0.39834540313661443	1.8318644819427439	9417600.0	0.07	2.374096368597796
Saltmarsh_4_000000001	9504000.0	1	1	0.5110610377997372	1.0221220755994744	0.5407130743431879	1.0814261486863759	1.0	0.7109494805335999	96482474.5365582	79698532.16057329	79698532.16057329	0.00011929015215617067	0.39837337065071027	1.8319837720949002	9504000.0	0.07	2.374250968634991
Saltmarsh_4_000000001	9590400.0	1	1	0.5110713259557794	1.0221426519115588	0.5407239610117511	1.0814479220235023	1.0	0.7109494805335999	96486662.75527959	79701992.47311763	79701992.47311763	0.000110649828636733	0.39839931253695143	1.8320944219235367	9590400.0	0.07	2.3743943708129036
Saltmarsh_4_000000001	9676800.0	1	1	0.5110808685272963	1.0221617370545926	0.5407340587214214	1.0814681174428429	1.0	0.7109494805335999	96490547.53522053	79705202.08407673	79705202.08407673	0.00010263499797846798	0.3984233754224052	1.832197056921515	9676800.0	0.07	2.3745273857702833
Saltmarsh_4_000000001	9763200.0	1	1	0.511089719544973	1.022179439089946	0.5407434246461261	1.0814868492922523	1.0	0.7109494805335999	96494150.85436581	79708179.15169704	79708179.15169704	9.520042623167857e-05	0.39844569533225355	1.832292257347747	9763200.0	0.07	2.3746507655226803
Saltmarsh_4_000000001	9849600.0	1	1	0.5110979291242969	1.0221958582485937	0.5407521118168267	1.0815042236336534	1.0	0.7109494805335999	96497493.09972462	79710940.51975831	79710940.51975831	8.830414408583787e-05	0.3984663984547057	1.8323805614918334	9849600.0	0.07	2.3747652076934163
Saltmarsh_4_000000001	9936000.0	1	1	0.5111055437492246	1.0222110874984491	0.5407601694216879	1.0815203388433758	1.0	0.7109494805335999	96500593.18237707	79713501.81262495	79713501.81262495	8.190721216949637e-05	0.3984856018509552	1.8324624687040028	9936000.0	0.07	2.3748713594403874
Saltmarsh_4_000000001	10022400.0	1	1	0.5111126065353013	1.0222252130706027	0.5407676430845049	1.0815352861690097	1.0	0.7109494805335999	96503468.64421858	79715877.52343866	79715877.52343866	7.597350309623829e-05	0.39850341411409707	1.8325384422070985	10022400.0	0.07	2.3749698211004
Saltmarsh_4_000000001	10108800.0	1	1	0.5111191574737213	1.0222383149474426	0.5407745751229616	1.0815491502459231	1.0	0.7109494805335999	96506135.75699916	79718081.09594488	79718081.09594488	7.046949907729694e-05	0.3985199359806471	1.832608911706176	10108800.0	0.07	2.375061149571204
Saltmarsh_4_000000001	10195200.0	1	1	0.5111252336577077	1.0222504673154154	0.5407810047881807	1.0815620095763614	1.0	0.7109494805335999	96508609.61421144	79720125.00041081	79720125.00041081	6.53641040060382e-05	0.398535260898048	1.8326742758101817	10195200.0	0.07	2.3751458614499956
Saltmarsh_4_000000001	10281600.0	1	1	0.5111308694924943	1.0222617389849886	0.5407869684869213	1.0815739369738426	1.0	0.7109494805335999	96510904.21634209	79722020.80406013	79722020.80406013	6.062846899140828e-05	0.39854947555130926	1.8327349042791736	10281600.0	0.07	2.375224435945809
Saltmarsh_4_000000001	10368000.0	1	1	0.5111360968900945	1.022272193780189	0.5407924999876782	1.0815849999753564	1.0	0.7109494805335999	96513032.54996435	79723779.23641986	79723779.23641986	5.623583039249258e-05	0.3985626603517068	1.8327911401095662	10368000.0	0.07	2.375297317581998
Saltmarsh_4_000000001	10454400.0	1	1	0.5111409454499602	1.0222818908999205	0.5407976306118514	1.0815952612237028	1.0	0.7109494805335999	96515006.66111557	79725410.24994443	79725410.24994443	5.2161359462954415e-05	0.39857488989025924	1.8328433014690289	10454400.0	0.07	2.3753649187038617
Saltmarsh_4_000000001	10540800.0	1	1	0.5111454426265528	1.0222908852531056	0.5408023894110648	1.0816047788221297	1.0	0.7109494805335999	96516837.72337109	79726923.07625905	79726923.07625905	4.838202278728554e-05	0.39858623335850796	1.8328916834918156	10540800.0	0.07	2.375427621805393
Saltmarsh_4_000000001	10627200.0	1	1	0.5111496138847729	1.0222992277695457	0.5408068033316389	1.0816136066632778	1.0	0.7109494805335999	96518536.10099758	79728326.27833652	79728326.27833652	4.487645273765217e-05	0.398596754938945	1.8329365599445535	10627200.0	0.07	2.3754857816881416
Saltmarsh_4_000000001	10713600.0	1	1	0.511153482844129	1.022306965688258	0.5408108973671463	1.0816217947342925	1.0	0.7109494805335999	96520111.40753959	79729627.79890195	79729627.79890195	4.1624827239572504e-05	0.39860651416727017	1.8329781847717928	10713600.0	0.07	2.3755397274642434
Saltmarsh_4_000000001	10800000.0	1	1	0.5111570714124617	1.0223141428249234	0.5408146946999149	1.0816293893998299	1.0	0.7109494805335999	96521572.56016974	79730835.00533688	79730835.00533688	3.860875818434417e-05	0.3986155662685001	1.8330167935299766	10800000.0	0.07	2.37558976441485
Saltmarsh_4_000000001	10886400.0	1	1	0.5111603999099779	1.0223207998199557	0.5408182168322785	1.081636433664557	1.0	0.7109494805335999	96522927.83010803	79731954.73133574	79731954.73133574	3.581118786688542e-05	0.3986239624688118	1.8330526047178433	10886400.0	0.07	2.375636175714325
Saltmarsh_4_000000001	10972800.0	1	1	0.5111634871842979	1.0223269743685959	0.5408214837083165	1.081642967416633	1.0	0.7109494805335999	96524184.88939385	79732993.31554894	79732993.31554894	3.321629288088879e-05	0.3986317502848638	1.8330858210107246	10972800.0	0.07	2.375679224029899
Saltmarsh_4_000000001	11059200.0	1	1	0.5111663507171679	1.0223327014343357	0.5408245138267741	1.0816490276535482	1.0	0.7109494805335999	96525350.8542739	79733956.6374303	79733956.6374303	3.0809394934327994e-05	0.39863897379221713	1.8331166304056592	11059200.0	0.07	2.3757191530057344
Saltmarsh_4_000000001	11145600.0	1	1	0.5111690067234382	1.0223380134468765	0.5408273243457994	1.0816546486915988	1.0	0.7109494805335999	96526432.32545128	79734850.15049045	79734850.15049045	2.8576878090047497e-05	0.3986456738743622	1.8331452072837495	11145600.0	0.07	2.3757561886397394
Saltmarsh_4_000000001	11232000.0	1	1	0.5111714702428718	1.0223429404857436	0.540829931180092	1.081659862360184	1.0	0.7109494805335999	96527435.42542143	79735678.91314429	79735678.91314429	2.6506111973190194e-05	0.39865188845374827	1.833171713395723	11232000.0	0.07	2.3757905405608573
Saltmarsh_4_000000001	11318400.0	1	1	0.5111737552252983	1.0223475104505966	0.5408323490910119	1.0816646981820237	1.0	0.7109494805335999	96528365.8331063	79736447.61732557	79736447.61732557	2.4585380516028987e-05	0.39865765270611186	1.8331962987762394	11318400.0	0.07	2.3758224032140065
Saltmarsh_4_000000001	11404800.0	1	1	0.5111758746095993	1.0223517492191987	0.5408345917701585	1.081669183540317	1.0	0.7109494805335999	96529228.81598152	79737160.61503054	79737160.61503054	2.2803815842409314e-05	0.3986629992593103	1.8332191025920812	11404800.0	0.07	2.375851956959337
Saltmarsh_4_000000001	11491200.0	1	1	0.5111778403969695	1.022355680793939	0.5408366719168946	1.081673343833789	1.0	0.7109494805335999	96530029.25987819	79737821.94294004	79737821.94294004	2.115133692343063e-05	0.3986679583777768	1.8332402539290045	11491200.0	0.07	2.3758793690919897
Saltmarsh_4_000000001	11577600.0	1	1	0.5111796637188682	1.0223593274377365	0.5408386013102513	1.0816772026205026	1.0	0.7109494805335999	96530771.69662707	79738435.34525932	79738435.34525932	1.961859266075283e-05	0.3986725581336359	1.8332598725216651	11577600.0	0.07	2.375904794788078
Saltmarsh_4_000000001	11664000.0	1	1	0.5111813549000492	1.0223627098000985	0.5408403908756234	1.0816807817512468	1.0	0.7109494805335999	96531460.32970123	79739004.29490408	79739004.29490408	1.8196909080892e-05	0.3986768245654395	1.8332780694307462	11664000.0	0.07	2.3759283779822473
Saltmarsh_4_000000001	11750400.0	1	1	0.5111829235170205	1.022365847034041	0.5408420507466314	1.0816841014932628	1.0	0.7109494805335999	96532099.05800253	79739532.01315276	79739532.01315276	1.6878240342743656e-05	0.3986807818254211	1.8332949476710891	11750400.0	0.07	2.3759502521817315
Saltmarsh_4_000000001	11836800.0	1	1	0.5111843784522699	1.0223687569045399	0.5408435903225004	1.0816871806450008	1.0	0.7109494805335999	96532691.4979252	79740021.48787566	79740021.48787566	1.5655123283664363e-05	0.3986844523160946	1.8333106027943729	11836800.0	0.07	2.3759705412215073
Saltmarsh_4_000000001	11923200.0	1	1	0.5111857279445597	1.0223714558891195	0.5408450183212817	1.0816900366425635	1.0	0.7109494805335999	96533241.00382221	79740475.49044397	79740475.49044397	1.4520635250925285e-05	0.39868785681696894	1.8333251234296237	11923200.0	0.07	2.3759893599647923
Saltmarsh_4_000000001	12009600.0	1	1	0.5111869796355776	1.0223739592711552	0.5408463428292173	1.0816926856584346	1.0	0.7109494805335999	96533750.68698892	79740896.59141462	79740896.59141462	1.3468354980838981e-05	0.3986910146020922	1.8333385917846046	12009600.0	0.07	2.3760068149528477
Saltmarsh_4_000000001	12096000.0	1	1	0.5111881406132064	1.0223762812264128	0.5408475713465265	1.081695142693053	1.0	0.7109494805335999	96534223.43327263	79741287.17507884	79741287.17507884	1.2492326306401402e-05	0.3986939435490878	1.833351084110911	12096000.0	0.07	2.376023005007741
Saltmarsh_4_000000001	12182400.0	1	1	0.5111892174516586	1.0223784349033171	0.5408487108298758	1.0816974216597517	1.0	0.7109494805335999	96534661.91940609	79741649.45295712	79741649.45295712	1.158702448672555e-05	0.39869666024029893	1.833362671135398	12182400.0	0.07	2.376038021791476
Saltmarsh_4_000000001	12268800.0	1	1	0.511190216248702	1.022380432497404	0.5408497677317698	1.0816995354635397	1.0	0.7109494805335999	96535068.62815835	79741985.4763169	79741985.4763169	1.0747324974802464e-05	0.3986991800566097	1.8333734184603725	12268800.0	0.07	2.376051950324643
Saltmarsh_4_000000001	12355200.0	1	1	0.5111911426601882	1.0223822853203763	0.5408507480370884	1.0817014960741769	1.0	0.7109494805335999	96535445.86238797	79742297.14778335	79742297.14778335	9.968474441734987e-06	0.39870151726447506	1.8333833869348144	12355200.0	0.07	2.3760648694675193
Saltmarsh_4_000000001	12441600.0	1	1	0.5111920019320783	1.0223840038641565	0.5408516572969757	1.0817033145939514	1.0	0.7109494805335999	96535795.75807875	79742586.23210926	79742586.23210926	9.246063896517498e-06	0.39870368509664983	1.8333926329987111	12441600.0	0.07	2.3760768523663294
Saltmarsh_4_000000001	12528000.0	1	1	0.511192798930148	1.022385597860296	0.5408525006602733	1.0817050013205467	1.0	0.7109494805335999	96536120.29643033	79742854.36616479	79742854.36616479	8.576003753812955e-06	0.39870569582707016	1.8334012090024652	12528000.0	0.07	2.3760879668671953
Saltmarsh_4_000000001	12614400.0	1	1	0.5111935381675405	1.022387076335081	0.5408532829026758	1.0817065658053515	1.0	0.7109494805335999	96536421.31507392	79743103.06820352	79743103.06820352	7.954500702289646e-06	0.39870756084031533	1.833409163503167	12614400.0	0.07	2.3760982759001044
Saltmarsh_4_000000001	12700800.0	1	1	0.5111942238303218	1.0223884476606435	0.5408540084537727	1.0817080169075455	1.0	0.7109494805335999	96536700.51847477	79743333.74645704	79743333.74645704	7.378036247673858e-06	0.39870929069603755	1.8334165415394148	12700800.0	0.07	2.3761078378350815
Saltmarsh_4_000000001	12787200.0	1	1	0.5111948598011843	1.0223897196023686	0.5408546814221318	1.0817093628442636	1.0	0.7109494805335999	96536959.48758146	79743547.70710744	79743547.70710744	6.843346810447848e-06	0.39871089518872677	1.8334233848862254	12787200.0	0.07	2.376116706812548
Saltmarsh_4_000000001	12873600.0	1	1	0.511195449681433	1.022390899362866	0.5408553056185632	1.0817106112371264	1.0	0.7109494805335999	96537199.68877591	79743746.16168155	79743746.16168155	6.34740526217481e-06	0.3987123834031456	1.8334297322914872	12873600.0	0.07	2.3761249330497676
Saltmarsh_4_000000001	12960000.0	1	1	0.5111959968113783	1.0223919936227566	0.5408558845776993	1.0817117691553986	1.0	0.7109494805335999	96537422.48217507	79743930.23390995	79743930.23390995	5.887403798754409e-06	0.398713763765751	1.8334356196952863	12960000.0	0.07	2.376132563125091
Saltmarsh_4_000000001	13046400.0	1	1	0.5111965042892498	1.0223930085784996	0.540856421578009	1.081712843156018	1.0	0.7109494805335999	96537629.12933114	79744100.96608895	79744100.96608895	5.460738054408054e-06	0.39871504409239034	1.8334410804333408	13046400.0	0.07	2.3761396402416097
Saltmarsh_4_000000001	13132800.0	1	1	0.5111969749887414	1.0223939499774828	0.5408569196603626	1.0817138393207253	1.0	0.7109494805335999	96537820.80037385	79744259.32498144	79744259.32498144	5.064992365022558e-06	0.39871623163254216	1.8334461454257056	13132800.0	0.07	2.3761462044717145
Saltmarsh_4_000000001	13219200.0	1	1	0.5111974115752833	1.0223948231505666	0.5408573816452515	1.081714763290503	1.0	0.7109494805335999	96537998.58063531	79744406.20729035	79744406.20729035	4.697926098029548e-06	0.39871733311035373	1.8334508433518035	13219200.0	0.07	2.3761522929839374
Saltmarsh_4_000000001	13305600.0	1	1	0.5111978165211353	1.0223956330422705	0.5408578101487587	1.0817156202975173	1.0	0.7109494805335999	96538163.4767948	79744542.44473559	79744542.44473559	4.357460973214433e-06	0.39871835476270473	1.8334552008127771	13305600.0	0.07	2.3761579402533592
Saltmarsh_4_000000001	13392000.0	1	1	0.511198192119386	1.022396384238772	0.5408582075973728	1.0817164151947456	1.0	0.7109494805335999	96538316.42257838	79744668.80876292	79744668.80876292	4.041669300902662e-06	0.3987193023745137	1.833459242482078	13392000.0	0.07	2.376163178256773
Saltmarsh_4_000000001	13478400.0	1	1	0.5111985404969384	1.0223970809938767	0.5408585762417292	1.0817171524834583	1.0	0.7109494805335999	96538458.28404541	79744786.01491193	79744786.01491193	3.7487630731858346e-06	0.3987201813114865	1.833462991245151	13478400.0	0.07	2.376168036653716
Saltmarsh_4_000000001	13564800.0	1	1	0.5111988636265531	1.0223977272531062	0.5408589181693533	1.0817178363387066	1.0	0.7109494805335999	96538589.86449225	79744894.72686718	79744894.72686718	3.4770838424624806e-06	0.3987209965504935	1.8334664683289936	13564800.0	0.07	2.3761725429543756
Saltmarsh_4_000000001	13651200.0	1	1	0.5111991633380195	1.022398326676039	0.5408592353164823	1.0817184706329646	1.0	0.7109494805335999	96538711.90900034	79744995.56021601	79744995.56021601	3.225093335779139e-06	0.3987217527077443	1.8334696934223293	13651200.0	0.07	2.376176722675339
Saltmarsh_4_000000001	13737600.0	1	1	0.5111994413285174	1.0223988826570347	0.5408595294790293	1.0817190589580585	1.0	0.7109494805335999	96538825.10865492	79745089.08593412	79745089.08593412	2.991364748738956e-06	0.39872245406492185	1.8334726847870786	13737600.0	0.07	2.3761805994840537
Saltmarsh_4_000000001	13824000.0	1	1	0.5111996991722273	1.0223993983444546	0.5408598023227523	1.0817196046455047	1.0	0.7109494805335999	96538930.10445803	79745175.83361833	79745175.83361833	2.774574667352425e-06	0.3987231045934243	1.8334754593617455	13824000.0	0.07	2.376184195332822
Saltmarsh_4_000000001	13910400.0	1	1	0.5111999383292448	1.0223998766584896	0.5408600553926878	1.0817201107853756	1.0	0.7109494805335999	96539027.49095793	79745256.29448517	79745256.29448517	2.5734955782508173e-06	0.3987237079768476	1.833478032857323	13910400.0	0.07	2.3761875305830906
Saltmarsh_4_000000001	13996800.0	1	1	0.5112001601538483	1.0224003203076966	0.540860290121899	1.081720580243798	1.0	0.7109494805335999	96539117.8196155	79745330.92415248	79745330.92415248	2.3869889198002703e-06	0.3987242676318426	1.8334804198462424	13996800.0	0.07	2.3761906241207305
Saltmarsh_4_000000001	14083200.0	1	1	0.5112003659021678	1.0224007318043355	0.5408605078395912	1.0817210156791823	1.0	0.7109494805335999	96539201.60192676	79745400.14521901	79745400.14521901	2.2139986364799746e-06	0.3987247867274586	1.8334826338448793	14083200.0	0.07	2.3761934934629636
Saltmarsh_4_000000001	14169600.0	1	1	0.5112005567392981	1.0224011134785962	0.5408607097786383	1.0817214195572766	1.0	0.7109494805335999	96539279.31231904	79745464.34965731	79745464.34965731	2.0535452012748756e-06	0.3987252682030853	1.8334846873900803	14169600.0	0.07	2.3761961548575443
Saltmarsh_4_000000001	14256000.0	1	1	0.5112007337458965	1.022401467491793	0.5408608970825648	1.0817217941651296	1.0	0.7109494805335999	96539351.39083736	79745523.90103321	79745523.90103321	1.9047200701671763e-06	0.3987257147850959	1.8334865921101509	14256000.0	0.07	2.376198623374756
Saltmarsh_4_000000001	14342400.0	1	1	0.5112008979243019	1.0224017958486038	0.5408610708120203	1.0817221416240406	1.0	0.7109494805335999	96539418.24563605	79745579.13656443	79745579.13656443	1.7666805381955086e-06	0.398726129002284	1.8334883587906892	14342400.0	0.07	2.3762009129927333
Saltmarsh_4_000000001	14428800.0	1	1	0.5112010502042108	1.0224021004084216	0.5408612319507863	1.0817224639015726	1.0	0.7109494805335999	96539480.25528997	79745630.36903	79745630.36903	1.6386449692706861e-06	0.3987265132001807	1.8334899974356578	14428800.0	0.07	2.3762030366766127
Saltmarsh_4_000000001	14515200.0	1	1	0.5112011914479422	1.0224023828958844	0.5408613814113471	1.0817227628226942	1.0	0.7109494805335999	96539537.77093798	79745677.88854139	79745677.88854139	1.5198883713263278e-06	0.3987268695543356	1.8334915173240292	14515200.0	0.07	2.3762050064519418
Saltmarsh_4_000000001	14601600.0	1	1	0.5112013224553202	1.0224026449106405	0.5408615200400565	1.081723040080113	1.0	0.7109494805335999	96539591.11827135	79745721.96418527	79745721.96418527	1.4097382904365574e-06	0.3987272000826359	1.83349292706232	14601600.0	0.07	2.3762068334727666
Saltmarsh_4_000000001	14688000.0	1	1	0.5112014439682034	1.0224028879364069	0.5408616486219304	1.0817232972438608	1.0	0.7109494805335999	96539640.59937799	79745762.84554698	79745762.84554698	1.3075710046384081e-06	0.39872750665673024	1.833494234633324	14688000.0	0.07	2.376208528084788
Saltmarsh_4_000000001	14774400.0	1	1	0.5112015566746858	1.0224031133493716	0.5408617678850928	1.0817235357701855	1.0	0.7109494805335999	96539686.49445277	79745800.764124	79745800.764124	1.212807992589937e-06	0.39872779101262745	1.8334954474413165	14774400.0	0.07	2.3762100998839464
Saltmarsh_4_000000001	14860800.0	1	1	0.5112016612129933	1.0224033224259865	0.540861878504898	1.081723757009796	1.0	0.7109494805335999	96539729.06338447	79745835.93463682	79745835.93463682	1.124912657857191e-06	0.39872805476052625	1.8334965723539742	14860800.0	0.07	2.3762115577707505
Saltmarsh_4_000000001	14947200.0	1	1	0.5112017581750976	1.0224035163501952	0.5408619811077557	1.0817239622155115	1.0	0.7109494805335999	96539768.54722713	79745868.5562446	79745868.5562446	1.0433872910109443e-06	0.398728299393932	1.8334976157412657	14947200.0	0.07	2.3762129100006804
Saltmarsh_4_000000001	15033600.0	1	1	0.5112018481100685	1.022403696220137	0.5408620762746779	1.0817241525493557	1.0	0.7109494805335999	96539805.16956507	79745898.81367305	79745898.81367305	9.677702511035058e-07	0.39872852629811417	1.8334985835115165	15033600.0	0.07	2.3762141642309254
Saltmarsh_4_000000001	15120000.0	1	1	0.5112019315271833	1.0224038630543666	0.5408621645445687	1.0817243290891374	1.0	0.7109494805335999	96539839.13777897	79745926.87826042	79745926.87826042	8.976333528143421e-07	0.3987287367579493	1.8334994811448693	15120000.0	0.07	2.3762153275637505
Saltmarsh_4_000000001	15206400.0	1	1	0.5112020088988103	1.0224040177976206	0.5408622464172765	1.081724492834553	1.0	0.7109494805335999	96539870.64422023	79745952.90892765	79745952.90892765	8.325794408903242e-07	0.3987289319651974	1.83350031372431	15206400.0	0.07	2.376216406586706
Saltmarsh_4_000000001	15292800.0	1	1	0.5112020806630839	1.0224041613261678	0.5408623223564242	1.0817246447128483	1.0	0.7109494805335999	96539899.86730003	79745977.05307837	79745977.05307837	7.722401425547254e-07	0.39872911302524927	1.833501085964452	15292800.0	0.07	2.37621740740993
Saltmarsh_4_000000001	15379200.0	1	1	0.5112021472263858	1.0224042944527716	0.5408623927920345	1.081724785584069	1.0	0.7109494805335999	96539926.97249977	79745999.44743349	79745999.44743349	7.162737811761133e-07	0.3987292809633863	1.8335018022382334	15379200.0	0.07	2.3762183357007505
Saltmarsh_4_000000001	15465600.0	1	1	0.5112022089656458	1.0224044179312917	0.5408624581229652	1.0817249162459304	1.0	0.7109494805335999	96539952.11330794	79746020.21880549	79746020.21880549	6.643634414826849e-07	0.398729436730586	1.8335024666016755	15465600.0	0.07	2.3762191967157715
Saltmarsh_4_000000001	15552000.0	1	1	0.5112022662304766	1.0224045324609532	0.5408625187191675	1.081725037438335	1.0	0.7109494805335999	96539975.43208936	79746039.48481636	79746039.48481636	6.162151752753253e-07	0.3987295812089065	1.8335030828168501	15552000.0	0.07	2.3762199953306378
Saltmarsh_4_000000001	15638400.0	1	1	0.5112023193451534	1.0224046386903067	0.5408625749237813	1.0817251498475626	1.0	0.7109494805335999	96539997.0608913	79746057.35456373	79746057.35456373	5.71556337591872e-07	0.39872971521648104	1.8335036543731875	15638400.0	0.07	2.3762207360676513
Saltmarsh_4_000000001	15724800.0	1	1	0.5112023686104503	1.0224047372209006	0.5408626270550783	1.0817252541101565	1.0	0.7109494805335999	96540017.12219128	79746073.92923875	79746073.92923875	5.301340418872869e-07	0.39872983951215185	1.8335041845072295	15724800.0	0.07	2.3762214231213696
Saltmarsh_4_000000001	15811200.0	1	1	0.5112024143053434	1.0224048286106868	0.5408626754082637	1.0817253508165274	1.0	0.7109494805335999	96540035.72959056	79746089.3026989	79746089.3026989	4.91713728623111e-07	0.39872995479976586	1.8335046762209584	15811200.0	0.07	2.376222060382362
Saltmarsh_4_000000001	15897600.0	1	1	0.5112024566885904	1.0224049133771809	0.5408627202571487	1.0817254405142973	1.0	0.7109494805335999	96540052.98845743	79746103.56199959	79746103.56199959	4.5607783755174935e-07	0.3987300617321604	1.833505132298796	15897600.0	0.07	2.3762226514592397
Saltmarsh_4_000000001	15984000.0	1	1	0.5112024960001963	1.0224049920003926	0.5408627618557003	1.0817255237114005	1.0	0.7109494805335999	96540068.99652378	79746116.7878871	79746116.7878871	4.2302457503584634e-07	0.39873016091486047	1.833505555323371	15984000.0	0.07	2.376223199699089
Saltmarsh_4_000000001	16070400.0	1	1	0.511202532462772	1.022405064925544	0.5408628004394799	1.0817256008789597	1.0	0.7109494805335999	96540083.84443869	79746129.0552558	79746129.0552558	3.9236677185083835e-07	0.39873025290950714	1.833505947690143	16070400.0	0.07	2.3762237082064255
Saltmarsh_4_000000001	16156800.0	1	1	0.5112025662827954	1.0224051325655907	0.5408628362269772	1.0817256724539543	1.0	0.7109494805335999	96540097.61628164	79746140.43357229	79746140.43357229	3.6393082331054316e-07	0.3987303382370382	1.8335063116209664	16156800.0	0.07	2.3762241798607726
Saltmarsh_4_000000001	16243200.0	1	1	0.51120259765178	1.02240519530356	0.5408628694208469	1.0817257388416939	1.0	0.7109494805335999	96540110.39003861	79746150.98726878	79746150.98726878	3.37555706275694e-07	0.39873041738063764	1.8335066491766727	16243200.0	0.07	2.376224617332968
Saltmarsh_4_000000001	16329600.0	1	1	0.5112026267473601	1.0224052534947201	0.5408629002090573	1.0817258004181145	1.0	0.7109494805335999	96540122.23804383	79746160.77610773	79746160.77610773	3.130920666061243e-07	0.39873049078847206	1.8335069622687397	16329600.0	0.07	2.3762250231002864
Saltmarsh_4_000000001	16416000.0	1	1	0.511202653734296	1.022405307468592	0.5408629287659534	1.0817258575319069	1.0	0.7109494805335999	96540133.22738914	79746169.8555207	79746169.8555207	2.904013753912693e-07	0.3987305588762281	1.833507252670115	16416000.0	0.07	2.3762253994604694
Saltmarsh_4_000000001	16502400.0	1	1	0.5112026787654075	1.022405357530815	0.5408629552532455	1.081725910506491	1.0	0.7109494805335999	96540143.42030412	79746178.27692176	79746178.27692176	2.6935514202408584e-07	0.3987306220294668	1.8335075220252572	16502400.0	0.07	2.3762257485447336
Saltmarsh_4_000000001	16588800.0	1	1	0.5112027019824391	1.0224054039648782	0.5408629798209238	1.0817259596418476	1.0	0.7109494805335999	96540152.87450838	79746186.08799897	79746186.08799897	2.498341885037725e-07	0.39873068060580635	1.8335077718594457	16588800.0	0.07	2.3762260723298416
Saltmarsh_4_000000001	16675200.0	1	1	0.5112027235168626	1.0224054470337252	0.5408630026081086	1.0817260052162172	1.0	0.7109494805335999	96540161.64353848	79746193.33298425	79746193.33298425	2.317279738095479e-07	0.3987307349369475	1.8335080035874198	16675200.0	0.07	2.3762263726492963
Saltmarsh_4_000000001	16761600.0	1	1	0.5112027434906217	1.0224054869812433	0.5408630237438375	1.081726047487675	1.0	0.7109494805335999	96540169.77705093	79746200.05290398	79746200.05290398	2.1493396795690956e-07	0.39873078533055195	1.8335082185213878	16761600.0	0.07	2.3762266512037185
Saltmarsh_4_000000001	16848000.0	1	1	0.5112027620168224	1.0224055240336447	0.5408630433477967	1.0817260866955933	1.0	0.7109494805335999	96540177.32110359	79746206.28581114	79746206.28581114	1.993570716840587e-07	0.398730832071984	1.8335084178784595	16848000.0	0.07	2.3762269095704838
Saltmarsh_4_000000001	16934400.0	1	1	0.5112027792003735	1.022405558400747	0.5408630615309978	1.0817261230619957	1.0	0.7109494805335999	96540184.3184163	79746212.067001	79746212.067001	1.849090778272e-07	0.39873087542592717	1.8335086027875374	16934400.0	0.07	2.3762271492126485
Saltmarsh_4_000000001	17020800.0	1	1	0.5112027951385809	1.0224055902771618	0.5408630783964077	1.0817261567928154	1.0	0.7109494805335999	96540190.80861291	79746217.4292108	79746217.4292108	1.7150817155364706e-07	0.39873091563788243	1.8335087742957086	17020800.0	0.07	2.3762273714872384
Saltmarsh_4_000000001	17107200.0	1	1	0.5112028099216985	1.022405619843397	0.5408630940395306	1.0817261880790612	1.0	0.7109494805335999	96540196.82844566	79746222.40280528	79746222.40280528	1.590784677873991e-07	0.39873095293555866	1.8335089333741763	17107200.0	0.07	2.3762275776529327
Saltmarsh_4_000000001	17193600.0	1	1	0.511202823633439	1.022405647266878	0.5408631085489493	1.0817262170978985	1.0	0.7109494805335999	96540202.41200314	79746227.01594856	79746227.01594856	1.4754958072016322e-07	0.3987309875301621	1.8335090809237566	17193600.0	0.07	2.3762277688771887
Saltmarsh_4_000000001	17280000.0	1	1	0.5112028363514485	1.022405672702897	0.5408631220068267	1.0817262440136535	1.0	0.7109494805335999	96540207.59090358	79746231.2947636	79746231.2947636	1.368562256853778e-07	0.3987310196175923	1.8335092177799823	17280000.0	0.07	2.376227946242857
Saltmarsh_4_000000001	17366400.0	1	1	0.5112028481477455	1.022405696295491	0.5408631344893713	1.0817262689787426	1.0	0.7109494805335999	96540212.39447363	79746235.26348011	79746235.26348011	1.269378491763895e-07	0.3987310493795514	1.8335093447178314	17366400.0	0.07	2.3762281107543095
Saltmarsh_4_000000001	17452800.0	1	1	0.5112028590891294	1.0224057181782589	0.5408631460672683	1.0817262921345365	1.0	0.7109494805335999	96540216.84991461	79746238.94457191	79746238.94457191	1.1773828639816131e-07	0.39873107698457316	1.8335094624561175	17452800.0	0.07	2.3762282633431284
Saltmarsh_4_000000001	17539200.0	1	1	0.5112028692375583	1.0224057384751166	0.5408631568060802	1.0817263136121604	1.0	0.7109494805335999	96540220.98245648	79746242.35888396	79746242.35888396	1.0920544285530909e-07	0.398731102588977	1.8335095716615604	17539200.0	0.07	2.376228404873382
Saltmarsh_4_000000001	17625600.0	1	1	0.5112028786505	1.022405757301	0.540863166766618	1.081726333533236	1.0	0.7109494805335999	96540224.81550066	79746245.52575059	79746245.52575059	1.0129099936584396e-07	0.3987311263377536	1.8335096729525593	17625600.0	0.07	2.3762285361465167
Saltmarsh_4_000000001	17712000.0	1	1	0.5112028873812574	1.0224057747625148	0.5408631760052858	1.0817263520105715	1.0	0.7109494805335999	96540228.37075268	79746248.4631049	79746248.4631049	9.395013900181937e-08	0.39873114836538553	1.8335097669026985	17712000.0	0.07	2.3762286579058975
Saltmarsh_4_000000001	17798400.0	1	1	0.5112028954792706	1.0224057909585411	0.5408631845743994	1.0817263691487988	1.0	0.7109494805335999	96540231.66834491	79746251.18758039	79746251.18758039	8.714129234865808e-08	0.39873116879660964	1.833509854043991	17798400.0	0.07	2.376228770841012
Saltmarsh_4_000000001	17884800.0	1	1	0.5112029029903963	1.0224058059807926	0.5408631925224836	1.0817263850449672	1.0	0.7109494805335999	96540234.7269508	79746253.71460496	79746253.71460496	8.082590291502711e-08	0.3987311877471219	1.8335099348698936	17884800.0	0.07	2.3762288755913823
Saltmarsh_4_000000001	17971200.0	1	1	0.5112029099571681	1.0224058199143362	0.5408631998945461	1.0817263997890922	1.0	0.7109494805335999	96540237.5638903	79746256.05848847	79746256.05848847	7.496820841890184e-08	0.39873120532423395	1.8335100098381014	17971200.0	0.07	2.3762289727501797
Saltmarsh_4_000000001	18057600.0	1	1	0.511202916419037	1.022405832838074	0.5408632067323331	1.0817264134646662	1.0	0.7109494805335999	96540240.19522828	79746258.23250373	79746258.23250373	6.953503850493092e-08	0.39873122162748015	1.83351007937314	18057600.0	0.07	2.3762290628675893
Saltmarsh_4_000000001	18144000.0	1	1	0.5112029224125948	1.0224058448251896	0.5408632130745651	1.0817264261491302	1.0	0.7109494805335999	96540242.63586535	79746260.24896157	79746260.24896157	6.44956262840779e-08	0.39873123674918154	1.8335101438687658	18144000.0	0.07	2.3762291464539205
Saltmarsh_4_000000001	18230400.0	1	1	0.5112029279717815	1.022405855943563	0.5408632189571564	1.0817264379143128	1.0	0.7109494805335999	96540244.89962208	79746262.11928068	79746262.11928068	5.982143558291853e-08	0.39873125077496785	1.8335102036902013	18230400.0	0.07	2.376229223982501
Saltmarsh_4_000000001	18316800.0	1	1	0.5112029331280771	1.0224058662561541	0.5408632244134186	1.0817264488268372	1.0	0.7109494805335999	96540246.9993176	79746263.85405213	79746263.85405213	5.5485996908188895e-08	0.3987312637842637	1.8335102591761983	18316800.0	0.07	2.376229295892353
Saltmarsh_4_000000001	18403200.0	1	1	0.5112029379106804	1.0224058758213608	0.5408632294742491	1.0817264589484983	1.0	0.7109494805335999	96540248.94684188	79746265.4630995	79746265.4630995	5.146476067530159e-08	0.3987312758507368	1.8335103106409592	18403200.0	0.07	2.376229362590683
Saltmarsh_4_000000001	18489600.0	1	1	0.5112029423466741	1.0224058846933481	0.540863234168306	1.081726468336612	1.0	0.7109494805335999	96540250.75322323	79746266.95553438	79746266.95553438	4.773495526633198e-08	0.39873128704271665	1.8335103583759143	18489600.0	0.07	2.376229424455185
Saltmarsh_4_000000001	18576000.0	1	1	0.5112029464611779	1.0224058929223558	0.5408632385221703	1.0817264770443407	1.0	0.7109494805335999	96540252.42869067	79746268.339808	79746268.339808	4.427545996499305e-08	0.39873129742358004	1.8335104026513744	18576000.0	0.07	2.376229481836181
Saltmarsh_4_000000001	18662400.0	1	1	0.5112029502774913	1.0224059005549826	0.5408632425604971	1.0817264851209942	1.0	0.7109494805335999	96540253.98273198	79746269.62375917	79746269.62375917	4.1066684608459525e-08	0.39873130705211124	1.8335104437180592	18662400.0	0.07	2.376229535058605
Saltmarsh_4_000000001	18748800.0	1	1	0.5112029538172249	1.0224059076344498	0.5408632463061541	1.0817264926123082	1.0	0.7109494805335999	96540255.42414722	79746270.81465855	79746270.81465855	3.809045884262119e-08	0.3987313159828339	1.833510481808518	18748800.0	0.07	2.3762295844238395
Saltmarsh_4_000000001	18835200.0	1	1	0.5112029571004234	1.0224059142008468	0.540863249780352	1.081726499560704	1.0	0.7109494805335999	96540256.76109879	79746271.91924988	79746271.91924988	3.532992909338617e-08	0.3987313242663203	1.8335105171384467	18835200.0	0.07	2.376229630211427
Saltmarsh_4_000000001	18921600.0	1	1	0.5112029601456786	1.0224059202913571	0.5408632530027644	1.0817265060055288	1.0	0.7109494805335999	96540258.00115746	79746272.9437881	79746272.9437881	3.276946303198969e-08	0.39873133194947746	1.8335105499079094	18921600.0	0.07	2.3762296726806507
Saltmarsh_4_000000001	19008000.0	1	1	0.5112029629702349	1.0224059259404699	0.5408632559916389	1.0817265119832777	1.0	0.7109494805335999	96540259.1513453	79746273.89407498	79746273.89407498	3.039456170084165e-08	0.3987313390758132	1.8335105803024714	19008000.0	0.07	2.376229712072003
Saltmarsh_4_000000001	19094400.0	1	1	0.5112029655900873	1.0224059311801745	0.5408632587639006	1.0817265175278012	1.0	0.7109494805335999	96540260.21817562	79746274.77549174	79746274.77549174	2.8191776635377863e-08	0.3987313456856821	1.8335106084942483	19094400.0	0.07	2.3762297486085457
Saltmarsh_4_000000001	19180800.0	1	1	0.5112029680200709	1.0224059360401418	0.5408632613352482	1.0817265226704964	1.0	0.7109494805335999	96540261.20768954	79746275.59302956	79746275.59302956	2.61486337582717e-08	0.39873135181651403	1.8335106346428822	19180800.0	0.07	2.3762297824971754
Saltmarsh_4_000000001	19267200.0	1	1	0.5112029702739463	1.0224059405478927	0.5408632637202425	1.081726527440485	1.0	0.7109494805335999	96540262.1254904	79746276.35131797	79746276.35131797	2.4253563768450448e-08	0.3987313575030261	1.8335106588964463	19267200.0	0.07	2.3762298139297946
Saltmarsh_4_000000001	19353600.0	1	1	0.5112029723644766	1.0224059447289533	0.540863265932389	1.081726531864778	1.0	0.7109494805335999	96540262.97677547	79746277.05465092	79746277.05465092	2.2495835083624627e-08	0.3987313627774195	1.8335106813922808	19353600.0	0.07	2.376229843084396
Saltmarsh_4_000000001	19440000.0	1	1	0.5112029743034999	1.0224059486069998	0.5408632679842146	1.0817265359684292	1.0	0.7109494805335999	96540263.76636532	79746277.70701122	79746277.70701122	2.086549449886732e-08	0.39873136766956163	1.8335107022577755	19440000.0	0.07	2.376229870126077
Saltmarsh_4_000000001	19526400.0	1	1	0.5112029761019964	1.0224059522039928	0.5408632698873382	1.0817265397746765	1.0	0.7109494805335999	96540264.49873127	79746278.31209299	79746278.31209299	1.9353309177461142e-08	0.39873137220715577	1.833510721611085	19526400.0	0.07	2.3762298952079663
Saltmarsh_4_000000001	19612800.0	1	1	0.5112029777701503	1.0224059555403007	0.5408632716525368	1.0817265433050736	1.0	0.7109494805335999	96540265.17802043	79746278.87332267	79746278.87332267	1.795071657983982e-08	0.39873137641589673	1.833510739561802	19612800.0	0.07	2.376229918472095
Saltmarsh_4_000000001	19699200.0	1	1	0.5112029793174082	1.0224059586348164	0.540863273289806	1.081726546579612	1.0	0.7109494805335999	96540265.80807948	79746279.39387836	79746279.39387836	1.6649774170485188e-08	0.39873138031961763	1.833510756211576	19699200.0	0.07	2.3762299400502025
Saltmarsh_4_000000001	19785600.0	1	1	0.5112029807525316	1.0224059615050631	0.5408632748084174	1.081726549616835	1.0	0.7109494805335999	96540266.39247625	79746279.87670779	79746279.87670779	1.5443115009006192e-08	0.39873138394042396	1.8335107716546912	19785600.0	0.07	2.37622996006448
Saltmarsh_4_000000001	19872000.0	1	1	0.5112029820836472	1.0224059641672945	0.5408632762169705	1.081726552433941	1.0	0.7109494805335999	96540266.93452	79746280.32454513	79746280.32454513	1.432390589473087e-08	0.39873138729881974	1.8335107859785973	19872000.0	0.07	2.3762299786282624
Saltmarsh_4_000000001	19958400.0	1	1	0.511202983318293	1.022405966636586	0.5408632775234415	1.081726555046883	1.0	0.7109494805335999	96540267.43728021	79746280.73992635	79746280.73992635	1.3285809397078907e-08	0.3987313904138224	1.833510799264407	19958400.0	0.07	2.3762299958466717
Saltmarsh_4_000000001	20044800.0	1	1	0.5112029844634601	1.0224059689269203	0.5408632787352287	1.0817265574704573	1.0	0.7109494805335999	96540267.9036039	79746281.12520365	79746281.12520365	1.2322946774112609e-08	0.3987313933030715	1.8335108115873537	20044800.0	0.07	2.3762300118172104
Saltmarsh_4_000000001	20131200.0	1	1	0.5112029855256336	1.0224059710512672	0.5408632798591939	1.0817265597183878	1.0	0.7109494805335999	96540268.33613169	79746281.48255873	79746281.48255873	1.1429865776069192e-08	0.3987313959829279	1.8335108230172197	20131200.0	0.07	2.3762300266303167
Saltmarsh_4_000000001	20217600.0	1	1	0.5112029865108282	1.0224059730216564	0.540863280901702	1.081726561803404	1.0	0.7109494805335999	96540268.73731288	79746281.81401522	79746281.81401522	1.0601509004004583e-08	0.39873139846856714	1.8335108336187287	20217600.0	0.07	2.3762300403698724
Saltmarsh_4_000000001	20304000.0	1	1	0.5112029874246227	1.0224059748492453	0.5408632818686564	1.0817265637373128	1.0	0.7109494805335999	96540269.10941927	79746282.12145008	79746282.12145008	9.833185821150892e-09	0.3987314007740646	1.833510843451914	20304000.0	0.07	2.3762300531136806
Saltmarsh_4_000000001	20390400.0	1	1	0.5112029882721918	1.0224059765443836	0.5408632827655326	1.0817265655310653	1.0	0.7109494805335999	96540269.45455797	79746282.40660419	79746282.40660419	9.120545318985762e-09	0.3987314029124756	1.8335108525724597	20390400.0	0.07	2.376230064933908
Saltmarsh_4_000000001	20476800.0	1	1	0.5112029890583351	1.0224059781166701	0.5408632835974096	1.0817265671948193	1.0	0.7109494805335999	96540269.77468346	79746282.6710923	79746282.6710923	8.45955172579238e-09	0.3987314048959098	1.8335108610320119	20476800.0	0.07	2.3762300758974875
Saltmarsh_4_000000001	20563200.0	1	1	0.5112029897875041	1.0224059795750082	0.540863284368998	1.081726568737996	1.0	0.7109494805335999	96540270.0716085	79746282.91641217	79746282.91641217	7.846462535265886e-09	0.39873140673559837	1.8335108688784745	20563200.0	0.07	2.376230086066503
Saltmarsh_4_000000001	20649600.0	1	1	0.5112029904638281	1.0224059809276562	0.540863285084667	1.081726570169334	1.0	0.7109494805335999	96540270.34701446	79746283.143953	79746283.143953	7.277805802452519e-09	0.3987314084419592	1.8335108761562804	20649600.0	0.07	2.3762300954985394
Saltmarsh_4_000000001	20736000.0	1	1	0.5112029910911369	1.0224059821822737	0.5408632857484693	1.0817265714969386	1.0	0.7109494805335999	96540270.60246094	79746283.35500322	79746283.35500322	6.7503611589359025e-09	0.39873141002465495	1.833510882906642	20736000.0	0.07	2.376230104247008
Saltmarsh_4_000000001	20822400.0	1	1	0.5112029916729827	1.0224059833459653	0.5408632863641639	1.0817265727283278	1.0	0.7109494805335999	96540270.83939442	79746283.55075805	79746283.55075805	6.261142271313247e-09	0.39873141149264796	1.8335108891677847	20822400.0	0.07	2.376230112361449
Saltmarsh_4_000000001	20908800.0	1	1	0.5112029922126603	1.0224059844253206	0.5408632869352372	1.0817265738704744	1.0	0.7109494805335999	96540271.05915664	79746283.7323259	79746283.7323259	5.8073783004708446e-09	0.3987314128542512	1.8335108949751628	20908800.0	0.07	2.3762301198878113
Saltmarsh_4_000000001	20995200.0	1	1	0.5112029927132259	1.0224059854264518	0.5408632874649231	1.0817265749298461	1.0	0.7109494805335999	96540271.26299201	79746283.90073499	79746283.90073499	5.386500245840864e-09	0.3987314141171747	1.833510900361663	20995200.0	0.07	2.376230126868715
Saltmarsh_4_000000001	21081600.0	1	1	0.5112029931775139	1.0224059863550279	0.5408632879562211	1.0817265759124421	1.0	0.7109494805335999	96540271.45205484	79746284.05693893	79746284.05693893	4.99612423654483e-09	0.3987314152885704	1.8335109053577872	21081600.0	0.07	2.376230133343692
Saltmarsh_4_000000001	21168000.0	1	1	0.5112029936081537	1.0224059872163074	0.5408632884119132	1.0817265768238264	1.0	0.7109494805335999	96540271.62741567	79746284.20182236	79746284.20182236	4.634040262629924e-09	0.39873141637507153	1.8335109099918276	21168000.0	0.07	2.3762301393494085
Saltmarsh_4_000000001	21254400.0	1	1	0.5112029940075836	1.0224059880151672	0.54086328883458	1.08172657766916	1.0	0.7109494805335999	96540271.79006761	79746284.3362056	79746284.3362056	4.2981972425693016e-09	0.3987314173828308	1.8335109142900248	21254400.0	0.07	2.376230144919872
Saltmarsh_4_000000001	21340800.0	1	1	0.5112029943780657	1.0224059887561314	0.5408632892266149	1.0817265784532297	1.0	0.7109494805335999	96540271.94093166	79746284.46084973	79746284.46084973	3.986694141477898e-09	0.39873141831755454	1.8335109182767193	21340800.0	0.07	2.376230150086628
Saltmarsh_4_000000001	21427200.0	1	1	0.5112029947216978	1.0224059894433957	0.5408632895902378	1.0817265791804755	1.0	0.7109494805335999	96540272.08086215	79746284.57646054	79746284.57646054	3.6977664819026757e-09	0.39873141918453625	1.8335109219744856	21427200.0	0.07	2.3762301548789333
Saltmarsh_4_000000001	21513600.0	1	1	0.511202995040426	1.022405990080852	0.5408632899275079	1.0817265798550157	1.0	0.7109494805335999	96540272.21065146	79746284.68369263	79746284.68369263	3.429778128172245e-09	0.39873141998868505	1.8335109254042643	21513600.0	0.07	2.3762301593239266
Saltmarsh_4_000000001	21600000.0	1	1	0.5112029953360548	1.0224059906721097	0.5408632902403349	1.0817265804806697	1.0	0.7109494805335999	96540272.33103453	79746284.78315333	79746284.78315333	3.1812117384788507e-09	0.3987314207345549	1.8335109285854756	21600000.0	0.07	2.3762301634467766
Saltmarsh_4_000000001	21686400.0	1	1	0.5112029956102586	1.0224059912205172	0.5408632905304904	1.0817265810609809	1.0	0.7109494805335999	96540272.4426931	79746284.87540579	79746284.87540579	2.9506598830941755e-09	0.3987314214263691	1.8335109315361353	21686400.0	0.07	2.3762301672708315
Saltmarsh_4_000000001	21772800.0	1	1	0.5112029958645901	1.0224059917291801	0.5408632907996175	1.081726581599235	1.0	0.7109494805335999	96540272.54625942	79746284.96097244	79746284.96097244	2.736816662185504e-09	0.39873142206804557	1.8335109342729519	21772800.0	0.07	2.376230170817746
Saltmarsh_4_000000001	21859200.0	1	1	0.5112029961004894	1.0224059922009787	0.5408632910492401	1.0817265820984803	1.0	0.7109494805335999	96540272.64231999	79746285.04033777	79746285.04033777	2.5384711554998773e-09	0.3987314226632177	1.8335109368114235	21859200.0	0.07	2.376230174107605
Saltmarsh_4_000000001	21945600.0	1	1	0.5112029963192922	1.0224059926385844	0.5408632912807718	1.0817265825615436	1.0	0.7109494805335999	96540272.73141876	79746285.11395133	79746285.11395133	2.35450048347019e-09	0.3987314232152562	1.8335109391659237	21945600.0	0.07	2.3762301771590373
Saltmarsh_4_000000001	22032000.0	1	1	0.5112029965222379	1.0224059930444758	0.5408632914955238	1.0817265829910476	1.0	0.7109494805335999	96540272.81406026	79746285.18222983	79746285.18222983	2.183862757298982e-09	0.3987314237272864	1.833510941349787	22032000.0	0.07	2.376230179989324
Saltmarsh_4_000000001	22118400.0	1	1	0.5112029967104754	1.0224059934209508	0.540863291694712	1.081726583389424	1.0	0.7109494805335999	96540272.89071251	79746285.24556005	79746285.24556005	2.0255916943767716e-09	0.3987314242022086	1.8335109433753787	22118400.0	0.07	2.3762301826144907
Saltmarsh_4_000000001	22204800.0	1	1	0.5112029968850708	1.0224059937701415	0.5408632918794645	1.081726583758929	1.0	0.7109494805335999	96540272.96180952	79746285.30430047	79746285.30430047	1.8787907896111733e-09	0.3987314246427116	1.8335109452541691	22204800.0	0.07	2.376230185049403
Saltmarsh_4_000000001	22291200.0	1	1	0.5112029970470127	1.0224059940940253	0.5408632920508273	1.0817265841016546	1.0	0.7109494805335999	96540273.02775389	79746285.35878384	79746285.35878384	1.7426293186240116e-09	0.3987314250512899	1.8335109469967983	22291200.0	0.07	2.3762301873078506
Saltmarsh_4_000000001	22377600.0	1	1	0.5112029971972182	1.0224059943944364	0.5408632922097709	1.0817265844195418	1.0	0.7109494805335999	96540273.0889191	79746285.4093186	79746285.4093186	1.6163356209020208e-09	0.39873142543025736	1.8335109486131338	22377600.0	0.07	2.376230189402621
Saltmarsh_4_000000001	22464000.0	1	1	0.5112029973365378	1.0224059946730757	0.5408632923571955	1.081726584714391	1.0	0.7109494805335999	96540273.14565146	79746285.45619097	79746285.45619097	1.4991949903730983e-09	0.3987314257817599	1.8335109501123288	22464000.0	0.07	2.376230191345578
Saltmarsh_4_000000001	22550400.0	1	1	0.5112029974657606	1.0224059949315212	0.5408632924939358	1.0817265849878717	1.0	0.7109494805335999	96540273.19827227	79746285.49966638	79746285.49966638	1.3905438467354259e-09	0.39873142610778806	1.833510951502873	22550400.0	0.07	2.376230193147723
Saltmarsh_4_000000001	22636800.0	1	1	0.5112029975856182	1.0224059951712363	0.5408632926207662	1.0817265852415323	1.0	0.7109494805335999	96540273.24707949	79746285.53999099	79746285.53999099	1.2897669598999073e-09	0.398731426410188	1.8335109527926399	22636800.0	0.07	2.3762301948192612
Saltmarsh_4_000000001	22723200.0	1	1	0.5112029976967893	1.0224059953935787	0.5408632927384046	1.0817265854768092	1.0	0.7109494805335999	96540273.29234953	79746285.57739314	79746285.57739314	1.1962936752318853e-09	0.3987314266906721	1.8335109539889336	22723200.0	0.07	2.376230196369658
Saltmarsh_4_000000001	22809600.0	1	1	0.5112029977999036	1.0224059955998073	0.5408632928475174	1.0817265856950349	1.0	0.7109494805335999	96540273.3343387	79746285.61208464	79746285.61208464	1.1095945828820675e-09	0.39873142695082864	1.8335109550985282	22809600.0	0.07	2.3762301978076925
Saltmarsh_4_000000001	22896000.0	1	1	0.5112029978955449	1.0224059957910898	0.5408632929487226	1.0817265858974452	1.0	0.7109494805335999	96540273.3732848	79746285.64426193	79746285.64426193	1.0291787977401157e-09	0.39873142719213084	1.8335109561277072	22896000.0	0.07	2.3762301991415087
Saltmarsh_4_000000001	22982400.0	1	1	0.5112029979842547	1.0224059959685095	0.5408632930425931	1.0817265860851861	1.0	0.7109494805335999	96540273.40940835	79746285.67410724	79746285.67410724	9.545910728547824e-10	0.39873142741594514	1.8335109570822978	22982400.0	0.07	2.376230200378658
Saltmarsh_4_000000001	23068800.0	1	1	0.5112029980665355	1.022405996133071	0.5408632931296604	1.0817265862593208	1.0	0.7109494805335999	96540273.4429139	79746285.70178954	79746285.70178954	8.854088573428953e-10	0.39873142762353886	1.8335109579677067	23068800.0	0.07	2.376230201526148
Saltmarsh_4_000000001	23155200.0	1	1	0.5112029981428531	1.0224059962857062	0.5408632932104178	1.0817265864208356	1.0	0.7109494805335999	96540273.47399122	79746285.72746566	79746285.72746566	8.212406310548204e-10	0.39873142781608767	1.8335109587889478	23155200.0	0.07	2.3762302025904765
Saltmarsh_4_000000001	23241600.0	1	1	0.5112029982136397	1.0224059964272794	0.5408632932853225	1.081726586570645	1.0	0.7109494805335999	96540273.50281626	79746285.75128095	79746285.75128095	7.617227959499928e-10	0.398731427994682	1.8335109595506702	23241600.0	0.07	2.3762302035776686
Saltmarsh_4_000000001	23328000.0	1	1	0.5112029982792962	1.0224059965585923	0.5408632933547985	1.081726586709597	1.0	0.7109494805335999	96540273.52955222	79746285.77337028	79746285.77337028	7.065185658738926e-10	0.39873142816033286	1.8335109602571888	23328000.0	0.07	2.376230204493317
Saltmarsh_4_000000001	23414400.0	1	1	0.5112029983401943	1.0224059966803887	0.5408632934192394	1.0817265868384789	1.0	0.7109494805335999	96540273.55435057	79746285.79385874	79746285.79385874	6.553150799781804e-10	0.3987314283139786	1.8335109609125033	23414400.0	0.07	2.3762302053426043
Saltmarsh_4_000000001	23500800.0	1	1	0.511202998396679	1.022405996793358	0.5408632934790102	1.0817265869580204	1.0	0.7109494805335999	96540273.57735172	79746285.8128623	79746285.8128623	6.078224590311265e-10	0.39873142845648907	1.8335109615203258	23500800.0	0.07	2.376230206130342
Saltmarsh_4_000000001	23587200.0	1	1	0.5112029984490701	1.0224059968981403	0.5408632935344492	1.0817265870688983	1.0	0.7109494805335999	96540273.59868589	79746285.83048865	79746285.83048865	5.637718070161668e-10	0.39873142858867144	1.8335109620840977	23587200.0	0.07	2.3762302068609906
Saltmarsh_4_000000001	23673600.0	1	1	0.5112029984976643	1.0224059969953285	0.5408632935858703	1.0817265871717405	1.0	0.7109494805335999	96540273.61847393	79746285.84683755	79746285.84683755	5.229134902862143e-10	0.39873142871127426	1.8335109626070107	23673600.0	0.07	2.376230207538686
Saltmarsh_4_000000001	23760000.0	1	1	0.5112029985427367	1.0224059970854733	0.5408632936335648	1.0817265872671296	1.0	0.7109494805335999	96540273.63682786	79746285.86200161	79746285.86200161	4.850164714298444e-10	0.3987314288249916	1.8335109630920274	23760000.0	0.07	2.3762302081672675
Saltmarsh_4_000000001	23846400.0	1	1	0.5112029985845425	1.022405997169085	0.5408632936778027	1.0817265873556055	1.0	0.7109494805335999	96540273.65385163	79746285.87606668	79746285.87606668	4.4986592229179223e-10	0.39873142893046754	1.8335109635418934	23846400.0	0.07	2.376230208750294
Saltmarsh_4_000000001	23932800.0	1	1	0.5112029986233186	1.0224059972466373	0.5408632937188346	1.0817265874376691	1.0	0.7109494805335999	96540273.66964164	79746285.88911243	79746285.88911243	4.1726283539489373e-10	0.39873142902829933	1.833510963959156	23932800.0	0.07	2.3762302092910663
Saltmarsh_4_000000001	24019200.0	1	1	0.5112029986592844	1.0224059973185688	0.5408632937568927	1.0817265875137854	1.0	0.7109494805335999	96540273.68428731	79746285.90121269	79746285.90121269	3.870225251390025e-10	0.39873142911904097	1.8335109643461778	24019200.0	0.07	2.3762302097926464
Saltmarsh_4_000000001	24105600.0	1	1	0.5112029986926437	1.0224059973852875	0.5408632937921927	1.0817265875843853	1.0	0.7109494805335999	96540273.69787154	79746285.912436	79746285.912436	3.5897390615602376e-10	0.3987314292032061	1.8335109647051517	24105600.0	0.07	2.3762302102578765
Saltmarsh_4_000000001	24192000.0	1	1	0.5112029987235854	1.0224059974471709	0.5408632938249344	1.0817265876498687	1.0	0.7109494805335999	96540273.7104713	79746285.92284594	79746285.92284594	3.3295799450883123e-10	0.39873142928127175	1.8335109650381098	24192000.0	0.07	2.3762302106893904
Saltmarsh_4_000000001	24278400.0	1	1	0.5112029987522847	1.0224059975045694	0.5408632938553032	1.0817265877106064	1.0	0.7109494805335999	96540273.72215793	79746285.93250144	79746285.93250144	3.0882746360205715e-10	0.3987314293536797	1.8335109653469375	24278400.0	0.07	2.376230211089631
Saltmarsh_4_000000001	24364800.0	1	1	0.511202998778904	1.022405997557808	0.540863293883471	1.081726587766942	1.0	0.7109494805335999	96540273.7329976	79746285.94145715	79746285.94145715	2.864455894702189e-10	0.39873142942084017	1.8335109656333826	24364800.0	0.07	2.376230211460864
Saltmarsh_4_000000001	24451200.0	1	1	0.5112029988035941	1.0224059976071882	0.5408632939095974	1.0817265878191948	1.0	0.7109494805335999	96540273.74305163	79746285.94976383	79746285.94976383	2.656862507777191e-10	0.39873142948313295	1.8335109658990687	24451200.0	0.07	2.376230211805193
Saltmarsh_4_000000001	24537600.0	1	1	0.5112029988264949	1.0224059976529898	0.5408632939338305	1.081726587867661	1.0	0.7109494805335999	96540273.75237708	79746285.9574685	79746285.9574685	2.464310422389815e-10	0.39873142954091145	1.8335109661455	24537600.0	0.07	2.376230212124568
Saltmarsh_4_000000001	24624000.0	1	1	0.511202998847736	1.022405997695472	0.5408632939563072	1.0817265879126143	1.0	0.7109494805335999	96540273.76102665	79746285.96461481	79746285.96461481	2.2857149506450014e-10	0.39873142959450253	1.8335109663740718	24624000.0	0.07	2.376230212420797
Saltmarsh_4_000000001	24710400.0	1	1	0.5112029988674377	1.0224059977348754	0.5408632939771549	1.0817265879543099	1.0	0.7109494805335999	96540273.76904939	79746285.97124316	79746285.97124316	2.1200596833637064e-10	0.3987314296442098	1.8335109665860778	24710400.0	0.07	2.376230212695557
Saltmarsh_4_000000001	24796800.0	1	1	0.5112029988857115	1.022405997771423	0.5408632939964918	1.0817265879929836	1.0	0.7109494805335999	96540273.7764907	79746285.97739115	79746285.97739115	1.9664125883167571e-10	0.3987314296903145	1.8335109667827192	24796800.0	0.07	2.376230212950404
Saltmarsh_4_000000001	24883200.0	1	1	0.511202998902661	1.022405997805322	0.5408632940144273	1.0817265880288547	1.0	0.7109494805335999	96540273.78339268	79746285.98309357	79746285.98309357	1.8239010302067982e-10	0.3987314297330778	1.8335109669651097	24883200.0	0.07	2.376230213186782
Saltmarsh_4_000000001	24969600.0	1	1	0.5112029989183821	1.0224059978367641	0.540863294031063	1.081726588062126	1.0	0.7109494805335999	96540273.78979446	79746285.98838276	79746285.98838276	1.6917167666719024e-10	0.3987314297727421	1.8335109671342817	24969600.0	0.07	2.376230213406029
Saltmarsh_4_000000001	25056000.0	1	1	0.5112029989329637	1.0224059978659275	0.540863294046493	1.081726588092986	1.0	0.7109494805335999	96540273.79573229	79746285.9932886	79746285.9932886	1.5691131727280094e-10	0.39873142980953175	1.8335109672911925	25056000.0	0.07	2.3762302136093854
Saltmarsh_4_000000001	25142400.0	1	1	0.5112029989464887	1.0224059978929774	0.5408632940608048	1.0817265881216096	1.0	0.7109494805335999	96540273.80123976	79746285.9978389	79746285.9978389	1.4553958038732162e-10	0.39873142984365495	1.8335109674367325	25142400.0	0.07	2.376230213798005
Saltmarsh_4_000000001	25228800.0	1	1	0.5112029989590334	1.0224059979180669	0.5408632940740793	1.0817265881481586	1.0	0.7109494805335999	96540273.8063481	79746286.00205944	79746286.00205944	1.3499190654187032e-10	0.3987314298753053	1.8335109675717238	25228800.0	0.07	2.376230213972954
Saltmarsh_4_000000001	25315200.0	1	1	0.511202998970669	1.022405997941338	0.5408632940863918	1.0817265881727836	1.0	0.7109494805335999	96540273.81108624	79746286.00597407	79746286.00597407	1.2520867676002467e-10	0.3987314299046617	1.8335109676969323	25315200.0	0.07	2.3762302141352243
Saltmarsh_4_000000001	25401600.0	1	1	0.5112029989814614	1.0224059979629228	0.540863294097812	1.081726588195624	1.0	0.7109494805335999	96540273.81548096	79746286.00960502	79746286.00960502	1.1613443540170465e-10	0.3987314299318907	1.8335109678130672	25401600.0	0.07	2.376230214285735
Saltmarsh_4_000000001	25488000.0	1	1	0.5112029989914716	1.0224059979829432	0.5408632941084045	1.081726588216809	1.0	0.7109494805335999	96540273.81955725	79746286.01297282	79746286.01297282	1.0771772362971888e-10	0.3987314299571464	1.8335109679207853	25488000.0	0.07	2.3762302144253376
Saltmarsh_4_000000001	25574400.0	1	1	0.5112029990007563	1.0224059980015126	0.5408632941182293	1.0817265882364586	1.0	0.7109494805335999	96540273.82333809	79746286.01609656	79746286.01609656	9.991113492091586e-11	0.3987314299805717	1.8335109680206965	25574400.0	0.07	2.3762302145548224
Saltmarsh_4_000000001	25660800.0	1	1	0.511202999009368	1.022405998018736	0.5408632941273421	1.0817265882546843	1.0	0.7109494805335999	96540273.82684492	79746286.01899388	79746286.01899388	9.267014933200812e-11	0.39873143000229927	1.8335109681133663	25660800.0	0.07	2.376230214674923
Saltmarsh_4_000000001	25747200.0	1	1	0.5112029990173557	1.0224059980347113	0.5408632941357945	1.081726588271589	1.0	0.7109494805335999	96540273.83009754	79746286.02168123	79746286.02168123	8.595407718914316e-11	0.3987314300224521	1.83351096819932	25747200.0	0.07	2.376230214786319
Saltmarsh_4_000000001	25833600.0	1	1	0.5112029990247645	1.022405998049529	0.5408632941436343	1.0817265882872686	1.0	0.7109494805335999	96540273.83311448	79746286.02417383	79746286.02417383	7.972483784257633e-11	0.3987314300411443	1.8335109682790454	25833600.0	0.07	2.3762302148896426
Saltmarsh_4_000000001	25920000.0	1	1	0.5112029990316364	1.0224059980632727	0.540863294150906	1.081726588301812	1.0	0.7109494805335999	96540273.83591278	79746286.02648579	79746286.02648579	7.39468486443684e-11	0.3987314300584821	1.8335109683529922	25920000.0	0.07	2.376230214985478
Saltmarsh_4_000000001	26006400.0	1	1	0.5112029990380101	1.0224059980760203	0.5408632941576506	1.081726588315301	1.0	0.7109494805335999	96540273.83850826	79746286.0286302	79746286.0286302	6.858774659335154e-11	0.39873143007456324	1.8335109684215793	26006400.0	0.07	2.376230215074367
Saltmarsh_4_000000001	26092800.0	1	1	0.511202999043922	1.022405998087844	0.5408632941639064	1.0817265883278129	1.0	0.7109494805335999	96540273.84091562	79746286.03061917	79746286.03061917	6.361705606749979e-11	0.3987314300894788	1.8335109684851965	26092800.0	0.07	2.3762302151568147
Saltmarsh_4_000000001	26179200.0	1	1	0.5112029990494055	1.022405998098811	0.5408632941697089	1.0817265883394178	1.0	0.7109494805335999	96540273.84314851	79746286.03246406	79746286.03246406	5.90067994465926e-11	0.3987314301033135	1.8335109685442033	26179200.0	0.07	2.3762302152332873
Saltmarsh_4_000000001	26265600.0	1	1	0.5112029990544915	1.022405998108983	0.5408632941750908	1.0817265883501817	1.0	0.7109494805335999	96540273.84521964	79746286.03417519	79746286.03417519	5.473027586688772e-11	0.39873143011614565	1.8335109685989333	26265600.0	0.07	2.3762302153042176
Saltmarsh_4_000000001	26352000.0	1	1	0.511202999059209	1.022405998118418	0.5408632941800827	1.0817265883601654	1.0	0.7109494805335999	96540273.84714061	79746286.0357623	79746286.0357623	5.0763726555658195e-11	0.39873143012804774	1.8335109686496969	26352000.0	0.07	2.3762302153700072
Saltmarsh_4_000000001	26438400.0	1	1	0.5112029990635846	1.0224059981271691	0.5408632941847129	1.0817265883694258	1.0	0.7109494805335999	96540273.84892239	79746286.03723443	79746286.03723443	4.708494705241151e-11	0.3987314301390872	1.8335109686967823	26438400.0	0.07	2.37623021543103
Saltmarsh_4_000000001	26524800.0	1	1	0.5112029990676431	1.0224059981352862	0.5408632941890075	1.081726588378015	1.0	0.7109494805335999	96540273.85057504	79746286.03859985	79746286.03859985	4.367239903046993e-11	0.3987314301493268	1.833510968740455	26524800.0	0.07	2.3762302154876296
Saltmarsh_4_000000001	26611200.0	1	1	0.5112029990714074	1.0224059981428149	0.5408632941929907	1.0817265883859815	1.0	0.7109494805335999	96540273.85210796	79746286.0398663	79746286.0398663	4.0507264209566074e-11	0.39873143015882423	1.8335109687809619	26611200.0	0.07	2.3762302155401267
Saltmarsh_4_000000001	26697600.0	1	1	0.511202999074899	1.022405998149798	0.5408632941966853	1.0817265883933707	1.0	0.7109494805335999	96540273.85352972	79746286.04104096	79746286.04104096	3.757150146554977e-11	0.3987314301676333	1.8335109688185334	26697600.0	0.07	2.3762302155888193
Saltmarsh_4_000000001	26784000.0	1	1	0.5112029990781374	1.0224059981562748	0.5408632942001123	1.0817265884002245	1.0	0.7109494805335999	96540273.85484847	79746286.0421305	79746286.0421305	3.4848623986505345e-11	0.39873143017580387	1.8335109688533822	26784000.0	0.07	2.3762302156339836
Saltmarsh_4_000000001	26870400.0	1	1	0.5112029990811412	1.0224059981622824	0.5408632942032907	1.0817265884065814	1.0	0.7109494805335999	96540273.85607162	79746286.0431411	79746286.0431411	3.232308865008804e-11	0.3987314301833824	1.833510968885705	26870400.0	0.07	2.3762302156758737
Saltmarsh_4_000000001	26956800.0	1	1	0.5112029990839272	1.0224059981678544	0.5408632942062389	1.0817265884124778	1.0	0.7109494805335999	96540273.85720615	79746286.04407844	79746286.04407844	2.998057357928019e-11	0.39873143019041163	1.8335109689156854	26956800.0	0.07	2.3762302157147284
Saltmarsh_4_000000001	27043200.0	1	1	0.5112029990865113	1.0224059981730227	0.5408632942089734	1.0817265884179468	1.0	0.7109494805335999	96540273.85825844	79746286.04494785	79746286.04494785	2.7807811608937527e-11	0.3987314301969314	1.833510968943493	27043200.0	0.07	2.376230215750767
Saltmarsh_4_000000001	27129600.0	1	1	0.5112029990889082	1.0224059981778164	0.5408632942115097	1.0817265884230194	1.0	0.7109494805335999	96540273.85923447	79746286.04575425	79746286.04575425	2.5792534774637943e-11	0.39873143020297874	1.8335109689692852	27129600.0	0.07	2.3762302157841937
Saltmarsh_4_000000001	27216000.0	1	1	0.5112029990911313	1.0224059981822626	0.5408632942138623	1.0817265884277245	1.0	0.7109494805335999	96540273.86013973	79746286.0465022	79746286.0465022	2.3923252268076567e-11	0.39873143020858776	1.8335109689932085	27216000.0	0.07	2.376230215815198
Saltmarsh_4_000000001	27302400.0	1	1	0.5112029990931934	1.0224059981863869	0.5408632942160443	1.0817265884320886	1.0	0.7109494805335999	96540273.86097942	79746286.047196	79746286.047196	2.2189694526275616e-11	0.3987314302137903	1.8335109690153981	27302400.0	0.07	2.376230215843956
Saltmarsh_4_000000001	27388800.0	1	1	0.511202999095106	1.022405998190212	0.5408632942180681	1.0817265884361362	1.0	0.7109494805335999	96540273.86175826	79746286.04783943	79746286.04783943	2.058125891934992e-11	0.3987314302186159	1.8335109690359792	27388800.0	0.07	2.376230215870629
Saltmarsh_4_000000001	27475200.0	1	1	0.51120299909688	1.02240599819376	0.5408632942199453	1.0817265884398906	1.0	0.7109494805335999	96540273.86248066	79746286.04843627	79746286.04843627	1.9089785308068485e-11	0.39873143022309154	1.8335109690550686	27475200.0	0.07	2.376230215895369
Saltmarsh_4_000000001	27561600.0	1	1	0.5112029990985255	1.022405998197051	0.5408632942216864	1.0817265884433729	1.0	0.7109494805335999	96540273.86315069	79746286.04898985	79746286.04898985	1.7706336397083078e-11	0.3987314302272429	1.8335109690727753	27561600.0	0.07	2.3762302159183166
Saltmarsh_4_000000001	27648000.0	1	1	0.5112029991000517	1.0224059982001035	0.5408632942233014	1.0817265884466027	1.0	0.7109494805335999	96540273.86377218	79746286.04950331	79746286.04950331	1.6422918580616397e-11	0.39873143023109364	1.8335109690891982	27648000.0	0.07	2.376230215939601
Saltmarsh_4_000000001	27734400.0	1	1	0.5112029991014673	1.0224059982029345	0.5408632942247993	1.0817265884495986	1.0	0.7109494805335999	96540273.86434862	79746286.04997954	79746286.04997954	1.5232648475915767e-11	0.39873143023466506	1.833510969104431	27734400.0	0.07	2.3762302159593425
Saltmarsh_4_000000001	27820800.0	1	1	0.5112029991027803	1.0224059982055607	0.5408632942261886	1.0817265884523772	1.0	0.7109494805335999	96540273.86488329	79746286.0504213	79746286.0504213	1.4128809233682205e-11	0.3987314302379777	1.8335109691185596	27820800.0	0.07	2.376230215977653
Saltmarsh_4_000000001	27907200.0	1	1	0.5112029991039981	1.0224059982079963	0.5408632942274773	1.0817265884549545	1.0	0.7109494805335999	96540273.86537923	79746286.05083099	79746286.05083099	1.310473951576796e-11	0.39873143024105023	1.833510969131664	27907200.0	0.07	2.3762302159946365
Saltmarsh_4_000000001	27993600.0	1	1	0.5112029991051277	1.0224059982102554	0.5408632942286725	1.081726588457345	1.0	0.7109494805335999	96540273.86583918	79746286.05121098	79746286.05121098	1.2154943718201139e-11	0.3987314302439	1.833510969143819	27993600.0	0.07	2.3762302160103896
Saltmarsh_4_000000001	28080000.0	1	1	0.5112029991061754	1.0224059982123508	0.5408632942297812	1.0817265884595624	1.0	0.7109494805335999	96540273.8662658	79746286.05156349	79746286.05156349	1.127409277046354e-11	0.39873143024654334	1.8335109691550935	28080000.0	0.07	2.3762302160250015
Saltmarsh_4_000000001	28166400.0	1	1	0.5112029991071472	1.0224059982142943	0.5408632942308095	1.081726588461619	1.0	0.7109494805335999	96540273.86666155	79746286.05189042	79746286.05189042	1.0456913113188193e-11	0.3987314302489952	1.8335109691655505	28166400.0	0.07	2.3762302160385533
Saltmarsh_4_000000001	28252800.0	1	1	0.5112029991080486	1.0224059982160971	0.5408632942317633	1.0817265884635265	1.0	0.7109494805335999	96540273.86702856	79746286.05219366	79746286.05219366	9.698963854276599e-12	0.39873143025126934	1.8335109691752498	28252800.0	0.07	2.3762302160511237
Saltmarsh_4_000000001	28339200.0	1	1	0.5112029991088846	1.0224059982177691	0.5408632942326479	1.0817265884652958	1.0	0.7109494805335999	96540273.86736903	79746286.05247495	79746286.05247495	8.996137168537643e-12	0.3987314302533786	1.8335109691842457	28339200.0	0.07	2.3762302160627824
Saltmarsh_4_000000001	28425600.0	1	1	0.5112029991096599	1.0224059982193199	0.5408632942334685	1.081726588466937	1.0	0.7109494805335999	96540273.86768478	79746286.0527358	79746286.0527358	8.344103186175289e-12	0.3987314302553349	1.8335109691925897	28425600.0	0.07	2.3762302160735964
Saltmarsh_4_000000001	28512000.0	1	1	0.5112029991103791	1.0224059982207583	0.5408632942342295	1.081726588468459	1.0	0.7109494805335999	96540273.86797762	79746286.0529778	79746286.0529778	7.73953123811566e-12	0.39873143025714947	1.8335109692003293	28512000.0	0.07	2.376230216083627
Saltmarsh_4_000000001	28598400.0	1	1	0.5112029991110463	1.0224059982220925	0.5408632942349354	1.0817265884698708	1.0	0.7109494805335999	96540273.8682493	79746286.05320224	79746286.05320224	7.1785910549238e-12	0.3987314302588326	1.833510969207508	28598400.0	0.07	2.3762302160929303
Saltmarsh_4_000000001	28684800.0	1	1	0.511202999111665	1.02240599822333	0.5408632942355902	1.0817265884711804	1.0	0.7109494805335999	96540273.86850126	79746286.05341041	79746286.05341041	6.65828503443322e-12	0.39873143026039376	1.8335109692141665	28684800.0	0.07	2.37623021610156
Saltmarsh_4_000000001	28771200.0	1	1	0.5112029991122389	1.0224059982244778	0.5408632942361975	1.081726588472395	1.0	0.7109494805335999	96540273.86873496	79746286.05360352	79746286.05360352	6.1758931302335895e-12	0.3987314302618417	1.8335109692203417	28771200.0	0.07	2.3762302161095628
Saltmarsh_4_000000001	28857600.0	1	1	0.5112029991127712	1.0224059982255425	0.5408632942367608	1.0817265884735217	1.0	0.7109494805335999	96540273.8689517	79746286.0537826	79746286.0537826	5.728306717855958e-12	0.3987314302631847	1.8335109692260705	28857600.0	0.07	2.3762302161169875
Saltmarsh_4_000000001	28944000.0	1	1	0.5112029991132649	1.0224059982265299	0.5408632942372833	1.0817265884745666	1.0	0.7109494805335999	96540273.86915275	79746286.05394873	79746286.05394873	5.31313881779738e-12	0.39873143026443053	1.8335109692313833	28944000.0	0.07	2.376230216123873
Saltmarsh_4_000000001	29030400.0	1	1	0.5112029991137229	1.0224059982274458	0.5408632942377679	1.0817265884755358	1.0	0.7109494805335999	96540273.86933923	79746286.05410281	79746286.05410281	4.928168984008607e-12	0.3987314302655859	1.8335109692363116	29030400.0	0.07	2.37623021613026
Saltmarsh_4_000000001	29116800.0	1	1	0.5112029991141477	1.0224059982282954	0.5408632942382174	1.0817265884764349	1.0	0.7109494805335999	96540273.8695122	79746286.05424571	79746286.05424571	4.570899214684232e-12	0.39873143026665764	1.8335109692408829	29116800.0	0.07	2.376230216136184
Saltmarsh_4_000000001	29203200.0	1	1	0.5112029991145417	1.0224059982290834	0.5408632942386344	1.0817265884772689	1.0	0.7109494805335999	96540273.86967266	79746286.0543783	79746286.0543783	4.239719686438548e-12	0.3987314302676518	1.8335109692451232	29203200.0	0.07	2.3762302161416797
Saltmarsh_4_000000001	29289600.0	1	1	0.5112029991149072	1.0224059982298144	0.5408632942390211	1.0817265884780423	1.0	0.7109494805335999	96540273.86982147	79746286.05450128	79746286.05450128	3.932520975524767e-12	0.3987314302685739	1.8335109692490557	29289600.0	0.07	2.376230216146776
Saltmarsh_4_000000001	29376000.0	1	1	0.5112029991152461	1.0224059982304923	0.5408632942393798	1.0817265884787597	1.0	0.7109494805335999	96540273.8699595	79746286.0546153	79746286.0546153	3.647471213952258e-12	0.39873143026942903	1.8335109692527034	29376000.0	0.07	2.3762302161515034
Saltmarsh_4_000000001	29462400.0	1	1	0.5112029991155606	1.022405998231121	0.5408632942397126	1.0817265884794252	1.0	0.7109494805335999	96540273.87008755	79746286.0547211	79746286.0547211	3.3831826229402395e-12	0.39873143027022234	1.833510969256087	29462400.0	0.07	2.376230216155889
Saltmarsh_4_000000001	29548800.0	1	1	0.5112029991158522	1.0224059982317044	0.5408632942400211	1.0817265884800422	1.0	0.7109494805335999	96540273.87020628	79746286.05481921	79746286.05481921	3.1379343568005424e-12	0.39873143027095814	1.8335109692592249	29548800.0	0.07	2.3762302161599553
Saltmarsh_4_000000001	29635200.0	1	1	0.5112029991161228	1.0224059982322455	0.5408632942403073	1.0817265884806146	1.0	0.7109494805335999	96540273.87031645	79746286.0549102	79746286.0549102	2.9103941479036166e-12	0.3987314302716406	1.8335109692621359	29635200.0	0.07	2.3762302161637283
Saltmarsh_4_000000001	29721600.0	1	1	0.5112029991163736	1.0224059982327471	0.5408632942405728	1.0817265884811456	1.0	0.7109494805335999	96540273.87041864	79746286.0549946	79746286.0549946	2.6993962620736056e-12	0.3987314302722736	1.8335109692648346	29721600.0	0.07	2.376230216167226
Saltmarsh_4_000000001	29808000.0	1	1	0.5112029991166063	1.0224059982332125	0.540863294240819	1.081726588481638	1.0	0.7109494805335999	96540273.87051335	79746286.05507287	79746286.05507287	2.503941498588347e-12	0.39873143027286045	1.8335109692673393	29808000.0	0.07	2.376230216170472
Saltmarsh_4_000000001	29894400.0	1	1	0.5112029991168221	1.0224059982336442	0.5408632942410474	1.0817265884820948	1.0	0.7109494805335999	96540273.87060127	79746286.0551455	79746286.0551455	2.322309011759671e-12	0.3987314302734052	1.8335109692696614	29894400.0	0.07	2.3762302161734814
Saltmarsh_4_000000001	29980800.0	1	1	0.5112029991170223	1.0224059982340445	0.5408632942412592	1.0817265884825185	1.0	0.7109494805335999	96540273.87068278	79746286.05521284	79746286.05521284	2.1540547123777287e-12	0.39873143027391017	1.8335109692718157	29980800.0	0.07	2.376230216176273
Saltmarsh_4_000000001	30067200.0	1	1	0.5112029991172079	1.0224059982344158	0.5408632942414557	1.0817265884829115	1.0	0.7109494805335999	96540273.87075837	79746286.05527532	79746286.05527532	1.9979018439642005e-12	0.3987314302743787	1.8335109692738136	30067200.0	0.07	2.3762302161788624
Saltmarsh_4_000000001	30153600.0	1	1	0.5112029991173801	1.0224059982347602	0.5408632942416379	1.0817265884832759	1.0	0.7109494805335999	96540273.8708285	79746286.05533327	79746286.05533327	1.8531842727043113e-12	0.39873143027481317	1.8335109692756664	30153600.0	0.07	2.3762302161812636
Saltmarsh_4_000000001	30240000.0	1	1	0.5112029991175399	1.0224059982350797	0.540863294241807	1.081726588483614	1.0	0.7109494805335999	96540273.87089352	79746286.055387	79746286.055387	1.7190138201783611e-12	0.398731430275216	1.8335109692773857	30240000.0	0.07	2.376230216183492
Saltmarsh_4_000000001	30326400.0	1	1	0.5112029991176881	1.0224059982353761	0.5408632942419638	1.0817265884839276	1.0	0.7109494805335999	96540273.87095387	79746286.05543685	79746286.05543685	1.594335774512956e-12	0.39873143027558994	1.8335109692789802	30326400.0	0.07	2.3762302161855584
Saltmarsh_4_000000001	30412800.0	1	1	0.5112029991178255	1.022405998235651	0.5408632942421091	1.0817265884842182	1.0	0.7109494805335999	96540273.87100986	79746286.05548307	79746286.05548307	1.4785950241957835e-12	0.39873143027593677	1.8335109692804585	30412800.0	0.07	2.376230216187474
Saltmarsh_4_000000001	30499200.0	1	1	0.511202999117953	1.022405998235906	0.540863294242244	1.081726588484488	1.0	0.7109494805335999	96540273.87106177	79746286.05552593	79746286.05552593	1.3714029911682246e-12	0.39873143027625824	1.8335109692818303	30499200.0	0.07	2.376230216189252
Saltmarsh_4_000000001	30585600.0	1	1	0.5112029991180712	1.0224059982361424	0.5408632942423691	1.0817265884847382	1.0	0.7109494805335999	96540273.87110992	79746286.05556573	79746286.05556573	1.2720935416155044e-12	0.39873143027655655	1.8335109692831024	30585600.0	0.07	2.376230216190901
Saltmarsh_4_000000001	30672000.0	1	1	0.5112029991181808	1.0224059982363616	0.5408632942424851	1.0817265884849703	1.0	0.7109494805335999	96540273.87115455	79746286.05560258	79746286.05560258	1.1797229859666913e-12	0.39873143027683317	1.8335109692842821	30672000.0	0.07	2.37623021619243
Saltmarsh_4_000000001	30758400.0	1	1	0.5112029991182825	1.022405998236565	0.5408632942425928	1.0817265884851857	1.0	0.7109494805335999	96540273.87119596	79746286.05563685	79746286.05563685	1.0945133688267106e-12	0.39873143027708974	1.8335109692853768	30758400.0	0.07	2.3762302161938487
Saltmarsh_4_000000001	30844800.0	1	1	0.5112029991183769	1.0224059982367537	0.5408632942426926	1.0817265884853853	1.0	0.7109494805335999	96540273.87123437	79746286.05566858	79746286.05566858	1.0150769114147806e-12	0.3987314302773278	1.8335109692863922	30844800.0	0.07	2.3762302161951645
Saltmarsh_4_000000001	30931200.0	1	1	0.5112029991184643	1.0224059982369287	0.5408632942427852	1.0817265884855705	1.0	0.7109494805335999	96540273.87127	79746286.05569802	79746286.05569802	9.41524636033364e-13	0.3987314302775486	1.8335109692873337	30931200.0	0.07	2.3762302161963844
Saltmarsh_4_000000001	31017600.0	1	1	0.5112029991185455	1.022405998237091	0.540863294242871	1.081726588485742	1.0	0.7109494805335999	96540273.87130305	79746286.05572534	79746286.05572534	8.733569423213794e-13	0.3987314302777533	1.8335109692882066	31017600.0	0.07	2.3762302161975155
Saltmarsh_4_000000001	31104000.0	1	1	0.5112029991186208	1.0224059982372415	0.5408632942429507	1.0817265884859013	1.0	0.7109494805335999	96540273.87133372	79746286.05575064	79746286.05575064	8.100187187665142e-13	0.39873143027794317	1.8335109692890161	31104000.0	0.07	2.376230216198565
Saltmarsh_4_000000001	31190400.0	1	1	0.5112029991186906	1.0224059982373812	0.5408632942430245	1.081726588486049	1.0	0.7109494805335999	96540273.87136212	79746286.05577411	79746286.05577411	7.512879207638434e-13	0.39873143027811925	1.8335109692897675	31190400.0	0.07	2.376230216199539
Saltmarsh_4_000000001	31276800.0	1	1	0.5112029991187553	1.0224059982375107	0.540863294243093	1.081726588486186	1.0	0.7109494805335999	96540273.87138851	79746286.05579588	79746286.05579588	6.96720459103517e-13	0.3987314302782827	1.833510969290464	31276800.0	0.07	2.3762302162004416
Saltmarsh_4_000000001	31363200.0	1	1	0.5112029991188154	1.0224059982376308	0.5408632942431565	1.081726588486313	1.0	0.7109494805335999	96540273.87141296	79746286.05581607	79746286.05581607	6.462053114830724e-13	0.39873143027843416	1.83351096929111	31363200.0	0.07	2.3762302162012787
Saltmarsh_4_000000001	31449600.0	1	1	0.5112029991188711	1.0224059982377423	0.5408632942432154	1.0817265884864309	1.0	0.7109494805335999	96540273.87143563	79746286.0558348	79746286.0558348	5.99409410995122e-13	0.3987314302785746	1.8335109692917095	31449600.0	0.07	2.376230216202056
Saltmarsh_4_000000001	31536000.0	1	1	0.5112029991189228	1.0224059982378455	0.5408632942432701	1.0817265884865401	1.0	0.7109494805335999	96540273.8714567	79746286.05585217	79746286.05585217	5.559441795810471e-13	0.39873143027870495	1.833510969292265	31536000.0	0.07	2.3762302162027753
Saltmarsh_4_000000001	31622400.0	1	1	0.5112029991189706	1.0224059982379412	0.5408632942433208	1.0817265884866416	1.0	0.7109494805335999	96540273.87147617	79746286.05586828	79746286.05586828	5.156985949383852e-13	0.39873143027882574	1.8335109692927807	31622400.0	0.07	2.3762302162034437
Saltmarsh_4_000000001	31708800.0	1	1	0.5112029991190151	1.0224059982380302	0.5408632942433679	1.0817265884867358	1.0	0.7109494805335999	96540273.87149425	79746286.05588327	79746286.05588327	4.785061236134425e-13	0.39873143027893787	1.8335109692932594	31708800.0	0.07	2.376230216204064
Saltmarsh_4_000000001	31795200.0	1	1	0.5112029991190563	1.0224059982381126	0.5408632942434115	1.081726588486823	1.0	0.7109494805335999	96540273.87151107	79746286.05589713	79746286.05589713	4.4364512064021255e-13	0.398731430279042	1.833510969293703	31795200.0	0.07	2.376230216204639
Saltmarsh_4_000000001	31881600.0	1	1	0.5112029991190946	1.0224059982381892	0.540863294243452	1.081726588486904	1.0	0.7109494805335999	96540273.87152663	79746286.05591	79746286.05591	4.116151863797768e-13	0.39873143027913843	1.8335109692941147	31881600.0	0.07	2.3762302162051725
Saltmarsh_4_000000001	31968000.0	1	1	0.51120299911913	1.02240599823826	0.5408632942434896	1.0817265884869791	1.0	0.7109494805335999	96540273.87154108	79746286.05592194	79746286.05592194	3.816946758661288e-13	0.398731430279228	1.8335109692944966	31968000.0	0.07	2.3762302162056677
Saltmarsh_4_000000001	32054400.0	1	1	0.5112029991191629	1.0224059982383258	0.5408632942435244	1.0817265884870488	1.0	0.7109494805335999	96540273.87155448	79746286.05593304	79746286.05593304	3.541056337041937e-13	0.3987314302793111	1.8335109692948506	32054400.0	0.07	2.3762302162061264
Saltmarsh_4_000000001	32140800.0	1	1	0.5112029991191934	1.0224059982383868	0.5408632942435567	1.0817265884871134	1.0	0.7109494805335999	96540273.87156688	79746286.05594331	79746286.05594331	3.285705041378151e-13	0.398731430279388	1.8335109692951792	32140800.0	0.07	2.3762302162065523
Saltmarsh_4_000000001	32227200.0	1	1	0.5112029991192217	1.0224059982384435	0.5408632942435867	1.0817265884871734	1.0	0.7109494805335999	96540273.87157841	79746286.05595285	79746286.05595285	3.0475622025960547e-13	0.3987314302794595	1.8335109692954839	32227200.0	0.07	2.376230216206947
Saltmarsh_4_000000001	32313600.0	1	1	0.511202999119248	1.022405998238496	0.5408632942436146	1.0817265884872291	1.0	0.7109494805335999	96540273.87158912	79746286.05596168	79746286.05596168	2.827182932207961e-13	0.39873143027952573	1.8335109692957672	32313600.0	0.07	2.3762302162073143
Saltmarsh_4_000000001	32400000.0	1	1	0.5112029991192724	1.0224059982385447	0.5408632942436403	1.0817265884872806	1.0	0.7109494805335999	96540273.87159903	79746286.0559699	79746286.0559699	2.6212365611399946e-13	0.39873143027958735	1.833510969296029	32400000.0	0.07	2.3762302162076536
Saltmarsh_4_000000001	32486400.0	1	1	0.5112029991192949	1.0224059982385898	0.5408632942436643	1.0817265884873286	1.0	0.7109494805335999	96540273.87160823	79746286.05597751	79746286.05597751	2.432498646953718e-13	0.3987314302796443	1.833510969296272	32486400.0	0.07	2.3762302162079685
Saltmarsh_4_000000001	32572800.0	1	1	0.5112029991193159	1.0224059982386318	0.5408632942436865	1.081726588487373	1.0	0.7109494805335999	96540273.87161674	79746286.0559846	79746286.0559846	2.258748743599881e-13	0.39873143027969715	1.8335109692964981	32572800.0	0.07	2.3762302162082616
Saltmarsh_4_000000001	32659200.0	1	1	0.5112029991193353	1.0224059982386706	0.5408632942437072	1.0817265884874143	1.0	0.7109494805335999	96540273.87162468	79746286.05599114	79746286.05599114	2.0938806244430452e-13	0.39873143027974634	1.8335109692967075	32659200.0	0.07	2.376230216208533
Saltmarsh_4_000000001	32745600.0	1	1	0.5112029991193534	1.0224059982387068	0.5408632942437263	1.0817265884874525	1.0	0.7109494805335999	96540273.87163202	79746286.05599722	79746286.05599722	1.942890293094024e-13	0.39873143027979185	1.8335109692969018	32745600.0	0.07	2.3762302162087847
Saltmarsh_4_000000001	32832000.0	1	1	0.5112029991193702	1.0224059982387403	0.5408632942437439	1.0817265884874878	1.0	0.7109494805335999	96540273.87163883	79746286.05600286	79746286.05600286	1.8013368574543165e-13	0.39873143027983415	1.8335109692970821	32832000.0	0.07	2.3762302162090183
Saltmarsh_4_000000001	32918400.0	1	1	0.5112029991193857	1.0224059982387714	0.5408632942437603	1.0817265884875207	1.0	0.7109494805335999	96540273.87164518	79746286.05600806	79746286.05600806	1.6697754290362354e-13	0.3987314302798733	1.833510969297249	32918400.0	0.07	2.376230216209235
Saltmarsh_4_000000001	33004800.0	1	1	0.5112029991194001	1.0224059982388003	0.5408632942437755	1.081726588487551	1.0	0.7109494805335999	96540273.87165104	79746286.0560129	79746286.0560129	1.5487611193520934e-13	0.39873143027990965	1.833510969297404	33004800.0	0.07	2.3762302162094358
Saltmarsh_4_000000001	33091200.0	1	1	0.5112029991194135	1.022405998238827	0.5408632942437896	1.0817265884875793	1.0	0.7109494805335999	96540273.8716565	79746286.05601738	79746286.05601738	1.43607348235264e-13	0.39873143027994334	1.8335109692975473	33091200.0	0.07	2.3762302162096214
Saltmarsh_4_000000001	33177600.0	1	1	0.5112029991194259	1.0224059982388518	0.5408632942438028	1.0817265884876055	1.0	0.7109494805335999	96540273.87166153	79746286.05602151	79746286.05602151	1.33060229501325e-13	0.3987314302799745	1.833510969297681	33177600.0	0.07	2.3762302162097946
Saltmarsh_4_000000001	33264000.0	1	1	0.5112029991194373	1.0224059982388747	0.540863294243815	1.08172658848763	1.0	0.7109494805335999	96540273.87166622	79746286.05602542	79746286.05602542	1.2351231148954867e-13	0.3987314302800036	1.8335109692978047	33264000.0	0.07	2.376230216209955
Saltmarsh_4_000000001	33350400.0	1	1	0.511202999119448	1.022405998238896	0.5408632942438262	1.0817265884876524	1.0	0.7109494805335999	96540273.87167054	79746286.056029	79746286.056029	1.1457501614131615e-13	0.39873143028003044	1.833510969297919	33350400.0	0.07	2.376230216210103
Saltmarsh_4_000000001	33436800.0	1	1	0.5112029991194579	1.0224059982389158	0.5408632942438366	1.0817265884876732	1.0	0.7109494805335999	96540273.87167457	79746286.05603231	79746286.05603231	1.0624834345662748e-13	0.3987314302800553	1.8335109692980252	33436800.0	0.07	2.3762302162102404
Saltmarsh_4_000000001	33523200.0	1	1	0.5112029991194671	1.0224059982389342	0.5408632942438463	1.0817265884876925	1.0	0.7109494805335999	96540273.87167831	79746286.0560354	79746286.0560354	9.853229343548264e-14	0.39873143028007846	1.833510969298124	33523200.0	0.07	2.376230216210369
Saltmarsh_4_000000001	33609600.0	1	1	0.5112029991194756	1.0224059982389513	0.5408632942438553	1.0817265884877105	1.0	0.7109494805335999	96540273.87168178	79746286.05603825	79746286.05603825	9.137135492665038e-14	0.3987314302800999	1.8335109692982154	33609600.0	0.07	2.3762302162104874
Saltmarsh_4_000000001	33696000.0	1	1	0.5112029991194834	1.0224059982389668	0.5408632942438636	1.0817265884877272	1.0	0.7109494805335999	96540273.871685	79746286.05604087	79746286.05604087	8.459899447643693e-14	0.39873143028011976	1.8335109692982996	33696000.0	0.07	2.3762302162105966
Saltmarsh_4_000000001	33782400.0	1	1	0.5112029991194907	1.0224059982389815	0.5408632942438714	1.0817265884877427	1.0	0.7109494805335999	96540273.87168793	79746286.05604334	79746286.05604334	7.865930129469234e-14	0.3987314302801381	1.8335109692983789	33782400.0	0.07	2.3762302162106987
Saltmarsh_4_000000001	33868800.0	1	1	0.5112029991194975	1.022405998238995	0.5408632942438786	1.0817265884877572	1.0	0.7109494805335999	96540273.8716907	79746286.05604564	79746286.05604564	7.283063041541027e-14	0.39873143028015534	1.8335109692984517	33868800.0	0.07	2.3762302162107933
Saltmarsh_4_000000001	33955200.0	1	1	0.5112029991195038	1.0224059982390077	0.5408632942438852	1.0817265884877705	1.0	0.7109494805335999	96540273.87169328	79746286.05604777	79746286.05604777	6.766809335090329e-14	0.39873143028017116	1.8335109692985196	33955200.0	0.07	2.3762302162108817
Saltmarsh_4_000000001	34041600.0	1	1	0.5112029991195096	1.0224059982390192	0.5408632942438913	1.0817265884877827	1.0	0.7109494805335999	96540273.87169567	79746286.05604972	79746286.05604972	6.267208974009009e-14	0.39873143028018593	1.8335109692985818	34041600.0	0.07	2.376230216210962
Saltmarsh_4_000000001	34128000.0	1	1	0.5112029991195151	1.0224059982390301	0.5408632942438971	1.0817265884877942	1.0	0.7109494805335999	96540273.87169786	79746286.05605154	79746286.05605154	5.823119764158946e-14	0.3987314302801995	1.8335109692986404	34128000.0	0.07	2.376230216211038
Saltmarsh_4_000000001	34214400.0	1	1	0.51120299911952	1.02240599823904	0.5408632942439024	1.081726588487805	1.0	0.7109494805335999	96540273.8716999	79746286.05605324	79746286.05605324	5.4012350148013866e-14	0.3987314302802122	1.8335109692986942	34214400.0	0.07	2.3762302162111077
Saltmarsh_4_000000001	34300800.0	1	1	0.5112029991195247	1.0224059982390494	0.5408632942439073	1.0817265884878147	1.0	0.7109494805335999	96540273.87170178	79746286.0560548	79746286.0560548	5.012656956182582e-14	0.3987314302802239	1.8335109692987444	34300800.0	0.07	2.376230216211173
Saltmarsh_4_000000001	34387200.0	1	1	0.511202999119529	1.022405998239058	0.5408632942439119	1.0817265884878238	1.0	0.7109494805335999	96540273.87170355	79746286.05605625	79746286.05605625	4.6407322429331543e-14	0.39873143028023483	1.8335109692987908	34387200.0	0.07	2.376230216211233
Saltmarsh_4_000000001	34473600.0	1	1	0.511202999119533	1.022405998239066	0.5408632942439161	1.0817265884878322	1.0	0.7109494805335999	96540273.87170517	79746286.05605757	79746286.05605757	4.29101199017623e-14	0.39873143028024494	1.8335109692988336	34473600.0	0.07	2.3762302162112885
Saltmarsh_4_000000001	34560000.0	1	1	0.5112029991195367	1.0224059982390734	0.54086329424392	1.08172658848784	1.0	0.7109494805335999	96540273.8717067	79746286.05605881	79746286.05605881	3.985700658404312e-14	0.3987314302802542	1.8335109692988731	34560000.0	0.07	2.3762302162113396
Saltmarsh_4_000000001	34646400.0	1	1	0.5112029991195401	1.0224059982390803	0.5408632942439237	1.0817265884878473	1.0	0.7109494805335999	96540273.87170807	79746286.05605996	79746286.05605996	3.702593787124897e-14	0.39873143028026276	1.8335109692989102	34646400.0	0.07	2.3762302162113875
Saltmarsh_4_000000001	34732800.0	1	1	0.5112029991195433	1.0224059982390865	0.540863294243927	1.081726588487854	1.0	0.7109494805335999	96540273.87170936	79746286.05606104	79746286.05606104	3.430589146091734e-14	0.3987314302802709	1.8335109692989442	34732800.0	0.07	2.3762302162114315
Saltmarsh_4_000000001	34819200.0	1	1	0.5112029991195463	1.0224059982390925	0.5408632942439301	1.0817265884878602	1.0	0.7109494805335999	96540273.87171054	79746286.05606206	79746286.05606206	3.197442310920451e-14	0.3987314302802783	1.8335109692989762	34819200.0	0.07	2.3762302162114732
Saltmarsh_4_000000001	34905600.0	1	1	0.511202999119549	1.022405998239098	0.540863294243933	1.081726588487866	1.0	0.7109494805335999	96540273.87171169	79746286.05606295	79746286.05606295	2.9531932455029164e-14	0.39873143028028524	1.8335109692990055	34905600.0	0.07	2.3762302162115114
Saltmarsh_4_000000001	34992000.0	1	1	0.5112029991195516	1.0224059982391032	0.5408632942439356	1.0817265884878713	1.0	0.7109494805335999	96540273.87171273	79746286.05606379	79746286.05606379	2.731148640577885e-14	0.3987314302802916	1.8335109692990328	34992000.0	0.07	2.3762302162115465
Saltmarsh_4_000000001	35078400.0	1	1	0.5112029991195539	1.0224059982391078	0.5408632942439381	1.0817265884878762	1.0	0.7109494805335999	96540273.87171371	79746286.05606458	79746286.05606458	2.531308496145357e-14	0.39873143028029756	1.8335109692990579	35078400.0	0.07	2.3762302162115794
Saltmarsh_4_000000001	35164800.0	1	1	0.5112029991195561	1.0224059982391123	0.5408632942439404	1.0817265884878808	1.0	0.7109494805335999	96540273.87171458	79746286.05606529	79746286.05606529	2.353672812205332e-14	0.39873143028030295	1.8335109692990814	35164800.0	0.07	2.3762302162116096
Saltmarsh_4_000000001	35251200.0	1	1	0.5112029991195581	1.0224059982391163	0.5408632942439425	1.081726588487885	1.0	0.7109494805335999	96540273.87171541	79746286.05606598	79746286.05606598	2.1760371282653068e-14	0.3987314302803081	1.8335109692991032	35251200.0	0.07	2.3762302162116375
Saltmarsh_4_000000001	35337600.0	1	1	0.51120299911956	1.02240599823912	0.5408632942439445	1.081726588487889	1.0	0.7109494805335999	96540273.87171619	79746286.0560666	79746286.0560666	2.020605904817785e-14	0.3987314302803128	1.8335109692991232	35337600.0	0.07	2.3762302162116637
Saltmarsh_4_000000001	35424000.0	1	1	0.5112029991195618	1.0224059982391236	0.5408632942439463	1.0817265884878926	1.0	0.7109494805335999	96540273.87171687	79746286.0560672	79746286.0560672	1.8818280267396403e-14	0.39873143028031716	1.8335109692991418	35424000.0	0.07	2.3762302162116877
Saltmarsh_4_000000001	35510400.0	1	1	0.5112029991195635	1.022405998239127	0.5408632942439481	1.0817265884878962	1.0	0.7109494805335999	96540273.87171756	79746286.05606772	79746286.05606772	1.7319479184152442e-14	0.39873143028032126	1.83351096929916	35510400.0	0.07	2.3762302162117117
Saltmarsh_4_000000001	35596800.0	1	1	0.511202999119565	1.02240599823913	0.5408632942439496	1.0817265884878993	1.0	0.7109494805335999	96540273.87171818	79746286.05606823	79746286.05606823	1.5931700403370996e-14	0.3987314302803252	1.833510969299176	35596800.0	0.07	2.376230216211732
Saltmarsh_4_000000001	35683200.0	1	1	0.5112029991195663	1.0224059982391327	0.5408632942439511	1.0817265884879022	1.0	0.7109494805335999	96540273.87171875	79746286.05606867	79746286.05606867	1.4710455076283324e-14	0.39873143028032865	1.8335109692991907	35683200.0	0.07	2.3762302162117512
Saltmarsh_4_000000001	35769600.0	1	1	0.5112029991195676	1.0224059982391351	0.5408632942439524	1.0817265884879048	1.0	0.7109494805335999	96540273.87171927	79746286.0560691	79746286.0560691	1.3655743202889425e-14	0.39873143028033187	1.833510969299204	35769600.0	0.07	2.376230216211768
Saltmarsh_4_000000001	35856000.0	1	1	0.5112029991195688	1.0224059982391376	0.5408632942439536	1.0817265884879073	1.0	0.7109494805335999	96540273.87171973	79746286.05606951	79746286.05606951	1.27675647831893e-14	0.3987314302803348	1.8335109692992169	35856000.0	0.07	2.376230216211785
Saltmarsh_4_000000001	35942400.0	1	1	0.5112029991195699	1.0224059982391398	0.5408632942439549	1.0817265884879097	1.0	0.7109494805335999	96540273.87172021	79746286.05606988	79746286.05606988	1.1823875212257917e-14	0.3987314302803376	1.8335109692992289	35942400.0	0.07	2.376230216211801
Saltmarsh_4_000000001	36028800.0	1	1	0.5112029991195709	1.0224059982391418	0.540863294243956	1.081726588487912	1.0	0.7109494805335999	96540273.8717206	79746286.05607024	79746286.05607024	1.099120794378905e-14	0.3987314302803402	1.83351096929924	36028800.0	0.07	2.376230216211815
Saltmarsh_4_000000001	36115200.0	1	1	0.5112029991195718	1.0224059982391436	0.540863294243957	1.081726588487914	1.0	0.7109494805335999	96540273.871721	79746286.05607054	79746286.05607054	1.0047518372857667e-14	0.39873143028034264	1.83351096929925	36115200.0	0.07	2.376230216211828
Saltmarsh_4_000000001	36201600.0	1	1	0.5112029991195727	1.0224059982391454	0.540863294243958	1.081726588487916	1.0	0.7109494805335999	96540273.87172133	79746286.0560709	79746286.0560709	9.71445146547012e-15	0.39873143028034475	1.8335109692992595	36201600.0	0.07	2.3762302162118405
Saltmarsh_4_000000001	36288000.0	1	1	0.5112029991195735	1.022405998239147	0.5408632942439588	1.0817265884879177	1.0	0.7109494805335999	96540273.87172164	79746286.05607116	79746286.05607116	8.93729534823251e-15	0.39873143028034685	1.8335109692992686	36288000.0	0.07	2.376230216211852
