plant	time	x	y	r_ag	h_ag	r_bg	h_bg	aboveground_resources	belowground_resources	res_ag	res_bg	res_eff	grow	maint	volume	age	salinity	transpiration
Saltmarsh_2_000000001	37929600.0	1	1	0.5111192671956233	1.0222385343912466	0.5717324894266317	1.1434649788532634	1.0	0.5	96508651.04888658	64969749.74563767	64969749.74563767	9.946821144524165e-12	0.32484874871824154	2.013214741147211	38016000.0	0.07	2.609126304526786
