plant	time	x	y	r_ag	h_ag	r_bg	h_bg	aboveground_resources	belowground_resources	res_ag	res_bg	res_eff	grow	maint	volume	age	salinity	transpiration
Saltmarsh_2_000000001	0.0	1	1	0.05	0.1	0.05	0.1	NaN	NaN	NaN	NaN	NaN	NaN	NaN	NaN	NaN	NaN	NaN
Saltmarsh_2_000000001	86400.0	1	1	0.06393201602576704	0.12786403205153407	0.06810086674289274	0.1362017334857855	1.0	0.5	923552.841931713	461776.4209658565	461776.4209658565	0.00205549883430959	0.0002533832705196927	0.0036262951611044877	86400.0	0.07	0.004699678528791416
Saltmarsh_2_000000001	172800.0	1	1	0.08034440879499126	0.16068881758998252	0.08776805400364933	0.17553610800729866	1.0	0.5	1509935.9998376314	893084.6603227505	893084.6603227505	0.003880469980730181	0.0005849533208835716	0.007506765141834669	172800.0	0.07	0.009728767623817731
Saltmarsh_2_000000001	259200.0	1	1	0.09790013697279978	0.19580027394559957	0.1081122731727566	0.2162245463455132	1.0	0.5	2384696.197296238	1507896.0191626837	1507896.0191626837	0.006328572818902239	0.0012109072769111804	0.01383533796073691	259200.0	0.07	0.017930597997115036
Saltmarsh_2_000000001	345600.0	1	1	0.11583575714347025	0.2316715142869405	0.12858394729596337	0.25716789459192674	1.0	0.5	3540693.5451091845	2304036.5584631003	2304036.5584631003	0.009288421028274584	0.0022317617640409183	0.023123758989011495	345600.0	0.07	0.0299683916497589
Saltmarsh_2_000000001	432000.0	1	1	0.13372271111497575	0.2674454222299515	0.1488456135005744	0.2976912270011488	1.0	0.5	4956864.232211178	3270112.448806375	3270112.448806375	0.012620496430025215	0.0037300658140066575	0.03574425541903673	432000.0	0.07	0.04632455502307161
Saltmarsh_2_000000001	518400.0	1	1	0.15131155379679134	0.3026231075935827	0.16868686927952303	0.33737373855904607	1.0	0.5	6605901.387826395	4389591.0506596025	4389591.0506596025	0.0161820923047597	0.005765862948538313	0.05192634772379645	518400.0	0.07	0.0672965466500402
Saltmarsh_2_000000001	604800.0	1	1	0.16845288357749233	0.33690576715498466	0.187975879966166	0.375951759932332	1.0	0.5	8457965.754148966	5643521.7154778605	5643521.7154778605	0.019841431737680965	0.008376176839708338	0.07176777946147743	604800.0	0.07	0.09301104218207475
Saltmarsh_2_000000001	691200.0	1	1	0.18505669453975962	0.37011338907951924	0.20663126069024498	0.41326252138048997	1.0	0.5	10482832.33523693	7012259.693746903	7012259.693746903	0.023484524085138944	0.01157677438359557	0.0952523035466164	691200.0	0.07	0.12344698539641485
Saltmarsh_2_000000001	777600.0	1	1	0.20107014089605985	0.4021402817921197	0.22460505104537584	0.4492101020907517	1.0	0.5	12651188.933155656	8476518.246378131	8476518.246378131	0.02701755644955022	0.015365034782340437	0.12226985999616666	777600.0	0.07	0.15846173855503198
Saltmarsh_2_000000001	864000.0	1	1	0.21646457429384589	0.43292914858769177	0.24187197021570628	0.48374394043141256	1.0	0.5	14935401.599092944	10017986.610990226	10017986.610990226	0.03036672866280148	0.01972320439214965	0.15263658865896818	864000.0	0.07	0.19781701890202277
Saltmarsh_2_000000001	950400.0	1	1	0.23122756450992443	0.46245512901984887	0.2584223924006874	0.5168447848013747	1.0	0.5	17309933.668701436	11619671.016864227	11619671.016864227	0.03347673013164937	0.024621624952671766	0.18611331879061754	950400.0	0.07	0.24120286115264034
Saltmarsh_2_000000001	1036800.0	1	1	0.24535776540092294	0.4907155308018459	0.27425761738300725	0.5485152347660145	1.0	0.5	19751539.428679533	13266059.602565061	13266059.602565061	0.03630858189469334	0.030021716118131966	0.22242190068531092	1036800.0	0.07	0.28825878328816296
Saltmarsh_2_000000001	1123200.0	1	1	0.25886149187515034	0.5177229837503007	0.28938660741684924	0.5787732148336985	1.0	0.5	22239312.40878095	14943175.76358893	14943175.76358893	0.03883726892467797	0.03587860989326669	0.26125916960998896	1123200.0	0.07	0.3385918838145457
Saltmarsh_2_000000001	1209600.0	1	1	0.27175037150456804	0.5435007430091361	0.30382368947811	0.60764737895622	1.0	0.5	24754641.427620612	16638561.509320842	16638561.509320842	0.04104940440782042	0.04214340313878379	0.3023085740178093	1209600.0	0.07	0.39179191192708085
Saltmarsh_2_000000001	1296000.0	1	1	0.28403969603168816	0.5680793920633763	0.3175869097787149	0.6351738195574298	1.0	0.5	27281109.78809255	18341217.874553844	18341217.874553844	0.04294105606824522	0.048765033304524	0.3452496300860546	1296000.0	0.07	0.44744352059152676
Saltmarsh_2_000000001	1382400.0	1	1	0.2957472428038851	0.5914944856077702	0.33069683905918906	0.6613936781183781	1.0	0.5	29804361.25585238	20041520.121109594	20041520.121109594	0.044515797075922604	0.05569180352962536	0.38976542716197715	1382400.0	0.07	0.5051359936019224
Saltmarsh_2_000000001	1468800.0	1	1	0.30689241995594435	0.6137848399118887	0.3431756956225881	0.6863513912451762	1.0	0.5	32311948.600764263	21731119.41754911	21731119.41754911	0.04578300375075961	0.06287259333698594	0.4355484309127369	1468800.0	0.07	0.564470766462907
Saltmarsh_2_000000001	1555200.0	1	1	0.31749563957014276	0.6349912791402855	0.35504669624263063	0.7100933924852613	1.0	0.5	34793175.197079904	23402838.70119895	23402838.70119895	0.04675639877357826	0.07025779473241649	0.48230482968631516	1555200.0	0.07	0.6250670592734645
Saltmarsh_2_000000001	1641600.0	1	1	0.3275778544058877	0.6551557088117754	0.3663335729921032	0.7326671459842063	1.0	0.5	37238936.59561921	25050567.76934219	25050567.76934219	0.04745282553580708	0.07780001331090387	0.5297576552221223	1641600.0	0.07	0.6865659211678705
Saltmarsh_2_000000001	1728000.0	1	1	0.3371602138837915	0.674320427767583	0.37706021249384714	0.7541204249876943	1.0	0.5	39641566.536498204	26669160.855407294	26669160.855407294	0.04789123262234217	0.08545457165469429	0.5776488878444644	1728000.0	0.07	0.7486329586464259
Saltmarsh_2_000000001	1814400.0	1	1	0.3462638082169477	0.6925276164338954	0.3872503865485491	0.7745007730970982	1.0	0.5	41994690.19490123	28254338.729651764	28254338.729651764	0.048091844728733665	0.09317984891952515	0.6257407325731981	1814400.0	0.07	0.8109599894148647
Saltmarsh_2_000000001	1900800.0	1	1	0.35490947846392373	0.7098189569278475	0.3969275516497303	0.7938551032994606	1.0	0.5	44293086.30098499	29802596.53410746	29802596.53410746	0.0480754959880338	0.1009374866825035	0.6738162285612319	1900800.0	0.07	0.8732658322153565
Saltmarsh_2_000000001	1987200.0	1	1	0.3631176763727123	0.7262353527454246	0.40611470087455076	0.8122294017491015	1.0	0.5	46532558.98504991	31311117.995148584	31311117.995148584	0.04786310272600487	0.10869248724973805	0.7216793312872367	1987200.0	0.07	0.9352964133482587
Saltmarsh_2_000000001	2073600.0	1	1	0.3709083621436787	0.7418167242873575	0.4148342558803022	0.8296685117606044	1.0	0.5	48709819.660232544	32777696.271888994	32777696.271888994	0.04747525444469837	0.1164132269147466	0.7691545857319352	2073600.0	0.07	0.9968243431085879
Saltmarsh_2_000000001	2160000.0	1	1	0.37830093126446385	0.7566018625289277	0.4231079897878745	0.846215979575749	1.0	0.5	50822378.891640164	34200661.43927856	34200661.43927856	0.04693190395747719	0.12407140323891559	0.8160864896894124	2160000.0	0.07	1.0576480906374786
Saltmarsh_2_000000001	2246400.0	1	1	0.38531416375032856	0.7706283275006571	0.4309569739572975	0.861913947914595	1.0	0.5	52868447.96084367	35578814.43332048	35578814.43332048	0.04625213981859089	0.1316419323480115	0.8623386295080036	2246400.0	0.07	1.1175908638423726
Saltmarsh_2_000000001	2332800.0	1	1	0.3919661907165155	0.783932381433031	0.43840154330046754	0.8768030866009351	1.0	0.5	54846849.681507014	36911367.176016204	36911367.176016204	0.04545402636050036	0.13910280951958065	0.9077926558685039	2332800.0	0.07	1.176499282005581
Saltmarsh_2_000000001	2419200.0	1	1	0.39827447438743646	0.7965489487748729	0.4454612759989273	0.8909225519978546	1.0	0.5	56756937.92998361	38197888.53110291	38197888.53110291	0.04455449868855324	0.14643494396696133	0.9523471545570572	2419200.0	0.07	1.2342419123059463
Saltmarsh_2_000000001	2505600.0	1	1	0.40425579852869026	0.8085115970573805	0.4521549844154632	0.9043099688309264	1.0	0.5	58598525.30573767	39438255.70542965	39438255.70542965	0.04356930184213484	0.15362197668501343	0.995916456399192	2505600.0	0.07	1.290707727493353
Saltmarsh_2_000000001	2592000.0	1	1	0.40992626695372414	0.8198525339074483	0.458500714688327	0.917001429376654	1.0	0.5	60371818.317451045	40632610.69572567	40632610.69572567	0.042512964996622354	0.16065008848200601	1.0384294213958145	2592000.0	0.07	1.3458045301289756
Saltmarsh_2_000000001	2678400.0	1	1	0.4153013082647445	0.830602616529489	0.46451575303361414	0.9290315060672283	1.0	0.5	62077359.49233553	41781321.379979275	41781321.379979275	0.0413988030498432	0.16750780385005318	1.0798282244456574	2678400.0	0.07	1.3994573788815718
Saltmarsh_2_000000001	2764800.0	1	1	0.4203956853780865	0.840791370756173	0.47021663719611284	0.9404332743922257	1.0	0.5	63715975.82178585	42884946.86196022	42884946.86196022	0.04023893921834143	0.17418579509145965	1.1200671636639987	2764800.0	0.07	1.4516070441085422
Saltmarsh_2_000000001	2851200.0	1	1	0.4252235086870769	0.8504470173741538	0.4756191718118119	0.9512383436236238	1.0	0.5	65288732.981259376	43944206.693204224	43944206.693204224	0.03904434337597787	0.18067669009004325	1.1591115070399767	2851200.0	0.07	1.5022085131238099
Saltmarsh_2_000000001	2937600.0	1	1	0.42979825195187565	0.8595965039037513	0.4807384466982703	0.9614768933965406	1.0	0.5	66796894.79268753	44959953.61660794	44959953.61660794	0.037824881816229505	0.18697488626681022	1.1969363888562061	2937600.0	0.07	1.5512295599576433
Saltmarsh_2_000000001	3024000.0	1	1	0.43413277019162	0.86826554038324	0.4855888572885295	0.971177714577059	1.0	0.5	68241887.43132956	45933149.4979234	45933149.4979234	0.03658937492688899	0.193076372562728	1.233525763783095	3024000.0	0.07	1.598649389862891
Saltmarsh_2_000000001	3110400.0	1	1	0.4382393190011152	0.8764786380022304	0.49018412658239996	0.9803682531647999	1.0	0.5	69625267.91400577	46864844.13465756	46864844.13465756	0.035345659948353286	0.19897856072493453	1.2688714237314485	3110400.0	0.07	1.6444573651559573
Saltmarsh_2_000000001	3196800.0	1	1	0.44212957483109344	0.8842591496621869	0.4945373281149625	0.989074656229925	1.0	0.5	70948696.44085196	47756156.65530746	47756156.65530746	0.034100656560125814	0.20468012671641148	1.302972080291574	3196800.0	0.07	1.68865181605788
Saltmarsh_2_000000001	3283200.0	1	1	0.4458146558643301	0.8916293117286602	0.4986609095429876	0.9973218190859752	1.0	0.5	72213912.19726291	48608259.24489521	48608259.24489521	0.03286043351913859	0.21018086270533748	1.3358325138107128	3283200.0	0.07	1.7312389378986839
Saltmarsh_2_000000001	3369600.0	1	1	0.44930514319471004	0.8986102863894201	0.5025667165310249	1.0051334330620498	1.0	0.5	73422712.25596243	49422362.95500313	49422362.95500313	0.03163027497122614	0.2154815398037895	1.367462788781939	3369600.0	0.07	1.7722317742613931
Saltmarsh_2_000000001	3456000.0	1	1	0.45261110207656263	0.9052222041531253	0.5062660166842814	1.0125320333685628	1.0	0.5	74576933.2507771	50199705.37768478	50199705.37768478	0.030414745385355824	0.22058378150306807	1.3978775341672949	3456000.0	0.07	1.811649284280814
Saltmarsh_2_000000001	3542400.0	1	1	0.4557421030602276	0.9114842061204552	0.5097695233282791	1.0195390466565581	1.0	0.5	75678435.52348177	50941539.9825872	50941539.9825872	0.029217752329450675	0.22548994758348534	1.4270952864967454	3542400.0	0.07	1.8495154912997822
Saltmarsh_2_000000001	3628800.0	1	1	0.4587072428692065	0.917414485738413	0.5130874189781596	1.0261748379563191	1.0	0.5	76729089.47290932	51649126.935274586	51649126.935274586	0.028042606525926744	0.23020302815044622	1.4551378930226722	3628800.0	0.07	1.8858587093573833
Saltmarsh_2_000000001	3715200.0	1	1	0.46151516490623334	0.9230303298124667	0.5162293783753436	1.032458756750687	1.0	0.5	77730763.86133909	52323725.232069224	52323725.232069224	0.02689207880233052	0.23472654735801562	1.482029971825003	3715200.0	0.07	1.9207108434852038
Saltmarsh_2_000000001	3801600.0	1	1	0.46417407930159066	0.9283481586031813	0.5192045909976043	1.0384091819952086	1.0	0.5	78685315.85702012	52966586.00272781	52966586.00272781	0.025768453694514026	0.23906447631912503	1.5077984255195167	3801600.0	0.07	1.9541067594732937
Saltmarsh_2_000000001	3888000.0	1	1	0.4666917824381567	0.9333835648763134	0.5220217829717109	1.0440435659434217	1.0	0.5	79594582.61359508	53578946.846985206	53578946.846985206	0.024673579572483423	0.24322115466244262	1.532472005092	3888000.0	0.07	1.9860837185992322
Saltmarsh_2_000000001	3974400.0	1	1	0.469075675904895	0.93815135180979	0.5246892383366096	1.0493784766732193	1.0	0.5	80460374.20725858	54162027.08447733	54162027.08447733	0.023608915247402218	0.24720122017498442	1.5560809203394022	3974400.0	0.07	2.0166808727598653
Saltmarsh_2_000000001	4060800.0	1	1	0.4713327848445241	0.9426655696890482	0.5272148196204418	1.0544296392408836	1.0	0.5	81284467.77079955	54717023.80986168	54717023.80986168	0.022575573086463907	0.2510095459628445	1.5786564934258664	4060800.0	0.07	2.0459388154799227
Saltmarsh_2_000000001	4147200.0	1	1	0.4734697756725083	0.9469395513450166	0.5296059877071626	1.0592119754143252	1.0	0.5	82068602.6803532	55245108.65616187	55245108.65616187	0.021574358714074926	0.2546511845667344	1.6002308521399415	4147200.0	0.07	2.0738991843733645
Saltmarsh_2_000000001	4233600.0	1	1	0.47549297315377465	0.9509859463075493	0.5318698209786531	1.0637396419573062	1.0	0.5	82814476.66583076	55747425.179541305	55747425.179541305	0.020605807416035127	0.2581313184816714	1.6208366595559767	4233600.0	0.07	2.100604310784546
Saltmarsh_2_000000001	4320000.0	1	1	0.47740837683105564	0.9548167536621113	0.5340130337264147	1.0680260674528295	1.0	0.5	83523742.72971907	56225086.787937716	56225086.787937716	0.019670217390705458	0.2614552165489831	1.6405068769466822	4320000.0	0.07	2.1260969125229003
Saltmarsh_2_000000001	4406400.0	1	1	0.4792216768048045	0.958443353609609	0.5360419938335454	1.072083987667091	1.0	0.5	84198006.77135453	56679175.14433644	56679175.14433644	0.018767680009665222	0.26462819571201696	1.6592745569563472	4406400.0	0.07	2.150419825815426
Saltmarsh_2_000000001	4492800.0	1	1	0.4809382688694786	0.9618765377389572	0.5379627397329955	1.075925479465991	1.0	0.5	84838825.8249836	57110738.98299772	57110738.98299772	0.017898107261828555	0.26765558765316005	1.677172664218176	4492800.0	0.07	2.1736157728267558
Saltmarsh_2_000000001	4579200.0	1	1	0.4825632690148486	0.9651265380296972	0.5397809966523184	1.0795619933046368	1.0	0.5	85447706.83002649	57520793.28374873	57520793.28374873	0.017061256560906735	0.2705427098578369	1.6942339207790829	4579200.0	0.07	2.1957271613296916
Saltmarsh_2_000000001	4665600.0	1	1	0.4841015273040337	0.9682030546080674	0.5415021921584537	1.0830043843169075	1.0	0.5	86026105.86105631	57910318.75556856	57910318.75556856	0.01625675309767388	0.2732948406801689	1.7104906738767567	4665600.0	0.07	2.216795913344277
Saltmarsh_2_000000001	4752000.0	1	1	0.4855576411423343	0.9711152822846686	0.5431314710186583	1.0862629420373167	1.0	0.5	86575427.75318229	58280261.58619549	58280261.58619549	0.015484109916726496	0.27591719801425096	1.7259747837934831	4752000.0	0.07	2.236863319796354
Saltmarsh_2_000000001	4838400.0	1	1	0.48693596795274396	0.9738719359054879	0.5446737093956713	1.0893474187913426	1.0	0.5	87097026.06586859	58631533.419424176	58631533.419424176	0.014742745893134623	0.27841492120398625	1.7407175296866173	4838400.0	0.07	2.255969918473856
Saltmarsh_2_000000001	4924800.0	1	1	0.48824063727537315	0.9764812745507463	0.5461335283966613	1.0922670567933226	1.0	0.5	87592203.33480237	58965011.526189394	58965011.526189394	0.014032001778234326	0.28079305585271264	1.7547495314648516	4924800.0	0.07	2.2741553927784475
Saltmarsh_2_000000001	5011200.0	1	1	0.4894755623089845	0.978951124617969	0.5475153069965467	1.0950306139930934	1.0	0.5	88062211.56732349	59281539.13950094	59281539.13950094	0.013351154476347216	0.2830565412211575	1.7681006859411996	5011200.0	0.07	2.291458488979795
Saltmarsh_2_000000001	5097600.0	1	1	0.49064445091349745	0.9812889018269949	0.5488231943569803	1.0976463887139607	1.0	0.5	88508252.94220233	59581925.92684374	59581925.92684374	0.012699429705866905	0.2852101999283518	1.7808001156470665	5097600.0	0.07	2.307916949878598
Saltmarsh_2_000000001	5184000.0	1	1	0.49175081609271476	0.9835016321854295	0.5500611215627054	1.1001222431254107	1.0	0.5	88931480.6792698	59866948.57683002	59866948.57683002	0.012076013189260604	0.2872587296948895	1.792876128836327	5184000.0	0.07	2.32356746297188
Saltmarsh_2_000000001	5270400.0	1	1	0.49279798597671004	0.9855959719534201	0.5512328127971733	1.1024656255943466	1.0	0.5	89333000.04861136	60137351.47972313	60137351.47972313	0.011480060507382317	0.28920669689123335	1.804356189343709	5270400.0	0.07	2.3384456213894467
Saltmarsh_2_000000001	5356800.0	1	1	0.4937891133233285	0.987578226646657	0.552341795979309	1.104683591958618	1.0	0.5	89713869.49279141	60393847.48397784	60393847.48397784	0.010910705744282712	0.29105853167560647	1.8152668950879915	5356800.0	0.07	2.352585896034037
Saltmarsh_2_000000001	5443200.0	1	1	0.49472718455812487	0.9894543691162497	0.5533914128831483	1.1067828257662966	1.0	0.5	90075101.83891927	60637118.71319299	60637118.71319299	0.010367069039595167	0.2928185245263698	1.825633964127587	5443200.0	0.07	2.366021617509353
Saltmarsh_2_000000001	5529600.0	1	1	0.4956150283718233	0.9912300567436466	0.5543848287617903	1.1087696575235806	1.0	0.5	90417665.58034159	60867817.42987414	60867817.42987414	0.00984826315670656	0.29449082399266413	1.8354822272842939	5529600.0	0.07	2.378784966560445
Saltmarsh_2_000000001	5616000.0	1	1	0.49645532389405234	0.9929106477881047	0.555325041496725	1.11065008299345	1.0	0.5	90742486.21039252	61086566.934183374	61086566.934183374	0.009353399166360132	0.29607943550455673	1.8448356264506538	5616000.0	0.07	2.3909069718800473
Saltmarsh_2_000000001	5702400.0	1	1	0.4972506084617073	0.9945012169234146	0.5562148902931362	1.1124297805862724	1.0	0.5	91050447.59297928	61293962.487433925	61293962.487433925	0.008881591337166372	0.29758822110000327	1.8537172177878203	5702400.0	0.07	2.402417514253015
Saltmarsh_2_000000001	5788800.0	1	1	0.4980032849998353	0.9960065699996706	0.5570570639412589	1.1141141278825177	1.0	0.5	91342393.35686325	61490572.25148726	61490572.25148726	0.00843196131674434	0.299020899940692	1.8621491791045641	5788800.0	0.07	2.413345336119515
Saltmarsh_2_000000001	5875200.0	1	1	0.49871562903243805	0.9974312580648761	0.557854108663307	1.115708217326614	1.0	0.5	91619128.3023395	61676938.23645131	61676938.23645131	0.008003641679914242	0.30038104950234235	1.8701528207844782	5875200.0	0.07	2.4237180557366838
Saltmarsh_2_000000001	5961600.0	1	1	0.4993897953400596	0.9987795906801192	0.5586084355648843	1.1172168711297685	1.0	0.5	91881419.81064832	61853577.250175916	61853577.250175916	0.007595778913520368	0.3016721073373592	1.8777485996979988	5961600.0	0.07	2.4335621852086065
Saltmarsh_2_000000001	6048000.0	1	1	0.5000278242804742	1.0000556485609484	0.559322327709172	1.118644655418344	1.0	0.5	92129999.24789156	62020981.84400943	62020981.84400943	0.007207535901082585	0.30289737331896455	1.8849561355990816	6048000.0	0.07	2.44290315173641
Saltmarsh_2_000000001	6134400.0	1	1	0.5006316477882227	1.0012632955764453	0.5599979468315481	1.1199958936630963	1.0	0.5	92365563.35649633	62179621.25013555	62179621.25013555	0.006838093964552594	0.30406001228612517	1.8917942295636343	6134400.0	0.07	2.45176532151447
Saltmarsh_2_000000001	6220800.0	1	1	0.5012030950681758	1.0024061901363517	0.5606373397116471	1.1212746794232942	1.0	0.5	92588775.62838572	62329942.30656134	62329942.30656134	0.006486654514972323	0.3051630570178344	1.8982808840786063	6220800.0	0.07	2.460172025765874
Saltmarsh_2_000000001	6307200.0	1	1	0.5017438979977262	1.0034877959954525	0.5612424442192244	1.1224848884384488	1.0	0.5	92800267.65499887	62472370.366487965	62472370.366487965	0.006152440358780709	0.3062094114736591	1.904433324437387	6307200.0	0.07	2.4681455884708536
Saltmarsh_2_000000001	6393600.0	1	1	0.5022556962516366	1.0045113925032731	0.5618150950495434	1.1236301900990868	1.0	0.5	93000640.45016333	62607310.18937572	62607310.18937572	0.005834696701873032	0.30720185424500557	1.9102680211392598	6393600.0	0.07	2.4757073553964806
Saltmarsh_2_000000001	6480000.0	1	1	0.502740042163007	1.005480084326014	0.5623570291633662	1.1247140583267323	1.0	0.5	93190465.74257728	62735146.8115222	62735146.8115222	0.0055326918892623644	0.30814304216834865	1.9158007130285228	6480000.0	0.07	2.4828777240849655
Saltmarsh_2_000000001	6566400.0	1	1	0.5031984053332638	1.0063968106665275	0.5628698909460009	1.1257397818920019	1.0	0.5	93370287.23531751	62856246.39441603	62856246.39441603	0.005245717914304726	0.3090355140577754	1.921046430942827	6566400.0	0.07	2.489676174501904
Saltmarsh_2_000000001	6652800.0	1	1	0.503632177003523	1.007264354007046	0.5633552370992445	1.126710474198489	1.0	0.5	93540621.83036236	62970957.049513474	62970957.049513474	0.004973090727897089	0.3098816945196703	1.9260195216707245	6652800.0	0.07	2.4961213000852593
Saltmarsh_2_000000001	6739200.0	1	1	0.5040426741991479	1.0080853483982959	0.5638145412794547	1.1276290825589095	1.0	0.5	93701960.81661825	63079609.63842242	63079609.63842242	0.004714150374833526	0.31068389781727856	1.930733672045558	6739200.0	0.07	2.5022308389710433
Saltmarsh_2_000000001	6825600.0	1	1	0.504431143658796	1.008862287317592	0.5642491984944051	1.1284983969888103	1.0	0.5	93854771.02036792	63182518.5477668	63182518.5477668	0.004468260981571492	0.3114443317572625	1.9352019330271293	6825600.0	0.07	2.5080217052031597
Saltmarsh_2_000000001	6912000.0	1	1	0.5047987655587457	1.0095975311174914	0.564660529271002	1.129321058542004	1.0	0.5	93999495.91743378	63279982.43825653	63279982.43825653	0.004234810616996043	0.3121651015742866	1.9394367436441247	6912000.0	0.07	2.5135100197627858
Saltmarsh_2_000000001	6998400.0	1	1	0.5051466570427996	1.0102933140855992	0.5650497836053971	1.1300995672107943	1.0	0.5	94136556.70666748	63372284.967702776	63372284.967702776	0.0040132110453724446	0.3128482137931414	1.943449954689497	6998400.0	0.07	2.518711141277588
Saltmarsh_2_000000001	7084800.0	1	1	0.5054758755675883	1.0109517511351767	0.5654181447064932	1.1308362894129864	1.0	0.5	94266353.34465173	63459695.48790311	63459695.48790311	0.003802897388498372	0.3134955800510172	1.9472528520779955	7084800.0	0.07	2.5236396962930825
Saltmarsh_2_000000001	7171200.0	1	1	0.5057874220726395	1.011574844145279	0.5657667325433265	1.131533465086653	1.0	0.5	94389265.541734	63542469.71547759	63542469.71547759	0.0036033277121089724	0.314109020865279	1.9508561797901047	7171200.0	0.07	2.5283096090079757
Saltmarsh_2_000000001	7257600.0	1	1	0.5060822439841333	1.0121644879682665	0.5660966072063183	1.1321932144126365	1.0	0.5	94505653.71970835	63620850.37686969	63620850.37686969	0.003413982549822392	0.3146902693345261	1.9542701623399272	7257600.0	0.07	2.5327341303925457
Saltmarsh_2_000000001	7344000.0	1	1	0.5063612380608445	1.012722476121689	0.5664087720919061	1.1328175441838122	1.0	0.5	94615859.9316273	63695067.827838056	63695067.827838056	0.0032343643763314	0.3152409747628589	1.9575045267162583	7344000.0	0.07	2.5369258666242707
Saltmarsh_2_000000001	7430400.0	1	1	0.5066252530903592	1.0132505061807184	0.5667041769196137	1.1334083538392274	1.0	0.5	94720208.74436395	63765340.64785666	63765340.64785666	0.003063997040115729	0.3157627061991676	1.9605685237563741	7430400.0	0.07	2.5408968067882607
Saltmarsh_2_000000001	7516800.0	1	1	0.5068750924432643	1.0137501848865287	0.5669837205901739	1.1339674411803478	1.0	0.5	94819008.08465767	63831876.2099185	63831876.2099185	0.002902425164680311	0.3162569558849122	1.9634709489210542	7516800.0	0.07	2.5446583498016864
Saltmarsh_2_000000001	7603200.0	1	1	0.507111516492633	1.014223032985266	0.5672482538929031	1.1344965077858062	1.0	0.5	94912550.04946956	63894871.226298936	63894871.226298936	0.0027492135261780737	0.3167251426053166	1.9662201624472324	7603200.0	0.07	2.548221330531613
Saltmarsh_2_000000001	7689600.0	1	1	0.5073352449057673	1.0146704898115346	0.5674985820701215	1.134997164140243	1.0	0.5	95001111.68154672	63954512.27088589	63954512.27088589	0.0026039464142613156	0.3171686149401681	1.9688241088614937	7689600.0	0.07	2.551596045084496
Saltmarsh_2_000000001	7776000.0	1	1	0.5075469588148189	1.0150939176296379	0.5677354672460252	1.1354709344920504	1.0	0.5	95084955.71115276	64010976.27872079	64010976.27872079	0.0024662269820870386	0.3175886544115169	1.971290335843581	7776000.0	0.07	2.554792275253281
Saltmarsh_2_000000001	7862400.0	1	1	0.5077473028725755	1.015494605745151	0.5679596307270531	1.1359192614541063	1.0	0.5	95164331.26496482	64064431.02342519	64064431.02342519	0.0023356765906009658	0.317986478526525	1.9736260124341811	7862400.0	0.07	2.557819312114699
Saltmarsh_2_000000001	7948800.0	1	1	0.5079368871993902	1.0158737743987805	0.5681717551804356	1.1363435103608712	1.0	0.5	95239474.54316907	64115035.5732079	64115035.5732079	0.0022119341514966195	0.3183632437145429	1.9758379465856775	7948800.0	0.07	2.5606859787750382
Saltmarsh_2_000000001	8035200.0	1	1	0.5081162892269288	1.0162325784538575	0.5683724866972776	1.1367449733945552	1.0	0.5	95310609.46580705	64162940.72616203	64162940.72616203	0.002094655472610396	0.31872004815819976	1.9779326020582877	8035200.0	0.07	2.563400652267541
Saltmarsh_2_000000001	8121600.0	1	1	0.5082860554441246	1.0165721108882493	0.5685624367462081	1.1371248734924162	1.0	0.5	95377948.2894373	64208289.42556856	64208289.42556856	0.001983512608942861	0.3190579345188999	1.9799161146672306	8121600.0	0.07	2.565971284608731
Saltmarsh_2_000000001	8208000.0	1	1	0.5084467030504587	1.0168934061009174	0.5687421840233242	1.1374843680466484	1.0	0.5	95441692.19518061	64251217.1559267	64251217.1559267	0.001878193222000113	0.3193778925576334	1.9817943078892308	8208000.0	0.07	2.5684054230244433
Saltmarsh_2_000000001	8294400.0	1	1	0.5085987215214199	1.0171974430428399	0.5689122762038629	1.1378245524077257	1.0	0.5	95502031.84921493	64291852.32042868	64291852.32042868	0.0017783999497009706	0.3196808616524424	1.9835727078389316	8294400.0	0.07	2.5707102293592556
Saltmarsh_2_000000001	8380800.0	1	1	0.5087425740907571	1.0174851481815141	0.5690732316007611	1.1381464632015221	1.0	0.5	95559147.93677697	64330316.60059161	64330316.60059161	0.0016838497887093906	0.31996773321424865	1.9852565576276415	8380800.0	0.07	2.5728924986854236
Saltmarsh_2_000000001	8467200.0	1	1	0.508878699153893	1.017757398307786	0.5692255407349971	1.1384510814699942	1.0	0.5	95613211.67071669	64366725.298750155	64366725.298750155	0.001594273490705067	0.32023935300304573	1.9868508311183464	8467200.0	0.07	2.574958677129377
Saltmarsh_2_000000001	8553600.0	1	1	0.5090075115966527	1.0180150231933054	0.569369667822357	1.138739335644714	1.0	0.5	95664385.27563135	64401187.66410293	64401187.66410293	0.0015094149738115181	0.32049652334670314	1.988360246092158	8553600.0	0.07	2.576914878935437
Saltmarsh_2_000000001	8640000.0	1	1	0.5091294040532384	1.0182588081064767	0.5695060521810297	1.1390121043620594	1.0	0.5	95712822.44858907	64433807.20299163	64433807.20299163	0.001429030750127458	0.3207400052648307	1.9897892768422853	8640000.0	0.07	2.578766902787602
Saltmarsh_2_000000001	8726400.0	1	1	0.5092447480971848	1.0184894961943696	0.5696351095642079	1.1392702191284159	1.0	0.5	95758668.7974265	64464681.97407676	64464681.97407676	0.0013528893700869848	0.32097052050029684	1.9911421662123723	8726400.0	0.07	2.5805202474112345
Saltmarsh_2_000000001	8812800.0	1	1	0.5093538953688344	1.0187077907376687	0.5697572334216555	1.139514466843311	1.0	0.5	95802062.2575828	64493904.86905813	64493904.86905813	0.001280770884172333	0.32118875346111836	1.9924229370965447	8812800.0	0.07	2.5821801264771223
Saltmarsh_2_000000001	8899200.0	1	1	0.5094571786426864	1.0189143572853727	0.5698727960939961	1.1397455921879922	1.0	0.5	95843133.48840453	64521563.87956911	64521563.87956911	0.001212466322326411	0.32139535307551914	1.9936354034188708	8899200.0	0.07	2.5837514828308565
Saltmarsh_2_000000001	8985600.0	1	1	0.5095549128378035	1.019109825675607	0.569982149943284	1.139964299886568	1.0	0.5	95882006.2498291	64547742.35085653	64547742.35085653	0.001147777191268684	0.32159093456301396	1.9947831806101393	8985600.0	0.07	2.5852390020707405
Saltmarsh_2_000000001	9072000.0	1	1	0.5096473959742897	1.0192947919485793	0.5700856284232311	1.1401712568464621	1.0	0.5	95918797.76032646	64572519.22283824	64572519.22283824	0.0010865149897863469	0.32177608112440487	1.9958696955999256	9072000.0	0.07	2.5866471254975036
Saltmarsh_2_000000001	9158400.0	1	1	0.5097349100786985	1.019469820157397	0.570183547092289	1.140367094184578	1.0	0.5	95953619.03694849	64595969.259110995	64595969.259110995	0.0010285007419656989	0.3219513455535893	1.9968981963418915	9158400.0	0.07	2.587980062459091
Saltmarsh_2_000000001	9244800.0	1	1	0.5098177220410816	1.0196354440821631	0.570276204572618	1.140552409145236	1.0	0.5	95986575.21830806	64618163.26446165	64618163.26446165	0.0009735645482333299	0.3221172517740749	1.9978717608901255	9244800.0	0.07	2.589241802113603
Saltmarsh_2_000000001	9331200.0	1	1	0.5098960844262422	1.0197921688524845	0.5703638834578147	1.1407277669156295	1.0	0.5	96017765.87127854	64639168.291414686	64639168.291414686	0.0009215451540003361	0.3222742963030731	1.998793306044126	9331200.0	0.07	2.5904361246331873
Saltmarsh_2_000000001	9417600.0	1	1	0.5099702362416303	1.0199404724832606	0.5704468511721227	1.1408937023442454	1.0	0.5	96047285.28217608	64659047.8363296	64659047.8363296	0.0008722895356372828	0.32242294964601076	1.9996655955797638	9417600.0	0.07	2.591566611871374
Saltmarsh_2_000000001	9504000.0	1	1	0.5100404036641795	1.020080807328359	0.570525360783702	1.141050721567404	1.0	0.5	96075222.73315811	64677862.025541544	64677862.025541544	0.0008256525034506801	0.32256365762425704	2.0004912480832147	9504000.0	0.07	2.5926366575158464
Saltmarsh_2_000000001	9590400.0	1	1	0.5101068007282737	1.0202136014565475	0.570599651774405	1.14119930354881	1.0	0.5	96101662.76454118	64695667.79201961	64695667.79201961	0.0007814963212924297	0.32269684263880566	2.001272744404507	9590400.0	0.07	2.5936494767482414
Saltmarsh_2_000000001	9676800.0	1	1	0.5101696299769101	1.0203392599538201	0.5706699507683702	1.1413399015367405	1.0	0.5	96126685.42371503	64712519.042997696	64712519.042997696	0.0007396903423906864	0.3228229048725978	2.0020124347468977	9676800.0	0.07	2.5946081154319796
Saltmarsh_2_000000001	9763200.0	1	1	0.510229083078018	1.020458166156036	0.5707364722216295	1.141472944443259	1.0	0.5	96150366.50129963	64728466.819014475	64728466.819014475	0.0007001106609719754	0.3229422234341004	2.00271254540787	9763200.0	0.07	2.5955154588485994
Saltmarsh_2_000000001	9849600.0	1	1	0.5102853414077917	1.0205706828155834	0.5707994190748042	1.1415988381496085	1.0	0.5	96172777.7551669	64743559.44478022	64743559.44478022	0.0006626397792121597	0.323055157444689	2.0033751851870814	9849600.0	0.07	2.5963742400024574
Saltmarsh_2_000000001	9936000.0	1	1	0.5103385766027941	1.0206771532055883	0.5708589833708598	1.1417179667417197	1.0	0.5	96193987.12291999	64757842.67227082	64757842.67227082	0.0006271662890481866	0.3231620470723059	2.00400235147613	9936000.0	0.07	2.597187047513064
Saltmarsh_2_000000001	10022400.0	1	1	0.5103889510824972	1.0207779021649943	0.5709153468397795	1.141830693679559	1.0	0.5	96214058.92339946	64771359.81643155	64771359.81643155	0.0005935845683650021	0.32326321451379275	2.004595936044495	10022400.0	0.07	2.5979563331136655
Saltmarsh_2_000000001	10108800.0	1	1	0.5104366185438362	1.0208732370876723	0.5709686814519249	1.1419373629038498	1.0	0.5	96233054.04775876	64784151.88385611	64784151.88385611	0.0005617944910663031	0.32335896492821425	2.0051577305355615	10108800.0	0.07	2.598684418774088
Saltmarsh_2_000000001	10195200.0	1	1	0.5104817244292721	1.0209634488585442	0.5710191499417536	1.1420382998835072	1.0	0.5	96251030.14062795	64796257.694790944	64796257.694790944	0.0005317011505399649	0.3234495873234148	2.0056894316861014	10195200.0	0.07	2.5993735034651877
Saltmarsh_2_000000001	10281600.0	1	1	0.5105244063697757	1.0210488127395514	0.5710669063034762	1.1421338126069525	1.0	0.5	96268041.77186117	64807713.99879786	64807713.99879786	0.0005032145960223167	0.323535355397967	2.0061926462821242	10281600.0	0.07	2.600025669581633
Saltmarsh_2_000000001	10368000.0	1	1	0.5105647946040737	1.0211295892081473	0.5711120962601522	1.1422241925203045	1.0	0.5	96284140.59934035	64818555.58439328	64818555.58439328	0.00047624958137248985	0.3236165283405939	2.006668895863496	10368000.0	0.07	2.600642889039091
Saltmarsh_2_000000001	10454400.0	1	1	0.5106030123754247	1.0212060247508494	0.5711548577076444	1.1423097154152888	1.0	0.5	96299375.52328527	64828815.382967934	64828815.382967934	0.00045072532577411506	0.32369335158906554	2.00711962118927	10454400.0	0.07	2.601227029061294
Saltmarsh_2_000000001	10540800.0	1	1	0.5106391763071269	1.0212783526142537	0.5711953211347746	1.1423906422695491	1.0	0.5	96313792.83250086	64838524.56727628	64838524.56727628	0.00042656528588563836	0.32376605755049576	2.007546186475156	10540800.0	0.07	2.601779857671802
Saltmarsh_2_000000001	10627200.0	1	1	0.5106733967578928	1.0213467935157856	0.5712336100209534	1.1424672200419068	1.0	0.5	96327436.34296955	64847712.64477076	64847712.64477076	0.0004036969389701883	0.3238348662848836	2.007949883414126	10627200.0	0.07	2.602303048904707
Saltmarsh_2_000000001	10713600.0	1	1	0.510705778158171	1.021411556316342	0.5712698412124905	1.142539682424981	1.0	0.5	96340347.52917968	64856407.54604417	64856407.54604417	0.00038205157654830346	0.32389998615367255	2.0083319349906743	10713600.0	0.07	2.602798187747914
Saltmarsh_2_000000001	10800000.0	1	1	0.5107364193284295	1.021472838656859	0.5713041252787223	1.1426082505574446	1.0	0.5	96352565.64856048	64864635.70862974	64864635.70862974	0.00036156410812504536	0.3239616144350237	2.008693499098799	10800000.0	0.07	2.6032667748320435
Saltmarsh_2_000000001	10886400.0	1	1	0.5107654137803711	1.0215308275607422	0.5713365668490412	1.1426731336980824	1.0	0.5	96364127.85937703	64872422.15639666	64872422.15639666	0.00034217287455495793	0.32401993790742833	2.0090356719733538	10886400.0	0.07	2.6037102308774664
Saltmarsh_2_000000001	10972800.0	1	1	0.5107928500019898	1.0215857000039796	0.5713672649318454	1.1427345298636908	1.0	0.5	96375069.33242111	64879790.574767634	64879790.574767634	0.00032381947062282146	0.32407513340321537	2.0093594914439765	10972800.0	0.07	2.6041299009113934
Saltmarsh_2_000000001	11059200.0	1	1	0.5108188117273367	1.0216376234546733	0.571396313216379	1.142792626432758	1.0	0.5	96385423.35681786	64886763.38197369	64886763.38197369	0.0003064485764303071	0.32412736833343814	2.0096659400204064	11059200.0	0.07	2.604527058266447
Saltmarsh_2_000000001	11145600.0	1	1	0.5108433781918117	1.0216867563836234	0.5714238003583775	1.142847600716755	1.0	0.5	96395221.44025144	64893361.79655044	64893361.79655044	0.0002900077971884629	0.32417680118556375	2.0099559478175957	11145600.0	0.07	2.604902908371604
Saltmarsh_2_000000001	11232000.0	1	1	0.5108666243737578	1.0217332487475157	0.571449810250387	1.142899620500774	1.0	0.5	96404493.40389952	64899605.901270986	64899605.901270986	0.0002744475110359468	0.324223581995319	2.0102303953286316	11232000.0	0.07	2.6052585923459066
Saltmarsh_2_000000001	11318400.0	1	1	0.5108886212230914	1.0217772424461828	0.5714744222775776	1.1429488445551552	1.0	0.5	96413267.4723499	64905514.70369962	64905514.70369962	0.00025972072451091455	0.3242678527939872	2.010490116053142	11318400.0	0.07	2.6055951904048724
Saltmarsh_2_000000001	11404800.0	1	1	0.5109094358776617	1.0218188717553234	0.5714977115598279	1.1429954231196557	1.0	0.5	96421570.35876098	64911106.19354258	64911106.19354258	0.0002457829353197938	0.3243097480323931	2.0107358989884614	11404800.0	0.07	2.6059137250890463
Saltmarsh_2_000000001	11491200.0	1	1	0.5109291318679998	1.0218582637359996	0.571519749180817	1.143039498361634	1.0	0.5	96429427.34551328	64916397.396962166	64916397.396962166	0.00023259200206093844	0.3243493949827499	2.010968490990522	11491200.0	0.07	2.6062151643237166
Saltmarsh_2_000000001	11577600.0	1	1	0.5109477693110768	1.0218955386221535	0.5715406024048201	1.1430812048096402	1.0	0.5	96436862.3605873	64921404.42801273	64921404.42801273	0.00022010802057170764	0.32438691411949194	2.011188599011094	11577600.0	0.07	2.606500424318378
Saltmarsh_2_000000001	11664000.0	1	1	0.5109654050936611	1.0219308101873221	0.5715603348818659	1.1431206697637317	1.0	0.5	96443898.04989086	64926142.53734901	64926142.53734901	0.00020829320658427575	0.32442241948016076	2.0113968922176784	11664000.0	0.07	2.6067703723141116
Saltmarsh_2_000000001	11750400.0	1	1	0.5109820930458336	1.0219641860916673	0.5715790068418819	1.1431580136837638	1.0	0.5	96450555.84574828	64930626.15834965	64930626.15834965	0.0001971117843851955	0.32445601900736304	2.0115940040020637	11750400.0	0.07	2.6070258291866746
Saltmarsh_2_000000001	11836800.0	1	1	0.5109978841051873	1.0219957682103746	0.5715966752784158	1.1431933505568317	1.0	0.5	96456856.03175227	64934868.95079101	64934868.95079101	0.0001865298811870031	0.32448781487276807	2.011780533883251	11836800.0	0.07	2.607267571912693
Saltmarsh_2_000000001	11923200.0	1	1	0.51101282647221	1.02202565294442	0.5716133941224937	1.1432267882449874	1.0	0.5	96462817.80416937	64938883.842200264	64938883.842200264	0.00017651542693480904	0.32451790378406653	2.011957049310185	11923200.0	0.07	2.6074963359059997
Saltmarsh_2_000000001	12009600.0	1	1	0.5110269657573261	1.0220539315146522	0.5716292144071423	1.1432584288142846	1.0	0.5	96468459.3300803	64942683.06700952	64942683.06700952	0.00016703805928081072	0.3245463772757668	2.0121240873694664	12009600.0	0.07	2.6077128172308286
Saltmarsh_2_000000001	12096000.0	1	1	0.5110403451200408	1.0220806902400816	0.5716441844230785	1.143288368846157	1.0	0.5	96473797.80242696	64946278.203626655	64946278.203626655	0.00015806903346948786	0.3245733219846638	2.012282156402936	12096000.0	0.07	2.607917674698205
Saltmarsh_2_000000001	12182400.0	1	1	0.5110530054006145	1.022106010801229	0.5716583498660373	1.1433166997320745	1.0	0.5	96478849.49212883	64949680.209532715	64949680.209532715	0.0001495811368936728	0.3245988199107699	2.012431737539829	12182400.0	0.07	2.6081115318516184
Saltmarsh_2_000000001	12268800.0	1	1	0.5110649852446646	1.0221299704893292	0.5716717539761886	1.1433435079523773	1.0	0.5	96483629.7974236	64952899.454509914	64952899.454509914	0.00014154860808479608	0.3246229486644648	2.012573286147915	12268800.0	0.07	2.608294978847698
Saltmarsh_2_000000001	12355200.0	1	1	0.5110763212210764	1.0221526424421528	0.571684437670067	1.143368875340134	1.0	0.5	96488153.29057862	64955945.75209903	64955945.75209903	0.0001339470599183712	0.3246457817005768	2.0127072332078333	12355200.0	0.07	2.608468574237352
Saltmarsh_2_000000001	12441600.0	1	1	0.5110870479335816	1.0221740958671632	0.5716964396654156	1.1433928793308312	1.0	0.5	96492433.76211156	64958828.389379404	64958828.389379404	0.00012675340682127834	0.32466738854007576	2.0128339866146536	12441600.0	0.07	2.608632846652591
Saltmarsh_2_000000001	12528000.0	1	1	0.5110971981263439	1.0221943962526878	0.5717077965993251	1.1434155931986503	1.0	0.5	96496484.26265304	64961556.1551608	64961556.1551608	0.00011994579577817577	0.32468783498002585	2.0129539324104315	12528000.0	0.07	2.6087882964039193
Saltmarsh_2_000000001	12614400.0	1	1	0.5111068027838733	1.0222136055677467	0.5717185431400276	1.1434370862800551	1.0	0.5	96500317.14257489	64964137.36667099	64964137.36667099	0.00011350354094713522	0.32470718329240783	2.0130674359513785	12614400.0	0.07	2.6089353969929867
Saltmarsh_2_000000001	12700800.0	1	1	0.5111158912255743	1.0222317824511487	0.5717287120926847	1.1434574241853694	1.0	0.5	96503944.08950336	64966579.89481839	64966579.89481839	0.00010740706169820591	0.32472549241239373	2.0131748430130765	12700800.0	0.07	2.609074596544947
Saltmarsh_2_000000001	12787200.0	1	1	0.5111244911952149	1.0222489823904297	0.571738334499495	1.14347666899899	1.0	0.5	96507376.16382904	64968891.18810593	64968891.18810593	0.00010163782390193443	0.32474281811662775	2.0132764808369785	12787200.0	0.07	2.609206319164724
Saltmarsh_2_000000001	12873600.0	1	1	0.5111326289455901	1.0222652578911802	0.5717474397344222	1.1434948794688444	1.0	0.5	96510623.83231969	64971078.29526753	64971078.29526753	9.61782843016401e-05	0.324759213192036	2.01337265912128	12873600.0	0.07	2.609330966221179
Saltmarsh_2_000000001	12960000.0	1	1	0.5111403293186376	1.0222806586372752	0.5717560555928365	1.143512111185673	1.0	0.5	96513696.99993719	64973147.88669457	64973147.88669457	9.101183781007327e-05	0.3247747275956628	2.0134636709590903	12960000.0	0.07	2.609448917562981
Saltmarsh_2_000000001	13046400.0	1	1	0.5111476158212489	1.0222952316424978	0.5717642083763386	1.1435284167526771	1.0	0.5	96516605.03995344	64975106.27471739	64975106.27471739	8.61227675812426e-05	0.3247894086060057	2.0135497937266713	13046400.0	0.07	2.609560532669766
Saltmarsh_2_000000001	13132800.0	1	1	0.5111545106970087	1.0223090213940174	0.5717719229730285	1.143543845946057	1.0	0.5	96519356.82245623	64976959.43280214	64976959.43280214	8.149619771380401e-05	0.3248033009662969	2.0136312899243847	13132800.0	0.07	2.6096661517420023
Saltmarsh_2_000000001	13219200.0	1	1	0.5111610349940795	1.022322069988159	0.571779222933461	1.143558445866922	1.0	0.5	96521960.74133013	64978713.01372095	64978713.01372095	7.711804845017545e-05	0.3248164470201546	2.013708407972835	13219200.0	0.07	2.609766096732794
Saltmarsh_2_000000001	13305600.0	1	1	0.5111672086294398	1.0223344172588795	0.5717861305425207	1.1435722610850414	1.0	0.5	96524424.73979437	64980372.36675	64980372.36675	7.297499374159244e-05	0.32482888684000844	2.0137813829665765	13305600.0	0.07	2.6098606723246833
Saltmarsh_2_000000001	13392000.0	1	1	0.5111730504496703	1.0223461008993406	0.5717926668874361	1.1435853337748723	1.0	0.5	96526756.33457369	64981942.55394724	64981942.55394724	6.905442105725745e-05	0.3248406583486789	2.013850437387633	13392000.0	0.07	2.6099501668543725
Saltmarsh_2_000000001	13478400.0	1	1	0.5111785782884756	1.0223571565769511	0.5717988519221388	1.1435977038442775	1.0	0.5	96528962.63877557	64983428.36555886	64983428.36555886	6.534439332006592e-05	0.32485179743447423	2.0139157817809528	13478400.0	0.07	2.610034853188115
Saltmarsh_2_000000001	13564800.0	1	1	0.5111838090211134	1.0223676180422268	0.5718047045281649	1.1436094090563298	1.0	0.5	96531050.38354301	64984834.33460099	64984834.33460099	6.183361285760913e-05	0.32486233806014736	2.0139776153938103	13564800.0	0.07	2.6101149895503784
Saltmarsh_2_000000001	13651200.0	1	1	0.5111887586159013	1.0223775172318026	0.571810242572285	1.14362048514457	1.0	0.5	96533025.93854724	64986164.750660434	64986164.750660434	5.8511387265092196e-05	0.3248723123660371	2.0140361267810754	13651200.0	0.07	2.6101908203082735
Saltmarsh_2_000000001	13737600.0	1	1	0.5111934421829548	1.0223868843659096	0.5718154829610365	1.143630965922073	1.0	0.5	96534895.33138318	64987423.67295634	64987423.67295634	5.536759707858163e-05	0.32488175076770315	2.014091494378154	13737600.0	0.07	2.6102625767140877
Saltmarsh_2_000000001	13824000.0	1	1	0.5111978740203073	1.0223957480406145	0.5718204416923269	1.1436408833846539	1.0	0.5	96536664.26592602	64988614.94270222	64988614.94270222	5.2392665164324725e-05	0.32489068204834676	2.0141438870433186	13824000.0	0.07	2.610330477608141
Saltmarsh_2_000000001	13910400.0	1	1	0.511202067657551	1.022404135315102	0.5718251339042639	1.1436502678085279	1.0	0.5	96538338.13970391	64989742.19480533	64989742.19480533	4.957752773337987e-05	0.3248991334462933	2.0141934645710515	13910400.0	0.07	2.610394730084083
Saltmarsh_2_000000001	13996800.0	1	1	0.5112060358971349	1.0224120717942697	0.5718295739213618	1.1436591478427236	1.0	0.5	96539922.0603399	64990808.868939534	64990808.868939534	4.691360689879076e-05	0.32490713073779887	2.0142403781779503	13996800.0	0.07	2.6104555301186236
Saltmarsh_2_000000001	14083200.0	1	1	0.5112097908534408	1.0224195817068815	0.5718337752982647	1.1436675505965295	1.0	0.5	96541420.8611127	64991818.22002434	64991818.22002434	4.4392784690372444e-05	0.32491469831543135	2.014284770962641	14083200.0	0.07	2.6105130631675824
Saltmarsh_2_000000001	14169600.0	1	1	0.5112133439897621	1.0224266879795243	0.5718377508611209	1.1436755017222417	1.0	0.5	96542839.11568306	64992773.32814232	64992773.32814232	4.2007378453223776e-05	0.3249218592622584	2.014326778341094	14169600.0	0.07	2.610567504730058
Saltmarsh_2_000000001	14256000.0	1	1	0.5112167061532946	1.0224334123065892	0.5718415127467337	1.1436830254934673	1.0	0.5	96544181.15203086	64993677.10792482	64993677.10792482	3.975011755624758e-05	0.32492863542206785	2.0143665284586505	14256000.0	0.07	2.610619020882411
Saltmarsh_2_000000001	14342400.0	1	1	0.5112198876082463	1.0224397752164927	0.5718450724396082	1.1436901448792165	1.0	0.5	96545451.0656447	64994532.31743449	64994532.31743449	3.7614121341733586e-05	0.32493504746583074	2.0144041425799926	14342400.0	0.07	2.6106677687836704
Saltmarsh_2_000000001	14428800.0	1	1	0.5112228980671694	1.0224457961343387	0.5718484408070079	1.1436968816140158	1.0	0.5	96546652.73200426	64995341.566571295	64995341.566571295	3.5592878248946747e-05	0.32494111495460754	2.0144397354582417	14428800.0	0.07	2.6107138971538815
Saltmarsh_2_000000001	14515200.0	1	1	0.5112257467206075	1.022451493441215	0.5718516281321268	1.1437032562642535	1.0	0.5	96547789.81839328	64996107.32502788	64996107.32502788	3.3680226052990037e-05	0.32494685639908644	2.014473415684295	14515200.0	0.07	2.610757546726847
Saltmarsh_2_000000001	14601600.0	1	1	0.5112284422651503	1.0224568845303006	0.571854644145479	1.143709288290958	1.0	0.5	96548865.79507865	64996831.92981802	64996831.92981802	3.187033315527055e-05	0.32495228931593484	2.0145052860174504	14601600.0	0.07	2.610798850678616
Saltmarsh_2_000000001	14688000.0	1	1	0.5112309929299803	1.0224619858599606	0.5718574980546024	1.1437149961092048	1.0	0.5	96549883.94589008	64997517.592401266	64997517.592401266	3.015768087460957e-05	0.3249574302811317	2.0145354436983247	14688000.0	0.07	2.610837935033029
Saltmarsh_2_000000001	14774400.0	1	1	0.5112334065019931	1.0224668130039862	0.5718601985721649	1.1437203971443297	1.0	0.5	96550847.37823193	64998166.40542548	64998166.40542548	2.8537046683096978e-05	0.3249622949804443	2.0145639807450073	14774400.0	0.07	2.6108749190455294
Saltmarsh_2_000000001	14860800.0	1	1	0.5112356903495675	1.022471380699135	0.5718627539425606	1.1437255078851212	1.0	0.5	96551759.03255785	64998780.349107414	64998780.349107414	2.7003488336840853e-05	0.32496689825720027	2.0145909842333447	14860800.0	0.07	2.610909915566415
Saltmarsh_2_000000001	14947200.0	1	1	0.5112378514450585	1.022475702890117	0.5718651719670773	1.1437303439341546	1.0	0.5	96552621.69133723	64999361.29727093	64999361.29727093	2.555232885487202e-05	0.3249712541574998	2.0146165365621997	14947200.0	0.07	2.6109430313846107
Saltmarsh_2_000000001	15033600.0	1	1	0.5112398963860816	1.0224797927721632	0.5718674600277107	1.1437349200554214	1.0	0.5	96553437.98754011	64999911.02306122	64999911.02306122	2.4179142301572476e-05	0.3249753759730046	2.014640715704502	15033600.0	0.07	2.6109743675530344
Saltmarsh_2_000000001	15120000.0	1	1	0.5112418314156525	1.022483662831305	0.5718696251096992	1.1437392502193984	1.0	0.5	96554210.41266704	65000431.204352275	65000431.204352275	2.2879740326997577e-05	0.32497927628143436	2.0146635954448286	15120000.0	0.07	2.611004019696498
Saltmarsh_2_000000001	15206400.0	1	1	0.5112436624412457	1.0224873248824915	0.5718716738228475	1.143743347645695	1.0	0.5	96554941.32434765	65000923.42886424	65000923.42886424	2.165015943045301e-05	0.32498296698489076	2.014685245604259	15206400.0	0.07	2.61103207830312
Saltmarsh_2_000000001	15292800.0	1	1	0.5112453950528278	1.0224907901056557	0.5718736124217048	1.1437472248434095	1.0	0.5	96555632.95353152	65001389.19900596	65001389.19900596	2.0486648901474336e-05	0.32498645934612835	2.0147057322531605	15292800.0	0.07	2.6110586290000963
Saltmarsh_2_000000001	15379200.0	1	1	0.5112470345399222	1.0224940690798443	0.5718754468246574	1.1437508936493148	1.0	0.5	96556287.41129303	65001829.93645754	65001829.93645754	1.938565940901027e-05	0.32498976402287866	2.0147251179125707	15379200.0	0.07	2.6110837528146917
Saltmarsh_2_000000001	15465600.0	1	1	0.5112485859077561	1.0224971718155123	0.5718771826319964	1.1437543652639928	1.0	0.5	96556906.69527073	65002246.98650705	65002246.98650705	1.8343832199951837e-05	0.3249928911003353	2.01474346174477	15465600.0	0.07	2.6111075264212222
Saltmarsh_2_000000001	15552000.0	1	1	0.5112500538925411	1.0225001077850822	0.5718788251430138	1.1437576502860276	1.0	0.5	96557492.69576108	65002641.62215406	65002641.62215406	1.7357988875477126e-05	0.3249958501218948	2.0147608197336453	15552000.0	0.07	2.6111300223748044
Saltmarsh_2_000000001	15638400.0	1	1	0.5112514429759307	1.0225028859518615	0.57188037937218	1.14376075874436	1.0	0.5	96558047.20148514	65003015.04799344	65003015.04799344	1.6425121716512336e-05	0.3249986501182507	2.014777244855362	15638400.0	0.07	2.611151309332549
Saltmarsh_2_000000001	15724800.0	1	1	0.5112527573987025	1.022505514797405	0.5718818500644514	1.1437637001289027	1.0	0.5	96558571.90504536	65003368.403889865	65003368.403889865	1.5542384524669384e-05	0.32500129963492463	2.014792787239886	15724800.0	0.07	2.6111714522628926
Saltmarsh_2_000000001	15811200.0	1	1	0.5112540011737036	1.0225080023474071	0.5718832417097564	1.1437664834195127	1.0	0.5	96559068.40808946	65003702.76845564	65003702.76845564	1.4707083956844169e-05	0.32500380675832136	2.0148074943238434	15811200.0	0.07	2.611190512643701
Saltmarsh_2_000000001	15897600.0	1	1	0.5112551780981015	1.022510356196203	0.5718845585567015	1.143769117113403	1.0	0.5	96559538.22619712	65004019.16234138	65004019.16234138	1.3916671320890472e-05	0.325006179140386	2.014821410995164	15897600.0	0.07	2.6112085486497327
Saltmarsh_2_000000001	15984000.0	1	1	0.5112562917649761	1.0225125835299522	0.5718858046255421	1.1437716092510841	1.0	0.5	96559982.79350393	65004318.55135017	65004318.55135017	1.3168734814106298e-05	0.32500842402193675	2.0148345797299783	15984000.0	0.07	2.611225615330052
Saltmarsh_2_000000001	16070400.0	1	1	0.5112573455742883	1.0225146911485765	0.5718869837204547	1.1437739674409093	1.0	0.5	96560403.46707742	65004601.84938435	65004601.84938435	1.2460992174667673e-05	0.3250105482547471	2.014847040722153	16070400.0	0.07	2.61124176477591
Saltmarsh_2_000000001	16156800.0	1	1	0.5112583427432595	1.022516685486519	0.5718880994411513	1.1437761988823025	1.0	0.5	96560801.53105773	65004869.92123418	65004869.92123418	1.179128372930105e-05	0.32501255832244164	2.0148588320058813	16156800.0	0.07	2.611257046279622
Saltmarsh_2_000000001	16243200.0	1	1	0.511259286316194	1.022518572632388	0.5718891551938682	1.1437783103877364	1.0	0.5	96561178.20057598	65005123.58521649	65005123.58521649	1.1157565812158765e-05	0.3250144603602703	2.014869989571694	16243200.0	0.07	2.6112715064849152
Saltmarsh_2_000000001	16329600.0	1	1	0.5112601791737715	1.022520358347543	0.5718901542017646	1.1437803084035292	1.0	0.5	96561534.62546231	65005363.61567189	65005363.61567189	1.0557904536967477e-05	0.32501626017382246	2.0148805474762312	16329600.0	0.07	2.6112851895291955
Saltmarsh_2_000000001	16416000.0	1	1	0.5112610240418423	1.0225220480836845	0.5718910995147627	1.1437821990295254	1.0	0.5	96561871.89375445	65005590.74532757	65005590.74532757	9.99046990396435e-06	0.3250179632567339	2.014890537946135	16416000.0	0.07	2.611298137178191
Saltmarsh_2_000000001	16502400.0	1	1	0.5112618234997486	1.0225236469994972	0.5718919940188583	1.1437839880377165	1.0	0.5	96562191.03501812	65005805.667533375	65005805.667533375	9.453530221359419e-06	0.32501957480744553	2.0148999914763563	16502400.0	0.07	2.611310388953358
Saltmarsh_2_000000001	16588800.0	1	1	0.5112625799881988	1.0225251599763976	0.5718928404449317	1.1437856808898634	1.0	0.5	96562493.02348898	65006009.03837766	65006009.03837766	8.945446827002268e-06	0.32502109974506127	2.0149089369231836	16588800.0	0.07	2.611321982252446
Saltmarsh_2_000000001	16675200.0	1	1	0.5112632958167189	1.0225265916334378	0.5718936413770845	1.143787282754169	1.0	0.5	96562778.78104562	65006201.47868957	65006201.47868957	8.46466909343313e-06	0.32502254272435444	2.0149174015922764	16675200.0	0.07	2.61133295246359
Saltmarsh_2_000000001	16761600.0	1	1	0.511263973170703	1.022527946341406	0.5718943992605287	1.1437887985210573	1.0	0.5	96563049.18002309	65006383.575933665	65006383.575933665	8.00972970016467e-06	0.3250239081499682	2.0149254113219763	16761600.0	0.07	2.6113433330732816
Saltmarsh_2_000000001	16848000.0	1	1	0.5112646141180849	1.0225292282361698	0.5718951164090512	1.1437902328181024	1.0	0.5	96563305.04587515	65006555.8860027	65006555.8860027	7.5792401590946135e-06	0.3250252001898544	2.0149329905621354	16848000.0	0.07	2.6113531557685277
Saltmarsh_2_000000001	16934400.0	1	1	0.5112652206156514	1.0225304412313028	0.5718957950120782	1.1437915900241564	1.0	0.5	96563547.15969342	65006718.93491448	65006718.93491448	7.171886583001719e-06	0.3250264227879894	2.0149401624487187	16934400.0	0.07	2.6113624505335395
Saltmarsh_2_000000001	17020800.0	1	1	0.5112657945150163	1.0225315890300326	0.5718964371413586	1.1437928742827173	1.0	0.5	96563776.2605914	65006873.22041683	65006873.22041683	6.786425676252872e-06	0.3250275796764079	2.014946948874395	17020800.0	0.07	2.611371245741216
Saltmarsh_2_000000001	17107200.0	1	1	0.511266337568273	1.022532675136546	0.5718970447572894	1.1437940895145788	1.0	0.5	96563993.04796025	65007019.21350712	65007019.21350712	6.421680945556396e-06	0.32502867438659006	2.0149533705553404	17107200.0	0.07	2.6113795682397214
Saltmarsh_2_000000001	17193600.0	1	1	0.5112668514333435	1.022533702866687	0.5718976197149	1.1437952394298	1.0	0.5	96564198.18360327	65007157.359869644	65007157.359869644	6.076539110944079e-06	0.3250297102602373	2.0149594470944514	17193600.0	0.07	2.611387443434409
Saltmarsh_2_000000001	17280000.0	1	1	0.51126733767904	1.02253467535808	0.5718981637695162	1.1437963275390324	1.0	0.5	96564392.29375602	65007288.08123593	65007288.08123593	5.749946710209564e-06	0.3250306904594695	2.014965197041162	17280000.0	0.07	2.611394895365346
Saltmarsh_2_000000001	17366400.0	1	1	0.5112677977898539	1.0225355955797077	0.5718986785821181	1.1437973571642361	1.0	0.5	96564575.97099769	65007411.77667192	65007411.77667192	5.4409068862004695e-06	0.32503161797647345	2.014970637948048	17366400.0	0.07	2.6114019467806706
Saltmarsh_2_000000001	17452800.0	1	1	0.5112682331704885	1.022536466340977	0.5718991657244117	1.1437983314488234	1.0	0.5	96564749.7760596	65007528.82379603	65007528.82379603	5.148476345973041e-06	0.32503249564263414	2.0149757864243942	17452800.0	0.07	2.611408619206015
Saltmarsh_2_000000001	17539200.0	1	1	0.511268645150147	1.022537290300294	0.5718996266836269	1.1437992533672539	1.0	0.5	96564914.23953696	65007639.57993184	65007639.57993184	4.8717624838712226e-06	0.32503332613717534	2.0149806581868783	17539200.0	0.07	2.6114149330101943
Saltmarsh_2_000000001	17625600.0	1	1	0.5112690349865904	1.0225380699731808	0.5719000628670579	1.1438001257341157	1.0	0.5	96565069.86350822	65007744.38319863	65007744.38319863	4.6099206575944685e-06	0.32503411199533555	2.0149852681075364	17625600.0	0.07	2.6114209074673673
Saltmarsh_2_000000001	17712000.0	1	1	0.5112694038699774	1.0225388077399549	0.5719004756063594	1.1438009512127187	1.0	0.5	96565217.12306777	65007843.55354346	65007843.55354346	4.3621516123137916e-06	0.325034855616105	2.0149896302591483	17712000.0	0.07	2.6114265608158562
Saltmarsh_2_000000001	17798400.0	1	1	0.5112697529264983	1.0225395058529967	0.5719008661616124	1.1438017323232248	1.0	0.5	96565356.46777584	65007937.39371787	65007937.39371787	4.127699042455468e-06	0.3250355592695469	2.014993757958191	17798400.0	0.07	2.6114319103138155
Saltmarsh_2_000000001	17884800.0	1	1	0.5112700832218126	1.022540166443625	0.5719012357251709	1.1438024714503419	1.0	0.5	96565488.32303108	65008026.190201916	65008026.190201916	3.905847283380837e-06	0.3250362251037262	2.0149976638054743	17884800.0	0.07	2.611436972291895
Saltmarsh_2_000000001	17971200.0	1	1	0.5112703957643024	1.0225407915286049	0.5719015854253021	1.1438031708506042	1.0	0.5	96565613.09136885	65008110.214078635	65008110.214078635	3.69591912868783e-06	0.3250368551512645	2.0150013597246033	17971200.0	0.07	2.6114417622030857
Saltmarsh_2_000000001	18057600.0	1	1	0.5112706915081516	1.0225413830163033	0.5719019163296309	1.1438038326592619	1.0	0.5	96565731.15368998	65008189.72186157	65008189.72186157	3.4972737637528617e-06	0.3250374513355441	2.015004856998367	18057600.0	0.07	2.611446294669884
Saltmarsh_2_000000001	18144000.0	1	1	0.5112709713562582	1.0225419427125164	0.5719022294483994	1.1438044588967988	1.0	0.5	96565842.87042354	65008264.956277736	65008264.956277736	3.309304810461544e-06	0.32503801547657823	2.0150081663031774	18144000.0	0.07	2.6114505835289177
Saltmarsh_2_000000001	18230400.0	1	1	0.5112712361629912	1.0225424723259824	0.571902525737551	1.143805051475102	1.0	0.5	96565948.58262703	65008336.14700854	65008336.14700854	3.1314384767444636e-06	0.32503854929656595	2.0150112977416548	18230400.0	0.07	2.6114546418731845
Saltmarsh_2_000000001	18316800.0	1	1	0.5112714867367986	1.0225429734735971	0.5719028061016488	1.1438056122032976	1.0	0.5	96566048.61302741	65008403.51139097	65008403.51139097	2.96313180575547e-06	0.3250390544251491	2.0150142608734605	18316800.0	0.07	2.611458482092005
Saltmarsh_2_000000001	18403200.0	1	1	0.511271723842676	1.022543447685352	0.5719030713966374	1.1438061427932749	1.0	0.5	96566143.26700628	65008467.25508096	65008467.25508096	2.8038710199185246e-06	0.3250395324043849	2.0150170647444803	18403200.0	0.07	2.6114621159088465
Saltmarsh_2_000000001	18489600.0	1	1	0.511271948204502	1.022543896409004	0.571903322432456	1.143806644864912	1.0	0.5	96566232.83353223	65008527.572681226	65008527.572681226	2.6531699517384766e-06	0.3250399846934544	2.0150197179144316	18489600.0	0.07	2.6114655544171033
Saltmarsh_2_000000001	18576000.0	1	1	0.5112721605072476	1.022544321014495	0.5719035599755109	1.1438071199510218	1.0	0.5	96566317.58604273	65008584.64833527	65008584.64833527	2.510568560931681e-06	0.32504041267311545	2.015022228482992	18576000.0	0.07	2.611468808113958
Saltmarsh_2_000000001	18662400.0	1	1	0.5112723613990681	1.0225447227981361	0.5719037847510153	1.1438075695020307	1.0	0.5	96566397.78327899	65008638.65628955	65008638.65628955	2.3756315304379605e-06	0.3250408176499173	2.0150246041145223	18662400.0	0.07	2.6114718869324207
Saltmarsh_2_000000001	18748800.0	1	1	0.5112725514932817	1.0225451029865633	0.5719039974452038	1.1438079948904076	1.0	0.5	96566473.67007573	65008689.76142534	65008689.76142534	2.2479469380387584e-06	0.3250412008601887	2.0150268520614603	18748800.0	0.07	2.611474800271653
Saltmarsh_2_000000001	18835200.0	1	1	0.5112727313702415	1.022545462740483	0.5719041987074268	1.1438083974148536	1.0	0.5	96566545.47810869	65008738.11976208	65008738.11976208	2.1271249986964946e-06	0.3250415634738117	2.0150289791864586	18835200.0	0.07	2.6114775570256503
Saltmarsh_2_000000001	18921600.0	1	1	0.5112729015791081	1.0225458031582162	0.5719043891521335	1.143808778304267	1.0	0.5	96566613.42660163	65008783.87893374	65008783.87893374	2.0127968760608184e-06	0.32504190659779264	2.015030991983335	18921600.0	0.07	2.611480165610402
Saltmarsh_2_000000001	19008000.0	1	1	0.5112730626395252	1.0225461252790504	0.5719045693607472	1.1438091387214944	1.0	0.5	96566677.72299589	65008827.17863936	65008827.17863936	1.9046135554257049e-06	0.3250422312796414	2.01503289659689	19008000.0	0.07	2.61148263398957
Saltmarsh_2_000000001	19094400.0	1	1	0.5112732150432068	1.0225464300864135	0.5719047398834409	1.1438094797668819	1.0	0.5	96566738.56358334	65008868.15106952	65008868.15106952	1.802244779136597e-06	0.32504253851056847	2.0150346988416694	19094400.0	0.07	2.611484969698804
Saltmarsh_2_000000001	19180800.0	1	1	0.511273359255438	1.022546718510876	0.5719049012408169	1.1438098024816339	1.0	0.5	96566796.13410583	65008906.921310104	65008906.921310104	1.7053780393960771e-06	0.32504282922851113	2.0150364042197086	19180800.0	0.07	2.6114871798687425
Saltmarsh_2_000000001	19267200.0	1	1	0.5112734957164959	1.0225469914329919	0.5719050539254957	1.1438101078509915	1.0	0.5	96566850.61032201	65008943.6077239	65008943.6077239	1.613717623361044e-06	0.32504310432099615	2.0150380179373317	19267200.0	0.07	2.611489271246782
Saltmarsh_2_000000001	19353600.0	1	1	0.5112736248429932	1.0225472496859864	0.5719051984036205	1.143810396807241	1.0	0.5	96566902.15854417	65008978.32231198	65008978.32231198	1.526983710420371e-06	0.3250433646278495	2.0150395449210414	19353600.0	0.07	2.6114912502176697
Saltmarsh_2_000000001	19440000.0	1	1	0.5112737470291504	1.0225474940583008	0.5719053351162802	1.1438106702325603	1.0	0.5	96566950.9361456	65009011.17105576	65009011.17105576	1.4449115194881124e-06	0.3250436109437593	2.0150409898325607	19440000.0	0.07	2.6114931228229987
Saltmarsh_2_000000001	19526400.0	1	1	0.5112738626479995	1.022547725295999	0.5719054644808556	1.143810928961711	1.0	0.5	96566997.09204133	65009042.25424041	65009042.25424041	1.3672504994843848e-06	0.3250438440207026	2.0150423570830607	19526400.0	0.07	2.611494894779647
Saltmarsh_2_000000001	19612800.0	1	1	0.5112739720525222	1.0225479441050445	0.5719055868922941	1.1438111737845882	1.0	0.5	96567040.76714253	65009071.66676101	65009071.66676101	1.293763565002326e-06	0.32504406457024004	2.015043650846625	19612800.0	0.07	2.611496571497226
Saltmarsh_2_000000001	19699200.0	1	1	0.5112740755767287	1.0225481511534573	0.5719057027243156	1.1438114054486312	1.0	0.5	96567082.09478675	65009099.498412296	65009099.498412296	1.2242263733863723e-06	0.3250442732656881	2.0150448750729986	19699200.0	0.07	2.6114981580946064
Saltmarsh_2_000000001	19785600.0	1	1	0.5112741735366761	1.0225483470733523	0.571905812330553	1.143811624661106	1.0	0.5	96567121.20114498	65009125.8341628	65009125.8341628	1.1584266387254516e-06	0.3250444707441753	2.0150460334996376	19785600.0	0.07	2.6114996594155304
Saltmarsh_2_000000001	19872000.0	1	1	0.5112742662314345	1.022548532462869	0.5719059160456319	1.1438118320912638	1.0	0.5	96567158.20560688	65009150.754414134	65009150.754414134	1.0961634843154044e-06	0.32504465760858636	2.0150471296631216	19872000.0	0.07	2.6115010800434058
Saltmarsh_2_000000001	19958400.0	1	1	0.5112743539439989	1.0225487078879978	0.5719060141861925	1.143812028372385	1.0	0.5	96567193.22114518	65009174.33524655	65009174.33524655	1.0372468301489413e-06	0.3250448344294026	2.015048166909952	19958400.0	0.07	2.6115024243152978
Saltmarsh_2_000000001	20044800.0	1	1	0.5112744369421544	1.0225488738843087	0.5719061070518561	1.1438122141037121	1.0	0.5	96567226.35466059	65009196.648651175	65009196.648651175	9.814968118804224e-07	0.325045001746444	2.015049148406763	20044800.0	0.07	2.611503696335165
Saltmarsh_2_000000001	20131200.0	1	1	0.5112745154792926	1.0225490309585852	0.5719061949261397	1.1438123898522794	1.0	0.5	96567257.70730814	65009217.762749776	65009217.762749776	9.287432319871058e-07	0.3250451600705169	2.015050077149995	20131200.0	0.07	2.6115048999863935
Saltmarsh_2_000000001	20217600.0	1	1	0.511274589795186	1.022549179590372	0.571906278077322	1.143812556154644	1.0	0.5	96567287.37480609	65009237.742002696	65009237.742002696	8.788250404068165e-07	0.3250453098849731	2.0150509559750356	20217600.0	0.07	2.611506038943646
Saltmarsh_2_000000001	20304000.0	1	1	0.5112746601167197	1.0225493202334395	0.5719063567592619	1.1438127135185239	1.0	0.5	96567315.44772793	65009256.64740579	65009256.64740579	8.315898430977242e-07	0.32504545164718585	2.0150517875648783	20304000.0	0.07	2.6115071166840824
Saltmarsh_2_000000001	20390400.0	1	1	0.511274726658584	1.022549453317168	0.5719064312121741	1.1438128624243482	1.0	0.5	96567342.01177914	65009274.53667636	65009274.53667636	7.86893436355296e-07	0.32504558578994547	2.0150525744583145	20390400.0	0.07	2.6115081364979758
Saltmarsh_2_000000001	20476800.0	1	1	0.5112747896239299	1.0225495792478598	0.5719065016633619	1.1438130033267238	1.0	0.5	96567367.14805867	65009291.464429684	65009291.464429684	7.44599367052956e-07	0.3250457127227814	2.0150533190576816	20476800.0	0.07	2.6115091014987555
Saltmarsh_2_000000001	20563200.0	1	1	0.5112748492049897	1.0225496984099793	0.5719065683279114	1.1438131366558228	1.0	0.5	96567390.93330653	65009307.48234548	65009307.48234548	7.045785156423179e-07	0.32504583283321176	2.015054023636197	20563200.0	0.07	2.6115100146325116
Saltmarsh_2_000000001	20649600.0	1	1	0.5112749055836631	1.0225498111673261	0.5719066314093484	1.1438132628186968	1.0	0.5	96567413.44013825	65009322.63932585	65009322.63932585	6.66708702634633e-07	0.3250459464879266	2.015054690344899	20649600.0	0.07	2.6115108786869894
Saltmarsh_2_000000001	20736000.0	1	1	0.5112749589320732	1.0225499178641464	0.5719066911002594	1.1438133822005188	1.0	0.5	96567434.73726627	65009336.98164446	65009336.98164446	6.308743150107432e-07	0.3250460540339073	2.015055321219214	20736000.0	0.07	2.6115116963001017
Saltmarsh_2_000000001	20822400.0	1	1	0.5112750094130919	1.0225500188261838	0.5719067475828796	1.1438134951657593	1.0	0.5	96567454.88971001	65009350.55308795	65009350.55308795	5.969659537807814e-07	0.325046155799486	2.0150559181851677	20822400.0	0.07	2.6115124699679777
Saltmarsh_2_000000001	20908800.0	1	1	0.5112750571808368	1.0225501143616735	0.5719068010296496	1.1438136020592993	1.0	0.5	96567473.95899417	65009363.39508941	65009363.39508941	5.648800994739744e-07	0.3250462520953476	2.0150564830652673	20908800.0	0.07	2.6115132020525866
Saltmarsh_2_000000001	20995200.0	1	1	0.5112751023811419	1.0225502047622839	0.5719068516037414	1.1438137032074829	1.0	0.5	96567492.0033366	65009375.54685504	65009375.54685504	5.345187966132592e-07	0.3250463432154786	2.015057017584064	20995200.0	0.07	2.6115138947889474
Saltmarsh_2_000000001	21081600.0	1	1	0.5112751451520031	1.0225502903040062	0.5719068994595568	1.1438137989191135	1.0	0.5	96567509.07782613	65009387.04548382	65009387.04548382	5.057893548432446e-07	0.3250464294380643	2.0150575233734185	21081600.0	0.07	2.6115145502919503
Saltmarsh_2_000000001	21168000.0	1	1	0.511275185623999	1.022550371247998	0.5719069447431987	1.1438138894863974	1.0	0.5	96567525.23459055	65009397.92608063	65009397.92608063	4.786040650461842e-07	0.3250465110263381	2.015058001977483	21168000.0	0.07	2.611515170562818
Saltmarsh_2_000000001	21254400.0	1	1	0.5112752239206899	1.0225504478413798	0.5719069875929174	1.1438139751858347	1.0	0.5	96567540.52295601	65009408.22186361	65009408.22186361	4.5287993272191684e-07	0.32504658822938537	2.0150584548574155	21254400.0	0.07	2.611515757495211
Saltmarsh_2_000000001	21340800.0	1	1	0.511275260158995	1.02255052031799	0.5719070281395322	1.1438140562790644	1.0	0.5	96567554.98959745	65009417.96426551	65009417.96426551	4.285384236912826e-07	0.3250466612829039	2.0150588833958394	21340800.0	0.07	2.6115163128810077
Saltmarsh_2_000000001	21427200.0	1	1	0.5112752944495492	1.0225505888990984	0.5719070665068314	1.1438141330136629	1.0	0.5	96567568.67868108	65009427.183029585	65009427.183029585	4.055052251761282e-07	0.32504673040992277	2.0150592889010643	21427200.0	0.07	2.6115168384157794
Saltmarsh_2_000000001	21513600.0	1	1	0.511275326897041	1.022550653794082	0.5719071028119497	1.1438142056238993	1.0	0.5	96567581.63199927	65009435.906300426	65009435.906300426	3.837100181480757e-07	0.325046795821484	2.0150596726110823	21513600.0	0.07	2.6115173357039625
Saltmarsh_2_000000001	21600000.0	1	1	0.511275357600532	1.022550715201064	0.5719071371657259	1.1438142743314519	1.0	0.5	96567593.8890981	65009444.160709955	65009444.160709955	3.630862632220122e-07	0.3250468577172866	2.015060035697346	21600000.0	0.07	2.6115178062637603
Saltmarsh_2_000000001	21686400.0	1	1	0.5112753866537595	1.022550773307519	0.5719071696730417	1.1438143393460833	1.0	0.5	96567605.4873982	65009451.97145868	65009451.97145868	3.43570997374254e-07	0.32504691628629606	2.015060379268344	21686400.0	0.07	2.611518251531774
Saltmarsh_2_000000001	21772800.0	1	1	0.5112754141454223	1.0225508282908446	0.5719072004331411	1.1438144008662823	1.0	0.5	96567616.46230887	65009459.36239257	65009459.36239257	3.25104641374363e-07	0.32504697170732144	2.015060704372985	21772800.0	0.07	2.6115186728673883
Saltmarsh_2_000000001	21859200.0	1	1	0.5112754401594524	1.0225508803189047	0.5719072295399344	1.143814459079869	1.0	0.5	96567626.84733617	65009466.35607598	65009466.35607598	3.0763081892981603e-07	0.325047024149561	2.0150610120038044	21859200.0	0.07	2.6115190715569305
Saltmarsh_2_000000001	21945600.0	1	1	0.5112754647752699	1.0225509295505397	0.5719072570822841	1.1438145141645681	1.0	0.5	96567636.67418543	65009472.97386043	65009472.97386043	2.910961828250791e-07	0.3250470737731193	2.0150613030999875	21945600.0	0.07	2.611519448817584
Saltmarsh_2_000000001	22032000.0	1	1	0.5112754880680265	1.022550976136053	0.5719072831442764	1.1438145662885528	1.0	0.5	96567645.9728577	65009479.23594983	65009479.23594983	2.7545025388375777e-07	0.32504712072949526	2.0150615785502413	22032000.0	0.07	2.611519805801113
Saltmarsh_2_000000001	22118400.0	1	1	0.5112755101088347	1.0225510202176693	0.5719073078054783	1.1438146156109565	1.0	0.5	96567654.77174157	65009485.161462195	65009485.161462195	2.606452658149294e-07	0.3250471651620452	2.015061839195507	22118400.0	0.07	2.611520143597377
Saltmarsh_2_000000001	22204800.0	1	1	0.5112755309649846	1.0225510619299691	0.57190733114118	1.14381466228236	1.0	0.5	96567663.09769991	65009490.76848798	65009490.76848798	2.4663601971841587e-07	0.3250472072064202	2.015062085831527	22204800.0	0.07	2.6115204632376594
Saltmarsh_2_000000001	22291200.0	1	1	0.5112755507001497	1.0225511014002995	0.5719073532226249	1.1438147064452497	1.0	0.5	96567670.97615156	65009496.07414534	65009496.07414534	2.3337974608406142e-07	0.32504724699098064	2.015062319211273	22291200.0	0.07	2.6115207656978097
Saltmarsh_2_000000001	22377600.0	1	1	0.5112755693745813	1.0225511387491626	0.5719073741172275	1.143814748234455	1.0	0.5	96567678.43114935	65009501.094632275	65009501.094632275	2.2083597395194943e-07	0.3250472846371874	2.0150625400472473	22377600.0	0.07	2.6115210519012324
Saltmarsh_2_000000001	22464000.0	1	1	0.511275587045292	1.022551174090584	0.5719073938887785	1.143814787777557	1.0	0.5	96567685.48545316	65009505.84527622	65009505.84527622	2.0896640773315767e-07	0.3250473202599734	2.0150627490136555	22464000.0	0.07	2.6115213227216976
Saltmarsh_2_000000001	22550400.0	1	1	0.5112756037662302	1.0225512075324603	0.5719074125976402	1.1438148251952804	1.0	0.5	96567692.16059966	65009510.34058081	65009510.34058081	1.9773481008122928e-07	0.325047353968094	2.0150629467484653	22550400.0	0.07	2.611521578986011
Saltmarsh_2_000000001	22636800.0	1	1	0.5112756195884446	1.0225512391768892	0.5719074303009305	1.143814860601861	1.0	0.5	96567698.47696787	65009514.5942701	65009514.5942701	1.8710689164702643e-07	0.32504738586445886	2.015063133855357	22636800.0	0.07	2.6115218214765425
Saltmarsh_2_000000001	22723200.0	1	1	0.5112756345602402	1.0225512691204803	0.5719074470526971	1.1438148941053943	1.0	0.5	96567704.4538416	65009518.6193305	65009518.6193305	1.7705020549652062e-07	0.32504741604644705	2.0150633109055622	22723200.0	0.07	2.611522050933609
Saltmarsh_2_000000001	22809600.0	1	1	0.5112756487273257	1.0225512974546513	0.5719074629040831	1.1438149258081662	1.0	0.5	96567710.109468	65009522.42805044	65009522.42805044	1.6753404907809966e-07	0.32504744460620316	2.0150634784396115	22809600.0	0.07	2.6115222680577364
Saltmarsh_2_000000001	22896000.0	1	1	0.511275662132953	1.022551324265906	0.5719074779034824	1.1438149558069648	1.0	0.5	96567715.4611137	65009526.03205789	65009526.03205789	1.585293697980994e-07	0.3250474716309196	2.015063636968981	22896000.0	0.07	2.6115224735118
Saltmarsh_2_000000001	22982400.0	1	1	0.5112756748180491	1.0225513496360983	0.5719074920966878	1.1438149841933756	1.0	0.5	96567720.52511713	65009529.442355774	65009529.442355774	1.5000867686909558e-07	0.325047497203102	2.0150637869776578	22982400.0	0.07	2.6115226679230448
Saltmarsh_2_000000001	23068800.0	1	1	0.5112756868213416	1.0225513736426832	0.5719075055270311	1.1438150110540621	1.0	0.5	96567725.31693856	65009532.669355646	65009532.669355646	1.4194595665539822e-07	0.3250475214008216	2.015063928923614	23068800.0	0.07	2.6115228518850038
Saltmarsh_2_000000001	23155200.0	1	1	0.5112756981794763	1.0225513963589525	0.5719075182355149	1.1438150364710298	1.0	0.5	96567729.85120735	65009535.72290951	65009535.72290951	1.343165940137503e-07	0.3250475442979535	2.015064063240208	23155200.0	0.07	2.6115230259593094
Saltmarsh_2_000000001	23241600.0	1	1	0.5112757089271294	1.0225514178542587	0.571907530260938	1.143815060521876	1.0	0.5	96567734.1417665	65009538.61233981	65009538.61233981	1.2709729702020667e-07	0.32504756596440204	2.015064190337505	23241600.0	0.07	2.611523190677407
Saltmarsh_2_000000001	23328000.0	1	1	0.5112757190971132	1.0225514381942264	0.5719075416400138	1.1438150832800276	1.0	0.5	96567738.20171507	65009541.346467875	65009541.346467875	1.2026602486114868e-07	0.32504758646631454	2.01506431060353	23328000.0	0.07	2.6115233465421754
Saltmarsh_2_000000001	23414400.0	1	1	0.5112757287204767	1.0225514574409533	0.5719075524074823	1.1438151048149645	1.0	0.5	96567742.04344794	65009543.933640994	65009543.933640994	1.138019222746145e-07	0.32504760586628273	2.0150644244054514	23414400.0	0.07	2.6115234940294654
Saltmarsh_2_000000001	23500800.0	1	1	0.5112757378265996	1.0225514756531993	0.5719075625962166	1.1438151251924331	1.0	0.5	96567745.67869386	65009546.3817577	65009546.3817577	1.0768525443571875e-07	0.32504762422353406	2.0150645320907055	23500800.0	0.07	2.611523633589554
Saltmarsh_2_000000001	23587200.0	1	1	0.5112757464432831	1.0225514928865662	0.5719075722373227	1.1438151444746454	1.0	0.5	96567749.11855116	65009548.69829209	65009548.69829209	1.0189734728216493e-07	0.3250476415941132	2.0150646339880534	23587200.0	0.07	2.611523765648517
Saltmarsh_2_000000001	23673600.0	1	1	0.5112757545968336	1.0225515091936672	0.5719075813602347	1.1438151627204693	1.0	0.5	96567752.37352172	65009550.8903165	65009550.8903165	9.642053039327081e-08	0.3250476580310521	2.015064730408584	23673600.0	0.07	2.611523890609525
Saltmarsh_2_000000001	23760000.0	1	1	0.5112757623121437	1.0225515246242873	0.5719075899928048	1.1438151799856096	1.0	0.5	96567755.45354284	65009552.96452311	65009552.96452311	9.123808336619632e-08	0.3250476735845322	2.0150648216466673	23760000.0	0.07	2.6115240088540808
Saltmarsh_2_000000001	23846400.0	1	1	0.5112757696127681	1.0225515392255362	0.5719075981613879	1.1438151963227758	1.0	0.5	96567758.36801776	65009554.92724448	65009554.92724448	8.633418441261753e-08	0.32504768830203795	2.0150649079808516	23846400.0	0.07	2.6115241207431836
Saltmarsh_2_000000001	23932800.0	1	1	0.5112757765209957	1.0225515530419913	0.5719076058909227	1.1438152117818454	1.0	0.5	96567761.12584431	65009556.784472704	65009556.784472704	8.169386195300277e-08	0.3250477022285016	2.015064989674713	23932800.0	0.07	2.611524226618428
Saltmarsh_2_000000001	24019200.0	1	1	0.511275783057917	1.022551566115834	0.5719076132050074	1.1438152264100148	1.0	0.5	96567763.73544216	65009558.541877896	65009558.541877896	7.730294915297975e-08	0.32504771540644034	2.0150650669776624	24019200.0	0.07	2.6115243268030506
Saltmarsh_2_000000001	24105600.0	1	1	0.5112757892434893	1.0225515784869785	0.5719076201259716	1.1438152402519433	1.0	0.5	96567766.20477833	65009560.204825416	65009560.204825416	7.314804073565995e-08	0.3250477278760864	2.015065140125703	24105600.0	0.07	2.611524421602911
Saltmarsh_2_000000001	24192000.0	1	1	0.5112757950965968	1.0225515901931936	0.5719076266749451	1.1438152533498902	1.0	0.5	96567768.54139164	65009561.77839214	65009561.77839214	6.92164517368532e-08	0.325047739675509	2.0150652093421546	24192000.0	0.07	2.6115245113074326
Saltmarsh_2_000000001	24278400.0	1	1	0.5112758006351091	1.0225516012702183	0.5719076328719217	1.1438152657438434	1.0	0.5	96567770.75241572	65009563.2673822	65009563.2673822	6.549617920237338e-08	0.3250477508407318	2.0150652748383338	24278400.0	0.07	2.6115245961904807
Saltmarsh_2_000000001	24364800.0	1	1	0.5112758058759354	1.0225516117518707	0.5719076387358206	1.1438152774716412	1.0	0.5	96567772.84460077	65009564.67634144	65009564.67634144	6.197586538414512e-08	0.3250477614058418	2.0150653368141986	24364800.0	0.07	2.6115246765112015
Saltmarsh_2_000000001	24451200.0	1	1	0.5112758108350755	1.022551621670151	0.5719076442845443	1.1438152885690887	1.0	0.5	96567774.8243343	65009566.009571314	65009566.009571314	5.864476237960048e-08	0.3250477714030942	2.015065395458961	24451200.0	0.07	2.6115247525148133
Saltmarsh_2_000000001	24537600.0	1	1	0.5112758155276697	1.0225516310553393	0.571907649535033	1.143815299070066	1.0	0.5	96567776.69766028	65009567.27114229	65009567.27114229	5.5492700989923094e-08	0.32504778086301045	2.015065450951662	24537600.0	0.07	2.611524824433354
Saltmarsh_2_000000001	24624000.0	1	1	0.5112758199680444	1.0225516399360888	0.5719076545033164	1.1438153090066328	1.0	0.5	96567778.47029798	65009568.46490583	65009568.46490583	5.251005763540206e-08	0.3250477898144715	2.0150655034617198	24624000.0	0.07	2.611524892486389
Saltmarsh_2_000000001	24710400.0	1	1	0.5112758241697561	1.0225516483395123	0.5719076592045624	1.1438153184091249	1.0	0.5	96567780.14765927	65009569.594506525	65009569.594506525	4.968772676638977e-08	0.32504779828480584	2.015065553149447	24710400.0	0.07	2.6115249568816834
Saltmarsh_2_000000001	24796800.0	1	1	0.5112758281456325	1.022551656291265	0.571907663653124	1.143815327306248	1.0	0.5	96567781.73486507	65009570.66339298	65009570.66339298	4.7017091386880594e-08	0.3250478062998735	2.0150656001665386	24796800.0	0.07	2.611525017815834
Saltmarsh_2_000000001	24883200.0	1	1	0.5112758319078119	1.0225516638156238	0.5719076678625824	1.1438153357251648	1.0	0.5	96567783.23676112	65009571.67482848	65009571.67482848	4.4489998296537436e-08	0.3250478138841441	2.0150656446565365	24883200.0	0.07	2.6115250754748716
Saltmarsh_2_000000001	24969600.0	1	1	0.5112758354677801	1.0225516709355602	0.5719076718457892	1.1438153436915783	1.0	0.5	96567784.65793261	65009572.631900944	65009572.631900944	4.209873244453988e-08	0.3250478210607723	2.015065686755269	24969600.0	0.07	2.6115251300348286
Saltmarsh_2_000000001	25056000.0	1	1	0.5112758388364057	1.0225516776728114	0.5719076756149049	1.1438153512298097	1.0	0.5	96567786.00271845	65009573.537532315	65009573.537532315	3.9835993226322586e-08	0.32504782785166836	2.0150657265912617	25056000.0	0.07	2.6115251816622753
Saltmarsh_2_000000001	25142400.0	1	1	0.5112758420239731	1.0225516840479463	0.5719076791814366	1.1438153583628732	1.0	0.5	96567787.27522418	65009574.39448741	65009574.39448741	3.769487250115944e-08	0.32504783427756456	2.0150657642861343	25142400.0	0.07	2.61152523051483
Saltmarsh_2_000000001	25228800.0	1	1	0.5112758450402138	1.0225516900804277	0.5719076825562729	1.1438153651125458	1.0	0.5	96567788.47933482	65009575.20538255	65009575.20538255	3.5668833553437196e-08	0.3250478403580792	2.0150657999549675	25228800.0	0.07	2.611525276741638
Saltmarsh_2_000000001	25315200.0	1	1	0.5112758478943364	1.0225516957886729	0.5719076857497172	1.1438153714994344	1.0	0.5	96567789.6187264	65009575.972693354	65009575.972693354	3.3751690886596464e-08	0.3250478461117759	2.0150658337066587	25315200.0	0.07	2.6115253204838296
Saltmarsh_2_000000001	25401600.0	1	1	0.5112758505950544	1.0225517011901089	0.5719076887715189	1.1438153775430377	1.0	0.5	96567790.69687751	65009576.698762454	65009576.698762454	3.193759157138487e-08	0.3250478515562207	2.0150658656442504	25401600.0	0.07	2.6115253618749485
Saltmarsh_2_000000001	25488000.0	1	1	0.5112758531506132	1.0225517063012264	0.5719076916309036	1.1438153832618072	1.0	0.5	96567791.71707968	65009577.385806516	65009577.385806516	3.022099731575523e-08	0.32504785670803527	2.0150658958652476	25488000.0	0.07	2.611525401041361
Saltmarsh_2_000000001	25574400.0	1	1	0.5112758555688147	1.0225517111376294	0.5719076943366009	1.1438153886732019	1.0	0.5	96567792.68244766	65009578.03592304	65009578.03592304	2.8596667145386334e-08	0.32504786158294807	2.015065924461915	25574400.0	0.07	2.6115254381026416
Saltmarsh_2_000000001	25660800.0	1	1	0.5112758578570418	1.0225517157140835	0.5719076968968714	1.1438153937937428	1.0	0.5	96567793.59592865	65009578.65109684	65009578.65109684	2.705964208260525e-08	0.32504786619584214	2.0150659515215574	25660800.0	0.07	2.6115254731719384
Saltmarsh_2_000000001	25747200.0	1	1	0.5112758600222802	1.0225517200445604	0.5719076993195313	1.1438153986390627	1.0	0.5	96567794.4603115	65009579.23320603	65009579.23320603	2.5605229547753794e-08	0.32504787056080064	2.0150659771267865	25747200.0	0.07	2.6115255063563154
Saltmarsh_2_000000001	25833600.0	1	1	0.5112758620711406	1.0225517241422812	0.5719077016119771	1.1438154032239543	1.0	0.5	96567795.27823511	65009579.7840278	65009579.7840278	2.4228989647934185e-08	0.3250478746911494	2.0150660013557764	25833600.0	0.07	2.6115255377570863
Saltmarsh_2_000000001	25920000.0	1	1	0.511275864009878	1.022551728019756	0.5719077037812077	1.1438154075624154	1.0	0.5	96567796.05219667	65009580.30524375	65009580.30524375	2.2926720077975915e-08	0.3250478785994987	2.015066024282497	25920000.0	0.07	2.611525567470116
Saltmarsh_2_000000001	26006400.0	1	1	0.5112758658444113	1.0225517316888226	0.5719077058338455	1.143815411667691	1.0	0.5	96567796.78455906	65009580.79844519	65009580.79844519	2.169444551780586e-08	0.3250478822977804	2.015066045976942	26006400.0	0.07	2.6115255955861167
Saltmarsh_2_000000001	26092800.0	1	1	0.5112758675803414	1.0225517351606828	0.5719077077761573	1.1438154155523146	1.0	0.5	96567797.47755808	65009581.26513783	65009581.26513783	2.0528403810171625e-08	0.32504788579728533	2.0150660665053453	26092800.0	0.07	2.6115256221909275
Saltmarsh_2_000000001	26179200.0	1	1	0.511275869222968	1.022551738445936	0.571907709614073	1.143815419228146	1.0	0.5	96567798.13330951	65009581.70674647	65009581.70674647	1.9425034858411294e-08	0.3250478891086975	2.01506608593038	26179200.0	0.07	2.611525647365773
Saltmarsh_2_000000001	26265600.0	1	1	0.5112758707773061	1.0225517415546121	0.5719077113532036	1.1438154227064072	1.0	0.5	96567798.75381535	65009582.124619395	65009582.124619395	1.838097041240161e-08	0.32504789224212655	2.015066104311351	26265600.0	0.07	2.611525671187511
Saltmarsh_2_000000001	26352000.0	1	1	0.511275872248101	1.022551744496202	0.5719077129988588	1.1438154259977176	1.0	0.5	96567799.34097005	65009582.5200323	65009582.5200323	1.7393022633260813e-08	0.3250478952071389	2.015066121704374	26352000.0	0.07	2.611525693728869
Saltmarsh_2_000000001	26438400.0	1	1	0.511275873639843	1.022551747279686	0.5719077145560625	1.143815429112125	1.0	0.5	96567799.89656612	65009582.894192375	65009582.894192375	1.6458175322586754e-08	0.32504789801278655	2.015066138162549	26438400.0	0.07	2.6115257150586637
Saltmarsh_2_000000001	26524800.0	1	1	0.5112758749567811	1.0225517499135621	0.571907716029569	1.143815432059138	1.0	0.5	96567800.42229974	65009583.24824194	65009583.24824194	1.5573574707605786e-08	0.325047900667635	2.0150661537361243	26524800.0	0.07	2.6115257352420174
Saltmarsh_2_000000001	26611200.0	1	1	0.5112758762029358	1.0225517524058716	0.5719077174238769	1.1438154348477538	1.0	0.5	96567800.91977604	65009583.583261915	65009583.583261915	1.47365198377436e-08	0.32504790317978977	2.015066168472644	26611200.0	0.07	2.611525754340547
Saltmarsh_2_000000001	26697600.0	1	1	0.5112758773821117	1.0225517547642233	0.571907718743243	1.143815437486486	1.0	0.5	96567801.39051378	65009583.90027508	65009583.90027508	1.3944455368175568e-08	0.32504790555692004	2.0150661824170992	26697600.0	0.07	2.611525772412561
Saltmarsh_2_000000001	26784000.0	1	1	0.5112758784979088	1.0225517569958176	0.5719077199916952	1.1438154399833904	1.0	0.5	96567801.83595008	65009584.20024933	65009584.20024933	1.3194963233154056e-08	0.3250479078062834	2.0150661956120626	26784000.0	0.07	2.611525789513233
Saltmarsh_2_000000001	26870400.0	1	1	0.5112758795537335	1.022551759107467	0.5719077211730451	1.1438154423460902	1.0	0.5	96567802.25744492	65009584.4841004	65009584.4841004	1.2485754929958404e-08	0.3250479099347471	2.0150662080978172	26870400.0	0.07	2.611525805694771
Saltmarsh_2_000000001	26956800.0	1	1	0.5112758805528094	1.0225517611056187	0.5719077222908994	1.1438154445817987	1.0	0.5	96567802.6562851	65009584.75269493	65009584.75269493	1.1814665468179442e-08	0.32504791194880917	2.015066219912483	26956800.0	0.07	2.611525821006578
Saltmarsh_2_000000001	27043200.0	1	1	0.5112758814981865	1.022551762996373	0.5719077233486708	1.1438154466973416	1.0	0.5	96567803.03368822	65009585.006852984	65009585.006852984	1.117964620878098e-08	0.32504791385461873	2.0150662310921295	27043200.0	0.07	2.6115258354954
Saltmarsh_2_000000001	27129600.0	1	1	0.511275882392751	1.022551764785502	0.5719077243495886	1.1438154486991772	1.0	0.5	96567803.39080654	65009585.2473504	65009585.2473504	1.0578757869694755e-08	0.3250479156579941	2.015066241670887	27129600.0	0.07	2.6115258492054694
Saltmarsh_2_000000001	27216000.0	1	1	0.5112758832392342	1.0225517664784685	0.5719077252967086	1.1438154505934173	1.0	0.5	96567803.72873029	65009585.47492149	65009585.47492149	1.0010166695550993e-08	0.3250479173644408	2.0150662516810534	27216000.0	0.07	2.6115258621786452
Saltmarsh_2_000000001	27302400.0	1	1	0.5112758840402203	1.0225517680804406	0.5719077261929225	1.143815452385845	1.0	0.5	96567804.04849122	65009585.69026096	65009585.69026096	9.472136075494575e-09	0.32504791897916874	2.0150662611531893	27302400.0	0.07	2.6115258744545335
Saltmarsh_2_000000001	27388800.0	1	1	0.5112758847981546	1.0225517695963091	0.5719077270409664	1.1438154540819327	1.0	0.5	96567804.35106547	65009585.89402632	65009585.89402632	8.963024045183232e-09	0.32504792050710757	2.0150662701162134	27388800.0	0.07	2.6115258860706128
Saltmarsh_2_000000001	27475200.0	1	1	0.5112758855153511	1.0225517710307022	0.5719077278434292	1.1438154556868585	1.0	0.5	96567804.63737686	65009586.08683961	65009586.08683961	8.481275792782128e-09	0.32504792195292226	2.015066278597489	27475200.0	0.07	2.6115258970623456
Saltmarsh_2_000000001	27561600.0	1	1	0.5112758861939996	1.022551772387999	0.571907728602761	1.143815457205522	1.0	0.5	96567804.90829945	65009586.269289486	65009586.269289486	8.025420772383995e-09	0.32504792332102667	2.0150662866229103	27561600.0	0.07	2.611525907463292
Saltmarsh_2_000000001	27648000.0	1	1	0.5112758868361716	1.0225517736723433	0.5719077293212799	1.1438154586425597	1.0	0.5	96567805.16466042	65009586.44193297	65009586.44193297	7.594067097382862e-09	0.3250479246155977	2.0150662942169775	27648000.0	0.07	2.611525917305203
Saltmarsh_2_000000001	27734400.0	1	1	0.511275887443828	1.022551774887656	0.5719077300011796	1.1438154600023591	1.0	0.5	96567805.40724239	65009586.60529715	65009586.60529715	7.185898209804975e-09	0.32504792584058756	2.015066301402876	27734400.0	0.07	2.6115259266181274
Saltmarsh_2_000000001	27820800.0	1	1	0.5112758880188238	1.0225517760376477	0.5719077306445356	1.1438154612890712	1.0	0.5	96567805.63678591	65009586.75988078	65009586.75988078	6.799667606749438e-09	0.3250479269997363	2.015066308202543	27820800.0	0.07	2.6115259354304956
Saltmarsh_2_000000001	27907200.0	1	1	0.5112758885629146	1.0225517771258292	0.5719077312533123	1.1438154625066246	1.0	0.5	96567805.85399188	65009586.90615575	65009586.90615575	6.4341963423864e-09	0.3250479280965824	2.0150663146367394	27907200.0	0.07	2.611525943769214
Saltmarsh_2_000000001	27993600.0	1	1	0.5112758890777613	1.0225517781555227	0.5719077318293683	1.1438154636587365	1.0	0.5	96567806.05952339	65009587.04456868	65009587.04456868	6.088368531553812e-09	0.3250479291344749	2.0150663207251083	27993600.0	0.07	2.6115259516597407
Saltmarsh_2_000000001	28080000.0	1	1	0.5112758895649359	1.0225517791298717	0.5719077323744621	1.1438154647489243	1.0	0.5	96567806.25400789	65009587.17554216	65009587.17554216	5.761128463177556e-09	0.32504793011658234	2.0150663264862363	28080000.0	0.07	2.6115259591261624
Saltmarsh_2_000000001	28166400.0	1	1	0.5112758900259256	1.022551780051851	0.5719077328902581	1.1438154657805162	1.0	0.5	96567806.43803915	65009587.299476	65009587.299476	5.451476992046622e-09	0.325047931045903	2.015066331937714	28166400.0	0.07	2.611525966191277
Saltmarsh_2_000000001	28252800.0	1	1	0.5112758904621377	1.0225517809242755	0.5719077333783308	1.1438154667566616	1.0	0.5	96567806.61217906	65009587.416748606	65009587.416748606	5.15846870774439e-09	0.3250479319252743	2.0150663370961825	28252800.0	0.07	2.611525972876653
Saltmarsh_2_000000001	28339200.0	1	1	0.5112758908749042	1.0225517817498084	0.5719077338401704	1.1438154676803407	1.0	0.5	96567806.77695918	65009587.52771798	65009587.52771798	4.881209214602222e-09	0.3250479327573807	2.0150663419773913	28339200.0	0.07	2.6115259792026992
Saltmarsh_2_000000001	28425600.0	1	1	0.5112758912654851	1.0225517825309702	0.5719077342771868	1.1438154685543735	1.0	0.5	96567806.93288265	65009587.63272294	65009587.63272294	4.618852078586144e-09	0.32504793354476264	2.0150663465962433	28425600.0	0.07	2.6115259851887314
Saltmarsh_2_000000001	28512000.0	1	1	0.5112758916350729	1.0225517832701458	0.5719077346907143	1.1438154693814286	1.0	0.5	96567807.08042546	65009587.73208404	65009587.73208404	4.370596107250435e-09	0.3250479342898241	2.015066350966839	28512000.0	0.07	2.6115259908530235
Saltmarsh_2_000000001	28598400.0	1	1	0.5112758919847961	1.0225517839695921	0.5719077350820154	1.1438154701640308	1.0	0.5	96567807.22003807	65009587.82610467	65009587.82610467	4.135683684403091e-09	0.3250479349948397	2.0150663551025234	28598400.0	0.07	2.6115259962128707
Saltmarsh_2_000000001	28684800.0	1	1	0.5112758923157221	1.0225517846314442	0.5719077354522847	1.1438154709045694	1.0	0.5	96567807.35214677	65009587.91507184	65009587.91507184	3.913397272903296e-09	0.32504793566196194	2.0150663590159206	28684800.0	0.07	2.611526001284633
Saltmarsh_2_000000001	28771200.0	1	1	0.5112758926288614	1.0225517852577228	0.5719077358026525	1.143815471605305	1.0	0.5	96567807.47715484	65009587.99925712	65009587.99925712	3.703058248927249e-09	0.32504793629322737	2.015066362718979	28771200.0	0.07	2.6115260060837966
Saltmarsh_2_000000001	28857600.0	1	1	0.51127589292517	1.02255178585034	0.5719077361341887	1.1438154722683773	1.0	0.5	96567807.5954439	65009588.078917615	65009588.078917615	3.5040248480555647e-09	0.3250479368905632	2.015066366223003	28857600.0	0.07	2.611526010625012
Saltmarsh_2_000000001	28944000.0	1	1	0.5112758932055523	1.0225517864111047	0.5719077364479053	1.1438154728958105	1.0	0.5	96567807.70737512	65009588.15429644	65009588.15429644	3.3156890566488073e-09	0.3250479374557932	2.015066369538692	28944000.0	0.07	2.6115260149221453
Saltmarsh_2_000000001	29030400.0	1	1	0.5112758934708647	1.0225517869417293	0.5719077367447601	1.1438154734895203	1.0	0.5	96567807.81329021	65009588.225623816	65009588.225623816	3.137476056735977e-09	0.325047937990643	2.015066372676168	29030400.0	0.07	2.611526018988314
Saltmarsh_2_000000001	29116800.0	1	1	0.5112758937219168	1.0225517874438337	0.5719077370256596	1.1438154740513191	1.0	0.5	96567807.9135125	65009588.29311746	65009588.29311746	2.9688417835238567e-09	0.3250479384967455	2.0150663756450102	29116800.0	0.07	2.611526022835933
Saltmarsh_2_000000001	29203200.0	1	1	0.5112758939594754	1.0225517879189507	0.571907737291461	1.143815474582922	1.0	0.5	96567808.00834805	65009588.35698344	65009588.35698344	2.809271315573625e-09	0.3250479389756459	2.0150663784542813	29203200.0	0.07	2.611526026476749
Saltmarsh_2_000000001	29289600.0	1	1	0.5112758941842656	1.0225517883685311	0.5719077375429761	1.1438154750859522	1.0	0.5	96567808.09808631	65009588.41741669	65009588.41741669	2.658277487022076e-09	0.325047939428806	2.015066381112559	29289600.0	0.07	2.6115260299218765
Saltmarsh_2_000000001	29376000.0	1	1	0.5112758943969736	1.0225517887939473	0.5719077377809726	1.1438154755619452	1.0	0.5	96567808.18300132	65009588.47460177	65009588.47460177	2.5153992777582346e-09	0.32504793985760955	2.015066383627958	29376000.0	0.07	2.6115260331818333
Saltmarsh_2_000000001	29462400.0	1	1	0.511275894598249	1.022551789196498	0.5719077380061772	1.1438154760123544	1.0	0.5	96567808.26335226	65009588.52871323	65009588.52871323	2.380200592178028e-09	0.32504794026336553	2.0150663860081584	29462400.0	0.07	2.6115260362665733
Saltmarsh_2_000000001	29548800.0	1	1	0.511275894788706	1.022551789577412	0.5719077382192774	1.1438154764385549	1.0	0.5	96567808.33938448	65009588.579916276	65009588.579916276	2.2522685383385976e-09	0.32504794064731285	2.015066388260427	29548800.0	0.07	2.6115260391855135
Saltmarsh_2_000000001	29635200.0	1	1	0.5112758949689264	1.022551789937853	0.5719077384209239	1.1438154768418478	1.0	0.5	96567808.41133007	65009588.628367275	65009588.628367275	2.131212817335637e-09	0.32504794101062356	2.01506639039164	29635200.0	0.07	2.6115260419475654
Saltmarsh_2_000000001	29721600.0	1	1	0.5112758951394603	1.0225517902789205	0.5719077386117322	1.1438154772234643	1.0	0.5	96567808.47940871	65009588.67421407	65009588.67421407	2.0166633363238873e-09	0.325047941354407	2.0150663924083037	29721600.0	0.07	2.6115260445611614
Saltmarsh_2_000000001	29808000.0	1	1	0.5112758953008281	1.0225517906016561	0.5719077387922847	1.1438154775845695	1.0	0.5	96567808.54382825	65009588.7175967	65009588.7175967	1.9082709301621037e-09	0.32504794167971257	2.015066394316574	29808000.0	0.07	2.61152604703428
Saltmarsh_2_000000001	29894400.0	1	1	0.5112758954535227	1.0225517909070454	0.571907738963133	1.143815477926266	1.0	0.5	96567808.60478532	65009588.758647576	65009588.758647576	1.8057044748331919e-09	0.3250479419875334	2.015066396122279	29894400.0	0.07	2.611526049374474
Saltmarsh_2_000000001	29980800.0	1	1	0.5112758955980101	1.0225517911960202	0.5719077391247983	1.1438154782495966	1.0	0.5	96567808.66246605	65009588.797492035	65009588.797492035	1.7086506653996025e-09	0.3250479422788095	2.015066397830929	29980800.0	0.07	2.6115260515888843
Saltmarsh_2_000000001	30067200.0	1	1	0.5112758957347316	1.0225517914694633	0.5719077392777745	1.143815478555549	1.0	0.5	96567808.7170465	65009588.83424868	65009588.83424868	1.6168135719141219e-09	0.3250479425544298	2.015066399447743	30067200.0	0.07	2.611526053684275
Saltmarsh_2_000000001	30153600.0	1	1	0.5112758958641046	1.0225517917282092	0.5719077394225284	1.1438154788450567	1.0	0.5	96567808.76869337	65009588.869029686	65009588.869029686	1.529912363462671e-09	0.3250479428152361	2.015066400977655	30153600.0	0.07	2.611526055667041
Saltmarsh_2_000000001	30240000.0	1	1	0.511275895986524	1.022551791973048	0.5719077395595019	1.1438154791190038	1.0	0.5	96567808.8175643	65009588.901941285	65009588.901941285	1.4476820298092719e-09	0.3250479430620244	2.015066402425337	30240000.0	0.07	2.611526057543237
Saltmarsh_2_000000001	30326400.0	1	1	0.5112758961023636	1.0225517922047271	0.5719077396891135	1.143815479378227	1.0	0.5	96567808.86380848	65009588.933083914	65009588.933083914	1.369871382994603e-09	0.3250479432955482	2.0150664037952084	30326400.0	0.07	2.61152605931859
Saltmarsh_2_000000001	30412800.0	1	1	0.5112758962119769	1.0225517924239538	0.5719077398117585	1.143815479623517	1.0	0.5	96567808.90756713	65009588.962552704	65009588.962552704	1.296242946313697e-09	0.32504794351652055	2.015066405091451	30412800.0	0.07	2.611526060998521
Saltmarsh_2_000000001	30499200.0	1	1	0.5112758963156987	1.0225517926313974	0.5719077399278116	1.1438154798556233	1.0	0.5	96567808.9489738	65009588.990437575	65009588.990437575	1.22657201062637e-09	0.32504794372561585	2.0150664063180233	30499200.0	0.07	2.6115260625881582
Saltmarsh_2_000000001	30585600.0	1	1	0.5112758964138456	1.0225517928276913	0.571907740037627	1.143815480075254	1.0	0.5	96567808.98815496	65009589.01682369	65009589.01682369	1.1606456906676499e-09	0.32504794392347275	2.015066407478669	30585600.0	0.07	2.6115260640923554
Saltmarsh_2_000000001	30672000.0	1	1	0.5112758965067173	1.0225517930134347	0.5719077401415401	1.1438154802830802	1.0	0.5	96567809.02523018	65009589.041791596	65009589.041791596	1.0982628140254747e-09	0.32504794411069515	2.0150664085769323	30672000.0	0.07	2.6115260655157044
Saltmarsh_2_000000001	30758400.0	1	1	0.5112758965945973	1.0225517931891945	0.571907740239868	1.143815480479736	1.0	0.5	96567809.0603127	65009589.065417536	65009589.065417536	1.0392330329622723e-09	0.32504794428785466	2.015066409616165	30758400.0	0.07	2.6115260668625497
Saltmarsh_2_000000001	30844800.0	1	1	0.5112758966777539	1.0225517933555077	0.5719077403329109	1.1438154806658218	1.0	0.5	96567809.09350954	65009589.087773584	65009589.087773584	9.8337588072539e-10	0.32504794445549207	2.015066410599541	30844800.0	0.07	2.6115260681370054
Saltmarsh_2_000000001	30931200.0	1	1	0.5112758967564409	1.0225517935128818	0.5719077404209528	1.1438154808419057	1.0	0.5	96567809.12492211	65009589.10892805	65009589.10892805	9.305209935916992e-10	0.32504794461411923	2.015066411530062	30931200.0	0.07	2.6115260693429607
Saltmarsh_2_000000001	31017600.0	1	1	0.5112758968308987	1.0225517936617974	0.5719077405042627	1.1438154810085255	1.0	0.5	96567809.15464634	65009589.12894547	65009589.12894547	8.805068341111166e-10	0.3250479447642205	2.0150664124105693	31017600.0	0.07	2.6115260704840977
Saltmarsh_2_000000001	31104000.0	1	1	0.5112758969013544	1.0225517938027089	0.5719077405830949	1.1438154811661898	1.0	0.5	96567809.18277293	65009589.14788701	65009589.14788701	8.331809686623615e-10	0.32504794490625405	2.0150664132437504	31104000.0	0.07	2.6115260715639006
Saltmarsh_2_000000001	31190400.0	1	1	0.5112758969680233	1.0225517939360467	0.5719077406576899	1.1438154813153798	1.0	0.5	96567809.20938773	65009589.16581047	65009589.16581047	7.883989017187787e-10	0.3250479450406535	2.0150664140321495	31190400.0	0.07	2.611526072585666
Saltmarsh_2_000000001	31276800.0	1	1	0.5112758970311089	1.0225517940622177	0.5719077407282755	1.143815481456551	1.0	0.5	96567809.23457205	65009589.182770565	65009589.182770565	7.460236317591296e-10	0.3250479451678292	2.0150664147781736	31276800.0	0.07	2.611526073552513
Saltmarsh_2_000000001	31363200.0	1	1	0.5112758970908036	1.0225517941816071	0.5719077407950673	1.1438154815901347	1.0	0.5	96567809.25840276	65009589.19881911	65009589.19881911	7.059260398456502e-10	0.3250479452881695	2.0150664154840996	31363200.0	0.07	2.611526074467393
Saltmarsh_2_000000001	31449600.0	1	1	0.5112758971472898	1.0225517942945797	0.5719077408582691	1.1438154817165382	1.0	0.5	96567809.28095257	65009589.214005046	65009589.214005046	6.679837238898756e-10	0.3250479454020415	2.015066416152083	31449600.0	0.07	2.6115260753330998
Saltmarsh_2_000000001	31536000.0	1	1	0.5112758972007401	1.0225517944014801	0.571907740918074	1.143815481836148	1.0	0.5	96567809.3022904	65009589.22837476	65009589.22837476	6.320806100745813e-10	0.32504794550979316	2.0150664167841636	31536000.0	0.07	2.611526076152276
Saltmarsh_2_000000001	31622400.0	1	1	0.5112758972513174	1.0225517945026348	0.5719077409746643	1.1438154819493287	1.0	0.5	96567809.32248133	65009589.24197211	65009589.24197211	5.981072304095392e-10	0.3250479456117533	2.015066417382271	31622400.0	0.07	2.611526076927423
Saltmarsh_2_000000001	31708800.0	1	1	0.5112758972991763	1.0225517945983527	0.5719077410282131	1.1438154820564261	1.0	0.5	96567809.34158705	65009589.25483864	65009589.25483864	5.659599455754005e-10	0.32504794570823325	2.0150664179482307	31708800.0	0.07	2.611526077660907
Saltmarsh_2_000000001	31795200.0	1	1	0.5112758973444629	1.0225517946889258	0.5719077410788836	1.1438154821577673	1.0	0.5	96567809.35966587	65009589.2670136	65009589.2670136	5.355404453233348e-10	0.32504794579952756	2.015066418483771	31795200.0	0.07	2.6115260783549674
Saltmarsh_2_000000001	31881600.0	1	1	0.5112758973873154	1.0225517947746308	0.5719077411268308	1.1438154822536617	1.0	0.5	96567809.37677294	65009589.27853421	65009589.27853421	5.06756081541937e-10	0.32504794588591496	2.0150664189905276	31881600.0	0.07	2.611526079011724
Saltmarsh_2_000000001	31968000.0	1	1	0.5112758974278646	1.0225517948557292	0.5719077411722009	1.1438154823444018	1.0	0.5	96567809.3929606	65009589.28943559	65009589.28943559	4.795187025230518e-10	0.32504794596765924	2.0150664194700463	31968000.0	0.07	2.61152607963318
Saltmarsh_2_000000001	32054400.0	1	1	0.5112758974662344	1.0225517949324687	0.5719077412151323	1.1438154824302647	1.0	0.5	96567809.40827814	65009589.29975102	65009589.29975102	4.537453190955887e-10	0.3250479460450098	2.015066419923791	32054400.0	0.07	2.6115260802212332
Saltmarsh_2_000000001	32140800.0	1	1	0.5112758975025418	1.0225517950050835	0.5719077412557563	1.1438154825115125	1.0	0.5	96567809.4227724	65009589.30951201	65009589.30951201	4.293572719582528e-10	0.3250479461182028	2.015066420353148	32140800.0	0.07	2.6115260807776797
Saltmarsh_2_000000001	32227200.0	1	1	0.5112758975368977	1.0225517950737955	0.5719077412941967	1.1438154825883935	1.0	0.5	96567809.43648759	65009589.31874838	65009589.31874838	4.062800096349406e-10	0.32504794618746186	2.0150664207594278	32227200.0	0.07	2.6115260813042185
Saltmarsh_2_000000001	32313600.0	1	1	0.5112758975694072	1.0225517951388143	0.5719077413305711	1.1438154826611422	1.0	0.5	96567809.44946566	65009589.32748829	65009589.32748829	3.844430329635884e-10	0.32504794625299843	2.015066421143871	32313600.0	0.07	2.611526081802457
Saltmarsh_2_000000001	32400000.0	1	1	0.5112758976001692	1.0225517952003385	0.5719077413649905	1.143815482729981	1.0	0.5	96567809.46174616	65009589.335758455	65009589.335758455	3.637797840738699e-10	0.3250479463150125	2.0150664215076506	32400000.0	0.07	2.6115260822739153
Saltmarsh_2_000000001	32486400.0	1	1	0.5112758976292779	1.0225517952585559	0.5719077413975597	1.1438154827951195	1.0	0.5	96567809.47336659	65009589.34358413	65009589.34358413	3.442273133202889e-10	0.32504794637369333	2.015066421851878	32486400.0	0.07	2.611526082720034
Saltmarsh_2_000000001	32572800.0	1	1	0.511275897656822	1.022551795313644	0.5719077414283785	1.143815482856757	1.0	0.5	96567809.48436248	65009589.35098914	65009589.35098914	3.257255021260619e-10	0.3250479464292202	2.015066422177603	32572800.0	0.07	2.611526083142174
Saltmarsh_2_000000001	32659200.0	1	1	0.5112758976828857	1.0225517953657715	0.5719077414575408	1.1438154829150815	1.0	0.5	96567809.49476732	65009589.35799617	65009589.35799617	3.0821833973959656e-10	0.32504794648176255	2.015066422485821	32659200.0	0.07	2.6115260835416243
Saltmarsh_2_000000001	32745600.0	1	1	0.5112758977075486	1.022551795415097	0.5719077414851356	1.1438154829702711	1.0	0.5	96567809.50461292	65009589.364626564	65009589.364626564	2.916520358553498e-10	0.3250479465314808	2.0150664227774726	32745600.0	0.07	2.6115260839196046
Saltmarsh_2_000000001	32832000.0	1	1	0.5112758977308858	1.0225517954617716	0.5719077415112472	1.1438154830224945	1.0	0.5	96567809.51392937	65009589.37090056	65009589.37090056	2.7597596430339877e-10	0.3250479465785268	2.015066423053449	32832000.0	0.07	2.6115260842772705
Saltmarsh_2_000000001	32918400.0	1	1	0.5112758977529687	1.0225517955059373	0.5719077415359555	1.143815483071911	1.0	0.5	96567809.52274507	65009589.37683738	65009589.37683738	2.6114266304944067e-10	0.32504794662304426	2.0150664233145923	32918400.0	0.07	2.611526084615712
Saltmarsh_2_000000001	33004800.0	1	1	0.5112758977738646	1.0225517955477292	0.5719077415593357	1.1438154831186713	1.0	0.5	96567809.53108692	65009589.38245512	65009589.38245512	2.4710672397176836e-10	0.3250479466651689	2.0150664235616986	33004800.0	0.07	2.6115260849359614
Saltmarsh_2_000000001	33091200.0	1	1	0.5112758977936374	1.0225517955872747	0.5719077415814592	1.1438154831629184	1.0	0.5	96567809.53898041	65009589.38777088	65009589.38777088	2.338250704170264e-10	0.32504794670502934	2.0150664237955236	33091200.0	0.07	2.6115260852389985
Saltmarsh_2_000000001	33177600.0	1	1	0.5112758978123474	1.0225517956246948	0.5719077416023937	1.1438154832047873	1.0	0.5	96567809.54644963	65009589.39280094	65009589.39280094	2.2125740128942084e-10	0.32504794674274734	2.015066424016781	33177600.0	0.07	2.611526085525748
Saltmarsh_2_000000001	33264000.0	1	1	0.5112758978300518	1.0225517956601036	0.5719077416222029	1.1438154832444059	1.0	0.5	96567809.55351737	65009589.39756065	65009589.39756065	2.0936513633884601e-10	0.3250479467784381	2.0150664242261462	33264000.0	0.07	2.611526085797086
Saltmarsh_2_000000001	33350400.0	1	1	0.5112758978468046	1.0225517956936092	0.5719077416409475	1.143815483281895	1.0	0.5	96567809.56020527	65009589.40206454	65009589.40206454	1.9811208229469912e-10	0.3250479468122106	2.0150664244242584	33350400.0	0.07	2.611526086053839
Saltmarsh_2_000000001	33436800.0	1	1	0.511275897862657	1.022551795725314	0.5719077416586845	1.143815483317369	1.0	0.5	96567809.56653367	65009589.406326346	65009589.406326346	1.8746393326551924e-10	0.3250479468441678	2.0150664246117223	33436800.0	0.07	2.611526086296792
Saltmarsh_2_000000001	33523200.0	1	1	0.5112758978776574	1.0225517957553147	0.5719077416754682	1.1438154833509364	1.0	0.5	96567809.57252195	65009589.41035907	65009589.41035907	1.7738793767207994e-10	0.3250479468744074	2.01506642478911	33523200.0	0.07	2.6115260865266867
Saltmarsh_2_000000001	33609600.0	1	1	0.5112758978918515	1.022551795783703	0.5719077416913498	1.1438154833826997	1.0	0.5	96567809.57818837	65009589.414175056	65009589.414175056	1.6785367540350649e-10	0.32504794690302163	2.015066424956964	33609600.0	0.07	2.611526086744225
Saltmarsh_2_000000001	33696000.0	1	1	0.5112758979052826	1.0225517958105652	0.5719077417063778	1.1438154834127556	1.0	0.5	96567809.58355021	65009589.41778594	65009589.41778594	1.5883178106079754e-10	0.3250479469300979	2.0150664251157955	33696000.0	0.07	2.6115260869500707
Saltmarsh_2_000000001	33782400.0	1	1	0.5112758979179919	1.0225517958359838	0.5719077417205981	1.1438154834411962	1.0	0.5	96567809.58862387	65009589.42120275	65009589.42120275	1.5029494315754732e-10	0.3250479469557188	2.0150664252660904	33782400.0	0.07	2.611526087144853
Saltmarsh_2_000000001	33868800.0	1	1	0.511275897930018	1.022551795860036	0.5719077417340541	1.1438154834681082	1.0	0.5	96567809.59342483	65009589.4244359	65009589.4244359	1.4221673838576976e-10	0.32504794697996275	2.0150664254083077	33868800.0	0.07	2.611526087329167
Saltmarsh_2_000000001	33955200.0	1	1	0.5112758979413978	1.0225517958827957	0.5719077417467868	1.1438154834935736	1.0	0.5	96567809.59796773	65009589.42749531	65009589.42749531	1.3457285286122556e-10	0.3250479470029037	2.01506642554288	33955200.0	0.07	2.6115260875035724
Saltmarsh_2_000000001	34041600.0	1	1	0.511275897952166	1.022551795904332	0.5719077417588352	1.1438154835176704	1.0	0.5	96567809.60226646	65009589.43039024	65009589.43039024	1.273398053669439e-10	0.32504794702461137	2.01506642567022	34041600.0	0.07	2.6115260876686053
Saltmarsh_2_000000001	34128000.0	1	1	0.5112758979623554	1.0225517959247108	0.571907741770236	1.143815483540472	1.0	0.5	96567809.60633416	65009589.43312959	65009589.43312959	1.2049555797588596e-10	0.3250479470451524	2.0150664257907156	34128000.0	0.07	2.6115260878247675
Saltmarsh_2_000000001	34214400.0	1	1	0.5112758979719971	1.0225517959439943	0.5719077417810239	1.1438154835620478	1.0	0.5	96567809.61018324	65009589.435721666	65009589.435721666	1.1401896093943265e-10	0.3250479470645894	2.0150664259047337	34214400.0	0.07	2.611526087972535
Saltmarsh_2_000000001	34300800.0	1	1	0.5112758979811206	1.0225517959622412	0.571907741791232	1.143815483582464	1.0	0.5	96567809.61382543	65009589.43817445	65009589.43817445	1.078907518881067e-10	0.3250479470829815	2.0150664260126248	34300800.0	0.07	2.611526088112362
Saltmarsh_2_000000001	34387200.0	1	1	0.5112758979897537	1.0225517959795074	0.5719077418008915	1.143815483601783	1.0	0.5	96567809.61727181	65009589.440495394	65009589.440495394	1.020916684524309e-10	0.3250479471003853	2.0150664261147164	34387200.0	0.07	2.6115260882446725
Saltmarsh_2_000000001	34473600.0	1	1	0.5112758979979228	1.0225517959958457	0.5719077418100319	1.1438154836200638	1.0	0.5	96567809.62053302	65009589.44269161	65009589.44269161	9.660444666437229e-11	0.3250479471168536	2.015066426211321	34473600.0	0.07	2.611526088369872
Saltmarsh_2_000000001	34560000.0	1	1	0.5112758980056529	1.0225517960113057	0.5719077418186809	1.1438154836373617	1.0	0.5	96567809.6236189	65009589.44476977	65009589.44476977	9.141210011165413e-11	0.32504794713243673	2.015066426302733	34560000.0	0.07	2.6115260884883424
Saltmarsh_2_000000001	34646400.0	1	1	0.5112758980129675	1.022551796025935	0.571907741826865	1.14381548365373	1.0	0.5	96567809.62653898	65009589.44673624	65009589.44673624	8.649886362732673e-11	0.3250479471471823	2.015066426389232	34646400.0	0.07	2.6115260886004448
Saltmarsh_2_000000001	34732800.0	1	1	0.5112758980198888	1.0225517960397776	0.5719077418346092	1.1438154836692185	1.0	0.5	96567809.62930205	65009589.44859699	65009589.44859699	8.184963817825519e-11	0.32504794716113533	2.015066426471081	34732800.0	0.07	2.6115260887065213
Saltmarsh_2_000000001	34819200.0	1	1	0.5112758980264381	1.0225517960528763	0.5719077418419373	1.1438154836838745	1.0	0.5	96567809.6319166	65009589.45035775	65009589.45035775	7.745037944317801e-11	0.3250479471743384	2.015066426548531	34819200.0	0.07	2.6115260888068965
Saltmarsh_2_000000001	34905600.0	1	1	0.5112758980326355	1.022551796065271	0.5719077418488714	1.1438154836977428	1.0	0.5	96567809.63439064	65009589.45202385	65009589.45202385	7.328754270119475e-11	0.3250479471868317	2.015066426621819	34905600.0	0.07	2.6115260889018774
Saltmarsh_2_000000001	34992000.0	1	1	0.5112758980384998	1.0225517960769996	0.5719077418554328	1.1438154837108656	1.0	0.5	96567809.63673171	65009589.453600414	65009589.453600414	6.934841589867347e-11	0.32504794719865365	2.015066426691167	34992000.0	0.07	2.611526088991752
Saltmarsh_2_000000001	35078400.0	1	1	0.5112758980440489	1.0225517960880979	0.5719077418616416	1.1438154837232832	1.0	0.5	96567809.63894697	65009589.455092214	65009589.455092214	6.56210086269482e-11	0.3250479472098401	2.015066426756788	35078400.0	0.07	2.6115260890767975
Saltmarsh_2_000000001	35164800.0	1	1	0.5112758980492997	1.0225517960985995	0.5719077418675167	1.1438154837350334	1.0	0.5	96567809.64104314	65009589.45650386	65009589.45650386	6.20938855888653e-11	0.3250479472204254	2.0150664268188825	35164800.0	0.07	2.611526089157272
Saltmarsh_2_000000001	35251200.0	1	1	0.5112758980542683	1.0225517961085366	0.571907741873076	1.143815483746152	1.0	0.5	96567809.64302666	65009589.457839645	65009589.457839645	5.875649966569085e-11	0.3250479472304417	2.015066426877639	35251200.0	0.07	2.6115260892334202
Saltmarsh_2_000000001	35337600.0	1	1	0.5112758980589699	1.0225517961179398	0.5719077418783365	1.143815483756673	1.0	0.5	96567809.64490356	65009589.45910364	65009589.45910364	5.5598414760993364e-11	0.32504794723991975	2.0150664269332372	35337600.0	0.07	2.6115260893054755
Saltmarsh_2_000000001	35424000.0	1	1	0.5112758980634188	1.0225517961268376	0.5719077418833142	1.1438154837666283	1.0	0.5	96567809.64667957	65009589.46029965	65009589.46029965	5.261008295676106e-11	0.3250479472488882	2.0150664269858476	35424000.0	0.07	2.6115260893736587
Saltmarsh_2_000000001	35510400.0	1	1	0.5112758980676285	1.022551796135257	0.5719077418880244	1.1438154837760488	1.0	0.5	96567809.64836016	65009589.46143138	65009589.46143138	4.9782178379587094e-11	0.32504794725737474	2.01506642703563	35510400.0	0.07	2.6115260894381764
Saltmarsh_2_000000001	35596800.0	1	1	0.511275898071612	1.022551796143224	0.5719077418924814	1.1438154837849628	1.0	0.5	96567809.6499504	65009589.4625023	65009589.4625023	4.7106485379089236e-11	0.32504794726540504	2.0150664270827368	35596800.0	0.07	2.6115260894992267
Saltmarsh_2_000000001	35683200.0	1	1	0.5112758980753813	1.0225517961507626	0.5719077418966988	1.1438154837933976	1.0	0.5	96567809.65145516	65009589.46351566	65009589.46351566	4.4574510749129104e-11	0.3250479472730038	2.015066427127311	35683200.0	0.07	2.611526089556995
Saltmarsh_2_000000001	35769600.0	1	1	0.511275898078948	1.022551796157896	0.5719077419006896	1.1438154838013792	1.0	0.5	96567809.65287903	65009589.46447455	65009589.46447455	4.217876048429048e-11	0.325047947280194	2.01506642716949	35769600.0	0.07	2.611526089611659
Saltmarsh_2_000000001	35856000.0	1	1	0.5112758980823231	1.0225517961646462	0.5719077419044659	1.1438154838089318	1.0	0.5	96567809.65422636	65009589.465381905	65009589.465381905	3.991168506800591e-11	0.3250479472869979	2.0150664272094017	35856000.0	0.07	2.6115260896633847
Saltmarsh_2_000000001	35942400.0	1	1	0.5112758980855167	1.0225517961710333	0.5719077419080392	1.1438154838160783	1.0	0.5	96567809.6555013	65009589.466240495	65009589.466240495	3.776651213982518e-11	0.32504794729343595	2.015066427247168	35942400.0	0.07	2.6115260897123296
Saltmarsh_2_000000001	36028800.0	1	1	0.5112758980885387	1.0225517961770774	0.5719077419114205	1.143815483822841	1.0	0.5	96567809.65670767	65009589.46705293	65009589.46705293	3.573669138390301e-11	0.32504794729952796	2.015066427282905	36028800.0	0.07	2.611526089758645
Saltmarsh_2_000000001	36115200.0	1	1	0.5112758980913983	1.0225517961827966	0.57190774191462	1.14381548382924	1.0	0.5	96567809.65784927	65009589.4678217	65009589.4678217	3.381583901784779e-11	0.3250479473052927	2.015066427316721	36115200.0	0.07	2.6115260898024704
Saltmarsh_2_000000001	36201600.0	1	1	0.5112758980941041	1.0225517961882082	0.5719077419176476	1.1438154838352952	1.0	0.5	96567809.65892945	65009589.46854917	65009589.46854917	3.199829290423395e-11	0.32504794731074754	2.0150664273487195	36201600.0	0.07	2.6115260898439403
Saltmarsh_2_000000001	36288000.0	1	1	0.5112758980966645	1.022551796193329	0.5719077419205124	1.1438154838410248	1.0	0.5	96567809.65995161	65009589.469237514	65009589.469237514	3.027844641678712e-11	0.32504794731590914	2.015066427378998	36288000.0	0.07	2.611526089883182
Saltmarsh_2_000000001	36374400.0	1	1	0.5112758980990874	1.0225517961981747	0.5719077419232232	1.1438154838464465	1.0	0.5	96567809.66091882	65009589.469888866	65009589.469888866	2.8650970484989102e-11	0.32504794732079334	2.015066427407649	36374400.0	0.07	2.611526089920313
Saltmarsh_2_000000001	36460800.0	1	1	0.51127589810138	1.02255179620276	0.5719077419257884	1.1438154838515768	1.0	0.5	96567809.66183405	65009589.47050521	65009589.47050521	2.711109114983401e-11	0.325047947325415	2.0150664274347605	36460800.0	0.07	2.6115260899554498
Saltmarsh_2_000000001	36547200.0	1	1	0.5112758981035493	1.0225517962070987	0.5719077419282157	1.1438154838564314	1.0	0.5	96567809.6627001	65009589.47108843	65009589.47108843	2.565386791886226e-11	0.3250479473297883	2.0150664274604146	36547200.0	0.07	2.6115260899886974
Saltmarsh_2_000000001	36633600.0	1	1	0.5112758981056021	1.0225517962112043	0.5719077419305125	1.143815483861025	1.0	0.5	96567809.66351958	65009589.47164031	65009589.47164031	2.4275026433429048e-11	0.32504794733392656	2.0150664274846903	36633600.0	0.07	2.611526090020159
Saltmarsh_2_000000001	36720000.0	1	1	0.5112758981075446	1.0225517962150892	0.5719077419326859	1.1438154838653718	1.0	0.5	96567809.66429502	65009589.472162515	65009589.472162515	2.29701813125871e-11	0.3250479473378424	2.0150664275076604	36720000.0	0.07	2.611526090049928
Saltmarsh_2_000000001	36806400.0	1	1	0.5112758981093826	1.0225517962187651	0.5719077419347425	1.143815483869485	1.0	0.5	96567809.66502878	65009589.47265666	65009589.47265666	2.1735613309203927e-11	0.3250479473415477	2.0150664275293964	36806400.0	0.07	2.611526090078098
Saltmarsh_2_000000001	36892800.0	1	1	0.5112758981111218	1.0225517962222437	0.5719077419366884	1.1438154838733767	1.0	0.5	96567809.6657231	65009589.47312424	65009589.47312424	2.0567325620390875e-11	0.3250479473450539	2.0150664275499635	36892800.0	0.07	2.6115260901047526
Saltmarsh_2_000000001	36979200.0	1	1	0.5112758981127675	1.022551796225535	0.5719077419385298	1.1438154838770596	1.0	0.5	96567809.66638009	65009589.47356666	65009589.47356666	1.9461765532469144e-11	0.32504794734837156	2.015066427569425	36979200.0	0.07	2.6115260901299746
Saltmarsh_2_000000001	37065600.0	1	1	0.5112758981143248	1.0225517962286497	0.5719077419402722	1.1438154838805443	1.0	0.5	96567809.66700175	65009589.47398532	65009589.47398532	1.8415768909818553e-11	0.3250479473515108	2.0150664275878407	37065600.0	0.07	2.6115260901538417
Saltmarsh_2_000000001	37152000.0	1	1	0.5112758981157984	1.0225517962315969	0.5719077419419208	1.1438154838838417	1.0	0.5	96567809.66759	65009589.47438147	65009589.47438147	1.7425838549911532e-11	0.3250479473544815	2.0150664276052663	37152000.0	0.07	2.6115260901764255
Saltmarsh_2_000000001	37238400.0	1	1	0.5112758981171928	1.0225517962343855	0.571907741943481	1.143815483886962	1.0	0.5	96567809.6681467	65009589.47475632	65009589.47475632	1.648925440633775e-11	0.32504794735729237	2.015066427621756	37238400.0	0.07	2.6115260901977955
Saltmarsh_2_000000001	37324800.0	1	1	0.5112758981185122	1.0225517962370243	0.5719077419449573	1.1438154838899146	1.0	0.5	96567809.6686734	65009589.47511107	65009589.47511107	1.560307438808195e-11	0.3250479473599523	2.015066427637358	37324800.0	0.07	2.611526090218016
Saltmarsh_2_000000001	37411200.0	1	1	0.5112758981197607	1.0225517962395214	0.5719077419463542	1.1438154838927084	1.0	0.5	96567809.66917181	65009589.47544669	65009589.47544669	1.4764411915280107e-11	0.32504794736246906	2.0150664276521226	37411200.0	0.07	2.611526090237151
Saltmarsh_2_000000001	37497600.0	1	1	0.5112758981209421	1.0225517962418842	0.571907741947676	1.143815483895352	1.0	0.5	96567809.66964345	65009589.475764304	65009589.475764304	1.3970824497278045e-11	0.3250479473648507	2.015066427666093	37497600.0	0.07	2.611526090255256
Saltmarsh_2_000000001	37584000.0	1	1	0.51127589812206	1.02255179624412	0.5719077419489268	1.1438154838978536	1.0	0.5	96567809.6700897	65009589.47606484	65009589.47606484	1.3219980665724052e-11	0.32504794736710424	2.0150664276793124	37584000.0	0.07	2.6115260902723887
Saltmarsh_2_000000001	37670400.0	1	1	0.5112758981231178	1.0225517962462356	0.5719077419501104	1.1438154839002208	1.0	0.5	96567809.670512	65009589.47634923	65009589.47634923	1.2509437929963951e-11	0.3250479473692367	2.0150664276918224	37670400.0	0.07	2.611526090288602
Saltmarsh_2_000000001	37756800.0	1	1	0.5112758981241188	1.0225517962482376	0.5719077419512304	1.1438154839024608	1.0	0.5	96567809.67091161	65009589.476618335	65009589.476618335	1.1837031355099725e-11	0.32504794737125464	2.0150664277036587	37756800.0	0.07	2.6115260903039417
Saltmarsh_2_000000001	37843200.0	1	1	0.5112758981250659	1.0225517962501318	0.5719077419522901	1.1438154839045802	1.0	0.5	96567809.67128971	65009589.47687294	65009589.47687294	1.1200762539687048e-11	0.32504794737316395	2.0150664277148596	37843200.0	0.07	2.611526090318458
Saltmarsh_2_000000001	37929600.0	1	1	0.5112758981259622	1.0225517962519244	0.5719077419532929	1.1438154839065857	1.0	0.5	96567809.67164749	65009589.4771139	65009589.4771139	1.0598799615735288e-11	0.3250479473749707	2.0150664277254577	37929600.0	0.07	2.6115260903321933
