plant	time	x	y	r_ag	h_ag	r_bg	h_bg	aboveground_resources	belowground_resources	res_ag	res_bg	res_eff	grow	maint	volume	age	salinity	transpiration
Saltmarsh_2_000000001	0.0	1	1	0.048363774138253775	0.09672754827650755	0.048363774138253775	0.09672754827650755	1.0	0.022574055939912796	923552.841931713	20848.33351723193	20848.33351723193	-0.00014921923294464027	0.00025346090053079994	0.0014215770938502572	86400.0	0.1537360255083683	0.0018423639136299333
