plant	time	x	y	r_ag	h_ag	r_bg	h_bg	aboveground_resources	belowground_resources	res_ag	res_bg	res_eff	grow	maint	volume	age	salinity	transpiration
Saltmarsh_2_000000001	36547200.0	1	1	0.7892690613530982	1.5785381227061963	0.8521798662711532	1.7043597325423063	1.0	0.9148784279823303	229503275.17422205	257601585.38223588	229503275.17422205	0.02576651014271003	1.1217498657284002	6.977689134021815	36633600.0	0.017228641	9.043085117692272
