plant	time	x	y	r_ag	h_ag	r_bg	h_bg	aboveground_resources	belowground_resources	res_ag	res_bg	res_eff	grow	maint	volume	age	salinity	transpiration
Saltmarsh_2_000000001	0.0	1	1	0.05	0.1	0.05	0.1	NaN	NaN	NaN	NaN	NaN	NaN	NaN	NaN	NaN	NaN	NaN
Saltmarsh_2_000000001	86400.0	1	1	0.06801179090596493	0.13602358181192986	0.07127893399919215	0.1425578679983843	1.0	0.6355195045471191	923552.841931713	586935.8445275262	586935.8445275262	0.002681295952117938	0.0002533832705196927	0.004252092278912836	86400.0	0.057645118	0.005510711593471037
Saltmarsh_2_000000001	172800.0	1	1	0.08910826461589387	0.17821652923178774	0.0947582613386037	0.1895165226772074	1.0	0.6431023478507996	1708795.7779402207	1245093.900747342	1245093.900747342	0.005539569600736015	0.000685899903000695	0.009791661879648854	172800.0	0.056914342	0.012689993796024916
Saltmarsh_2_000000001	259200.0	1	1	0.11173271577718973	0.22346543155437945	0.11936820648042783	0.23873641296085565	1.0	0.6507048010826111	2933308.3067161497	2247789.899039192	2247789.899039192	0.00965946826738406	0.001579481227811901	0.019451130147032918	259200.0	0.056174699	0.025208664670554663
Saltmarsh_2_000000001	345600.0	1	1	0.13504358545345602	0.27008717090691203	0.14444910420577958	0.28889820841155917	1.0	0.6583189368247986	4611927.272557949	3619611.1846594918	3619611.1846594918	0.014960417460635754	0.0031376384626617035	0.03441154760766867	345600.0	0.055426409	0.0445973656995386
Saltmarsh_2_000000001	432000.0	1	1	0.1585593328968422	0.3171186657936844	0.16958567539585254	0.3391713507917051	1.0	0.6659366488456726	6737048.294164343	5366089.717860693	5366089.717860693	0.02127956313856756	0.0055508854507359045	0.055691110746236255	432000.0	0.054669694	0.07217567952712219
Saltmarsh_2_000000001	518400.0	1	1	0.1819862112633022	0.3639724225266044	0.19451013346598076	0.3890202669319615	1.0	0.6735498905181885	9287639.721700277	7480231.541502301	7480231.541502301	0.02841769146236903	0.008983466245142475	0.0841088022086053	518400.0	0.053904776	0.10900500766235247
Saltmarsh_2_000000001	604800.0	1	1	0.205137526350988	0.410275052701976	0.21904752348116224	0.4380950469623245	1.0	0.6811507344245911	12234851.643010247	9947256.280875769	9947256.280875769	0.036168791450671374	0.013567489953707471	0.12027759365927668	604800.0	0.053131885	0.15587976138242257
Saltmarsh_2_000000001	691200.0	1	1	0.22789215777810018	0.45578431555620036	0.24308343440630759	0.48616686881261517	1.0	0.6887311339378357	15545760.3676942	12747776.520590814	12747776.520590814	0.04433704830288854	0.01940183430006553	0.16461464196216524	691200.0	0.052351247	0.21334057598296619
Saltmarsh_2_000000001	777600.0	1	1	0.2501712933466323	0.5003425866932646	0.2665440714458884	0.5330881428917768	1.0	0.6962831616401672	19185825.99686862	15859882.98660417	15859882.98660417	0.05274562457567433	0.026553790357346525	0.21736026653783957	777600.0	0.051563094	0.2816989054330401
Saltmarsh_2_000000001	864000.0	1	1	0.2719244540415071	0.5438489080830142	0.2893834963527891	0.5787669927055782	1.0	0.7037991285324097	23120471.579047337	19260502.759709135	19260502.759709135	0.06124039003564662	0.03506212376289906	0.2786006565734862	864000.0	0.050767662	0.3610664509192381
Saltmarsh_2_000000001	950400.0	1	1	0.2931206410770385	0.586241282154077	0.3115751924917815	0.623150384983563	1.0	0.7112714052200317	27316073.39036507	22926273.640621874	22926273.640621874	0.06969063061202821	0.04494073759108117	0.34829128718551444	950400.0	0.049965184	0.45138550819242673
Saltmarsh_2_000000001	1036800.0	1	1	0.313742499833007	0.627484999666014	0.33310634125704136	0.6662126825140827	1.0	0.7186923623085022	31740557.022652153	26834102.252606843	26834102.252606843	0.07798806167668351	0.05618244958635072	0.426279348862198	1036800.0	0.049155898	0.5524580361254087
Saltmarsh_2_000000001	1123200.0	1	1	0.33378238237437274	0.6675647647487455	0.3539738765782489	0.7079477531564978	1.0	0.7260549664497375	36363731.765432395	30961538.225297537	30961538.225297537	0.08604508089674516	0.06876261022974252	0.5123244297589431	1123200.0	0.048340045	0.6639724609675902
Saltmarsh_2_000000001	1209600.0	1	1	0.3532395625193414	0.7064791250386828	0.3741816654096293	0.7483633308192587	1.0	0.7333519458770752	41157459.60482148	35286962.90378108	35286962.90378108	0.09379237554380598	0.0826424389750994	0.606116805302749	1209600.0	0.047517866	0.7855273796723627
Saltmarsh_2_000000001	1296000.0	1	1	0.37211829378382266	0.7442365875676453	0.3937385144402075	0.787477028880415	1.0	0.7405766248703003	46095700.25076631	39789740.95844377	39789740.95844377	0.10117673026899877	0.09777197452322008	0.7072935355717479	1296000.0	0.046689604	0.9166524221009853
Saltmarsh_2_000000001	1382400.0	1	1	0.3904263855412692	0.7808527710825384	0.41265670512084307	0.8253134102416861	1.0	0.7477225065231323	51154492.72734126	44450267.94752475	44450267.94752475	0.10815866826678779	0.11409267147083597	0.8154522038385357	1382400.0	0.045855507	1.0568260561747422
Saltmarsh_2_000000001	1468800.0	1	1	0.4081741547351708	0.8163483094703416	0.43095091271509084	0.8619018254301817	1.0	0.7547832131385803	56311884.41405853	49249981.849044465	49249981.849044465	0.11471029278667275	0.13153961645854959	0.9301624966252084	1468800.0	0.045015818	1.2054905956262703
Saltmarsh_2_000000001	1555200.0	1	1	0.42537367328269904	0.8507473465653981	0.4486374246250518	0.8972748492501036	1.0	0.7617529630661011	61547829.851460755	54171381.38166319	54171381.38166319	0.1208135107726995	0.15004339613561643	1.050976007397908	1555200.0	0.04417079	1.3620649055876886
Saltmarsh_2_000000001	1641600.0	1	1	0.4420381861196007	0.8840763722392014	0.46573354146142953	0.9314670829228591	1.0	0.7686261534690857	66844080.800020635	59197978.5665272	59197978.5665272	0.12645821425048834	0.16953167858214765	1.1774342216483964	1641600.0	0.043320671	1.5259547512563216
Saltmarsh_2_000000001	1728000.0	1	1	0.45818166961697276	0.9163633392339455	0.48225712494541806	0.9645142498908361	1.0	0.7753973007202148	72184061.87872654	64314250.87573616	64314250.87573616	0.13164075300564398	0.18993050137303685	1.3090749746540404	1728000.0	0.042465714	1.6965611671516365
Saltmarsh_2_000000001	1814400.0	1	1	0.4738185393011475	0.947637078602295	0.4982262931443107	0.9964525862886214	1.0	0.7820618152618408	77552742.66462515	69505657.57605813	69505657.57605813	0.13636297460881697	0.2111653132714737	1.4454379492628573	1814400.0	0.041606172	1.873287582244663
Saltmarsh_2_000000001	1900800.0	1	1	0.4889633766989688	0.9779267533979376	0.5136591488693462	1.0273182977386923	1.0	0.7886149287223816	82936525.91390167	74758514.40867348	74758514.40867348	0.14063071097331503	0.23316186107005238	1.5860686602361727	1900800.0	0.040742299	2.05554498366608
Saltmarsh_2_000000001	1987200.0	1	1	0.503630761397416	1.007261522794832	0.5285736090422466	1.0571472180844932	1.0	0.7950524687767029	88323120.367487	80060002.44556107	80060002.44556107	0.14445317992750056	0.25584683230030475	1.7305218401636735	1987200.0	0.039874351	2.242756304852121
Saltmarsh_2_000000001	2073600.0	1	1	0.5178351419425753	1.0356702838851506	0.5429872766465047	1.0859745532930094	1.0	0.8013707399368286	93701434.06361236	85398119.09037279	85398119.09037279	0.14784219404126997	0.279148401410594	1.8783640342049441	2073600.0	0.039002587	2.4343597883296075
Saltmarsh_2_000000001	2160000.0	1	1	0.5315907258959369	1.0631814517918738	0.5569173359974114	1.113834671994823	1.0	0.807566225528717	99061472.61877255	90761605.23949552	90761605.23949552	0.15081137787671905	0.3029966483207585	2.0291754120816625	2160000.0	0.038127263	2.629811334057835
Saltmarsh_2_000000001	2246400.0	1	1	0.5449114178723851	1.0898228357447701	0.5703804942786956	1.1407609885573913	1.0	0.8136359453201294	104394238.74086776	96139937.6204212	96139937.6204212	0.1533758373897075	0.3273238507123985	2.18255124947137	2246400.0	0.03724864	2.8285864193148957
Saltmarsh_2_000000001	2332800.0	1	1	0.5578107687533622	1.1156215375067244	0.5833929366678804	1.1667858733357608	1.0	0.8195772767066956	109691646.76847157	101523274.96613826	101523274.96613826	0.155551651839964	0.35206472299072733	2.3381029013113332	2332800.0	0.036366977	3.0301813600994882
Saltmarsh_2_000000001	2419200.0	1	1	0.5703019354016925	1.140603870803385	0.59597029333055	1.1919405866611	1.0	0.8253878355026245	114946440.93766774	106902406.15218705	106902406.15218705	0.15735545747388563	0.3771565732870496	2.4954583587852186	2419200.0	0.035482537	3.2341140329856435
Saltmarsh_2_000000001	2505600.0	1	1	0.5823976670303223	1.1647953340606445	0.6081276316072788	1.2162552632145576	1.0	0.8310657143592834	120152118.11974916	112268743.70208839	112268743.70208839	0.1588043252048289	0.40253939330561306	2.654262683990048	2505600.0	0.034595581	3.439924438451102
Saltmarsh_2_000000001	2592000.0	1	1	0.5941102917684531	1.1882205835369062	0.6198794498956903	1.2397588997913807	1.0	0.8366093039512634	125302862.84195296	117614273.52613206	117614273.52613206	0.15991543919144652	0.42815592843921385	2.8141781231814944	2592000.0	0.033706371	3.6471748476432166
Saltmarsh_2_000000001	2678400.0	1	1	0.60545172768867	1.21090345537734	0.6312396940110616	1.2624793880221232	1.0	0.8420175909996033	130393484.71131575	122931568.36534269	122931568.36534269	0.16070614579005438	0.4539516960366591	2.9748842689715485	2678400.0	0.032815173	3.8554500125871267
Saltmarsh_2_000000001	2764800.0	1	1	0.6164334670547629	1.2328669341095257	0.6422217507094724	1.2844435014189448	1.0	0.8472895622253418	135419369.05560002	128213683.68725652	128213683.68725652	0.16119340686960487	0.4798750115666777	3.136077675841154	2764800.0	0.031922248	4.064356667890135
Saltmarsh_2_000000001	2851200.0	1	1	0.6270665926611778	1.2541331853223556	0.6528384698137147	1.3056769396274295	1.0	0.852424681186676	140376418.77821246	133454194.46691173	133454194.46691173	0.16139404573783311	0.5058769265967256	3.2974717215789875	2851200.0	0.031027863	4.273523351166368
Saltmarsh_2_000000001	2937600.0	1	1	0.6373617942047378	1.2747235884094756	0.6631021866721539	1.3262043733443079	1.0	0.8574228286743164	145261013.04022515	138647171.5032302	138647171.5032302	0.1613246510743105	0.5319112064418406	3.458796372653298	2937600.0	0.030132282	4.482600098958674
Saltmarsh_2_000000001	3024000.0	1	1	0.6473293648428443	1.2946587296856886	0.6730247270711941	1.3460494541423882	1.0	0.8622838854789734	150069969.34173605	143787097.50559208	143787097.50559208	0.16100119521090417	0.5579342923170563	3.619797567864201	3024000.0	0.029235771	4.691257647952004
Saltmarsh_2_000000001	3110400.0	1	1	0.656979242902346	1.313958485804692	0.6826174522759647	1.3652349045519294	1.0	0.8670085072517395	154800499.3075706	148868969.26392668	148868969.26392668	0.16043964440454062	0.5839052019150929	3.7802372122687418	3110400.0	0.028338594	4.89918742710029
Saltmarsh_2_000000001	3196800.0	1	1	0.6663209990513417	1.3326419981026834	0.6918912553299763	1.3837825106599526	1.0	0.8715971112251282	159450188.52861708	153888124.61884144	153888124.61884144	0.15965509466779115	0.6097855284264161	3.9398923069365335	3196800.0	0.027441019	5.106100429789747
Saltmarsh_2_000000001	3283200.0	1	1	0.6753069577039285	1.350613915407857	0.7008054591230769	1.4016109182461538	1.0	0.8749887347221375	164016953.47513038	158647804.8112792	158647804.8112792	0.157699723895232	0.635539300161164	4.097592030831765	3283200.0	0.026759841	5.310479271957967
Saltmarsh_2_000000001	3369600.0	1	1	0.6838970087892103	1.3677940175784207	0.7093257114762055	1.418651422952411	1.0	0.8772576451301575	168470625.7463349	163120345.4936254	163120345.4936254	0.15462407408509182	0.6609776533830352	4.252216104916858	3369600.0	0.026295262	5.510872071972249
Saltmarsh_2_000000001	3456000.0	1	1	0.6921120787169998	1.3842241574339995	0.7174724735301777	1.4349449470603555	1.0	0.879490077495575	172783850.81037226	167474818.3388694	167474818.3388694	0.15145421446953444	0.6859198772248125	4.403670319386393	3456000.0	0.025830891	5.707156733924766
Saltmarsh_2_000000001	3542400.0	1	1	0.6999717897459087	1.3999435794918174	0.7252650159684335	1.450530031936867	1.0	0.8816856741905212	176959791.35795623	171712725.77326363	171712725.77326363	0.14821285405048246	0.7103507748158358	4.551883173436875	3542400.0	0.025366863	5.8992405927741896
Saltmarsh_2_000000001	3628800.0	1	1	0.707494575848307	1.414989151696614	0.7327215096241008	1.4654430192482015	1.0	0.8838444352149963	181001767.26281884	175835860.45116195	175835860.45116195	0.14492048980851568	0.7342588124472941	4.69680366324539	3628800.0	0.024903317	6.087057547566026
Saltmarsh_2_000000001	3715200.0	1	1	0.7146977486925645	1.429395497385129	0.7398590745883451	1.4797181491766902	1.0	0.8859660029411316	184913223.5327988	179846131.90684813	179846131.90684813	0.14159489678052262	0.757635762753718	4.8383985600259125	3715200.0	0.02444039	6.270564533793583
Saltmarsh_2_000000001	3801600.0	1	1	0.7215975974615146	1.4431951949230293	0.7466938632552639	1.4933877265105278	1.0	0.8880504369735718	188697683.4245341	183745672.99214602	183745672.99214602	0.13825209932122207	0.780476265639508	4.976650659347134	3801600.0	0.023978219	6.449739254513885
Saltmarsh_2_000000001	3888000.0	1	1	0.7282094449296861	1.4564188898593722	0.7532411057145748	1.5064822114291496	1.0	0.8900975584983826	192358728.4123339	187536686.09759802	187536686.09759802	0.13490588460949515	0.8027775458784949	5.1115565439566275	3888000.0	0.023516941	6.62457728096779
Saltmarsh_2_000000001	3974400.0	1	1	0.7345477171481842	1.4690954342963685	0.7595151694613679	1.5190303389227358	1.0	0.8921073079109192	195899963.6039249	191221480.19187883	191221480.19187883	0.13156834872160328	0.8245390522377909	5.24312489267823	3974400.0	0.023056693	6.795089860910986
Saltmarsh_2_000000001	4060800.0	1	1	0.7406260041119633	1.4812520082239267	0.7655296122988966	1.5310592245977932	1.0	0.8940796852111816	199324997.39919654	194802437.37902066	194802437.37902066	0.12825000220704919	0.8457621846880541	5.371374894885279	4060800.0	0.022597612	6.961301863771322
Saltmarsh_2_000000001	4147200.0	1	1	0.7464571123643853	1.4929142247287706	0.771297228941435	1.54259445788287	1.0	0.8960146903991699	202637422.80888718	198281979.9943198	198281979.9943198	0.12495986132752845	0.8664500386440706	5.496334756212807	4147200.0	0.022139831	7.123249844051798
Saltmarsh_2_000000001	4233600.0	1	1	0.7520531260865161	1.5041062521730322	0.7768301064298698	1.5536602128597397	1.0	0.8979125618934631	205840800.06153908	201662604.91087872	201662604.91087872	0.1217058606314132	0.8866071639229804	5.618040616844221	4233600.0	0.02168349	7.28098063943011
Saltmarsh_2_000000001	4320000.0	1	1	0.7574254385366331	1.5148508770732663	0.7821396526918434	1.5642793053836868	1.0	0.8997732996940613	208938648.92465448	204946768.1434629	204946768.1434629	0.1184944504629134	0.9062393902544011	5.736535067307134	4320000.0	0.021228721	7.4345494472300455
Saltmarsh_2_000000001	4406400.0	1	1	0.7625847937079164	1.5251695874158329	0.7872366351116531	1.5744732702233062	1.0	0.9015969038009644	211934429.17649287	208136915.69044462	208136915.69044462	0.11533099058699003	0.9253535878652331	5.851866057894124	4406400.0	0.02077566	7.584018411030785
Saltmarsh_2_000000001	4492800.0	1	1	0.7675413439062322	1.5350826878124644	0.7921312344557744	1.5842624689115488	1.0	0.903383731842041	214831530.4545257	211235555.11499548	211235555.11499548	0.11222028401534578	0.9439574915596317	5.9640863419094705	4492800.0	0.020324441	7.729455899114673
Saltmarsh_2_000000001	4579200.0	1	1	0.7723046720680966	1.5446093441361932	0.7968330661717237	1.5936661323434473	1.0	0.9051339030265808	217633274.66472122	214245118.66344443	214245118.66344443	0.1091659824074156	0.9620596109098065	6.073252324316885	4579200.0	0.019875199	7.870935012314684
Saltmarsh_2_000000001	4665600.0	1	1	0.7768838251265913	1.5537676502531825	0.8013512122445066	1.6027024244890131	1.0	0.9068475365638733	220342901.82375976	217168001.80845565	217168001.80845565	0.10617096450951058	0.9796690445327676	6.179423288826394	4665600.0	0.019428064	8.008532582319006
Saltmarsh_2_000000001	4752000.0	1	1	0.7812873608786428	1.5625747217572856	0.8056942659622222	1.6113885319244443	1.0	0.9085250496864319	222963564.74536243	220006628.20052174	220006628.20052174	0.10323778558996977	0.996795355412639	6.282661074416364	4752000.0	0.018983171	8.142328752443609
Saltmarsh_2_000000001	4838400.0	1	1	0.7855233636668507	1.5710467273337014	0.8098703475113247	1.6197406950226494	1.0	0.9101666212081909	225498334.0314154	222763324.21045074	222763324.21045074	0.10036810233143934	1.0134485187208144	6.383029176747804	4838400.0	0.018540652	8.272405813065154
Saltmarsh_2_000000001	4924800.0	1	1	0.7895994747542919	1.5791989495085839	0.8138871334813248	1.6277742669626496	1.0	0.9117724895477295	227950187.50890008	225440378.015399	225440378.015399	0.09756311321081901	1.029638776866176	6.480592289958622	4924800.0	0.018100637	8.398847607786374
Saltmarsh_2_000000001	5011200.0	1	1	0.7935229239479183	1.5870458478958367	0.817751887641698	1.635503775283396	1.0	0.9133430123329163	230322009.9858566	228040052.92604277	228040052.92604277	0.09482369904773646	1.0453765655824774	6.575415989006357	5011200.0	0.017663257	8.521739121752239
Saltmarsh_2_000000001	5097600.0	1	1	0.797300546776133	1.594601093552266	0.821471478125266	1.642942956250532	1.0	0.9148784279823303	232616595.603002	230564528.83172226	230564528.83172226	0.09215018147118248	1.0606724626874289	6.667566170477539	5097600.0	0.017228641	8.641165756938891
Saltmarsh_2_000000001	5184000.0	1	1	0.8009388225328309	1.6018776450656618	0.8250524143847019	1.6501048287694038	1.0	0.9163792729377747	234836643.39816546	233016001.16559818	233016001.16559818	0.08954290794766373	1.0755370978803271	6.757109078425202	5184000.0	0.016796917	8.757213365639062
Saltmarsh_2_000000001	5270400.0	1	1	0.804443875645805	1.60888775129161	0.8285008494388647	1.6570016988777294	1.0	0.9178457260131836	236984766.55747235	235396522.5480302	235396522.5480302	0.08700145583027585	1.0899811569098752	6.844110534255477	5270400.0	0.016368216	8.869967252395098
Saltmarsh_2_000000001	5356800.0	1	1	0.8078215113855263	1.6156430227710525	0.8318226146547406	1.6636452293094812	1.0	0.9192782640457153	239063481.4228888	237708157.07738727	237708157.07738727	0.0845255280388264	1.10401525734811	6.928636062294302	5356800.0	0.015942662	8.979512336733416
Saltmarsh_2_000000001	5443200.0	1	1	0.8110772213343754	1.6221544426687509	0.835023225841349	1.670046451682698	1.0	0.920677125453949	241075217.8606039	239952851.39296588	239952851.39296588	0.08211428811941035	1.1176499688454191	7.010750350413712	5443200.0	0.015520382	9.085932454136172
Saltmarsh_2_000000001	5529600.0	1	1	0.8142162197897657	1.6284324395795313	0.838107918711626	1.676215837423252	1.0	0.9220429062843323	243022312.80942893	242132581.6246136	242132581.6246136	0.07976718199825261	1.1308957261248154	7.0905175324119645	5529600.0	0.015101502	9.189310722005906
Saltmarsh_2_000000001	5616000.0	1	1	0.8172434405658666	1.6344868811317332	0.8410816466838004	1.6821632933676007	1.0	0.9233758449554443	244907023.2011803	244249177.93938455	244249177.93938455	0.07748301516458755	1.1437628745323352	7.168000547576552	5616000.0	0.014686145	9.289728709659212
Saltmarsh_2_000000001	5702400.0	1	1	0.820163565239562	1.640327130479124	0.8439491085629849	1.6878982171259698	1.0	0.9246764183044434	246731516.09238806	246304469.82183868	246304469.82183868	0.07526078238027667	1.1562615667289167	7.2432613299568285	5702400.0	0.014274435	9.38726668362405
Saltmarsh_2_000000001	5788800.0	1	1	0.8229810372596179	1.6459620745192358	0.8467147627527193	1.6934295255054386	1.0	0.9259451031684875	248497878.35834047	248300231.90637565	248300231.90637565	0.07309936631013825	1.16840179322174	7.316360696266965	5788800.0	0.013866494	9.482003462361988
Saltmarsh_2_000000001	5875200.0	1	1	0.8256943367875494	1.6513886735750989	0.849377209072975	1.69875441814595	1.0	0.9271822571754456	250208118.66166437	250238152.47008243	250208118.66166437	0.07084722902633334	1.1801933642819886	7.387207925293297	5875200.0	0.013462442	9.573821471180114
Saltmarsh_2_000000001	5961600.0	1	1	0.8282707021021948	1.6565414042043896	0.8519043956435634	1.7038087912871267	1.0	0.9283883571624756	251860668.7460028	252116608.03661102	251860668.7460028	0.06768169795046264	1.1916216457795514	7.45488962324376	5961600.0	0.013062398	9.661536951723914
Saltmarsh_2_000000001	6048000.0	1	1	0.8307170027786182	1.6614340055572363	0.8543031599868134	1.7086063199736268	1.0	0.9295638203620911	253434852.80190533	253915997.10603082	253434852.80190533	0.06463496475162356	1.2025392992579031	7.519524587995383	6048000.0	0.012666483	9.745303866042017
Saltmarsh_2_000000001	6134400.0	1	1	0.8330397695973082	1.6660795391946164	0.8565800004398701	1.7131600008797403	1.0	0.9307091236114502	254934105.16888443	255639370.21123382	254934105.16888443	0.06170503798439242	1.2129654878600298	7.581229625979775	6134400.0	0.012274813	9.825273595269788
Saltmarsh_2_000000001	6220800.0	1	1	0.8352452104459014	1.6704904208918028	0.8587410920590726	1.7174821841181451	1.0	0.9318246841430664	256361740.18027037	257289672.86830437	256361740.18027037	0.058889647410105495	1.2229190534912464	7.640119273389881	6220800.0	0.011887504	9.901594578313286
Saltmarsh_2_000000001	6307200.0	1	1	0.8373392256789084	1.6746784513578168	0.860792301805598	1.721584603611196	1.0	0.9329110383987427	257720952.7881443	258869793.7723167	257720952.7881443	0.056186292093327816	1.2324184718473936	7.6963055654832075	6307200.0	0.01150467	9.974412012866237
Saltmarsh_2_000000001	6393600.0	1	1	0.8393274226380746	1.6786548452761492	0.8627392033346263	1.7254784066692526	1.0	0.9339684844017029	259014819.76403198	260382465.36595273	259014819.76403198	0.05359228361874235	1.2414818152014175	7.749897849101951	6393600.0	0.011126426	10.043867612436129
Saltmarsh_2_000000001	6480000.0	1	1	0.8412151298444426	1.6824302596888852	0.8645870908781637	1.7291741817563273	1.0	0.9349976181983948	260246301.20500088	261830412.70294544	260246301.20500088	0.05110478386378747	1.250126722161217	7.801002632965739	6480000.0	0.010752883	10.110099412323597
Saltmarsh_2_000000001	6566400.0	1	1	0.8430074103309995	1.686014820661999	0.8663409928194135	1.732681985638827	1.0	0.9359988570213318	261418242.58150452	263216221.506063	261418242.58150452	0.04872083938697891	1.2583703735205438	7.849723472352715	6566400.0	0.010384152	10.173241620169119
Saltmarsh_2_000000001	6652800.0	1	1	0.8447090744819011	1.6894181489638023	0.8680056845787777	1.7360113691575554	1.0	0.9369726181030273	262533376.9271302	264542388.5002182	262533376.9271302	0.04643741097860121	1.2662294736570499	7.8961608833313175	6652800.0	0.010020342	10.233424504797387
Saltmarsh_2_000000001	6739200.0	1	1	0.8463246923015515	1.692649384603103	0.8695857009402391	1.7391714018804783	1.0	0.9379193186759949	263594327.33087134	265811322.5704024	263594327.33087134	0.04425139995724181	1.273720236697115	7.940412283288559	6739200.0	0.009661562	10.290774319141974
Saltmarsh_2_000000001	6825600.0	1	1	0.8478586051815133	1.6957172103630267	0.8710853477866709	1.7421706955733418	1.0	0.9388394951820374	264603609.62560174	267025380.08507192	264603609.62560174	0.04215967120547126	1.2808583769225375	7.982571954494029	6825600.0	0.009307918	10.345413253024262
Saltmarsh_2_000000001	6912000.0	1	1	0.8493149370340339	1.6986298740680679	0.872508713413387	1.745017426826774	1.0	0.9397335648536682	265563635.26158893	268186799.01583412	265563635.26158893	0.04015907341485825	1.2876591028930864	8.02273102790889	6912000.0	0.008959513	10.39745941216992
Saltmarsh_2_000000001	6998400.0	1	1	0.8506976049634283	1.7013952099268566	0.8738596792690493	1.7477193585380986	1.0	0.9406019449234009	266476714.23436528	269297734.33511573	266476714.23436528	0.038246456337076795	1.2941371148347496	8.060977484245967	6998400.0	0.008616452	10.447026819582774
Saltmarsh_2_000000001	7084800.0	1	1	0.8520103294854656	1.7040206589709312	0.8751419301632496	1.7502838603264992	1.0	0.9414451718330383	267345058.12968668	270360294.2080348	267345058.12968668	0.036418685837697584	1.300306604810736	8.097396170083663	7084800.0	0.008278835	10.494225436428428
Saltmarsh_2_000000001	7171200.0	1	1	0.8532566441257927	1.7065132882515854	0.8763589641457669	1.7527179282915337	1.0	0.9422634840011597	268170783.25242403	271376422.35198444	268170783.25242403	0.034672656941328706	1.3061812593207915	8.132068827024991	7171200.0	0.007946764	10.539161199824388
Saltmarsh_2_000000001	7257600.0	1	1	0.8544399048039791	1.7088798096079583	0.8775141016745075	1.755028203349015	1.0	0.9430575370788574	268955913.6969779	272348105.6450067	268955913.6969779	0.033005304480080655	1.311774264004809	8.165074131505072	7257600.0	0.007620337	10.581936074430574
Saltmarsh_2_000000001	7344000.0	1	1	0.8555632984732497	1.7111265969464995	0.8786104946662486	1.7572209893324973	1.0	0.9438274502754211	269702384.582246	273277101.70847094	269702384.582246	0.031413612847104755	1.3170983100641254	8.196487744352176	7344000.0	0.00729965	10.62264811668042
Saltmarsh_2_000000001	7430400.0	1	1	0.8566298516879722	1.7132597033759445	0.879651134755924	1.759302269511848	1.0	0.9445739388465881	270412045.0880735	274165268.06990784	270412045.0880735	0.02989462318421121	1.3221656022561563	8.226382367536385	7430400.0	0.006984798	10.661391548327156
Saltmarsh_2_000000001	7516800.0	1	1	0.857642438469959	1.715284876939918	0.8806388614766908	1.7612777229533816	1.0	0.9452973008155823	271086661.68997866	275014271.59737486	271086661.68997866	0.028445440401440036	1.3269878680484533	8.254827807937826	7516800.0	0.006675875	10.698256839087422
Saltmarsh_2_000000001	7603200.0	1	1	0.8586037878986811	1.7172075757973622	0.8815763699192601	1.7631527398385203	1.0	0.9459977746009827	271727921.17140096	275825693.7798471	271727921.17140096	0.02706323795192378	1.3315763679050812	8.281891045889749	7603200.0	0.006372972	10.733330795473115
Saltmarsh_2_000000001	7689600.0	1	1	0.8595164914525589	1.7190329829051179	0.882466217905588	1.764932435811176	1.0	0.9466760158538818	272337433.6596536	276601172.22633636	272337433.6596536	0.025745261955047782	1.3359419063432203	8.307636307844795	7689600.0	0.006076179	10.766696654966855
Saltmarsh_2_000000001	7776000.0	1	1	0.8603830098047947	1.7207660196095893	0.8833108330156559	1.7666216660313119	1.0	0.9473323225975037	272916735.6836975	277342177.26676077	272916735.6836975	0.024488834763613188	1.3400948436548745	8.332125142608406	7776000.0	0.005785584	10.798434184820493
Saltmarsh_2_000000001	7862400.0	1	1	0.8612056793871673	1.7224113587743346	0.8841125191547697	1.7682250383095395	1.0	0.9479670524597168	273467293.0479393	278050135.65469885	273467293.0479393	0.023291357035705396	1.344045108203991	8.355416499644111	7862400.0	0.005501273	10.828619783538768
Saltmarsh_2_000000001	7948800.0	1	1	0.8619867186192367	1.7239734372384734	0.8848734628142296	1.7697469256284593	1.0	0.9485805630683899	273990503.7044764	278726415.4728012	273990503.7044764	0.022150309464590068	1.3478022090577921	8.3775668091087	7948800.0	0.00522333	10.857326584604877
Saltmarsh_2_000000001	8035200.0	1	1	0.8627282338201056	1.725456467640211	0.8855957390339758	1.7711914780679516	1.0	0.9491731524467468	274487700.54441535	279372310.81586885	274487700.54441535	0.021063253824923356	1.3513752488971535	8.398630062933623	8035200.0	0.004951838	10.884624561561976
Saltmarsh_2_000000001	8121600.0	1	1	0.8634322248862103	1.7268644497724206	0.8862813170130154	1.7725626340260308	1.0	0.9497453570365906	274960154.1059989	279989131.7048618	274960154.1059989	0.020027833434246967	1.3547729370957475	8.41865789636787	8121600.0	0.004686876	10.91058063369276
Saltmarsh_2_000000001	8208000.0	1	1	0.8641005905680278	1.7282011811360556	0.8869320655655775	1.773864131131155	1.0	0.9502972960472107	275409075.24090195	280578013.1414214	275409075.24090195	0.019041773330884304	1.3580036028736255	8.437699669698752	8208000.0	0.004428524	10.935258771929583
Saltmarsh_2_000000001	8294400.0	1	1	0.8647351336333773	1.7294702672667546	0.887549758147343	1.775099516294686	1.0	0.9508295059204102	275835617.621514	281140163.0832078	275835617.621514	0.018102879628068003	1.3610752084795021	8.455802549326819	8294400.0	0.004176858	10.95872010392756
Saltmarsh_2_000000001	8380800.0	1	1	0.8653375656441079	1.7306751312882158	0.8881360777711044	1.7762721555422087	1.0	0.9513421654701233	276240880.2629303	281676635.8659611	276240880.2629303	0.01720903904580151	1.3639953622688499	8.473011588372621	8380800.0	0.003931953	10.981023018530916
Saltmarsh_2_000000001	8467200.0	1	1	0.8659095115911394	1.7318190231822788	0.888692621571159	1.777385243142318	1.0	0.9518356919288635	276625909.8767777	282188510.231252	276625909.8767777	0.016358217677407083	1.3667713317064816	8.489369806050028	8467200.0	0.003693881	11.002223268640837
Saltmarsh_2_000000001	8553600.0	1	1	0.8664525142438351	1.7329050284876701	0.889220905199247	1.778441810398494	1.0	0.9523103833198547	276991703.2053124	282676785.515307	276991703.2053124	0.015548459856399077	1.3694100561701628	8.504918265906426	8553600.0	0.003462713	11.022374072614728
Saltmarsh_2_000000001	8640000.0	1	1	0.8669680383002029	1.7339360766004057	0.8897223669778251	1.7794447339556503	1.0	0.9527665376663208	277339209.2368061	283142418.73792475	277339209.2368061	0.014777886612584057	1.3719181595714465	8.51969615251901	8640000.0	0.003238517	11.041526213664639
Saltmarsh_2_000000001	8726400.0	1	1	0.8674574743142344	1.7349149486284687	0.8901983718585943	1.7803967437171886	1.0	0.953204333782196	277669331.3510684	283586290.94554853	277669331.3510684	0.014044694027883553	1.3743019627274584	8.533740846546893	8726400.0	0.00302136	11.059728137124774
Saltmarsh_2_000000001	8812800.0	1	1	0.8679221424648491	1.7358442849296982	0.8906502151414799	1.7813004302829598	1.0	0.9536241292953491	277982929.3742097	284009297.54676497	277982929.3742097	0.013347151403585	1.3765674954674636	8.547087997950477	8812800.0	0.002811306	11.077026045343818
Saltmarsh_2_000000001	8899200.0	1	1	0.8683632961130495	1.736726592226099	0.8910791260325065	1.782158252065013	1.0	0.9540262818336487	278280821.57874894	284412296.950197	278280821.57874894	0.012683599449950567	1.3787205084437941	8.559771597400426	8899200.0	0.002608417	11.093463990230951
Saltmarsh_2_000000001	8985600.0	1	1	0.8687821251606479	1.7375642503212958	0.8914862710398359	1.7829725420796718	1.0	0.954410970211029	278563786.590213	284796058.8272075	278563786.590213	0.01205244830031904	1.380766484650746	8.571824045700744	8985600.0	0.002412754	11.109083963228164
Saltmarsh_2_000000001	9072000.0	1	1	0.8691797592545792	1.7383595185091585	0.8918727571792089	1.7837455143584178	1.0	0.9547783136367798	278832565.2045159	285161301.05878204	278832565.2045159	0.011452175399446984	1.3827106506231324	8.583276221100192	9072000.0	0.002224374	11.12392598254585
Saltmarsh_2_000000001	9158400.0	1	1	0.8695572708783198	1.7391145417566396	0.8922396349698294	1.7844792699396588	1.0	0.9551288485527039	279087862.14052993	285508833.72586924	279087862.14052993	0.010881323408443055	1.3845579872942066	8.594157544508635	9158400.0	0.002043333	11.138028177683191
Saltmarsh_2_000000001	9244800.0	1	1	0.8699156781821462	1.7398313563642924	0.8925879013876533	1.7851758027753066	1.0	0.9554624557495117	279330347.75112134	285839240.0728827	279330347.75112134	0.010338498239972349	1.3863132405156344	8.604496042748604	9244800.0	0.001869685	11.15142687140219
Saltmarsh_2_000000001	9331200.0	1	1	0.8702559477996846	1.7405118955993693	0.8929185025313561	1.7858370050627121	1.0	0.9557797312736511	279560659.5943492	286153287.6318762	279560659.5943492	0.009822366711220054	1.387980931260526	8.614318409459823	9331200.0	0.001703482	11.164156658659932
Saltmarsh_2_000000001	9417600.0	1	1	0.8705789973945056	1.7411579947890112	0.8932323362892562	1.7864646725785125	1.0	0.9560805559158325	279779404.020935	286451501.71722394	279779404.020935	0.009331654656802302	1.3895653654478728	8.623650064116626	9417600.0	0.001544772	11.176250483095147
Saltmarsh_2_000000001	9504000.0	1	1	0.8708856981802204	1.7417713963604409	0.8935302547588578	1.7870605095177157	1.0	0.9563652873039246	279987157.6109022	286734523.4190275	279987157.6109022	0.00886514459193477	1.3910706434625761	8.632515208708558	9504000.0	0.001393603	11.18773971048629
Saltmarsh_2_000000001	9590400.0	1	1	0.871176877259477	1.742353754518954	0.8938130666036631	1.7876261332073262	1.0	0.9566341042518616	280184468.6135379	287002914.5950867	280184468.6135379	0.008421673769162474	1.3925006692985271	8.640936882477721	9590400.0	0.001250019	11.198654199691127
Saltmarsh_2_000000001	9676800.0	1	1	0.8714533198676715	1.742906639735343	0.8940815392644366	1.7881630785288731	1.0	0.9568873047828674	280371858.28929365	287257248.36220986	280371858.28929365	0.008000132058246123	1.3938591593882221	8.648937014535967	9676800.0	0.001114063	11.209022370838614
Saltmarsh_2_000000001	9763200.0	1	1	0.8717157714652405	1.743431542930481	0.8943364010955611	1.7886728021911222	1.0	0.9571247696876526	280549822.2069426	287497949.19944954	280549822.2069426	0.007599459944333642	1.3951496510903796	8.656536474480301	9763200.0	0.000985775	11.21887127092647
Saltmarsh_2_000000001	9849600.0	1	1	0.8719649397894176	1.7439298795788352	0.8945783433237188	1.7891566866474375	1.0	0.9573469161987305	280718831.4582115	287725580.33349085	280718831.4582115	0.007218646436409459	1.396375510854648	8.663755120916711	9849600.0	0.000865194	11.228226636708058
Saltmarsh_2_000000001	9936000.0	1	1	0.8722014967432177	1.7444029934864353	0.89480802197091	1.78961604394182	1.0	0.9575538039207458	280879333.8597724	287940576.3451506	280879333.8597724	0.0068567272499322485	1.3975399420489296	8.670611848166644	9936000.0	0.000752354	11.23711295522397
Saltmarsh_2_000000001	10022400.0	1	1	0.872426080215417	1.744852160430834	0.8950260596483656	1.7900521192967311	1.0	0.9577455520629883	281031755.06255746	288143369.4331747	281031755.06255746	0.006512782819243723	1.3986459924935437	8.677124630985888	10022400.0	0.000647291	11.245553521757712
Saltmarsh_2_000000001	10108800.0	1	1	0.8726392958047062	1.7452785916094125	0.8952330472632429	1.7904660945264859	1.0	0.9579222798347473	281176499.62754387	288334372.4759666	281176499.62754387	0.006185936462942632	1.3996965616747767	8.683310567448832	10108800.0	0.000550034	11.253570495413687
Saltmarsh_2_000000001	10195200.0	1	1	0.8728417184628418	1.7456834369256835	0.8954295456320813	1.7908590912641627	1.0	0.958084225654602	281313952.0496497	288514015.8470881	281313952.0496497	0.005875352585758442	1.40069440766249	8.68918592003459	10195200.0	0.000460611	11.261184952364827
Saltmarsh_2_000000001	10281600.0	1	1	0.8730338940327903	1.7460677880655806	0.8956160870337756	1.7912321740675512	1.0	0.9582313299179077	281444477.73830825	288682622.6642493	281444477.73830825	0.005580234953865837	1.4016421537376755	8.694766154988454	10281600.0	0.000379051	11.268416936865036
Saltmarsh_2_000000001	10368000.0	1	1	0.8732163407360274	1.7464326814720548	0.8957931766538617	1.7915863533077234	1.0	0.9583637714385986	281568423.9383499	288840571.12996215	281568423.9383499	0.005299824949947851	1.4025422947418016	8.700065979938403	10368000.0	0.000305377	11.275285510000172
Saltmarsh_2_000000001	10454400.0	1	1	0.8733895505725352	1.7467791011450704	0.8959612939690557	1.7919225879381113	1.0	0.9584817290306091	281686120.6253093	288988223.5821674	281686120.6253093	0.005033399981858588	1.403397203144688	8.70509937992026	10454400.0	0.00023961	11.281808796376655
Saltmarsh_2_000000001	10540800.0	1	1	0.8735539906420123	1.7471079812840247	0.896120894068198	1.792241788136396	1.0	0.9585852026939392	281797881.3509348	289125873.32057047	281797881.3509348	0.004780271898992883	1.404209134855681	8.709879651819252	10540800.0	0.000181772	11.28800402875775
Saltmarsh_2_000000001	10627200.0	1	1	0.8737101044109985	1.747420208821997	0.8962724088915227	1.7925448177830454	1.0	0.9586743116378784	281904004.04372996	289253835.16577834	281904004.04372996	0.004539785439268362	1.4049802347793814	8.714419437258517	10627200.0	0.000131877	11.293887590687037
Saltmarsh_2_000000001	10713600.0	1	1	0.8738583129036517	1.7477166258073034	0.8964162484192129	1.7928324968384257	1.0	0.958748996257782	282004771.7798778	289372356.262776	282004771.7798778	0.00431131677854224	1.4057125421208467	8.71873075403706	10713600.0	8.99e-05	11.299475057232028
Saltmarsh_2_000000001	10800000.0	1	1	0.8739990158415648	1.7479980316831296	0.8965528017886092	1.7931056035772184	1.0	0.9588092565536499	282100453.5096553	289481688.6478934	282100453.5096553	0.00409427209146318	1.4064079954568134	8.722825026128522	10800000.0	5.6e-05	11.304781233862563
Saltmarsh_2_000000001	10886400.0	1	1	0.8741325927381506	1.7482651854763012	0.896682438343175	1.79336487668635	1.0	0.9588555097579956	282191304.7552435	289582197.91772276	282191304.7552435	0.003888086201456753	1.4070684375747606	8.726713112329978	10886400.0	3e-05	11.309820193579652
Saltmarsh_2_000000001	10972800.0	1	1	0.8742594038963344	1.7485188077926688	0.8968055086701225	1.793611017340245	1.0	0.9588873982429504	282277568.2830803	289674003.87438166	282277568.2830803	0.0036922213211874055	1.4076956200942141	8.730405333651163	10972800.0	1.2e-05	11.314605312411908
Saltmarsh_2_000000001	11059200.0	1	1	0.8743797914013529	1.7487595828027058	0.8969223455354323	1.7938446910708645	1.0	0.9589051604270935	282359474.7172638	289757395.0542805	282359474.7172638	0.00350616570145057	1.4082912078848686	8.733911499352612	11059200.0	2.01e-06	11.319149303160986
Saltmarsh_2_000000001	11145600.0	1	1	0.8744940800328247	1.7489881600656494	0.8970332648045116	1.7940665296090232	1.0	0.9589086771011353	282437243.15293384	289832541.2500065	282437243.15293384	0.0033294324978985212	1.4088567832667707	8.73724093185051	11145600.0	0.0	11.32346424767826
Saltmarsh_2_000000001	11232000.0	1	1	0.8746025781484916	1.7492051562969833	0.8971385662961235	1.794277132592247	1.0	0.9588980674743652	282511081.72034675	289899674.1071229	282511081.72034675	0.003161558574046097	1.4093938500276877	8.740402490424554	11232000.0	6.03e-06	11.327561627590221
Saltmarsh_2_000000001	11318400.0	1	1	0.8747055785111928	1.7494111570223856	0.8972385346056228	1.7944770692112455	1.0	0.9588732719421387	282581188.133202	289958961.5334012	282581188.133202	0.003002103418613622	1.4099038372473964	8.743404593843167	11318400.0	2e-05	11.331452353620744
Saltmarsh_2_000000001	11404800.0	1	1	0.8748033590773532	1.7496067181547064	0.897333439881631	1.794666879763262	1.0	0.958834171295166	282647750.2025942	290010544.1728394	282647750.2025942	0.0028506480656422806	1.4103881029473289	8.746255241908809	11404800.0	4.2e-05	11.335146793513816
Saltmarsh_2_000000001	11491200.0	1	1	0.8748961837528911	1.7497923675057823	0.8974235385557051	1.7948470771114102	1.0	0.9587808847427368	282710946.3281699	290054626.0018688	282710946.3281699	0.002706794074829766	1.4108479375660197	8.748962035983638	11491200.0	7.2e-05	11.338654798634796
Saltmarsh_2_000000001	11577600.0	1	1	0.8749843031019453	1.7499686062038906	0.8975090740444694	1.795018148088939	1.0	0.9587134122848511	282770945.97009987	290091366.61553216	282770945.97009987	0.002570162580421753	1.4112845672700776	8.75153219856406	11577600.0	0.000109914	11.341985729339022
Saltmarsh_2_000000001	11664000.0	1	1	0.8750679550185441	1.7501359100370881	0.897590277416176	1.795180554832352	1.0	0.9586315751075745	282827910.0922442	290120863.5649224	282827910.0922442	0.0024403933494905328	1.4116991571117306	8.753972591913552	11664000.0	0.00015583	11.345148479119963
Saltmarsh_2_000000001	11750400.0	1	1	0.8751473653695342	1.7502947307390684	0.8976673680172853	1.7953347360345706	1.0	0.9585352540016174	282881991.5828812	290143224.8713811	282881991.5828812	0.002317143879941197	1.4120928140344648	8.75628973579349	11750400.0	0.000209699	11.348151497588365
Saltmarsh_2_000000001	11836800.0	1	1	0.875222748610713	1.750445497221426	0.8977405540619221	1.7954811081238442	1.0	0.9584246873855591	282933335.6582254	290158659.6406641	282933335.6582254	0.0022000885579620544	1.412466589733165	8.758489824351454	11836800.0	0.000271504	11.351002812359484
Saltmarsh_2_000000001	11923200.0	1	1	0.8752943083508211	1.7505886167016422	0.8978100332126546	1.7956200664253092	1.0	0.9582993984222412	282982080.249857	290167153.6352566	282982080.249857	0.0020889178709411205	1.412821483378344	8.760578742222393	11923200.0	0.000341226	11.35371004992022
Saltmarsh_2_000000001	12009600.0	1	1	0.8753622379137231	1.7507244758274463	0.8978759931030349	1.7957519862060698	1.0	0.9581596255302429	283028356.359551	290168902.6711928	283028356.359551	0.00198333758435143	1.4131584442134038	8.762562079806743	12009600.0	0.000418847	11.356280455429541
Saltmarsh_2_000000001	12096000.0	1	1	0.8754267208506886	1.7508534417013772	0.8979386118568663	1.7958772237137326	1.0	0.9580051302909851	283072288.4139362	290163952.02408165	283072288.4139362	0.001883068050550829	1.4134783740191301	8.764445147857295	12096000.0	0.000504341	11.358720911623054
Saltmarsh_2_000000001	12182400.0	1	1	0.8754879314370015	1.750975862874003	0.8979980585692017	1.7959961171384033	1.0	0.9578357934951782	283113994.58779025	290152377.19587404	283113994.58779025	0.0017878434722684577	1.4137821294666828	8.766232991329563	12182400.0	0.000597684	11.361037956763113
Saltmarsh_2_000000001	12268800.0	1	1	0.875546035142312	1.751092070284624	0.8980544937643582	1.7961089875287164	1.0	0.9576515555381775	283153587.1180127	290134266.1713801	283153587.1180127	0.0016974112382812656	1.4140705243517824	8.767930402567842	12268800.0	0.000698849	11.363237801727923
Saltmarsh_2_000000001	12355200.0	1	1	0.8756011890753149	1.7512023781506298	0.8981080698325176	1.7962161396650351	1.0	0.9574522972106934	283191172.6013496	290109683.58467966	283191172.6013496	0.0016115312850124575	1.4143443317217355	8.769541933852855	12355200.0	0.000807804	11.365326346273301
Saltmarsh_2_000000001	12441600.0	1	1	0.8756535424051283	1.7513070848102565	0.8981589314445723	1.7963178628891445	1.0	0.9572377800941467	283226852.27617395	290078652.90937775	283226852.27617395	0.0015299754813864475	1.4146042858994834	8.77107190933424	12441600.0	0.000924519	11.367309194497176
Saltmarsh_2_000000001	12528000.0	1	1	0.8757032367653628	1.7514064735307255	0.8982072159416287	1.7964144318832573	1.0	0.9570079445838928	283260722.2897896	290041247.0126996	283260722.2897896	0.0014525270405327806	1.4148510844084152	8.772524436374773	12528000.0	0.001048958	11.369191669541706
Saltmarsh_2_000000001	12614400.0	1	1	0.8757504066345337	1.7515008132690675	0.898253053708251	1.796506107416502	1.0	0.9567626714706421	283292873.95507693	289997516.15585154	283292873.95507693	0.0013789799730936636	1.415085389802291	8.773903416347864	12614400.0	0.001181085	11.37097882758683
Saltmarsh_2_000000001	12700800.0	1	1	0.8757951796965401	1.7515903593930802	0.8982965685271096	1.7965931370542192	1.0	0.9565017223358154	283323393.9923163	289947470.14302874	283323393.9923163	0.0013091385546073475	1.4153078314069742	8.77521255490247	12700800.0	0.00132086	11.372675471153602
Saltmarsh_2_000000001	12787200.0	1	1	0.8758376771856751	1.7516753543713501	0.8983378779125948	1.7966757558251896	1.0	0.9562249779701233	283352364.7585533	289891150.80020475	283352364.7585533	0.0012428168165148357	1.4155190069762518	8.776455371718985	12787200.0	0.001468242	11.374286161747804
Saltmarsh_2_000000001	12873600.0	1	1	0.8758780142114929	1.7517560284229858	0.8983770934303064	1.7967541868606127	1.0	0.9559321999549866	283379864.46734804	289828559.90983	283379864.46734804	0.0011798380711969259	1.4157194842655434	8.777635209790184	12873600.0	0.001623188	11.375815231888078
Saltmarsh_2_000000001	12960000.0	1	1	0.8759163000685315	1.751832600137063	0.8984143209987386	1.7968286419974773	1.0	0.9556231498718262	283405967.3958463	289759695.53701514	283405967.3958463	0.0011200344502289017	1.4159098025290027	8.778755244240411	12960000.0	0.00178565	11.377266796535574
Saltmarsh_2_000000001	13046400.0	1	1	0.8759526385320635	1.751905277064127	0.8984496611740125	1.796899322348025	1.0	0.9552977681159973	283430744.08237004	289684606.4389504	283430744.08237004	0.0010632464697226673	1.4160904739421276	8.779818490710134	13046400.0	0.001955582	11.378644763960333
Saltmarsh_2_000000001	13132800.0	1	1	0.8759871281343581	1.7519742562687162	0.8984832094247968	1.7969664188495935	1.0	0.9549556970596313	283454261.5152557	289603247.6533599	283454261.5152557	0.0010093226220153628	1.416261984954263	8.780827813332149	13132800.0	0.002132933	11.379952846078465
Saltmarsh_2_000000001	13219200.0	1	1	0.8760198624313178	1.7520397248626356	0.8985150563884624	1.7970301127769248	1.0	0.954596757888794	283476583.309339	289515625.25227815	283476583.309339	0.0009581189714620297	1.4164247975752329	8.78178593230361	13219200.0	0.00231765	11.38119456826548
Saltmarsh_2_000000001	13305600.0	1	1	0.8760509302540075	1.752101860508015	0.898545288116132	1.797090576232264	1.0	0.9542207717895508	283497769.8764465	289421742.2843775	283497769.8764465	0.0009094987854558756	1.4165793505967765	8.782695431089063	13305600.0	0.002509679	11.382373278691427
Saltmarsh_2_000000001	13392000.0	1	1	0.8760804159465091	1.7521608318930182	0.8985739863061503	1.7971479726123005	1.0	0.953827440738678	283517878.586319	289321562.7666082	283517878.586319	0.0008633321771356339	1.4167260607544596	8.7835587632662	13392000.0	0.002708962	11.383492157192995
Saltmarsh_2_000000001	13478400.0	1	1	0.8761083995926984	1.7522167991853967	0.8986012285245613	1.7972024570491225	1.0	0.9534164667129517	283536963.9188761	289215047.978987	283536963.9188761	0.0008194957624256816	1.4168653238319548	8.784378259028625	13478400.0	0.002915441	11.384554223701096
Saltmarsh_2_000000001	13564800.0	1	1	0.8761349572323825	1.752269914464765	0.8986270884136076	1.7972541768272152	1.0	0.9529876708984375	283555077.60948086	289102192.7656643	283555077.60948086	0.0007778723374074481	1.4169975157099968	8.785156131366033	13564800.0	0.003129055	11.385562346250378
Saltmarsh_2_000000001	13651200.0	1	1	0.8761601610644275	1.752320322128855	0.8986516358918059	1.7973032717836117	1.0	0.9525406956672668	283572268.78747386	288982935.2600261	283572268.78747386	0.0007383505740718999	1.4171229933632974	8.785894481940105	13651200.0	0.003349739	11.386519248594375
Saltmarsh_2_000000001	13737600.0	1	1	0.8761840796423582	1.7523681592847165	0.8986749373409667	1.7973498746819334	1.0	0.9520754218101501	283588584.1064251	288857283.58171755	283588584.1064251	0.0007008247237456633	1.41724209580838	8.786595306663848	13737600.0	0.00357743	11.387427517436347
Saltmarsh_2_000000001	13824000.0	1	1	0.8762067780563287	1.7524135561126575	0.8986970557876203	1.7973941115752405	1.0	0.9515913724899292	283604067.86963826	288725135.1233698	283604067.86963826	0.0006651943446138731	1.4173551450035775	8.787260501008461	13824000.0	0.003812058	11.388289609306966
Saltmarsh_2_000000001	13910400.0	1	1	0.8762283181091456	1.7524566362182912	0.8987180510716322	1.7974361021432643	1.0	0.9510882496833801	283618762.1469458	288586439.4085248	283618762.1469458	0.0006313640296551348	1.4174624467050738	8.787891865038116	13910400.0	0.004053556	11.389107857089398
Saltmarsh_2_000000001	13996800.0	1	1	0.8762487584829752	1.7524975169659505	0.8987379800069266	1.7974759600138532	1.0	0.9505658745765686	283632706.8877562	288441180.12374973	283632706.8877562	0.0005992431597205972	1.4175642912790605	8.788491108197835	13996800.0	0.00430185	11.389884476224394
Saltmarsh_2_000000001	14083200.0	1	1	0.8762681548957099	1.7525363097914197	0.8987568965360084	1.7975137930720169	1.0	0.9500238299369812	283645940.0281628	288289266.7028182	283645940.0281628	0.0005687456667509139	1.417660954474063	8.789059853864586	14083200.0	0.004556869	11.390621570608504
Saltmarsh_2_000000001	14169600.0	1	1	0.8762865602512832	1.7525731205025663	0.89877485187459	1.79754970374918	1.0	0.949461817741394	283658497.5914399	288130642.93655586	283658497.5914399	0.0005397898021279879	1.4177526981550717	8.789599643666712	14169600.0	0.004818535	11.391321138192058
Saltmarsh_2_000000001	14256000.0	1	1	0.8763040247815012	1.7526080495630023	0.8987918946498749	1.7975837892997497	1.0	0.9488794803619385	283670413.78469706	287965232.80462235	283670413.78469706	0.0005122979231801938	1.417839771000305	8.790111941589892	14256000.0	0.005086772	11.3919850763005
Saltmarsh_2_000000001	14342400.0	1	1	0.8763205961809861	1.7526411923619722	0.8988080710314945	1.797616142062989	1.0	0.9482764601707458	283681721.0901081	287792958.6482941	283681721.0901081	0.0004861962870048586	1.4179224091635356	8.790598137876895	14342400.0	0.0053615	11.392615186688456
Saltmarsh_2_000000001	14428800.0	1	1	0.8763363197350474	1.7526726394700949	0.8988234248560552	1.7976468497121103	1.0	0.9476523399353027	283692450.3517414	287613723.1627286	283692450.3517414	0.0004614148555504016	1.4180008369031565	8.791059552732442	14428800.0	0.005642638	11.393213180341244
Saltmarsh_2_000000001	14515200.0	1	1	0.87635123844206	1.75270247688412	0.898837997744398	1.797675995488796	1.0	0.94700688123703	283702630.8578653	287427481.8351744	283702630.8578653	0.0004378871095194192	1.418075267179807	8.791497439841962	14515200.0	0.005930101	11.393780682035182
Saltmarsh_2_000000001	14601600.0	1	1	0.8763653931284625	1.752730786256925	0.8988518292142182	1.7977036584284365	1.0	0.9463397264480591	283712290.41974777	287234152.571048	283712290.41974777	0.00041554987475977967	1.418145902223979	8.791912989716721	14601600.0	0.006223806	11.39431923467287
Saltmarsh_2_000000001	14688000.0	1	1	0.8763788225577654	1.752757645115531	0.8988649567870326	1.7977299135740652	1.0	0.9456503391265869	283721455.44572145	287033597.66717833	283721455.44572145	0.00039434315299091693	1.4182129340756164	8.79230733286971	14688000.0	0.006523666	11.394830303399145
Saltmarsh_2_000000001	14774400.0	1	1	0.8763915635357354	1.7527831270714709	0.8988774160879902	1.7977548321759804	1.0	0.9449384808540344	283730151.01141	286825768.6103851	283730151.01141	0.000374209960636529	1.4182765450964134	8.792681542830344	14774400.0	0.00682959	11.395315279508125
Saltmarsh_2_000000001	14860800.0	1	1	0.8764036510082408	1.7528073020164816	0.8988892409427944	1.7977784818855889	1.0	0.9442036151885986	283738400.92751527	286610525.22468424	283738400.92751527	0.00035509618146489785	1.4183369084561115	8.793036639011806	14860800.0	0.007141489	11.395775484159302
Saltmarsh_2_000000001	14947200.0	1	1	0.8764151181560726	1.7528302363121453	0.8989004634676683	1.7978009269353366	1.0	0.9434455037117004	283746227.8028852	286387816.65360034	283746227.8028852	0.0003369504193981854	1.4183941885950277	8.793373589431205	14947200.0	0.00745927	11.396212171902842
Saltmarsh_2_000000001	15033600.0	1	1	0.8764259964828012	1.7528519929656023	0.8989111141570477	1.7978222283140954	1.0	0.9426634907722473	283753653.1056526	286157464.30332375	283753653.1056526	0.0003197238654224499	1.4184485416628405	8.793693313296625	15033600.0	0.00778284	11.396626534032427
Saltmarsh_2_000000001	15120000.0	1	1	0.8764363159009494	1.7528726318018988	0.8989212219639368	1.7978424439278735	1.0	0.9418574571609497	283760697.2198899	285919451.390002	283760697.2198899	0.0003033701635466457	1.4185001159359028	8.793996683460172	15120000.0	0.008112101	11.397019701764382
Saltmarsh_2_000000001	15206400.0	1	1	0.8764461048108518	1.7528922096217037	0.8989308143793618	1.7978616287587237	1.0	0.9410267472267151	283767379.50119966	285673597.30658484	283767379.50119966	0.0002878452930581421	1.4185490522129403	8.794284528753229	15206400.0	0.008446957	11.397392749264185
Saltmarsh_2_000000001	15292800.0	1	1	0.876455390177743	1.752910780355486	0.8989399175053665	1.797879835010733	1.0	0.9401710033416748	283773718.32758844	285419810.9849264	283773718.32758844	0.0002731074461934657	1.4185954841917487	8.794557636199421	15292800.0	0.008787308	11.397746696514451
Saltmarsh_2_000000001	15379200.0	1	1	0.8764641976041782	1.7529283952083563	0.8989485561252353	1.7978971122504706	1.0	0.9392898678779602	283779731.1492144	285158000.474912	283779731.1492144	0.00025911691990665453	1.4186395388261652	8.794816753119328	15379200.0	0.009133054	11.398082512042649
Saltmarsh_2_000000001	15465600.0	1	1	0.8764725513982569	1.7529451027965137	0.8989567537706726	1.7979135075413453	1.0	0.9383827447891235	283785434.5351297	284888000.6061412	283785434.5351297	0.0002458360100736634	1.418681336665575	8.795062589129401	15465600.0	0.009484091	11.398401115511703
Saltmarsh_2_000000001	15552000.0	1	1	0.876480474639599	1.752960949279198	0.8989645327843235	1.797929065568647	1.0	0.9374493360519409	283790844.21732074	284609735.88783514	283790844.21732074	0.00023322890924704076	1.4187209921773567	8.795295818038646	15552000.0	0.009840317	11.398703380178086
Saltmarsh_2_000000001	15638400.0	1	1	0.8764879892409614	1.7529759784819228	0.8989719143802625	1.797943828760525	1.0	0.9364891648292542	283795975.1333069	284323075.78607434	283795975.1333069	0.0002212616137022838	1.4187586140528323	8.795517079652349	15638400.0	0.010201626	11.398990135229443
Saltmarsh_2_000000001	15724800.0	1	1	0.8764951160070046	1.7529902320140092	0.8989789187010839	1.7979578374021679	1.0	0.9355016946792603	283800841.46592975	284027870.9507339	283800841.46592975	0.00020990183142366448	1.418794305498225	8.79572698148377	15724800.0	0.010567909	11.399262168002968
Saltmarsh_2_000000001	15811200.0	1	1	0.8764879360198313	1.7529758720396627	0.8989720933751718	1.7979441867503436	1.0	0.9344866275787354	283805456.6813067	283724043.734746	283724043.734746	-0.00020794583703920289	1.4188281645107692	8.795519035646732	15811200.0	0.01093906	11.398992670198165
Saltmarsh_2_000000001	15897600.0	1	1	0.8764265020082795	1.752853004016559	0.8989136942807439	1.7978273885614877	1.0	0.9334433674812317	283800807.0006519	283403103.3192269	283403103.3192269	-0.0017791044211967755	1.4187946210173314	8.793739931225534	15897600.0	0.011314968	11.396686950868293
Saltmarsh_2_000000001	15984000.0	1	1	0.8763125839020748	1.7526251678041496	0.8988054054574637	1.7976108109149274	1.0	0.9323714971542358	283761024.5682437	283041854.59773797	283041854.59773797	-0.003298362829383672	1.4185076358180735	8.79044156839615	15984000.0	0.01169552	11.39241227264141
Saltmarsh_2_000000001	16070400.0	1	1	0.876147821738769	1.752295643477538	0.8986487886917249	1.7972975773834499	1.0	0.9312705993652344	283687262.7237067	282641321.1792567	282641321.1792567	-0.004768974971817386	1.4179755808681007	8.78567259342433	16070400.0	0.012080606	11.386231681077932
Saltmarsh_2_000000001	16156800.0	1	1	0.8759337305450509	1.7518674610901017	0.8984452880362607	1.7968905760725213	1.0	0.9301401972770691	283580596.37220293	282202439.6359728	282202439.6359728	-0.006194105058302535	1.4172063032381665	8.779478488366028	16156800.0	0.01247011	11.378204120922373
Saltmarsh_2_000000001	16243200.0	1	1	0.8756717080230958	1.7513434160461916	0.898196237015249	1.796392474030498	1.0	0.9289798140525818	283442024.57135016	281726080.131336	281726080.131336	-0.0075767389274579156	1.4162071395841378	8.77190174943857	16243200.0	0.012863917	11.368384667272387
Saltmarsh_2_000000001	16329600.0	1	1	0.8753630480055341	1.7507260960110682	0.8979028713285803	1.7958057426571605	1.0	0.9277890920639038	283272475.018901	281213086.8009065	281213086.8009065	-0.008919510915304185	1.4149849449198366	8.762982238523264	16329600.0	0.013261912	11.356824981126152
Saltmarsh_2_000000001	16416000.0	1	1	0.8750089405746594	1.7500178811493188	0.8975663288945482	1.7951326577890965	1.0	0.926567554473877	283072812.3448049	280664213.0701178	280664213.0701178	-0.010225083966912685	1.4135461493175017	8.752757154556353	16416000.0	0.013663974	11.343573272305033
Saltmarsh_2_000000001	16502400.0	1	1	0.8746104784095979	1.7492209568191959	0.8971876558254638	1.7943753116509276	1.0	0.925314724445343	282843837.836311	280080157.8016713	280080157.8016713	-0.011495964284542914	1.4118967532928997	8.741261190271807	16502400.0	0.014069986	11.328674502592262
Saltmarsh_2_000000001	16588800.0	1	1	0.8741686627363784	1.7483373254727568	0.8967678120369967	1.7935356240739935	1.0	0.9240301251411438	282586293.25250685	279461568.9397118	279461568.9397118	-0.012734508390757515	1.4100423530893167	8.72852668188105	16588800.0	0.014479827	11.312170579717842
Saltmarsh_2_000000001	16675200.0	1	1	0.8736844151653891	1.7473688303307782	0.8963076824611386	1.7926153649222771	1.0	0.9227133989334106	282300864.4318361	278809082.9873756	278809082.9873756	-0.013942749885335948	1.4079881648222141	8.714583931995714	16675200.0	0.014893376	11.294100775866447
Saltmarsh_2_000000001	16761600.0	1	1	0.873158576290034	1.746317152580068	0.8958080756866666	1.7916161513733333	1.0	0.9213640689849854	281988188.7432259	278123259.73007405	278123259.73007405	-0.015122777919139851	1.4057390765695101	8.699461154076571	16761600.0	0.015310509	11.274501655683238
Saltmarsh_2_000000001	16848000.0	1	1	0.8725919200081158	1.7451838400162316	0.8952697375463287	1.7905394750926573	1.0	0.919981837272644	281648854.0196496	277404671.5349097	277404671.5349097	-0.016276281736158138	1.403299639410707	8.683184872340414	16848000.0	0.015731105	11.253407594553178
Saltmarsh_2_000000001	16934400.0	1	1	0.8719851450613307	1.7439702901226615	0.8946933430649656	1.7893866861299312	1.0	0.9185661673545837	281283407.67499554	276653785.70382106	276653785.70382106	-0.017405203416279935	1.4006741319353853	8.665779668924134	16934400.0	0.016155038	11.23085045092568
Saltmarsh_2_000000001	17020800.0	1	1	0.8713388889900113	1.7426777779800227	0.8940795097101972	1.7881590194203945	1.0	0.9171167016029358	280892351.14707404	275871085.66857946	275871085.66857946	-0.0185110911156523	1.3978665194585496	8.647268577808482	17020800.0	0.016582181	11.206860076839792
Saltmarsh_2_000000001	17107200.0	1	1	0.8706537349841964	1.7413074699683928	0.8934288038960426	1.7868576077920852	1.0	0.9156331419944763	280476148.8296429	275057042.99185926	275057042.99185926	-0.019595302604696663	1.394880517563993	8.627673275203785	17107200.0	0.017012409	11.181464564664106
Saltmarsh_2_000000001	17193600.0	1	1	0.8699302089191626	1.7398604178383252	0.892741738168174	1.785483476336348	1.0	0.9141150712966919	280035232.4291032	274212067.63143027	274212067.63143027	-0.02065928465804112	1.3917196228151925	8.607013990545743	17193600.0	0.017445595	11.154690131747284
Saltmarsh_2_000000001	17280000.0	1	1	0.8691687859615892	1.7383375719231784	0.8920187774839725	1.784037554967945	1.0	0.9125621318817139	279569999.01989007	273336560.21236247	273336560.21236247	-0.021704297336332834	1.3883870983981452	8.58530969320941	17280000.0	0.017881609	11.126561362399396
Saltmarsh_2_000000001	17366400.0	1	1	0.8683698936417458	1.7367397872834915	0.8912603421388047	1.7825206842776093	1.0	0.9109739661216736	279080815.2816571	272430898.0021724	272430898.0021724	-0.022731514229116234	1.3848860042399782	8.562578178980296	17366400.0	0.018320323	11.097101319958464
Saltmarsh_2_000000001	17452800.0	1	1	0.8675339178730885	1.735067835746177	0.8904668134927874	1.780933626985575	1.0	0.9093502759933472	278568019.4719241	271495454.62187254	271495454.62187254	-0.023741937848134054	1.3812192109574968	8.53883624113216	17452800.0	0.018761606	11.066331768507279
Saltmarsh_2_000000001	17539200.0	1	1	0.8666612086096506	1.7333224172193011	0.8896385393537397	1.7792770787074794	1.0	0.9076908230781555	278031925.29934907	270530603.4665325	270530603.4665325	-0.024736410120876684	1.3773894274535394	8.514099831011283	17539200.0	0.019205329	11.034273380990621
Saltmarsh_2_000000001	17625600.0	1	1	0.865752075750245	1.73150415150049	0.8887758301051137	1.7775516602102275	1.0	0.90599524974823	277472825.5627789	269536667.6776665	269536667.6776665	-0.02571588843230055	1.373399226820633	8.488383942578979	17625600.0	0.01965136	11.000945589582356
Saltmarsh_2_000000001	17712000.0	1	1	0.8648068009734545	1.729613601946909	0.8878789699553318	1.7757579399106636	1.0	0.9042633771896362	276890989.5469314	268514006.8205929	268514006.8205929	-0.02668099361371956	1.369251027716684	8.461702948965259	17712000.0	0.020099565	10.966367021858977
Saltmarsh_2_000000001	17798400.0	1	1	0.8638256331704701	1.7276512663409402	0.8869482126217528	1.7738964252435057	1.0	0.9024949073791504	276286670.6297685	267462934.84028113	267462934.84028113	-0.02763247445264172	1.3649471486540474	8.434070474512618	17798400.0	0.020549812	10.930555334968352
Saltmarsh_2_000000001	17884800.0	1	1	0.8628087998470834	1.7256175996941667	0.8859837921671682	1.7719675843343363	1.0	0.9006897211074829	275660103.38683224	266383806.1309485	266383806.1309485	-0.028570756704318523	1.3604897873590611	8.405499717808297	17884800.0	0.021001969	10.893527634279552
Saltmarsh_2_000000001	17971200.0	1	1	0.8617564989989311	1.7235129979978623	0.8849859153127452	1.7699718306254903	1.0	0.8988475203514099	275011510.9080141	265276915.91359025	265276915.91359025	-0.029496493312043848	1.355881072879995	8.376003224496255	17971200.0	0.0214559	10.855300178947147
Saltmarsh_2_000000001	18057600.0	1	1	0.8606689166047797	1.7213378332095595	0.883954778048622	1.767909556097244	1.0	0.8969683051109314	274341099.6418605	264142636.82221332	264142636.82221332	-0.0304098448285548	1.3511230289396214	8.345593379667699	18057600.0	0.021911472	10.815889020049338
Saltmarsh_2_000000001	18144000.0	1	1	0.8595462179347966	1.7190924358695931	0.8828905574092912	1.7657811148185825	1.0	0.895051896572113	273649070.5783283	262981287.59293383	262981287.59293383	-0.031311215397471726	1.3462176533621408	8.314282164270224	18144000.0	0.02236855	10.775309684894212
Saltmarsh_2_000000001	18230400.0	1	1	0.8583885488037167	1.7167770976074335	0.8817934126849524	1.7635868253699047	1.0	0.8930981159210205	272935613.7270356	261793181.3168592	261793181.3168592	-0.03220097219553697	1.341166878779833	8.282081192074685	18230400.0	0.022826998	10.733577224928792
Saltmarsh_2_000000001	18316800.0	1	1	0.8571960493318272	1.7143920986636545	0.8806634984840336	1.7613269969680672	1.0	0.8911070227622986	272200908.95224524	260578695.9465347	260578695.9465347	-0.033079098863463496	1.335972578596137	8.24900209321122	18316800.0	0.02328668	10.69070671280174
Saltmarsh_2_000000001	18403200.0	1	1	0.8559688511574336	1.7119377023148672	0.8795009621059517	1.7590019242119035	1.0	0.8890786170959473	271445134.7310736	259338194.06594196	259338194.06594196	-0.033945658523680144	1.33063662885339	8.21505643468754	18403200.0	0.02374746	10.646713139355052
Saltmarsh_2_000000001	18489600.0	1	1	0.854707077960592	1.709414155921184	0.878305944054369	1.756611888108738	1.0	0.8870128989219666	270668466.3788003	258072038.87169987	258072038.87169987	-0.03480070105322608	1.3251608954117255	8.180255733634311	18489600.0	0.024209202	10.601611430790069
Saltmarsh_2_000000001	18576000.0	1	1	0.8534108491043179	1.7068216982086357	0.8770785815026779	1.7541571630053558	1.0	0.8849099278450012	269871076.3831522	256780611.71875304	256780611.71875304	-0.03564417749190518	1.3195472360856704	8.144611556142404	18576000.0	0.024671768	10.555416576760557
Saltmarsh_2_000000001	18662400.0	1	1	0.852080276758563	1.704160553517126	0.8758190055870807	1.7516380111741614	1.0	0.8827697038650513	269053136.70464087	255464279.30612543	255464279.30612543	-0.03647612005683665	1.3137975165874638	8.108135436085568	18662400.0	0.025135021	10.508143525166897
Saltmarsh_2_000000001	18748800.0	1	1	0.8507154821056364	1.7014309642112728	0.8745273567613497	1.7490547135226995	1.0	0.8805925250053406	268214816.95563504	254123495.50636238	254123495.50636238	-0.037296119900627644	1.3079135974324396	8.07083931618494	18748800.0	0.025598825	10.459807753775683
Saltmarsh_2_000000001	18835200.0	1	1	0.8493165822105548	1.6986331644211097	0.8732037723768051	1.7464075447536103	1.0	0.8783784508705139	267356294.59212258	252758654.34664595	252758654.34664595	-0.038104133353383585	1.3018974050866134	8.032735182831555	18835200.0	0.026063042	10.410424796949695
Saltmarsh_2_000000001	18921600.0	1	1	0.8478837029019605	1.695767405803921	0.8718483988823272	1.7436967977646545	1.0	0.8761277794837952	266477746.59972024	251370220.60291135	251370220.60291135	-0.038899770045782045	1.2957508730603389	7.993835412785772	18921600.0	0.026527535	10.36001069497036
Saltmarsh_2_000000001	19008000.0	1	1	0.846416968801867	1.692833937603734	0.8704613823989132	1.7409227647978265	1.0	0.8738406300544739	265579357.55416214	249958616.12473	249958616.12473	-0.039682917210327684	1.2894759978339776	7.954152495575441	19008000.0	0.026992164	10.30858163426577
Saltmarsh_2_000000001	19094400.0	1	1	0.8448000688478291	1.6896001376956582	0.8689328106530753	1.7378656213061505	1.0	0.8693196773529053	264661313.3092828	247897636.69186997	247897636.69186997	-0.043586610618929766	1.2830747940782796	7.91056588495651	19094400.0	0.02788984	10.252093386903637
Saltmarsh_2_000000001	19180800.0	1	1	0.843034815490103	1.686069630980206	0.8672645311484245	1.734529062296849	1.0	0.8646632432937622	263651120.58975622	245729653.15922466	245729653.15922466	-0.047395624427149396	1.2760438902232727	7.863170260529358	19180800.0	0.028787249	10.190668657646048
Saltmarsh_2_000000001	19267200.0	1	1	0.8411228537970534	1.6822457075941069	0.8654582450379721	1.7309164900759442	1.0	0.859870433807373	262550446.494546	243457473.7181635	243457473.7181635	-0.051111190330860756	1.2683985589216782	7.812059070198497	19267200.0	0.029684126	10.124428554977253
Saltmarsh_2_000000001	19353600.0	1	1	0.8390657001891451	1.6781314003782901	0.8635155439622646	1.7270310879245292	1.0	0.8549408912658691	261360893.8291261	241084052.413697	241084052.413697	-0.054733612074350235	1.2601538741428353	7.757325458124147	19353600.0	0.030580206	10.053493793728896
Saltmarsh_2_000000001	19440000.0	1	1	0.8368647503195996	1.6737295006391992	0.8614379177823418	1.7228758355646836	1.0	0.8498742580413818	260084024.4154811	238612354.2298498	238612354.2298498	-0.05826308971020744	1.2513248608594565	7.699062368413939	19440000.0	0.031475222	9.977984829464464
Saltmarsh_2_000000001	19526400.0	1	1	0.8345213085969967	1.6690426171939934	0.8592267827998927	1.7184535655997855	1.0	0.8446705937385559	258721363.23752952	236045474.07125485	236045474.07125485	-0.06169914141773636	1.2419265117740106	7.637363226996202	19526400.0	0.03236891	9.898022742187077
Saltmarsh_2_000000001	19612800.0	1	1	0.8320366222850455	1.664073244570091	0.8568835143005541	1.7137670286011082	1.0	0.8393304944038391	257274416.07133597	233386680.21708733	233386680.21708733	-0.06504049622544827	1.231973897310885	7.572322730770753	19612800.0	0.033261005	9.813730259078897
Saltmarsh_2_000000001	19699200.0	1	1	0.8294118722732908	1.6588237445465817	0.8544094382430513	1.7088188764861025	1.0	0.8338543176651001	255744689.80963123	230639210.58111587	230639210.58111587	-0.06828624000777395	1.2214822929133533	7.504036490762978	19699200.0	0.034151241	9.72523129202882
Saltmarsh_2_000000001	19785600.0	1	1	0.8266482311017125	1.653296462203425	0.8518058863841299	1.7036117727682598	1.0	0.8282434344291687	254133685.99314827	227806610.99671376	227806610.99671376	-0.0714340664976183	1.210467121481187	7.43260242426536	19785600.0	0.035039357	9.632652741847908
Saltmarsh_2_000000001	19872000.0	1	1	0.8237468507758918	1.6474937015517837	0.849074185194152	1.698148370388304	1.0	0.8224989771842957	252442935.63164076	224892409.91996828	224892409.91996828	-0.07448212833549461	1.198944177935336	7.358120295929865	19872000.0	0.035925088	9.536123903525105
Saltmarsh_2_000000001	19958400.0	1	1	0.820708905417694	1.641417810835388	0.8462156964428666	1.6924313928857333	1.0	0.8166228532791138	250673990.6605626	221900385.0268774	221900385.0268774	-0.07742763005770459	1.1869295551920915	7.28069266587216	19958400.0	0.036808172	9.43577769497032
Saltmarsh_2_000000001	20044800.0	1	1	0.8175355931797603	1.6350711863595206	0.8432318193839405	1.686463638767881	1.0	0.8106170296669006	248828448.83563828	218834378.95177442	218834378.95177442	-0.08026790234176717	1.1744397971006393	7.200424763530393	20044800.0	0.037688348	9.331750493535388
Saltmarsh_2_000000001	20131200.0	1	1	0.8142281667884915	1.628456333576983	0.8401240198559256	1.680248039711851	1.0	0.8044840693473816	246907953.4625385	215698437.36908674	215698437.36908674	-0.08299969124993756	1.1614918780953714	7.117425072280454	20131200.0	0.038565353	9.224182893675469
Saltmarsh_2_000000001	20217600.0	1	1	0.8107879431649336	1.6215758863298673	0.8368938396480942	1.6737876792961883	1.0	0.7982267737388611	244914210.2978972	212496715.95809636	212496715.95809636	-0.08561971770899168	1.1481032974994734	7.031805354571464	20217600.0	0.03943893	9.113219739524618
Saltmarsh_2_000000001	20304000.0	1	1	0.807216322115912	1.614432644231824	0.8335429143457131	1.6670858286914263	1.0	0.791848361492157	242848991.42602578	209233522.19655886	209233522.19655886	-0.08812447259670297	1.1342920835794974	6.94368088197476	20304000.0	0.040308818	8.99901042303929
Saltmarsh_2_000000001	20390400.0	1	1	0.8035148072032409	1.6070296144064817	0.8300729931378079	1.6601459862756158	1.0	0.7853525280952454	240714144.32385024	205913327.18038696	205913327.18038696	-0.09051019475235544	1.1200768306542903	6.853170687222402	20390400.0	0.041174761	8.881709210640233
Saltmarsh_2_000000001	20476800.0	1	1	0.7996850126187739	1.5993700252375478	0.8264859454174127	1.6529718908348254	1.0	0.7787432074546814	238511601.83119062	202540699.0583062	202540699.0583062	-0.09277324445948998	1.105476739751021	6.760397442762912	20476800.0	0.0420365	8.761475085820734
Saltmarsh_2_000000001	20563200.0	1	1	0.795728679360596	1.591457358721192	0.8227837760286563	1.6455675520573125	1.0	0.7720247507095337	236243383.39308748	199120339.86982605	199120339.86982605	-0.0949098996660237	1.090511599015154	6.665487543096886	20563200.0	0.042893781	8.638471855853565
Saltmarsh_2_000000001	20649600.0	1	1	0.791647693783781	1.583295387567562	0.8189686426191406	1.6379372852382812	1.0	0.765201985836029	233911601.51842847	195657093.0482235	195657093.0482235	-0.09691633175078951	1.075201796991907	6.568571211346095	20649600.0	0.043746351	8.512868289904539
Saltmarsh_2_000000001	20736000.0	1	1	0.7874440858065042	1.5748881716130083	0.8150428538558212	1.6300857077116424	1.0	0.7582798600196838	231518469.19819704	192155844.44522852	192155844.44522852	-0.09878911759064235	1.059568339816785	6.469782093755452	20736000.0	0.044593956	8.384837593507065
Saltmarsh_2_000000001	20822400.0	1	1	0.7831200499145611	1.5662400998291222	0.8110088888528426	1.6220177777056852	1.0	0.7512638568878174	229066294.98788908	188621613.40202722	188621613.40202722	-0.10052471879504332	1.0436327858051795	6.369257374960409	20822400.0	0.045436345	8.25455755794869
Saltmarsh_2_000000001	20908800.0	1	1	0.7786779553775961	1.5573559107551922	0.8068694063561217	1.6137388127122434	1.0	0.7441598176956177	226557491.14318934	185059499.0377368	185059499.0377368	-0.10211976885732954	1.0274172640460135	6.267137606103079	20908800.0	0.04627327	8.12221033750959
Saltmarsh_2_000000001	20995200.0	1	1	0.7741203462536433	1.5482406925072867	0.8026272442762131	1.6052544885524263	1.0	0.736973762512207	223994574.97295198	181474623.72065273	181474623.72065273	-0.10357132807209668	1.0109444466753603	6.163566278030981	20995200.0	0.04710448	7.987981896328151
Saltmarsh_2_000000001	21081600.0	1	1	0.7694499512435993	1.5388999024871985	0.7982854282713938	1.5965708565427876	1.0	0.7297120690345764	221380163.96397364	177872161.86443293	177872161.86443293	-0.10487667070747919	0.9942374800296438	6.058689607323502	21081600.0	0.047929731	7.852061731091259
Saltmarsh_2_000000001	21168000.0	1	1	0.7646696898632699	1.5293393797265398	0.7938471767307674	1.5876943534615349	1.0	0.7223814129829407	218716976.3214529	174257312.46911022	174257312.46911022	-0.10603338778427429	0.9773199501298254	5.952656219539228	21168000.0	0.048748777	7.714642460522839
Saltmarsh_2_000000001	21254400.0	1	1	0.7597826751360053	1.5195653502720106	0.7893159023559009	1.5786318047118018	1.0	0.7149887084960938	216007829.0477254	170635270.85481116	170635270.85481116	-0.10703947731235364	0.9602158315864094	5.845616742226873	21254400.0	0.049561377	7.575919297926029
Saltmarsh_2_000000001	21340800.0	1	1	0.754792219545074	1.509584439090148	0.7846952165888226	1.5693904331776451	1.0	0.7075411677360535	213255633.76227394	167011228.1005536	167011228.1005536	-0.10789328144575827	0.9429494219485263	5.7377234607811145	21340800.0	0.050367288	7.436089605172325
Saltmarsh_2_000000001	21427200.0	1	1	0.7497018342507193	1.4994036685014387	0.7799889276036227	1.5599778552072454	1.0	0.700046181678772	210463394.11505878	163390329.19864824	163390329.19864824	-0.10859364019720752	0.9255452861904487	5.629129820583907	21427200.0	0.051166273	7.295352247476743
Saltmarsh_2_000000001	21513600.0	1	1	0.7445152186277396	1.4890304372554792	0.7752010291918271	1.5504020583836542	1.0	0.6925111413002014	207634199.18214512	159777617.02981195	159777617.02981195	-0.10914009125354573	0.9080281764026055	5.5199897293303595	21513600.0	0.051958095	7.153906689212146
Saltmarsh_2_000000001	21600000.0	1	1	0.7392362801836388	1.4784725603672777	0.7703357175194865	1.540671435038973	1.0	0.6849439740180969	204771211.41243774	156178139.39483672	156178139.39483672	-0.10953222227642145	0.8904229192506051	5.410457507053938	21600000.0	0.05274252	7.011952929141904
Saltmarsh_2_000000001	21686400.0	1	1	0.7338691106497663	1.4677382212995327	0.765397367198038	1.530794734396076	1.0	0.6773523688316345	201877671.28898525	152596763.4856551	152596763.4856551	-0.1097705904855868	0.8727544079138623	5.300686916568352	21686400.0	0.053519313	6.869690243872584
Saltmarsh_2_000000001	21772800.0	1	1	0.728417993308093	1.456835986616186	0.7603905360104196	1.5207810720208392	1.0	0.6697443127632141	198956877.6585655	149038279.62277302	149038279.62277302	-0.10985604757347578	0.8550474456873409	5.190830868994875	21772800.0	0.054288246	6.727316806217359
Saltmarsh_2_000000001	21859200.0	1	1	0.7228873935201078	1.4457747870402156	0.7553199539366383	1.5106399078732766	1.0	0.6621277928352356	196012185.35579175	145507324.94543844	145507324.94543844	-0.10979007375332839	0.8373266984805207	5.081040795241547	21859200.0	0.055049091	6.585028870633045
Saltmarsh_2_000000001	21945600.0	1	1	0.7172819532685047	1.4345639065370095	0.7501905156836037	1.5003810313672075	1.0	0.6545108556747437	193046993.6252211	142008384.54405037	142008384.54405037	-0.10957467071120797	0.8196165934314598	4.971466124530338	21945600.0	0.055801621	6.443020097391319
Saltmarsh_2_000000001	22032000.0	1	1	0.7116064828391454	1.4232129656782908	0.7450072703921066	1.4900145407842131	1.0	0.646901547908783	190064736.86909539	138545768.54168558	138545768.54168558	-0.1092123920802115	0.8019412347886394	4.862253732450126	22032000.0	0.056545616	6.3014808372553635
Saltmarsh_2_000000001	22118400.0	1	1	0.7058659531333132	1.4117319062666265	0.7397754117261616	1.4795508234523231	1.0	0.6393079161643982	187068874.0220524	135123602.91964325	135123602.91964325	-0.10870630027883477	0.784324314877051	4.75354743217129	22118400.0	0.057280852	6.1605974720939916
Saltmarsh_2_000000001	22204800.0	1	1	0.7000654852186159	1.4001309704372318	0.7345002652491849	1.4690005304983698	1.0	0.6317379474639893	184062878.48522532	131745809.29429832	131745809.29429832	-0.10805998555514063	0.7667890320266323	4.6454874466161495	22204800.0	0.058007113	6.020551730814531
Saltmarsh_2_000000001	22291200.0	1	1	0.694210337243599	1.388420674487198	0.7291872732346518	1.4583745464693036	1.0	0.6241995096206665	181050226.87627357	128416086.03947738	128416086.03947738	-0.1072775752313283	0.7493580054287152	4.538209871384822	22291200.0	0.058724184	5.881519993314729
Saltmarsh_2_000000001	22377600.0	1	1	0.6883058989865781	1.3766117979731562	0.7238419862376053	1.4476839724752106	1.0	0.6167004704475403	178034386.77129558	125137927.20386626	125137927.20386626	-0.10636355248190887	0.7320531885012401	4.431846318902911	22377600.0	0.059431852	5.7436728292981725
Saltmarsh_2_000000001	22464000.0	1	1	0.682357673308635	1.36471534661727	0.7184700426157394	1.4369400852314789	1.0	0.6092484593391418	175018808.77148393	121914571.42334712	121914571.42334712	-0.10532295436991035	0.7148958114866459	4.326523364533001	22464000.0	0.060129907	5.607174280434769
Saltmarsh_2_000000001	22550400.0	1	1	0.6763712655385065	1.352742531077013	0.7130771551250968	1.4261543102501937	1.0	0.6018509864807129	172006912.23786393	118749022.76201534	118749022.76201534	-0.10416117829470417	0.697906292104781	4.222362186238298	22550400.0	0.060818144	5.472181393364835
Saltmarsh_2_000000001	22636800.0	1	1	0.6703523735823267	1.3407047471646534	0.7076690980106183	1.4153381960212366	1.0	0.5945154428482056	169002075.6301442	115644050.05380256	115644050.05380256	-0.10288392715846362	0.6811041774274764	4.119478259079834	22636800.0	0.061496357	5.338843823767465
Saltmarsh_2_000000001	22723200.0	1	1	0.6643067752818947	1.3286135505637895	0.7022516914771999	1.4045033829543998	1.0	0.5872490406036377	166007627.66135636	112602176.1654916	112602176.1654916	-0.10149721377079923	0.6645080945982572	4.017981045309035	22723200.0	0.062164345	5.20730343472051
Saltmarsh_2_000000001	22809600.0	1	1	0.6582403062292265	1.316480612458453	0.6968307775400592	1.3936615550801184	1.0	0.5800586342811584	163026837.5601867	109625646.07137647	109625646.07137647	-0.10000747048466374	0.6481357008415461	3.9179735748243716	22809600.0	0.062821911	5.077693752972386
Saltmarsh_2_000000001	22896000.0	1	1	0.6521588526491187	1.3043177052982373	0.6914122093449766	1.3828244186899532	1.0	0.5729509592056274	160062901.2423349	106716474.23241718	106716474.23241718	-0.09842124462454371	0.6320036157866297	3.8195523301998273	22896000.0	0.06346886	4.950139819938976
Saltmarsh_2_000000001	22982400.0	1	1	0.6460683413120275	1.292136682624055	0.6860018377120877	1.3720036754241753	1.0	0.56593257188797	157118935.56683585	103876438.4964368	103876438.4964368	-0.09674521043955386	0.6161274029217378	3.7228071197602737	22982400.0	0.064105	4.824758027209315
Saltmarsh_2_000000001	23068800.0	1	1	0.6399747161105767	1.2799494322211533	0.680605485811367	1.361210971622734	1.0	0.5590096116065979	154197971.60775387	101107042.65826909	101107042.65826909	-0.09498633582864058	0.600521549119986	3.6278207839316328	23068800.0	0.064730143	4.701655735975397
Saltmarsh_2_000000001	23155200.0	1	1	0.6338839298626152	1.2677678597252304	0.675228937435661	1.350457874871322	1.0	0.5521880388259888	151302942.14219236	98409565.39614522	98409565.39614522	-0.09315159029034481	0.5851994172710709	3.534669193641288	23155200.0	0.065344103	4.580931274959109
Saltmarsh_2_000000001	23241600.0	1	1	0.6278019366013325	1.255603873202665	0.6698779256614091	1.3397558513228183	1.0	0.5454736351966858	148436677.15920493	95785068.20238452	95785068.20238452	-0.09124790501132124	0.5701732460232438	3.443421288629966	23241600.0	0.065946699	4.462673990064436
Saltmarsh_2_000000001	23328000.0	1	1	0.6217346666174396	1.2434693332348792	0.664558106392874	1.329116212785748	1.0	0.538871705532074	145601900.07682472	93234352.4037964	93234352.4037964	-0.08928239394437143	0.5554541559633535	3.3541388946855943	23328000.0	0.066537751	4.34696400751253
Saltmarsh_2_000000001	23414400.0	1	1	0.6156880168901563	1.2313760337803126	0.6592750456640522	1.3185500913281043	1.0	0.5323873162269592	142801216.50587532	90758008.80957569	90758008.80957569	-0.08726207608718117	0.5410521201350597	3.266876818598413	23414400.0	0.067117086	4.233872356903543
Saltmarsh_2_000000001	23500800.0	1	1	0.609667856260161	1.219335712520322	0.6540342198559737	1.3080684397119473	1.0	0.5260255336761475	140037110.94518	88356467.87396978	88356467.87396978	-0.08519363998607876	0.5269759793559277	3.1816831786123343	23500800.0	0.06768453	4.123461399481585
Saltmarsh_2_000000001	23587200.0	1	1	0.6036799801280012	1.2073599602560023	0.6488409720781966	1.2976819441563932	1.0	0.5197905898094177	137311950.6275671	86029872.17452319	86029872.17452319	-0.08308413464952541	0.5132334955221414	3.0985990439628095	23587200.0	0.068239917	4.015784360975801
Saltmarsh_2_000000001	23673600.0	1	1	0.5977301284188388	1.1954602568376775	0.6437005240021668	1.2874010480043336	1.0	0.5136868953704834	134627966.9635632	83778251.86792642	83778251.86792642	-0.08094003412315592	0.49983129346278804	3.0176590098396536	23673600.0	0.06878308	3.9108860767521914
Saltmarsh_2_000000001	23760000.0	1	1	0.5918239700616901	1.1836479401233801	0.6386179586344267	1.2772359172688534	1.0	0.5077185034751892	131987266.36515926	81601450.22304428	81601450.22304428	-0.0787677025712013	0.4867749536864227	2.9388913072684524	23760000.0	0.069313861	3.8088031342199145
Saltmarsh_2_000000001	23846400.0	1	1	0.5859670734460792	1.1719341468921585	0.6335981915086326	1.2671963830172652	1.0	0.5018888711929321	129391826.17596376	79499096.78456604	79499096.78456604	-0.0765735461830751	0.47406903010590534	2.862317761085377	23846400.0	0.0698321	3.7095638183666484
Saltmarsh_2_000000001	23932800.0	1	1	0.5801649256498391	1.1603298512996782	0.6286459841937323	1.2572919683874646	1.0	0.49620163440704346	126843485.15114799	77470739.41245171	77470739.41245171	-0.07436334619711027	0.46171704325936885	2.787954414888267	23932800.0	0.070337645	3.613188921695194
Saltmarsh_2_000000001	24019200.0	1	1	0.57442289167978	1.14884578335956	0.6237659067198129	1.2475318134396258	1.0	0.4906596541404724	124343955.80317383	75515709.29110934	75515709.29110934	-0.07214303466478178	0.4497215811203285	2.715811380223485	24019200.0	0.070830347	3.5196915487696367
Saltmarsh_2_000000001	24105600.0	1	1	0.5687462475070438	1.1374924950140877	0.6189623634547243	1.2379247269094487	1.0	0.48526617884635925	121894810.96921009	73633307.88368584	73633307.88368584	-0.06991773535176493	0.4380842747701941	2.6458936448717187	24105600.0	0.071310057	3.4290781637537475
Saltmarsh_2_000000001	24192000.0	1	1	0.5631401256814293	1.1262802513628587	0.6142395450641149	1.2284790901282299	1.0	0.48002347350120544	119497502.58365448	71822613.46269017	71822613.46269017	-0.06769286146843223	0.4268059287818831	2.578200783403287	24192000.0	0.071776635	3.34134821529066
Saltmarsh_2_000000001	24278400.0	1	1	0.5576095473205651	1.1152190946411302	0.6096014543202611	1.2192029086405223	1.0	0.4749341607093811	117153343.38284037	70082688.77260658	70082688.77260658	-0.0654730306668112	0.4158864745298441	2.5127277527364758	24278400.0	0.072229943	3.256495167546473
Saltmarsh_2_000000001	24364800.0	1	1	0.5521593920444212	1.1043187840888424	0.6050518798965883	1.2101037597931765	1.0	0.4700002670288086	114863525.66603471	68412453.42211837	68412453.42211837	-0.06326283141002575	0.4053250985206176	2.4494649213264497	24364800.0	0.072669846	3.1745065380390787
Saltmarsh_2_000000001	24451200.0	1	1	0.5467944105526626	1.0935888211053253	0.6005944066426541	1.2011888132853081	1.0	0.46522387862205505	112629114.04506041	66810787.42649528	66810787.42649528	-0.061066309968787647	0.39512024710126403	2.388398611357662	24451200.0	0.073096214	3.09536460031953
Saltmarsh_2_000000001	24537600.0	1	1	0.541519192338925	1.08303838467785	0.5962323890337166	1.1924647780674331	1.0	0.4606064558029175	110451056.2253951	65276443.98732862	65276443.98732862	-0.0588874939831277	0.38526971391977083	2.3295111173745338	24537600.0	0.07350892	3.019046408117396
Saltmarsh_2_000000001	24624000.0	1	1	0.5363381919695078	1.0726763839390157	0.591968973977835	1.18393794795567	1.0	0.45614972710609436	108330175.58840227	63808183.066283815	63808183.066283815	-0.05672972759892608	0.3757706429303452	2.272781389775608	24624000.0	0.073907842	2.945524681149188
Saltmarsh_2_000000001	24710400.0	1	1	0.531255707384964	1.062511414769928	0.5878070843460462	1.1756141686920925	1.0	0.45185497403144836	106267187.76302186	62404681.96645924	62404681.96645924	-0.054596228814739356	0.36661963864703556	2.2181851609608683	24710400.0	0.074292862	2.8747679686052856
Saltmarsh_2_000000001	24796800.0	1	1	0.5262758722476217	1.0525517444952435	0.5837494150073085	1.167498830014617	1.0	0.44772323966026306	104262697.76366238	61064571.322317444	61064571.322317444	-0.0524899298808173	0.3578127864924045	2.165695231080051	24796800.0	0.074663866	2.806741019479746
Saltmarsh_2_000000001	24883200.0	1	1	0.5214026696540607	1.0428053393081214	0.5797984469128102	1.1595968938256205	1.0	0.4437556564807892	102317203.07006378	59786486.80570881	59786486.80570881	-0.050413264862701646	0.3493456988912457	2.1152819662173488	24883200.0	0.075020743	2.741405428217684
Saltmarsh_2_000000001	24969600.0	1	1	0.5166399191247656	1.0332798382495312	0.5759564399367767	1.1519128798735534	1.0	0.4399530589580536	100431105.06367406	58569025.05589323	58569025.05589323	-0.048368470352694926	0.3412135956321611	2.0669134958646533	24969600.0	0.075363388	2.6787198906405907
Saltmarsh_2_000000001	25056000.0	1	1	0.5119912735450556	1.0239825470901112	0.5722254345972224	1.1444508691944448	1.0	0.4363161325454712	98604709.90853544	57410769.428127594	57410769.428127594	-0.04635748858109423	0.3334113357217322	2.020556007283559	25056000.0	0.0756917	2.6186405854394925
Saltmarsh_2_000000001	25142400.0	1	1	0.5074602157152016	1.0149204314304032	0.5686072541311049	1.1372145082622098	1.0	0.43284541368484497	96838233.3996793	56310295.988787696	56310295.988787696	-0.04438198492376372	0.3259334648677022	1.9761740223597957	25142400.0	0.076005582	2.5611215329782953
Saltmarsh_2_000000001	25228800.0	1	1	0.5030500665933311	1.0061001331866621	0.5651035164964662	1.1302070329929323	1.0	0.4295414686203003	95131805.62957408	55266201.994634844	55266201.994634844	-0.042443250164857615	0.31877426013803184	1.933730772194938	25228800.0	0.07630494	2.5061150807646397
Saltmarsh_2_000000001	25315200.0	1	1	0.4987639663769328	0.9975279327538656	0.5617156253161009	1.1234312506322017	1.0	0.42640450596809387	93485479.95150453	54277061.90821045	54277061.90821045	-0.04054248084478651	0.3119277903858388	1.893188291350151	25315200.0	0.076589685	2.453572025589796
Saltmarsh_2_000000001	25401600.0	1	1	0.49460489869153734	0.9892097973830747	0.5584447956182822	1.1168895912365644	1.0	0.4234350025653839	91899231.64094684	53341510.12910174	53341510.12910174	-0.03868038080623454	0.30538793145174326	1.8545079105439162	25401600.0	0.076859734	2.4034422520649157
Saltmarsh_2_000000001	25488000.0	1	1	0.49057566610977105	0.9811513322195421	0.5552920415024442	1.1105840830048883	1.0	0.4206330180168152	90372972.51946247	52458160.55870154	52458160.55870154	-0.03685764284683879	0.2991484456403465	1.8176502676970774	25488000.0	0.077115005	2.3556747469354122
Saltmarsh_2_000000001	25574400.0	1	1	0.4866789055350103	0.9733578110700206	0.5522581957905013	1.1045163915810026	1.0	0.4179987609386444	88906547.32623492	51625679.18172829	51625679.18172829	-0.03507458759325288	0.29320298350189433	1.7825756801038244	25574400.0	0.077355424	2.3102180814145563
Saltmarsh_2_000000001	25660800.0	1	1	0.48291707966425074	0.9658341593285015	0.5493439112261597	1.0986878224523193	1.0	0.41553226113319397	87499744.68904279	50842747.89870954	50842747.89870954	-0.033331404373184104	0.2875451438667318	1.7492442757306401	25660800.0	0.07758092	2.2670205813469098
Saltmarsh_2_000000001	25747200.0	1	1	0.4792924789506057	0.9585849579012115	0.5465496702841618	1.0930993405683236	1.0	0.41323351860046387	86152299.09776773	50108085.067914	50108085.067914	-0.03162806968540871	0.2821684950249787	1.7176162060452314	25747200.0	0.077791425	2.22603060303462
Saltmarsh_2_000000001	25833600.0	1	1	0.47580722528237934	0.9516144505647587	0.5438757965224499	1.0877515930448998	1.0	0.4111025333404541	84863896.53834538	49420451.701429434	49420451.701429434	-0.029964350550561847	0.277066609057709	1.6876518554946696	25833600.0	0.077986876	2.1871968047210917
Saltmarsh_2_000000001	25920000.0	1	1	0.4724632731323998	0.9449265462647995	0.5413224641352695	1.082644928270539	1.0	0.4091392755508423	83634180.48120123	48778650.25324651	48778650.25324651	-0.028339844361386007	0.27223309562761855	1.6593120111332835	25920000.0	0.078167218	2.1504683664287354
Saltmarsh_2_000000001	26006400.0	1	1	0.46926240622554827	0.9385248124510965	0.5388897042251883	1.0777794084503767	1.0	0.40734362602233887	82462756.70619111	48181519.46502997	48181519.46502997	-0.026754032016346768	0.2676616293414966	1.6325579791169365	26006400.0	0.078332394	2.1157951409355498
Saltmarsh_2_000000001	26092800.0	1	1	0.46620624495057883	0.9324124899011577	0.5365774193239569	1.0731548386479137	1.0	0.4057155251502991	81349196.32785559	47627953.248367265	47627953.248367265	-0.025206202299941777	0.2633459685417781	1.6073517768169947	26092800.0	0.078482358	2.0831279027548253
Saltmarsh_2_000000001	26179200.0	1	1	0.46329623830561795	0.9265924766112359	0.5343853861331176	1.0687707722662352	1.0	0.4042547643184662	80293042.3305665	47116878.069766	47116878.069766	-0.023695595947387238	0.25927998629621724	1.583656180869607	26179200.0	0.078617064	2.052418410407011
Saltmarsh_2_000000001	26265600.0	1	1	0.460533677903259	0.921067355806518	0.532313274855126	1.064626549710252	1.0	0.40296128392219543	79293810.46460119	46647288.059098974	46647288.059098974	-0.022221237853164405	0.2554576781486593	1.5614349430164427	26265600.0	0.078736473	2.02361968614931
Saltmarsh_2_000000001	26352000.0	1	1	0.457919704775013	0.915839409550026	0.5303606627401939	1.0607213254803878	1.0	0.4018350839614868	78350997.50258859	46218236.37972285	46218236.37972285	-0.020782015037436513	0.25187319693605076	1.5406529279790062	26352000.0	0.078840549	1.9966861946607923
Saltmarsh_2_000000001	26438400.0	1	1	0.4554552941429374	0.9109105882858748	0.5285270309440584	1.0570540618881168	1.0	0.40087592601776123	77464086.63374741	45828802.17319572	45828802.17319572	-0.01937686416280135	0.24852087502877995	1.5212760638162046	26438400.0	0.07892926	1.9715737787058012
Saltmarsh_2_000000001	26524800.0	1	1	0.45314127199330095	0.9062825439866019	0.5268117848992081	1.0536235697984162	1.0	0.4000837504863739	76632545.12335435	45478137.50036196	45478137.50036196	-0.018004528821105592	0.2453952163229154	1.5032715349950991	26524800.0	0.079002581	1.9482399093536487
Saltmarsh_2_000000001	26611200.0	1	1	0.4509783133614561	0.9019566267229122	0.5252142605789483	1.0504285211578965	1.0	0.3994584381580353	75855832.53629588	45165441.752581865	45165441.752581865	-0.016663718621308138	0.24249092738421746	1.4866078163737908	26611200.0	0.079060491	1.926643730020433
Saltmarsh_2_000000001	26697600.0	1	1	0.44896695213517285	0.8979339042703457	0.5237337388571881	1.0474674777143762	1.0	0.398999959230423	75133402.43904088	44889978.452427626	44889978.452427626	-0.01535303066773841	0.23980292292987654	1.4712547857060525	26697600.0	0.079102972	1.906746202275044
Saltmarsh_2_000000001	26784000.0	1	1	0.4471075773651808	0.8942151547303616	0.5223694493935154	1.0447388987870307	1.0	0.39870819449424744	74464707.69332407	44651055.91873323	44651055.91873323	-0.014071064382834342	0.23732634397650051	1.4571837213232184	26784000.0	0.079130011	1.888510102834891
Saltmarsh_2_000000001	26870400.0	1	1	0.44540044810740986	0.8908008962148197	0.5211205876152942	1.0422411752305885	1.0	0.39858317375183105	73849200.96185072	44448053.512094125	44448053.512094125	-0.012816289905712125	0.23505655746618276	1.4443674314175066	26870400.0	0.079141601	1.8719001911170887
Saltmarsh_2_000000001	26956800.0	1	1	0.4438456921827115	0.887691384365423	0.5199863192664782	1.0399726385329564	1.0	0.39862486720085144	73286341.10490079	44280399.34659079	44280399.34659079	-0.011587180388086343	0.23298917712104028	1.4327802510294205	26956800.0	0.079137737	1.8568832053341289
Saltmarsh_2_000000001	27043200.0	1	1	0.44244330786028657	0.8848866157205731	0.5189657865456027	1.0379315730912053	1.0	0.3988332152366638	72775593.95755398	44147573.234344386	44147573.234344386	-0.010382196785532677	0.2311200629572546	1.4223980542438877	27043200.0	0.079118422	1.8434278783000786
Saltmarsh_2_000000001	27129600.0	1	1	0.44119318176797534	0.8823863635359507	0.5180581254085501	1.0361162508171002	1.0	0.39920833706855774	72316433.85140702	44049129.50156302	44049129.50156302	-0.009199675744601343	0.22944532325241646	1.4131983784992865	27129600.0	0.079083661	1.8315050985350754
Saltmarsh_2_000000001	27216000.0	1	1	0.44009508816367776	0.8801901763273555	0.517262468615645	1.03452493723129	1.0	0.399750292301178	71908350.19497457	43984671.76254707	43984671.76254707	-0.008037975784930373	0.2279613345976657	1.405160402714356	27216000.0	0.079033464	1.8210878819178056
Saltmarsh_2_000000001	27302400.0	1	1	0.43914867997168605	0.8782973599433721	0.5165779422427805	1.033155884485561	1.0	0.400458961725235	71550847.68762583	43953839.35143763	43953839.35143763	-0.006895541612181394	0.22666473836936954	1.3982648611021748	27302400.0	0.078967846	1.8121512599884186
Saltmarsh_2_000000001	27388800.0	1	1	0.43835352863625004	0.8767070572725001	0.5160036968671811	1.0320073937343621	1.0	0.401334673166275	71243443.67650266	43956374.6557766	43956374.6557766	-0.005770553547675528	0.22555242682655852	1.392494307554499	27388800.0	0.078886826	1.8046726225906309
Saltmarsh_2_000000001	27475200.0	1	1	0.43770909604599734	0.8754181920919947	0.5155388889407503	1.0310777778815006	1.0	0.40237733721733093	70985681.16699524	43992031.4966287	43992031.4966287	-0.004661428275303692	0.2246215857584472	1.3878328792791952	27475200.0	0.078790429	1.798631411545837
Saltmarsh_2_000000001	27561600.0	1	1	0.4372147615273854	0.8744295230547708	0.515182701388258	1.030365402776516	1.0	0.40358713269233704	70777119.54854722	44060647.0367729	44060647.0367729	-0.0035664211732073514	0.22386965635707184	1.3842664581059876	27561600.0	0.078678683	1.7940093297053599
Saltmarsh_2_000000001	27648000.0	1	1	0.43686982248511724	0.8737396449702345	0.514934344539122	1.029868689078244	1.0	0.4049641788005829	70617343.0361608	44162107.89864515	44162107.89864515	-0.0024838217441014165	0.22329436123732715	1.3817826363618861	27648000.0	0.078551621	1.7907902967250044
Saltmarsh_2_000000001	27734400.0	1	1	0.43667350255312404	0.8733470051062481	0.5147930619142387	1.0295861238284774	1.0	0.4065086245536804	70505960.38410857	44296359.46757397	44296359.46757397	-0.001411901594502385	0.22289369893237224	1.3803707347673835	27734400.0	0.078409281	1.7889604722585288
Saltmarsh_2_000000001	27820800.0	1	1	0.436624948516298	0.873249897032596	0.5147581273899168	1.0295162547798336	1.0	0.408220499753952	70442606.88817838	44463389.930819705	44463389.930819705	-0.0003489971263463676	0.2226659467804449	1.3800217376410373	27820800.0	0.078251705	1.7885081719827844
Saltmarsh_2_000000001	27907200.0	1	1	0.4367026909088496	0.8734053818176992	0.5148436493377555	1.029687298675511	1.0	0.41009998321533203	70426942.63212581	44663258.69721092	44663258.69721092	0.0007066430132640356	0.22260965047279058	1.3807283806543011	27907200.0	0.07807894	1.7894239813279744
Saltmarsh_2_000000001	27993600.0	1	1	0.4368986826606643	0.8737973653213286	0.5150587998991105	1.030117599798221	1.0	0.41214707493782043	70452024.32511303	44900783.371531636	44900783.371531636	0.0017802786483696598	0.22272363820928853	1.3825086593026712	27993600.0	0.077891036	1.7917312224562618
Saltmarsh_2_000000001	28080000.0	1	1	0.4372162402138873	0.8744324804277745	0.5154066213376124	1.0308132426752248	1.0	0.4143619239330292	70515276.11845449	45178936.105807446	45178936.105807446	0.0028838677073145247	0.22301081282172272	1.3853925270099858	28080000.0	0.07768805	1.7954687150049418
Saltmarsh_2_000000001	28166400.0	1	1	0.4376584849985715	0.875316969997143	0.5158898718108776	1.0317797436217553	1.0	0.41674453020095825	70617820.70113331	45498634.011210606	45498634.011210606	0.004017163995104628	0.22347600606094842	1.3894096910050906	28166400.0	0.077470042	1.8006749595425975
Saltmarsh_2_000000001	28252800.0	1	1	0.4382283512893488	0.8764567025786976	0.516511036853049	1.033022073706098	1.0	0.41929492354393005	70760752.98412225	45860828.8691381	45860828.8691381	0.005180134381288531	0.22412400996440196	1.394589825386379	28252800.0	0.077237076	1.8073884137007474
Saltmarsh_2_000000001	28339200.0	1	1	0.4389285861384852	0.8778571722769704	0.5172723327899453	1.0345446655798907	1.0	0.4220130443572998	70945145.25280558	46266498.171949044	46266498.171949044	0.006372879634458872	0.22495961122528635	1.4009627050208384	28339200.0	0.076989221	1.8156476657070066
Saltmarsh_2_000000001	28425600.0	1	1	0.43976175629223063	0.8795235125844613	0.5181757182064038	1.0363514364128077	1.0	0.4248988628387451	71172049.5724601	46716660.54236341	46716660.54236341	0.007595689920151638	0.22598761279166543	1.40855839494099	28425600.0	0.076726552	1.8254916798435235
Saltmarsh_2_000000001	28512000.0	1	1	0.44073023462706634	0.8814604692541327	0.5192228839635664	1.0384457679271328	1.0	0.4279520511627197	71442502.25756861	47212343.17877244	47212343.17877244	0.008848851476005004	0.2272128644178572	1.4174072464169951	28512000.0	0.076449145	1.8369597913564257
Saltmarsh_2_000000001	28598400.0	1	1	0.44183622529437816	0.8836724505887563	0.5204152850189179	1.0408305700378357	1.0	0.43117260932922363	71757521.48359986	47754650.08926077	47754650.08926077	0.010132988415474109	0.22864026203082977	1.427540234832469	28598400.0	0.076157082	1.85009214434288
Saltmarsh_2_000000001	28684800.0	1	1	0.4430817310940473	0.8861634621880946	0.5217541111108472	1.0435082222216945	1.0	0.4345599412918091	72118117.24840349	48344666.62401139	48344666.62401139	0.011448530887513159	0.2302748022325438	1.4389887657199822	28684800.0	0.075850451	1.864929440373097
Saltmarsh_2_000000001	28771200.0	1	1	0.4444685827330951	0.8889371654661902	0.5232403235093176	1.0464806470186352	1.0	0.43811383843421936	72525282.3078194	48983563.42926082	48983563.42926082	0.012796266134532663	0.23212155101177145	1.4517850318545151	28771200.0	0.075529342	1.8815134012834516
Saltmarsh_2_000000001	28857600.0	1	1	0.44599842278639884	0.8919968455727977	0.5248746440020072	1.0497492880040145	1.0	0.4418337643146515	72980003.00948463	49672524.00402654	49672524.00402654	0.014176918673719091	0.23418570134641362	1.4659619505282344	28857600.0	0.075193851	1.899886687884592
Saltmarsh_2_000000001	28944000.0	1	1	0.4476726942970699	0.8953453885941398	0.5266575493337584	1.0533150986675168	1.0	0.445718914270401	73483255.11400543	50412748.62014436	50412748.62014436	0.015591180015352951	0.23647256308536888	1.4815531305435876	28944000.0	0.074844076	1.9200928571844895
Saltmarsh_2_000000001	29030400.0	1	1	0.44949265591276943	0.8989853118255389	0.5285892934606853	1.0571785869213706	1.0	0.44976863265037537	74036000.78476617	51205499.52878239	51205499.52878239	0.01703994001968248	0.2389875576242295	1.4985930705632702	29030400.0	0.074480122	1.942176619449998
Saltmarsh_2_000000001	29116800.0	1	1	0.451459368919799	0.902918737839598	0.5306699006192653	1.0613398012385307	1.0	0.4539819657802582	74639194.01824331	52052053.70260879	52052053.70260879	0.018524018612167487	0.24173624990087647	1.5171170891754375	29116800.0	0.074102097	1.966183747571367
Saltmarsh_2_000000001	29203200.0	1	1	0.45357370007433034	0.9071474001486607	0.5328991748821011	1.0657983497642023	1.0	0.45835790038108826	75293776.52674925	52953726.98364395	52953726.98364395	0.020044297803836902	0.24472433711438282	1.5371613869792746	29203200.0	0.073710111	1.9921611575251401
Saltmarsh_2_000000001	29289600.0	1	1	0.4558363117722461	0.9116726235444922	0.535276696736558	1.070553393473116	1.0	0.46289515495300293	76000678.50608541	53911850.00020096	53911850.00020096	0.021601591261042358	0.24795765873996242	1.558762978240317	29289600.0	0.073304282	2.0201568197994506
Saltmarsh_2_000000001	29376000.0	1	1	0.4582476624907236	0.9164953249814471	0.5378018302018357	1.0756036604036714	1.0	0.46759232878685	76760814.85342447	54927782.06559238	54927782.06559238	0.023196724823590253	0.25144218550437164	1.5819597030639074	29376000.0	0.07288473	2.050219775170824
Saltmarsh_2_000000001	29462400.0	1	1	0.46080799291147884	0.9216159858229577	0.5404737154116371	1.0809474308232743	1.0	0.4724476635456085	77575084.44417731	56002881.55188706	56002881.55188706	0.02483038640984009	0.2551840213495952	1.6067900894737477	29462400.0	0.072451579	2.082399955957977
Saltmarsh_2_000000001	29548800.0	1	1	0.4635173412722787	0.9270346825445575	0.5432912905618477	1.0865825811236953	1.0	0.47745949029922485	78444364.20570326	57138553.41647328	57138553.41647328	0.02650338589746354	0.25918938118490287	1.633293475371211	29548800.0	0.072004957	2.1167483440810893
Saltmarsh_2_000000001	29635200.0	1	1	0.4663755324287987	0.9327510648575974	0.5462532870946137	1.0925065741892275	1.0	0.482625812292099	79369512.6990704	58336200.619015045	58336200.619015045	0.028216392535115598	0.2634646105599596	1.661509867906327	29635200.0	0.071544997	2.1533167888066
Saltmarsh_2_000000001	29721600.0	1	1	0.46938216261088483	0.9387643252217697	0.549358220668655	1.09871644133731	1.0	0.48794421553611755	80351364.47728252	59597207.00310102	59597207.00310102	0.029969872035376988	0.26801616298012815	1.691479739941704	29721600.0	0.071071835	2.1921577429644485
Saltmarsh_2_000000001	29808000.0	1	1	0.4725366081608943	0.9450732163217886	0.5526044058070463	1.1052088116140926	1.0	0.49341222643852234	81390722.47045538	60922973.019979924	60922973.019979924	0.03176429802559122	0.2728505670743084	1.7232440379672953	29808000.0	0.070585611	2.233324273205615
Saltmarsh_2_000000001	29894400.0	1	1	0.4758380307387585	0.951676061477517	0.5559899665376333	1.1119799330752667	1.0	0.4990272521972656	82488358.17953932	62314906.41765204	62314906.41765204	0.03360010421660131	0.2779744278716589	1.7568441421838965	29894400.0	0.070086469	2.27687000827033
Saltmarsh_2_000000001	29980800.0	1	1	0.4792853511351901	0.9585707022703802	0.5595128160491214	1.1190256320982428	1.0	0.5047860741615295	83645010.38190061	63774354.89969554	63774354.89969554	0.03547735413576397	0.28339442036271373	1.7923214963196603	29980800.0	0.069574558	2.3228486592302797
Saltmarsh_2_000000001	30067200.0	1	1	0.48287727037229455	0.9657545407445891	0.5631706824253486	1.1263413648506972	1.0	0.5106855630874634	84861372.44410777	65302683.315968655	65302683.315968655	0.037396186794314445	0.28911722978552884	1.8297176831139748	30067200.0	0.069050029	2.3713141173157113
Saltmarsh_2_000000001	30153600.0	1	1	0.486612252751737	0.973224505503474	0.5669610968646012	1.1339221937292023	1.0	0.5167220830917358	86138095.74564074	66901196.74411106	66901196.74411106	0.039356419918659735	0.29514956380189555	1.8690741030326345	30153600.0	0.068513037	2.4223200375302945
Saltmarsh_2_000000001	30240000.0	1	1	0.4904885350937727	0.9809770701875454	0.570881407059442	1.141762814118884	1.0	0.5228918790817261	87475779.39246993	68571178.35486569	68571178.35486569	0.04135779110305782	0.30149810067127064	1.9104318941356921	30240000.0	0.067963741	2.475919734799857
Saltmarsh_2_000000001	30326400.0	1	1	0.4945041210918845	0.989008242183769	0.5749287758142314	1.1498575516284628	1.0	0.5291908383369446	88874968.79348642	70313852.77037472	70313852.77037472	0.04339978752711804	0.30816947632475555	1.9538316816628105	30326400.0	0.067402305	2.5321658594350023
Saltmarsh_2_000000001	30412800.0	1	1	0.4986567804963656	0.9973135609927312	0.5791001840397384	1.1582003680794768	1.0	0.535614550113678	90336148.60842872	72130383.3320106	72130383.3320106	0.04548167268904302	0.31517024397100996	1.999313354351854	30412800.0	0.066828894	2.5911101072400027
Saltmarsh_2_000000001	30499200.0	1	1	0.5029440490407159	1.0058880980814318	0.5833924341351524	1.1667848682703048	1.0	0.542158305644989	91859737.04109097	74021862.1659383	74021862.1659383	0.04760247281521918	0.32250683801447233	2.0469158271670733	30499200.0	0.066243679	2.652802912008527
Saltmarsh_2_000000001	30585600.0	1	1	0.5073632290361176	1.0147264580722353	0.5878021536778829	1.1756043073557658	1.0	0.5488170981407166	93446080.06641266	75989299.73912628	75989299.73912628	0.04976096291430343	0.330185535781328	2.096676790081376	30585600.0	0.065646833	2.717293119945463
Saltmarsh_2_000000001	30672000.0	1	1	0.5119114018420938	1.0238228036841877	0.5923258099059648	1.1846516198119297	1.0	0.5555858016014099	95095445.59218201	78033639.02530997	78033639.02530997	0.051955778130671204	0.3382124169958786	2.148632568212047	30672000.0	0.065038532	2.7846278084028127
Saltmarsh_2_000000001	30758400.0	1	1	0.5165854137250409	1.0331708274500817	0.5969596988471197	1.1939193976942395	1.0	0.5624587535858154	96808021.82497665	80155689.08174479	80155689.08174479	0.05418510418952055	0.34659334121920343	2.2028176724015673	30758400.0	0.064418958	2.8548517034324314
Saltmarsh_2_000000001	30844800.0	1	1	0.5213818933572372	1.0427637867144743	0.6016999638329359	1.2033999276658718	1.0	0.5694302320480347	98583905.45488931	82356176.09775478	82356176.09775478	0.056447005134883876	0.35533387535389	2.259264677536451	30844800.0	0.063788293	2.9280070220872405
Saltmarsh_2_000000001	30931200.0	1	1	0.5262972422533408	1.0525944845066817	0.6065425883913204	1.2130851767826407	1.0	0.576494038105011	100423101.48026907	84635675.9265512	84635675.9265512	0.058739105616964105	0.36443927401579185	2.318003783153415	30931200.0	0.063146725	3.004132902966826
Saltmarsh_2_000000001	31017600.0	1	1	0.5313276526913746	1.0626553053827492	0.6114834143923358	1.2229668287846716	1.0	0.583643913269043	102325512.64199394	86994658.77156024	86994658.77156024	0.06105888520186359	0.3739144086559376	2.3790626683552785	31017600.0	0.062494443	3.083265218188441
Saltmarsh_2_000000001	31104000.0	1	1	0.5364690984295836	1.0729381968591671	0.6165181346889785	1.233036269377957	1.0	0.590873122215271	104290939.2284009	89433419.22152421	89433419.22152421	0.06340335195043312	0.38376374415718795	2.442466020305712	31104000.0	0.061831641	3.1654359623162023
Saltmarsh_2_000000001	31190400.0	1	1	0.5417173640718255	1.083434728143651	0.621642321042272	1.243284642084544	1.0	0.598175048828125	106319068.30872247	91952149.3777674	91952149.3777674	0.06576948411254696	0.39399126277629004	2.5082355044182587	31190400.0	0.061158516	3.250673213726063
Saltmarsh_2_000000001	31276800.0	1	1	0.547068023723274	1.094136047446548	0.6268514051849792	1.2537028103699583	1.0	0.6055424213409424	108409478.06589197	94550815.59277701	94550815.59277701	0.068153618628781	0.4046004593351041	2.576389123047039	31276800.0	0.060475266	3.339000303468963
Saltmarsh_2_000000001	31363200.0	1	1	0.5525164703389892	1.1050329406779784	0.6321407060854829	1.2642814121709658	1.0	0.6129680871963501	110561622.18690406	97229256.97018296	97229256.97018296	0.07055204707914453	0.41559423777177024	2.646941170126183	31363200.0	0.059782094	3.4304357564835333
Saltmarsh_2_000000001	31449600.0	1	1	0.558057916812912	1.116115833625824	0.6375054310295473	1.2750108620590945	1.0	0.6204445958137512	112774834.34512505	99987115.65774424	99987115.65774424	0.07296067446507076	0.42697490382365044	2.719901844591253	31449600.0	0.059079207	3.524992790590264
Saltmarsh_2_000000001	31536000.0	1	1	0.5636874009020149	1.1273748018040297	0.6429406800243078	1.2858813600486156	1.0	0.6279642581939697	115048321.66472925	102823831.90304685	102823831.90304685	0.0753750568464327	0.43874410266880154	2.795276901437686	31536000.0	0.058366811	3.622678864263241
Saltmarsh_2_000000001	31622400.0	1	1	0.5693998123846	1.1387996247692	0.6484414700020856	1.2968829400041713	1.0	0.6355195045471191	117381159.7764705	105738690.41255657	105738690.41255657	0.0777906894241514	0.45090276263863144	2.873067590861838	31622400.0	0.057645118	3.7234955977569424
Saltmarsh_2_000000001	31708800.0	1	1	0.575189884493484	1.150379768986968	0.654002726531688	1.308005453063376	1.0	0.6431023478507996	119772297.34231852	108730727.38180313	108730727.38180313	0.0802025515082016	0.4634510854008141	2.953270142370039	31708800.0	0.056914342	3.827438104511571
Saltmarsh_2_000000001	31795200.0	1	1	0.5810522122291497	1.1621044244582994	0.6596192995991662	1.3192385991983324	1.0	0.6507048010826111	122220546.11261632	111798783.40136011	111798783.40136011	0.08260545426526039	0.4763884627415402	3.0358755966353	31795200.0	0.056174699	3.9344947732393494
Saltmarsh_2_000000001	31881600.0	1	1	0.5869812729654715	1.173962545930943	0.6652859811263341	1.3305719622526682	1.0	0.6583189368247986	124724582.36302494	114941508.10576113	114941508.10576113	0.08499409108628136	0.4897134494425243	3.120869687721582	31881600.0	0.055426409	4.0446471152871695
Saltmarsh_2_000000001	31968000.0	1	1	0.5929714304436543	1.1859428608873086	0.6709975074192956	1.3419950148385913	1.0	0.6659366488456726	127282949.88354537	118157314.26234333	118157314.26234333	0.08736282702897347	0.5034237442827432	3.2082325147505557	31968000.0	0.054669694	4.15786933911672
Saltmarsh_2_000000001	32054400.0	1	1	0.5990169532636986	1.1980339065273973	0.6767485744001512	1.3534971488003025	1.0	0.6735498905181885	129894056.3476997	121444409.65486145	121444409.65486145	0.0897059111989128	0.5175161370753945	3.297938425949469	32054400.0	0.053904776	4.274128200030512
Saltmarsh_2_000000001	32140800.0	1	1	0.6051120354907277	1.2102240709814553	0.6825338544823388	1.3650677089646777	1.0	0.6811507344245911	132556176.3483019	124800804.94985543	124800804.94985543	0.09201753478547947	0.5319864899637977	3.389955960734948	32140800.0	0.053131885	4.393382925112493
Saltmarsh_2_000000001	32227200.0	1	1	0.6112508005713835	1.222501601142767	0.6883479984836759	1.3766959969673518	1.0	0.6887311339378357	135267456.0409738	128224268.64184423	128224268.64184423	0.09429161513021966	0.5468297280790015	3.484247575865168	32227200.0	0.052351247	4.515584858321258
Saltmarsh_2_000000001	32313600.0	1	1	0.6174273195913781	1.2348546391827562	0.6941856501484578	1.3883713002969156	1.0	0.6962831616401672	138025910.9993759	131712363.792344	131712363.792344	0.09652202359600082	0.5620397953657192	3.580769599461168	32313600.0	0.051563094	4.640677400901674
Saltmarsh_2_000000001	32400000.0	1	1	0.6236356352495844	1.2472712704991689	0.700041465538913	1.400082931077826	1.0	0.7037991285324097	140829430.93119523	135262471.11493078	135262471.11493078	0.09870270840909223	0.5776096471655616	3.6794723078702596	32400000.0	0.050767662	4.768596110999856
Saltmarsh_2_000000001	32486400.0	1	1	0.6298697725357488	1.2597395450714977	0.7059101205628446	1.4118202411256893	1.0	0.7112714052200317	143675787.7546762	138871758.91292307	138871758.91292307	0.1008275319488332	0.5935312626157822	3.780299839819093	32486400.0	0.049965184	4.899268592405544
Saltmarsh_2_000000001	32572800.0	1	1	0.6361237445839965	1.272247489167993	0.7117863142213593	1.4235726284427186	1.0	0.7186923623085022	146562638.3900307	142537170.35397524	142537170.35397524	0.10289022096846612	0.6097956308014101	3.883190060787559	32572800.0	0.049155898	5.032614318780677
Saltmarsh_2_000000001	32659200.0	1	1	0.6423915946612416	1.2847831893224833	0.7176648034941866	1.4353296069883732	1.0	0.7260549664497375	149487525.83298662	146255540.966952	146255540.966952	0.10488497595719182	0.6263927288775681	3.9880750367447497	32659200.0	0.048340045	5.1685452476211955
Saltmarsh_2_000000001	32745600.0	1	1	0.6486673828626893	1.2973347657253786	0.7235403896225862	1.4470807792451723	1.0	0.7333519458770752	152447897.80103502	150023447.46151507	150023447.46151507	0.1068056388203239	0.6433115984872515	4.094880675565073	32745600.0	0.047517866	5.306965355532335
Saltmarsh_2_000000001	32832000.0	1	1	0.6549452250803963	1.3098904501607926	0.7294079502013138	1.4588159004026275	1.0	0.7405766248703003	155441100.3107229	153837370.75084963	153837370.75084963	0.1086465658356569	0.6605402879185913	4.203527241400729	32832000.0	0.046689604	5.447771304855346
Saltmarsh_2_000000001	32918400.0	1	1	0.661219302766216	1.322438605532432	0.7352624456133661	1.4705248912267321	1.0	0.7477225065231323	158464396.4451552	157693628.9273504	157693628.9273504	0.11040220955909019	0.6780659350776619	4.31392945095982	32918400.0	0.045855507	5.590852568443926
Saltmarsh_2_000000001	33004800.0	1	1	0.6674635443494188	1.3349270886988376	0.7410799579680776	1.4821599159361551	1.0	0.7547832131385803	161514972.19873795	161588370.56402817	161514972.19873795	0.1117000779747025	0.6958747830189873	4.425629528934522	33004800.0	0.045015818	5.73561586949914
Saltmarsh_2_000000001	33091200.0	1	1	0.673460967683151	1.346921935366302	0.7466587678528728	1.4933175357057455	1.0	0.7617529630661011	164579917.76582164	165509729.39740387	164579917.76582164	0.10900660027211517	0.713892988556993	4.534636129206636	33091200.0	0.04417079	5.876888423451802
Saltmarsh_2_000000001	33177600.0	1	1	0.6792206315077823	1.3584412630155647	0.7520078001111504	1.5040156002223009	1.0	0.7686261534690857	167550836.51869482	169369401.96252283	167550836.51869482	0.10627747015450673	0.7314767124389674	4.640913599361143	33177600.0	0.043320671	6.014624024772042
Saltmarsh_2_000000001	33264000.0	1	1	0.6847513504675568	1.3695027009351135	0.7571357931671353	1.5142715863342706	1.0	0.7753973007202148	170428993.37139115	173164730.40846542	170428993.37139115	0.103524763240329	0.7486202036166267	4.744438362601472	33264000.0	0.042465714	6.1487921179315075
Saltmarsh_2_000000001	33350400.0	1	1	0.6900616896419266	1.3801233792838532	0.7620512772740252	1.5241025545480504	1.0	0.7820618152618408	173215812.48389393	176893444.67554867	173215812.48389393	0.10075940347426127	0.7653196589452084	4.8451977660757315	33350400.0	0.041606172	6.279376304834148
Saltmarsh_2_000000001	33436800.0	1	1	0.6951599596338747	1.3903199192677493	0.7667625595940689	1.5335251191881378	1.0	0.7886149287223816	175912854.07490262	180553411.3191427	175912854.07490262	0.09799123296615608	0.781573037408357	4.943188999041888	33436800.0	0.040742299	6.406372942758287
Saltmarsh_2_000000001	33523200.0	1	1	0.7000542150763894	1.4001084301527789	0.7712777121496197	1.5425554242992394	1.0	0.7950524687767029	178521792.57503548	184142794.56318095	178521792.57503548	0.0952290772665294	0.797379885608648	5.038418076308416	33523200.0	0.039874351	6.529789826895707
Saltmarsh_2_000000001	33609600.0	1	1	0.7047522546329433	1.4095045092658867	0.7756045635995328	1.5512091271990656	1.0	0.8013707399368286	181044397.57765588	187660020.4222945	181044397.57765588	0.09248081410066045	0.812741173787619	5.130898890409076	33609600.0	0.039002587	6.649644961970163
Saltmarsh_2_000000001	33696000.0	1	1	0.7092616219684175	1.418523243936835	0.7797506943782285	1.559501388756457	1.0	0.807566225528717	183482516.62975746	191103697.30396247	183482516.62975746	0.08975344021556775	0.8276591429332196	5.220652330624645	33696000.0	0.038127263	6.7659654204895405
Saltmarsh_2_000000001	33782400.0	1	1	0.7135896084177746	1.4271792168355493	0.7837234337871934	1.567446867574387	1.0	0.8136359453201294	185838059.57474747	194472689.92030662	185838059.57474747	0.08705313520347258	0.8421371626702648	5.307705465828116	33782400.0	0.03724864	6.8787862837132385
Saltmarsh_2_000000001	33868800.0	1	1	0.7177432563504114	1.4354865127008227	0.7875298593993635	1.575059718798727	1.0	0.8195772767066956	188112984.8006839	197766069.12009025	188112984.8006839	0.08438532455724501	0.8561795994461744	5.39209079038536	33868800.0	0.036366977	6.988149664339427
Saltmarsh_2_000000001	33955200.0	1	1	0.7217293631631948	1.4434587263263896	0.7911767982562322	1.5823535965124644	1.0	0.8253878355026245	190309286.84648794	200983074.44894573	190309286.84648794	0.08175473934432564	0.869791694888114	5.473845529729685	33955200.0	0.035482537	7.094103806529671
Saltmarsh_2_000000001	34041600.0	1	1	0.7255544861987621	1.4511089723975241	0.7946708291483506	1.5893416582967013	1.0	0.8310657143592834	192428985.28974906	204123163.70379904	192428985.28974906	0.07916547266268548	0.8829794537860598	5.5530110023923696	34041600.0	0.034595581	7.196702259100511
Saltmarsh_2_000000001	34128000.0	1	1	0.7292249479373523	1.4584498958747045	0.7980182862282125	1.596036572456425	1.0	0.8366093039512634	194474115.0332114	207185962.49242747	194474115.0332114	0.07662103398334674	0.8957495411827103	5.629632036375716	34128000.0	0.033706371	7.296003119142927
Saltmarsh_2_000000001	34214400.0	1	1	0.7327468418994207	1.4654936837988415	0.8012252632252711	1.6024505264505422	1.0	0.8420175909996033	196446717.6030461	210171331.24713734	196446717.6030461	0.07412439978590724	0.9081091882293232	5.703756436161623	34214400.0	0.032815173	7.392068341265464
Saltmarsh_2_000000001	34300800.0	1	1	0.7361260381918783	1.4722520763837565	0.8042976189665861	1.6085952379331723	1.0	0.8472895622253418	198348833.64776272	213079211.0209196	198348833.64776272	0.0716780620293056	0.920066106209508	5.775434498190929	34300800.0	0.031922248	7.484963109655444
Saltmarsh_2_000000001	34387200.0	1	1	0.7393681897706963	1.4787363795413926	0.8072409829323706	1.6144819658647411	1.0	0.852424681186676	200182496.01906374	215909735.2788142	200182496.01906374	0.06928407171353756	0.9316284083817811	5.844718569904467	34387200.0	0.031027863	7.57475526659619
Saltmarsh_2_000000001	34473600.0	1	1	0.7424787387745706	1.4849574775491412	0.8100607613246588	1.6201215226493175	1.0	0.8574228286743164	201949723.96515247	218663210.19399488	201949723.96515247	0.06694408097675664	0.9428045388490057	5.911662650881222	34473600.0	0.030132282	7.661514795542063
Saltmarsh_2_000000001	34560000.0	1	1	0.7454629225633097	1.4909258451266194	0.8127621437769361	1.6255242875538722	1.0	0.8622838854789734	203652518.04796925	221340002.87278306	203652518.04796925	0.06465938202137744	0.9536032082184689	5.976322032902599	34560000.0	0.029235771	7.745313354641768
Saltmarsh_2_000000001	34646400.0	1	1	0.7483257804845433	1.4966515609690867	0.815350109625684	1.630700219251368	1.0	0.8670085072517395	205292855.5387793	223940734.08992103	205292855.5387793	0.06243094215281775	0.9640333355410786	6.0387529750554165	34646400.0	0.028338594	7.82622385567182
Saltmarsh_2_000000001	34732800.0	1	1	0.7510721597759387	1.5021443195518773	0.8178294351341562	1.6356588702683124	1.0	0.8715971112251282	206872686.81122974	226466013.6357143	206872686.81122974	0.06025943815352952	0.9741039959026192	6.0990124132089445	34732800.0	0.027441019	7.904320087518792
Saltmarsh_2_000000001	34819200.0	1	1	0.7537059024341883	1.5074118048683767	0.8202053922554929	1.6404107845109859	1.0	0.8749887347221375	208393931.81889707	228639150.29377577	208393931.81889707	0.05814528553464626	0.9838243735598391	6.157157698743591	34819200.0	0.026759841	7.979676377571694
Saltmarsh_2_000000001	34905600.0	1	1	0.756230739051401	1.512461478102802	0.8224828301433749	1.6449656602867497	1.0	0.8772576451301575	209858020.99345902	230476399.06360188	209858020.99345902	0.05608638517220499	0.9932037197950901	6.213244083915796	34905600.0	0.026295262	8.052364332754872
Saltmarsh_2_000000001	34992000.0	1	1	0.758651011242195	1.51730202248439	0.8246656210115583	1.6493312420231165	1.0	0.879490077495575	211266381.19727474	232261878.53832588	211266381.19727474	0.05408095870281748	1.0022509472835563	6.267325042618612	34992000.0	0.025830891	8.122453255233722
Saltmarsh_2_000000001	35078400.0	1	1	0.7609709058546765	1.521941811709353	0.826757510654591	1.653515021309182	1.0	0.8816856741905212	212620836.5218412	233996606.16805738	212620836.5218412	0.05212950077444889	1.0109746818347571	6.31945454339306	35078400.0	0.025366863	8.190013088237405
Saltmarsh_2_000000001	35164800.0	1	1	0.7631944585955965	1.526388917191193	0.8287621192966452	1.6575242385932905	1.0	0.8838444352149963	213923180.01745042	235681694.1399159	213923180.01745042	0.05023227103796968	1.0193836290492824	6.369686814431029	35164800.0	0.024903317	8.255114111502614
Saltmarsh_2_000000001	35251200.0	1	1	0.7653255573838341	1.5306511147676682	0.8306829433082602	1.6613658866165204	1.0	0.8859660029411316	215175171.18132412	237318156.0980199	215175171.18132412	0.04838931949492853	1.027486536411692	6.4180761339259575	35251200.0	0.02444039	8.31782666956804
Saltmarsh_2_000000001	35337600.0	1	1	0.7673679463302249	1.5347358926604497	0.832523356816445	1.66504671363289	1.0	0.8880504369735718	216378533.6234539	238907110.3662081	216378533.6234539	0.046600508645033845	1.0352921594722355	6.464676642570991	35337600.0	0.023978219	8.378220928772004
Saltmarsh_2_000000001	35424000.0	1	1	0.7693252294346034	1.5386504588692067	0.8342866139999544	1.6685732279999088	1.0	0.8900975584983826	217534953.39529118	240449602.12873632	217534953.39529118	0.04486553537530047	1.0428092316011555	6.509542177946291	35424000.0	0.023516941	8.436366662618394
Saltmarsh_2_000000001	35510400.0	1	1	0.7712008745656824	1.5424017491313649	0.8359758514154751	1.6719517028309503	1.0	0.8921073079109192	218646077.4512591	241946696.66901866	218646077.4512591	0.043183949982392944	1.0500464372739027	6.552726127928684	35510400.0	0.023056693	8.492333061795575
Saltmarsh_2_000000001	35596800.0	1	1	0.7729982174531362	1.5459964349062725	0.8375940905648289	1.6751881811296578	1.0	0.8940796852111816	219713512.54329464	243399461.5203223	219713512.54329464	0.041555174291650676	1.0570123884248226	6.594281302220333	35596800.0	0.022597612	8.546188567677552
Saltmarsh_2_000000001	35683200.0	1	1	0.7747204656715915	1.549440931343183	0.8391442406494093	1.6782884812988186	1.0	0.8960146903991699	220738824.378604	244808948.53386176	220738824.378604	0.039978518169420774	1.0637156037235993	6.634259820389753	35683200.0	0.022139831	8.59800072722512
Saltmarsh_2_000000001	35769600.0	1	1	0.77637070273966	1.55274140547932	0.84062910134637	1.68125820269274	1.0	0.8979125618934631	221723537.01193517	246176257.5894384	221723537.01193517	0.038453194544389335	1.0701644905152865	6.672713014934142	35769600.0	0.02168349	8.647836067354648
Saltmarsh_2_000000001	35856000.0	1	1	0.7779518919783611	1.5559037839567222	0.8420513658883888	1.6841027317767776	1.0	0.8997732996940613	222669132.52673808	247502405.00987622	222669132.52673808	0.036978333450281786	1.0763673291834086	6.709691348384421	35856000.0	0.021228721	8.695759987506209
Saltmarsh_2_000000001	35942400.0	1	1	0.7794668804516324	1.5589337609032647	0.84341362408069	1.68682724816138	1.0	0.9015969038009644	223577050.78651458	248788387.1642813	223577050.78651458	0.03555299415430002	1.082332259778273	6.745244342538721	35942400.0	0.02077566	8.741836667930183
Saltmarsh_2_000000001	36028800.0	1	1	0.7809184030102346	1.5618368060204693	0.8447183652318508	1.6894367304637017	1.0	0.903383731842041	224448689.4259006	250035278.4793668	224448689.4259006	0.03417617652779281	1.0880672706017103	6.779420519066514	36028800.0	0.020324441	8.786128992710202
Saltmarsh_2_000000001	36115200.0	1	1	0.7823090860324798	1.5646181720649597	0.8459679813479444	1.6919359626958888	1.0	0.9051339030265808	225285404.08109224	251244066.50514844	225285404.08109224	0.03284683177946457	1.0935801886259966	6.812267350845978	36115200.0	0.019875199	8.828698486696387
Saltmarsh_2_000000001	36201600.0	1	1	0.7836414511992131	1.5672829023984263	0.847164770219012	1.694329540438024	1.0	0.9068475365638733	226088508.6128048	252415716.73613635	226088508.6128048	0.03156387141988004	1.0988786716441439	6.843831222265857	36201600.0	0.019428064	8.86960526405655
Saltmarsh_2_000000001	36288000.0	1	1	0.7849179193041885	1.569835838608377	0.8483109384010409	1.6966218768020818	1.0	0.9085250496864319	226859275.50317243	253551255.28423622	226859275.50317243	0.030326175649623366	1.1039702018662387	6.8741573979154795	36288000.0	0.018983171	8.908907987698463
Saltmarsh_2_000000001	36374400.0	1	1	0.7861408137921098	1.5722816275842195	0.8494086043620552	1.6988172087241105	1.0	0.9101666212081909	227598936.41661963	254651619.38119102	227598936.41661963	0.02913260121422967	1.1088620808688685	6.903289999129707	36374400.0	0.018540652	8.9466638388721
Saltmarsh_2_000000001	36460800.0	1	1	0.7873123643192318	1.5746247286384636	0.850459801480373	1.700919602960746	1.0	0.9117724895477295	228308682.73598853	255717739.91975516	228308682.73598853	0.027981987868328728	1.113561425811614	6.931271986998034	36460800.0	0.018100637	8.982928495149453
Saltmarsh_2_000000001	36547200.0	1	1	0.788434710244098	1.576869420488196	0.8514664809881265	1.702932961976253	1.0	0.9133430123329163	228989666.23423105	256750558.2357263	228989666.23423105	0.026873164474886746	1.1180751666962685	6.9581451514729205	36547200.0	0.017663257	9.017756116308906
