plant	time	x	y	r_ag	h_ag	r_bg	h_bg	aboveground_resources	belowground_resources	res_ag	res_bg	res_eff	grow	maint	volume	age	salinity	transpiration
Saltmarsh_3_000000001	36979200.0	1	1	0.6945314539630687	1.3890629079261374	0.7090127860655507	1.4180255721311015	1.0	0.883397102355957	178199129.46529016	166318291.24814773	166318291.24814773	5.122569035620472e-13	0.8315914562402263	4.344470690835552	37065600.0	0.035	5.630434015322875
