plant	time	x	y	r_ag	h_ag	r_bg	h_bg	aboveground_resources	belowground_resources	res_ag	res_bg	res_eff	grow	maint	volume	age	salinity	transpiration
Saltmarsh_4_000000001	0.0	1	1	0.05	0.1	0.05	0.1	NaN	NaN	NaN	NaN	NaN	NaN	NaN	NaN	NaN	NaN	NaN
Saltmarsh_4_000000001	86400.0	1	1	0.07550562887634442	0.15101125775268884	0.07623465528290636	0.15246931056581273	1.0	0.9223705530166626	923552.841931713	851857.9455526645	851857.9455526645	0.003917690535530828	0.0003415991922324941	0.005488486862325726	86400.0	0.035	0.0071130789735741416
Saltmarsh_4_000000001	172800.0	1	1	0.10367600411076199	0.20735200822152397	0.10492543343569966	0.2098508668713993	1.0	0.9223705530166626	2106106.8399039144	1993010.863142823	1993010.863142823	0.008771479663948374	0.001193574651765741	0.014259966526274105	172800.0	0.035	0.01848091661805124
Saltmarsh_4_000000001	259200.0	1	1	0.13288940183754505	0.2657788036750901	0.134595802263912	0.269191604527824	1.0	0.9223705530166626	3970802.0813224763	3781378.2999785165	3781378.2999785165	0.015805793691383584	0.0031010978085089986	0.030065760217657694	259200.0	0.035	0.03896522524208437
Saltmarsh_4_000000001	345600.0	1	1	0.16215847947281767	0.32431695894563534	0.16429270990614955	0.3285854198122991	1.0	0.9223705530166626	6523826.965607055	6225531.669259808	6225531.669259808	0.024589293550677283	0.006538364795621758	0.05465505376833499	345600.0	0.035	0.07083294968376215
Saltmarsh_4_000000001	432000.0	1	1	0.1908752598063437	0.3817505196126874	0.19341640847894495	0.3868328169578899	1.0	0.9223705530166626	9714066.387857907	9277719.693927983	9277719.693927983	0.03450282951270463	0.01188576895693529	0.08915788328103963	432000.0	0.035	0.11554861673222737
Saltmarsh_4_000000001	518400.0	1	1	0.21866889928134275	0.4373377985626855	0.22159767879340145	0.4431953575868029	1.0	0.9223705530166626	13459255.043137887	12859807.3433115	12859807.3433115	0.044909978828889745	0.019389057887667753	0.13406786210992938	518400.0	0.035	0.17375194929446847
Saltmarsh_4_000000001	604800.0	1	1	0.24531971905322786	0.4906394381064557	0.24861689807649068	0.49723379615298136	1.0	0.9223705530166626	17664273.405042894	16881116.014488146	16881116.014488146	0.05525000298082891	0.029155577091611814	0.18931786509075837	604800.0	0.035	0.24535595315762287
Saltmarsh_4_000000001	691200.0	1	1	0.2707059301057019	0.5414118602114038	0.2743521495716986	0.5487042991433972	1.0	0.9223705530166626	22232415.87539463	21249332.870685715	21249332.870685715	0.06507593541357946	0.04117072893984912	0.25439380050433785	691200.0	0.035	0.3296943654536219
Saltmarsh_4_000000001	777600.0	1	1	0.29476996589083343	0.5895399317816669	0.2987459121080946	0.5974918242161892	1.0	0.9223705530166626	27071809.13821628	25876705.633105632	25876705.633105632	0.0740608136424104	0.05532271452311776	0.3284546141467483	777600.0	0.035	0.42567717993418586
Saltmarsh_4_000000001	864000.0	1	1	0.3174967638132936	0.6349935276265872	0.32178339541502426	0.6435667908300485	1.0	0.9223705530166626	32098756.09317596	30683266.879557345	30683266.879557345	0.08198770360483035	0.07142863079295639	0.41044231775157863	864000.0	0.035	0.5319332438060459
Saltmarsh_4_000000001	950400.0	1	1	0.3388994661998359	0.6777989323996718	0.34347820954437236	0.6869564190887447	1.0	0.9223705530166626	37239200.320145264	35598247.87336397	35598247.87336397	0.08873284105616537	0.0892583983106545	0.499175158807744	950400.0	0.035	0.6469310058148362
Saltmarsh_4_000000001	1036800.0	1	1	0.3590098278418455	0.718019655683691	0.3638627235139093	0.7277254470278186	1.0	0.9223705530166626	42429069.74012761	40560414.45220732	40560414.45220732	0.09424704948530709	0.10855502277572952	0.5934222082930509	1036800.0	0.035	0.769075181947794
Saltmarsh_4_000000001	1123200.0	1	1	0.3778716756228039	0.7557433512456078	0.3829814793054714	0.7659629586109428	1.0	0.9223705530166626	47613972.343861245	45517780.253734365	45517780.253734365	0.09853808573783196	0.12905081553083986	0.6919602940308831	1123200.0	0.035	0.8967805410640246
Saltmarsh_4_000000001	1209600.0	1	1	0.39553638984478284	0.7910727796895657	0.4008866359357165	0.801773271871433	1.0	0.9223705530166626	52748537.05254169	50426978.9697241	50426978.9697241	0.1016551200580772	0.1504797747905433	0.7936154140889602	1209600.0	0.035	1.0285255766592925
Saltmarsh_4_000000001	1296000.0	1	1	0.4120597513683831	0.8241195027367662	0.41763478783203206	0.8352695756640641	1.0	0.9223705530166626	57795580.61212365	55252469.33488262	55252469.33488262	0.1036757549109838	0.17258659176342928	0.897291168999944	1296000.0	0.035	1.1628893550239274
Saltmarsh_4_000000001	1382400.0	1	1	0.42749972800099845	0.8549994560019969	0.4332847296635365	0.866569459327073	1.0	0.9223705530166626	62725211.25604743	59965679.11610011	59965679.11610011	0.10469556180748552	0.19513283377301505	1.0019867308074295	1382400.0	0.035	1.2985748031264286
Saltmarsh_4_000000001	1468800.0	1	1	0.44191491698751034	0.8838298339750207	0.44789588299840977	0.8957917659968195	1.0	0.9223705530166626	67513935.7150762	64544151.973585345	64544151.973585345	0.104819907903312	0.21790085196461476	1.1068066387107418	1468800.0	0.035	1.4344214037691214
Saltmarsh_4_000000001	1555200.0	1	1	0.45536345204914824	0.9107269040982965	0.46152719192302355	0.9230543838460471	1.0	0.9223705530166626	72143808.22527897	68970734.27130859	68970734.27130859	0.10415775980408434	0.2406959115524586	1.2109643985148262	1555200.0	0.035	1.5694098604752147
Saltmarsh_4_000000001	1641600.0	1	1	0.46790224309812245	0.9358044861962449	0.474236354691908	0.948472709383816	1.0	0.9223705530166626	76601642.4908683	73232821.94637272	73232821.94637272	0.10281713514412255	0.26334697458774103	1.3137815336589487	1641600.0	0.035	1.7026608676219976
Saltmarsh_4_000000001	1728000.0	1	1	0.479586456391759	0.959172912783518	0.48607929834895885	0.9721585966979177	1.0	0.9223705530166626	80878296.38683458	77321676.83724585	77321676.83724585	0.10090189059925808	0.2857064935869712	1.414683424258207	1728000.0	0.035	1.833429717838636
Saltmarsh_4_000000001	1814400.0	1	1	0.4904691696856776	0.9809383393713552	0.4971098302498886	0.9942196604997772	1.0	0.9223705530166626	84968032.21034035	81231815.18452199	81231815.18452199	0.09850956926928678	0.3076495066533232	1.5131929935274937	1814400.0	0.035	1.961098119611632
Saltmarsh_4_000000001	1900800.0	1	1	0.5006011553624122	1.0012023107248245	0.5073794189843928	1.0147588379687855	1.0	0.9223705530166626	88867951.03082386	84960466.93591028	84960466.93591028	0.0957300702087196	0.3290722644708318	1.608923063736213	1900800.0	0.035	2.0851642906021324
Saltmarsh_4_000000001	1987200.0	1	1	0.5100307573643315	1.020061514728663	0.516937070164853	1.033874140329706	1.0	0.9223705530166626	92577497.19481134	88507102.09656821	88507102.09656821	0.09264494251980326	0.3498905679630378	1.7015680062560166	1987200.0	0.035	2.2052321361077976
Saltmarsh_4_000000001	2073600.0	1	1	0.5188038368555505	1.037607673711101	0.5258292717319373	1.0516585434638746	1.0	0.9223705530166626	96098027.69295889	91873019.07274553	91873019.07274553	0.08932714292483923	0.37003795243888843	1.7908951491808556	2073600.0	0.035	2.321000113338389
Saltmarsh_4_000000001	2160000.0	1	1	0.5269637680578336	1.0539275361156673	0.5340999900139323	1.0681999800278645	1.0	0.9223705530166626	99432440.48688051	95060989.37101716	95060989.37101716	0.08584112783690412	0.38946381901818167	1.87673627701776	2160000.0	0.035	2.432250215015017
Saltmarsh_4_000000001	2246400.0	1	1	0.5345514704344695	1.069102940868939	0.5417907025555608	1.0835814051111217	1.0	0.9223705530166626	102584855.75279327	98074952.87937386	98074952.87937386	0.08224317831734945	0.4081315860795199	1.9589794553351092	2246400.0	0.035	2.5388373741143018
Saltmarsh_4_000000001	2332800.0	1	1	0.5416054668624305	1.083210933724861	0.5489404572361453	1.0978809144722905	1.0	0.9223705530166626	105560344.1493395	100919758.09905533	100919758.09905533	0.07858187911889686	0.4260169113763798	2.0375613344540064	2332800.0	0.035	2.6406794894523924
Saltmarsh_4_000000001	2419200.0	1	1	0.5481619599983044	1.0963239199966088	0.5555859497908326	1.1111718995816653	1.0	0.9223705530166626	108364696.53954393	103600942.00368083	103600942.00368083	0.0748986916882926	0.4431060183301115	2.112460026142299	2419200.0	0.035	2.73774819388042
Saltmarsh_4_000000001	2505600.0	1	1	0.554254920958085	1.10850984191617	0.5617616137850564	1.1235232275701128	1.0	0.9223705530166626	111004230.01325257	106124544.59980597	106124544.59980597	0.07122857606589539	0.4593941469331344	2.1836886022081945	2505600.0	0.035	2.8300604284618203
Saltmarsh_4_000000001	2592000.0	1	1	0.5599161858707844	1.1198323717415688	0.5674997185490024	1.1349994370980048	1.0	0.9223705530166626	113485625.51510155	108496953.70121984	108496953.70121984	0.06760062861020577	0.4748841398958934	2.2512892308184007	2592000.0	0.035	2.9176708431406473
Saltmarsh_4_000000001	2678400.0	1	1	0.5651755569558897	1.1303511139117794	0.5728304716817494	1.1456609433634988	1.0	0.9223705530166626	115815792.8508272	110724775.87624937	110724775.87624937	0.06403871190224625	0.48958516747900066	2.3153279427206472	2678400.0	0.035	3.0006650137659587
Saltmarsh_4_000000001	2764800.0	1	1	0.5700609056046222	1.1401218112092444	0.5777821235745788	1.1555642471491576	1.0	0.9223705530166626	118001759.30065115	112814729.96304344	112814729.96304344	0.06056206050528934	0.5035115893099279	2.3758900032259365	2764800.0	0.035	3.0791534441808133
Saltmarsh_4_000000001	2851200.0	1	1	0.5745982755798511	1.1491965511597022	0.5823810720454871	1.1647621440909741	1.0	0.9223705530166626	120050578.49998315	114773559.9602268	114773559.9602268	0.057185851867593396	0.5166819479335406	2.43307585509353	2851200.0	0.035	3.153266308201215
Saltmarsh_4_000000001	2937600.0	1	1	0.5788119849370632	1.1576239698741264	0.5866519656703943	1.1733039313407887	1.0	0.9223705530166626	121969256.64782439	116607964.48277278	116607964.48277278	0.053921735897699996	0.5291180865161639	2.4869975909912294	2937600.0	0.035	3.223148877924633
Saltmarsh_4_000000001	3024000.0	1	1	0.5827247256442377	1.1654494512884754	0.5906178047765845	1.181235609553169	1.0	0.9223705530166626	123764693.46879597	118324540.32235464	118324540.32235464	0.050778319896019664	0.5408443817157536	2.537775910887248	3024000.0	0.035	3.288957580509874
Saltmarsh_4_000000001	3110400.0	1	1	0.5863576601681287	1.1727153203362575	0.5943000393571158	1.1886000787142317	1.0	0.9223705530166626	125443635.68488507	119929737.96704127	119929737.96704127	0.04776160782564953	0.5518870820095568	2.585537518712898	3110400.0	0.035	3.3508566242519158
Saltmarsh_4_000000001	3196800.0	1	1	0.5897305145180648	1.1794610290361296	0.5977186633913089	1.1954373267826177	1.0	0.9223705530166626	127012641.04858007	121429827.21775536	121429827.21775536	0.044875394539305336	0.5622737415494715	2.630412913252204	3196800.0	0.035	3.409015135574856
Saltmarsh_4_000000001	3283200.0	1	1	0.5928616674108994	1.1857233348217988	0.6008923052310786	1.2017846104621572	1.0	0.9223705530166626	128478051.25179583	122830871.29006545	122830871.29006545	0.04212161670086634	0.5720327397494609	2.6725345299530696	3283200.0	0.035	3.4636047508191785
Saltmarsh_4_000000001	3369600.0	1	1	0.5957682353535927	1.1915364707071854	0.6038383138473707	1.2076766276947415	1.0	0.9223705530166626	129845972.25715639	124138708.01182851	124138708.01182851	0.03950066287168441	0.5811928771874582	2.7120351928247537	3369600.0	0.035	3.5147976099008806
Saltmarsh_4_000000001	3456000.0	1	1	0.5984661535418165	1.196932307083633	0.6065728408341368	1.2131456816682735	1.0	0.9223705530166626	131122260.8023533	125358936.92235973	125358936.92235973	0.037011645670430804	0.5897830389413679	2.7490468384951843	3456000.0	0.035	3.5627647026897584
Saltmarsh_4_000000001	3542400.0	1	1	0.6009702525507062	1.2019405051014125	0.6091109181459811	1.2182218362919621	1.0	0.9223705530166626	132312516.0070578	126496911.24969944	126496911.24969944	0.03465263913715555	0.5978319171113416	2.7836994776323394	3542400.0	0.035	3.607674523011512
Saltmarsh_4_000000001	3628800.0	1	1	0.6032943308526602	1.2065886617053203	0.6114665316051183	1.2229330632102366	1.0	0.9223705530166626	133422075.16782129	127557733.89163968	127557733.89163968	0.03242088449686664	0.6053677849613318	2.8161203621292064	3628800.0	0.035	3.6496919893194515
Saltmarsh_4_000000001	3715200.0	1	1	0.6054512232410011	1.2109024464820022	0.6136526902577322	1.2273053805154643	1.0	0.9223705530166626	134456012.96201423	128546256.6558219	128546256.6558219	0.03031296747130563	0.6124183158078039	2.8464333296005115	3715200.0	0.035	3.688977595162263
Saltmarsh_4_000000001	3801600.0	1	1	0.6074528652705432	1.2149057305410864	0.6156814916924546	1.2313629833849091	1.0	0.9223705530166626	135419143.399438	129467082.12662771	129467082.12662771	0.028324970164910868	0.6190104404682277	2.874758299765422	3801600.0	0.035	3.7256867564959872
Saltmarsh_4_000000001	3888000.0	1	1	0.609310353849176	1.218620707698352	0.6175641834570315	1.235128366914063	1.0	0.9223705530166626	136316023.9619159	130324567.6237851	130324567.6237851	0.02645260037889874	0.6251702377400268	2.901210900144321	3888000.0	0.035	3.75996932658704
Saltmarsh_4_000000001	3974400.0	1	1	0.6110340041304511	1.2220680082609021	0.6193112207253028	1.2386224414506055	1.0	0.9223705530166626	137150961.45886278	131122830.8014467	131122830.8014467	0.0246913010059282	0.6309228530013054	2.9259022011502487	3974400.0	0.035	3.7919692526907225
Saltmarsh_4_000000001	4060800.0	1	1	0.6126334028674087	1.2252668057348175	0.6209323203769969	1.2418646407539937	1.0	0.9223705530166626	137928019.2022812	131865756.50862898	131865756.50862898	0.023036341941641614	0.6362924406015033	2.94893854309189	4060800.0	0.035	3.82182435184709
Saltmarsh_4_000000001	4147200.0	1	1	0.6141174583937451	1.2282349167874902	0.6224365116587645	1.244873023317529	1.0	0.9223705530166626	138651025.1694017	132557004.59381953	132557004.59381953	0.02148289672915593	0.6413021262399418	2.9704214398210462	4147200.0	0.035	3.849666186008076
Saltmarsh_4_000000001	4233600.0	1	1	0.6154944474008847	1.2309888948017693	0.6238321835973639	1.2476643671947278	1.0	0.9223705530166626	139323580.87664697	133200018.38958511	133200018.38958511	0.020026105935770255	0.6459739860121553	2.9904475457568163	4233600.0	0.035	3.875620019300834
Saltmarsh_4_000000001	4320000.0	1	1	0.6167720586793725	1.233544117358745	0.6251271293357431	1.2502542586714862	1.0	0.9223705530166626	139949070.73599353	133798033.65832308	133798033.65832308	0.018661129052935377	0.65032903923868	3.0091086748097506	4320000.0	0.035	3.8998048425534373
Saltmarsh_4_000000001	4406400.0	1	1	0.6179574339908485	1.235914867981697	0.6263285875605765	1.252657175121153	1.0	0.9223705530166626	140530671.70520043	134354087.81891412	134354087.81891412	0.017383186514103754	0.6543872525804668	3.026491861323854	4406400.0	0.035	3.922333452275715
Saltmarsh_4_000000001	4492800.0	1	1	0.6190572062332237	1.2381144124664474	0.6274432811861159	1.2548865623722318	1.0	0.9223705530166626	141071363.07772034	134871029.30687606	134871029.30687606	0.016187593242515397	0.6581675532918649	3.042679454566369	4492800.0	0.035	3.9433125731180145
Saltmarsh_4_000000001	4579200.0	1	1	0.6200775350569278	1.2401550701138555	0.628477453454393	1.256954906908786	1.0	0.9223705530166626	141573936.28724363	135351526.9484672	135351526.9484672	0.01506978497313316	0.6616878497692028	3.0577492395395027	4579200.0	0.035	3.9628430144431954
Saltmarsh_4_000000001	4665600.0	1	1	0.621024140084558	1.242048280169116	0.6294369016061924	1.2588738032123847	1.0	0.9223705530166626	142041004.62646252	135798079.25274414	135798079.25274414	0.014025338440152413	0.6649650578235683	3.071774577979655	4665600.0	0.035	3.9810198530616328
Saltmarsh_4_000000001	4752000.0	1	1	0.6219023318801811	1.2438046637603621	0.6303270082710503	1.2606540165421005	1.0	0.9223705530166626	142475012.80042207	136213023.54544356	136213023.54544356	0.013049986383475765	0.668015131343742	3.0848245643631307	4752000.0	0.035	3.9979326354146174
Saltmarsh_4_000000001	4838400.0	1	1	0.6227170408081131	1.2454340816162262	0.6311527707180146	1.2623055414360291	1.0	0.9223705530166626	142878246.25228918	136598544.88525376	136598544.88525376	0.012139628203695962	0.6708530962225728	3.0969641925668263	4838400.0	0.035	4.013665593566607
Saltmarsh_4_000000001	4924800.0	1	1	0.6234728439143887	1.2469456878287775	0.6319188281022001	1.2638376562044003	1.0	0.9223705530166626	143252840.2139993	136956684.7170284	136956684.7170284	0.011290336984665417	0.6734930866004767	3.108254529551491	4924800.0	0.035	4.028297870298733
Saltmarsh_4_000000001	5011200.0	1	1	0.6241739899574483	1.2483479799148967	0.632629486835394	1.265258973670788	1.0	0.9223705530166626	143600788.44644484	137289349.228161	137289349.228161	0.010498363504677588	0.6759483826361274	3.1187528930561683	5011200.0	0.035	4.041903749400794
Saltmarsh_4_000000001	5097600.0	1	1	0.6248244227079125	1.249648845415825	0.6332887442022148	1.2665774884044296	1.0	0.9223705530166626	143923951.64400315	137598317.38402843	137598317.38402843	0.009760137770688848	0.6782314491494533	3.1285130308268565	5097600.0	0.035	4.054552887951606
Saltmarsh_4_000000001	5184000.0	1	1	0.6254278026307508	1.2508556052615016	0.6339003103366789	1.2678006206733579	1.0	0.9223705530166626	144224065.4865749	137885248.62641454	137885248.62641454	0.00907226853379317	0.6803539745982795	3.1375852993606497	5184000.0	0.035	4.066310547971402
Saltmarsh_4_000000001	5270400.0	1	1	0.6259875270567412	1.2519750541134824	0.6344676286675266	1.2689352573350532	1.0	0.9223705530166626	144502748.329181	138151690.225402	138151690.225402	0.008431541177408741	0.6823269099496012	3.146016840538058	5270400.0	0.035	4.077237825337324
Saltmarsh_4_000000001	5356800.0	1	1	0.626506748943897	1.253013497887794	0.6349938949343555	1.269987789868711	1.0	0.9223705530166626	144761508.52477053	138399084.28057772	138399084.28057772	0.007834914311285801	0.6841605070916028	3.1538517548493434	5356800.0	0.035	4.08739187428475
Saltmarsh_4_000000001	5443200.0	1	1	0.6269883943235394	1.2539767886470787	0.6354820748705288	1.2709641497410575	1.0	0.9223705530166626	145001751.38042882	138628774.37173265	138628774.37173265	0.007279515353682431	0.6858643565049809	3.1611312702030254	5443200.0	0.035	4.096826126183121
Saltmarsh_4_000000001	5529600.0	1	1	0.6274351785199311	1.2548703570398623	0.6359349206429841	1.2718698412859681	1.0	0.9223705530166626	145224785.7507993	138842011.8627043	138842011.8627043	0.006762635339993883	0.6874474239735276	3.167893905543019	5529600.0	0.035	4.105590501583753
Saltmarsh_4_000000001	5616000.0	1	1	0.6278496212268853	1.2556992424537705	0.6363549861334917	1.2727099722669835	1.0	0.9223705530166626	145431830.27540013	139039961.86475104	139039961.86475104	0.006281723158001462	0.6889180861657538	3.174175628701019	5616000.0	0.035	4.113731614796521
Saltmarsh_4_000000001	5702400.0	1	1	0.6282340605195106	1.2564681210390212	0.6367446411405869	1.2734892822811739	1.0	0.9223705530166626	145624019.26874328	139223708.86797348	139223708.86797348	0.005834379377011256	0.6902841649628562	3.1800100080780305	5702400.0	0.035	4.121292970469128
Saltmarsh_4_000000001	5788800.0	1	1	0.6285906658742734	1.2571813317485467	0.6371060845763512	1.2742121691527024	1.0	0.9223705530166626	145802408.27385512	139394262.05091944	139394262.05091944	0.005418349809877543	0.6915529604447197	3.1854283578879086	5788800.0	0.035	4.128315151822729
Saltmarsh_4_000000001	5875200.0	1	1	0.6289214502658304	1.2578429005316607	0.637441356727428	1.274882713454856	1.0	0.9223705530166626	145967979.29104707	139552560.27969936	139552560.27969936	0.005031518922642753	0.692731282475854	3.190459876810551	5875200.0	0.035	4.134836000346475
Saltmarsh_4_000000001	5961600.0	1	1	0.6292282814046211	1.2584565628092421	0.6377523506451306	1.2755047012902612	1.0	0.9223705530166626	146121645.6946634	139699476.80878225	139699476.80878225	0.00467190318577293	0.6938254808581383	3.1951317799963244	5961600.0	0.035	4.140890786875237
Saltmarsh_4_000000001	6048000.0	1	1	0.6295128921749904	1.2590257843499808	0.6380408227252262	1.2760816454504524	1.0	0.9223705530166626	146264256.85111085	139835823.6961911	139835823.6961911	0.004337644443290656	0.6948414740376648	3.1994694244396142	6048000.0	0.035	4.14651237407374
Saltmarsh_4_000000001	6134400.0	1	1	0.6297768903296438	1.2595537806592876	0.6383084025339559	1.2766168050679119	1.0	0.9223705530166626	146396602.45179996	139962355.9461314	139962355.9461314	0.004027003361083303	0.6957847763695737	3.2034964278006974	6134400.0	0.035	4.151731370429704
Saltmarsh_4_000000001	6220800.0	1	1	0.6300217674924973	1.2600435349849946	0.6385566019330609	1.2771132038661217	1.0	0.9223705530166626	146519416.57475594	140079775.392205	140079775.392205	0.0037383530029206913	0.6966605239581043	3.207234780803617	6220800.0	0.035	4.156576275921488
Saltmarsh_4_000000001	6307200.0	1	1	0.6302489075184784	1.2604978150369568	0.6387868235530294	1.2775736471060588	1.0	0.9223705530166626	146633381.4886163	140188734.33432496	140188734.33432496	0.0034701725719991083	0.6974734990996256	3.2107049533756156	6307200.0	0.035	4.161073619574798
Saltmarsh_4_000000001	6393600.0	1	1	0.6304595942555362	1.2609191885110724	0.6390003686604397	1.2780007373208795	1.0	0.9223705530166626	146739131.21256655	140289838.9422876	140289838.9422876	0.0032210413467869126	0.698228153364651	3.2139259947224024	6393600.0	0.035	4.165248089160233
Saltmarsh_4_000000001	6480000.0	1	1	0.6306550187510339	1.2613100375020678	0.6391984444621426	1.2783968889242852	1.0	0.9223705530166626	146837254.8454941	140383652.4386989	140383652.4386989	0.002989632832407163	0.6989286293610872	3.216915627554809	6480000.0	0.035	4.1691226533110335
Saltmarsh_4_000000001	6566400.0	1	1	0.6308362859418045	1.261672571883609	0.6393821708860988	1.2787643417721977	1.0	0.9223705530166626	146928299.67729062	140470698.07361716	140470698.07361716	0.002774709142494447	0.6995787812255914	3.2196903366973038	6566400.0	0.035	4.172718676359706
Saltmarsh_4_000000001	6652800.0	1	1	0.6310044208644435	1.262008841728887	0.6395525868759427	1.2791051737518855	1.0	0.9223705530166626	147012774.0948255	140551461.90288553	140551461.90288553	0.0025751156212689974	0.7001821938931586	3.222265452318573	6652800.0	0.035	4.176056026204871
Saltmarsh_4_000000001	6739200.0	1	1	0.6311603744198847	1.2623207488397694	0.6397106562337787	1.2794213124675573	1.0	0.9223705530166626	147091150.29465863	140626395.38169166	140626395.38169166	0.0023897757112809614	0.7007422011971773	3.224655228029854	6739200.0	0.035	4.179153175526691
Saltmarsh_4_000000001	6825600.0	1	1	0.6313050287239385	1.262610057447877	0.6398572730433216	1.2797145460866433	1.0	0.9223705530166626	147163866.81407884	140695917.7844329	140695917.7844329	0.002217686068785696	0.7012619028533787	3.2268729140986396	6825600.0	0.035	4.182027296671837
Saltmarsh_4_000000001	6912000.0	1	1	0.6314392020732675	1.262878404146535	0.6399932667032555	1.279986533406511	1.0	0.9223705530166626	147231330.89155096	140760418.4614827	140760418.4614827	0.002057911925879119	0.7017441803815344	3.228930826024518	6912000.0	0.035	4.184694350527775
Saltmarsh_4_000000001	6998400.0	1	1	0.6315636535542123	1.2631273071084246	0.6401194065985943	1.2802388131971887	1.0	0.9223705530166626	147293920.66714233	140820258.94296497	140820258.94296497	0.0019095826962640672	0.7021917120185608	3.2308404087207823	6998400.0	0.035	4.187169169702134
Saltmarsh_4_000000001	7084800.0	1	1	0.6316790873199577	1.2633581746399154	0.6402364064358844	1.2804728128717688	1.0	0.9223705530166626	147351987.23298275	140875774.89914876	140875774.89914876	0.0017718878197257037	0.7026069866760182	3.232612296540508	7084800.0	0.035	4.189465536316498
Saltmarsh_4_000000001	7171200.0	1	1	0.6317861565597416	1.2635723131194831	0.640344928266269	1.280689856532538	1.0	0.9223705530166626	147405856.54329824	140927277.96658498	140927277.96658498	0.0016440728390163528	0.7029923169939085	3.2342563693795245	7171200.0	0.035	4.191596254715864
Saltmarsh_4_000000001	7257600.0	1	1	0.6318854671821353	1.2637709343642707	0.6404455862187443	1.2808911724374885	1.0	0.9223705530166626	147455831.19305378	140975057.44862288	140975057.44862288	0.0015254357017925324	0.7033498515413219	3.2357818050813174	7257600.0	0.035	4.193573219385388
Saltmarsh_4_000000001	7344000.0	1	1	0.6319775812328704	1.2639551624657408	0.6405389499643599	1.2810778999287198	1.0	0.9223705530166626	147502192.07374367	141019381.89847022	141019381.89847022	0.0014153232794830162	0.7036815862128681	3.2371971283608003	7344000.0	0.035	4.195407478355597
Saltmarsh_4_000000001	7430400.0	1	1	0.6320630200662372	1.2641260401324743	0.640625547930648	1.281251095861296	1.0	0.9223705530166626	147545199.9143868	141060500.592501	141060500.592501	0.0013131280944357338	0.7039893748680693	3.2385102564552355	7430400.0	0.035	4.197109292365985
Saltmarsh_4_000000001	7516800.0	1	1	0.6321422672877335	1.264284534575467	0.6407058702841973	1.2814117405683947	1.0	0.9223705530166626	147585096.71531883	141098644.90106854	141098644.90106854	0.0012182852463303862	0.7042749392590123	3.239728541701566	7516800.0	0.035	4.19868819004523
Saltmarsh_4_000000001	7603200.0	1	1	0.6322157714843847	1.2644315429687694	0.6407803716980179	1.2815607433960359	1.0	0.9223705530166626	147622107.08192417	141134029.56365335	141134029.56365335	0.0011302695286771192	0.7045398782895896	3.240858811230243	7603200.0	0.035	4.200153019354396
Saltmarsh_4_000000001	7689600.0	1	1	0.6322839487579892	1.2645678975159784	0.6408494739191577	1.2816989478383154	1.0	0.9223705530166626	147656439.46502033	141166853.8747637	141166853.8747637	0.0010485927261509875	0.7047856766476676	3.2419074039563944	7689600.0	0.035	4.201511995527488
Saltmarsh_4_000000001	7776000.0	1	1	0.6323471850754576	1.2646943701509152	0.6409135681509296	1.2818271363018592	1.0	0.9223705530166626	147688287.31419644	141197302.78661376	141197302.78661376	0.0009728010835564627	0.7050137128495124	3.2428802050399503	7776000.0	0.035	4.202772745731776
Saltmarsh_4_000000001	7862400.0	1	1	0.6324058384494019	1.2648116768988038	0.6409730172630871	1.2819460345261742	1.0	0.9223705530166626	147717830.15001568	141225547.93422946	141225547.93422946	0.0009024729373553475	0.7052252667337919	3.243782677977306	7862400.0	0.035	4.203942350658589
Saltmarsh_4_000000001	7948800.0	1	1	0.6324602409611929	1.2649204819223858	0.6410281578423294	1.2820563156846587	1.0	0.9223705530166626	147745234.56061855	141251748.5882761	141251748.5882761	0.00083721650086932	0.7054215264405111	3.2446198944781752	7948800.0	0.035	4.205027383243715
Saltmarsh_4_000000001	8035200.0	1	1	0.6325107006378304	1.2650214012756609	0.6410793020946359	1.2821586041892719	1.0	0.9223705530166626	147770655.12791044	141276052.54056266	141276052.54056266	0.0007766677945179046	0.7056035949082954	3.245396562272693	8035200.0	0.035	4.20603394470541
Saltmarsh_4_000000001	8121600.0	1	1	0.6325575031931584	1.2651150063863168	0.6411267396101056	1.2822534792202112	1.0	0.9223705530166626	147794235.2881839	141298596.92686123	141298596.92686123	0.0007204887127383319	0.7057724959215678	3.2461170509854314	8121600.0	0.035	4.206967698077119
Saltmarsh_4_000000001	8208000.0	1	1	0.6326009136432024	1.2652018272864047	0.6411707390002102	1.2823414780004203	1.0	0.9223705530166626	147816108.1317074	141319508.99137378	141319508.99137378	0.0006683652195282885	0.7059291797373406	3.246785416204959	8208000.0	0.035	4.207833899401627
Saltmarsh_4_000000001	8294400.0	1	1	0.6326411778047079	1.2652823556094157	0.6412115494166638	1.2824230988333276	1.0	0.9223705530166626	147836397.14551753	141338906.79689687	141338906.79689687	0.0006200056648912877	0.706074528319593	3.24740542186985	8294400.0	0.035	4.2086374267433255
Saltmarsh_4_000000001	8380800.0	1	1	0.6326785236853039	1.2653570473706077	0.6412494019604473	1.2824988039208947	1.0	0.9223705530166626	147855216.9033683	141356899.88446477	141356899.88446477	0.0005751392147939072	0.70620936020753	3.247980561084644	8380800.0	0.035	4.2093828071656985
Saltmarsh_4_000000001	8467200.0	1	1	0.6327131627731124	1.2654263255462248	0.6412845109889146	1.2825690219778292	1.0	0.9223705530166626	147872673.70652884	141373589.88599998	141373589.88599998	0.000533514387595635	0.7063344350424042	3.24851407547224	8467200.0	0.035	4.210074241812023
Saltmarsh_4_000000001	8553600.0	1	1	0.6327452912330638	1.2654905824661276	0.641317075328338	1.282634150656676	1.0	0.9223705530166626	147888866.17887148	141389071.09326187	141389071.09326187	0.0004948976902517943	0.7064504577760575	3.249008973162491	8553600.0	0.035	4.210715629218588
Saltmarsh_4_000000001	8640000.0	1	1	0.6327750910166533	1.2655501820333066	0.6413472793987219	1.2826945587974439	1.0	0.9223705530166626	147903885.81946146	141403430.9861634	141403430.9861634	0.00045907234793796103	0.7065580825828791	3.2494680455104294	8640000.0	0.035	4.211310586981517
Saltmarsh_4_000000001	8726400.0	1	1	0.6328027308913914	1.2656054617827828	0.6413752942572194	1.2827505885144388	1.0	0.9223705530166626	147917817.51563835	141416750.72331586	141416750.72331586	0.00042583712108090754	0.7066579164954985	3.2498938826315107	8726400.0	0.035	4.211862471890438
Saltmarsh_4_000000001	8812800.0	1	1	0.6328283673957503	1.2656567347915006	0.6414012785660345	1.282802557132069	1.0	0.9223705530166626	147930740.01937735	141429105.59746528	141429105.59746528	0.0003950052041109542	0.7067505227832155	3.2502888878356204	8812800.0	0.035	4.212374398634964
Saltmarsh_4_000000001	8899200.0	1	1	0.6328521457249905	1.265704291449981	0.6414253794902669	1.2828507589805338	1.0	0.9223705530166626	147942726.3895265	141440565.45830408	141440565.45830408	0.00036640320057335085	0.706836424090947	3.250655291036194	8899200.0	0.035	4.212849257182907
Saltmarsh_4_000000001	8985600.0	1	1	0.6328742005528623	1.2657484011057245	0.6414477335307623	1.2828954670615247	1.0	0.9223705530166626	147953844.40233606	141451195.10496834	141451195.10496834	0.00033987016954994953	0.7069161053552918	3.2509951612057435	8985600.0	0.035	4.213289728922644
Saltmarsh_4_000000001	9072000.0	1	1	0.6328946567938207	1.2657893135876415	0.6414684672966674	1.2829369345933348	1.0	0.9223705530166626	147964156.93252996	141461054.65037012	141461054.65037012	0.0003152567386309757	0.7069900165132197	3.251310417944375	9072000.0	0.035	4.21369830165591
Saltmarsh_4_000000001	9158400.0	1	1	0.6329136303100535	1.265827260620107	0.6414876982220503	1.2829753964441006	1.0	0.9223705530166626	147973722.3070132	141470199.85936797	141470199.85936797	0.0002924242789781317	0.7070585750178617	3.2516028422233525	9158400.0	0.035	4.2140772835214655
Saltmarsh_4_000000001	9244800.0	1	1	0.6329312285673139	1.2658624571346277	0.6415055352306315	1.283011070461263	1.0	0.9223705530166626	147982594.63316187	141478682.4626369	141478682.4626369	0.0002712441382825004	0.7071221681749019	3.251874086361635	9244800.0	0.035	4.21442881592468
Saltmarsh_4_000000001	9331200.0	1	1	0.6329475512432614	1.2658951024865228	0.641522079352378	1.283044158704756	1.0	0.9223705530166626	147990824.1035075	141486550.44796938	141486550.44796938	0.0002515969276857266	0.7071811553121612	3.25212568328932	9331200.0	0.035	4.214754885542959
Saltmarsh_4_000000001	9417600.0	1	1	0.6329626907917478	1.2659253815834957	0.6415374242954442	1.2830748485908885	1.0	0.9223705530166626	147998457.2785005	141493848.3306182	141493848.3306182	0.00023337185898231194	0.7072358697941087	3.2523590551483026	9417600.0	0.035	4.2150573354722
Saltmarsh_4_000000001	9504000.0	1	1	0.6329767329662336	1.2659534659324672	0.6415516569766903	1.2831033139533805	1.0	0.9223705530166626	148005537.34891844	141500617.40417796	141500617.40417796	0.00021646612865466874	0.7072866208922352	3.252575521276957	9504000.0	0.035	4.215337875574936
Saltmarsh_4_000000001	9590400.0	1	1	0.6329897573052939	1.2659795146105879	0.6415648580137747	1.2831297160275494	1.0	0.9223705530166626	148012104.37937424	141506895.9733973	141506895.9733973	0.00020078434551229485	0.7073336955214743	3.2527763056224694	9590400.0	0.035	4.21559809208672
Saltmarsh_4_000000001	9676800.0	1	1	0.6330018375829589	1.2660036751659178	0.641577102181604	1.283154204363208	1.0	0.9223705530166626	148018195.5342783	141512719.57021603	141512719.57021603	0.00018623799892836246	0.7073773598521518	3.252962543621398	9676800.0	0.035	4.215839456533331
Saltmarsh_4_000000001	9763200.0	1	1	0.6330130422264307	1.2660260844528615	0.6415884588357176	1.2831769176714352	1.0	0.9223705530166626	148023845.28751168	141518121.1542271	141518121.1542271	0.0001727449648423196	0.7074178608062932	3.25313528858624	9763200.0	0.035	4.216063334007767
Saltmarsh_4_000000001	9849600.0	1	1	0.6330234347035419	1.2660468694070839	0.6415989923050024	1.2831979846100048	1.0	0.9223705530166626	148029085.6169773	141523131.2986832	141523131.2986832	0.00016022904691259665	0.7074554274465034	3.253295517633153	9849600.0	0.035	4.216270990852566
Saltmarsh_4_000000001	9936000.0	1	1	0.6330330738821445	1.266066147764289	0.6416087622559575	1.283217524511915	1.0	0.9223705530166626	148033946.18511626	141527778.36308333	141527778.36308333	0.000148619550356055	0.7074902722650607	3.253444137183509	9936000.0	0.035	4.216463601789828
Saltmarsh_4_000000001	10022400.0	1	1	0.6330420143634617	1.2660840287269235	0.6416178240305689	1.2832356480611378	1.0	0.9223705530166626	148038454.50639582	141532088.65330353	141532088.65330353	0.00013785088618445407	0.7075225923803332	3.2535819880696923	10022400.0	0.035	4.2166422565383215
Saltmarsh_4_000000001	10108800.0	1	1	0.6330503067912892	1.2661006135825783	0.6416262289597048	1.2832524579194096	1.0	0.9223705530166626	148042636.10270625	141536086.5701681	141536086.5701681	0.00012786220371019397	0.7075525706471304	3.2537098502734016	10108800.0	0.035	4.216807965954328
Saltmarsh_4_000000001	10195200.0	1	1	0.6330579981387919	1.2661159962775839	0.6416340246538048	1.2832680493076096	1.0	0.9223705530166626	148046514.64753577	141539794.74729174	141539794.74729174	0.00011859704932226656	0.7075803766871365	3.2538284473227232	10195200.0	0.035	4.216961667730249
Saltmarsh_4_000000001	10281600.0	1	1	0.6330651319745235	1.266130263949047	0.6416412552725069	1.2832825105450139	1.0	0.9223705530166626	148050112.09973124	141543234.17896438	141543234.17896438	0.00011000304968600272	0.7076061678451359	3.2539384503724085	10281600.0	0.035	4.217104231682641
Saltmarsh_4_000000001	10368000.0	1	1	0.633071748709168	1.266143497418336	0.6416479617747377	1.2832959235494754	1.0	0.9223705530166626	148053448.82759425	141546424.33879638	141546424.33879638	0.00010203161763455704	0.7076300900763474	3.254040481990043	10368000.0	0.035	4.217236464659096
Saltmarsh_4_000000001	10454400.0	1	1	0.6330778858244045	1.266155771648809	0.6416541821506812	1.2833083643013623	1.0	0.9223705530166626	148056543.72400892	141549383.28978935	141549383.28978935	9.46376791504111e-05	0.7076522787697963	3.254135119669193	10454400.0	0.035	4.217359115091274
Saltmarsh_4_000000001	10540800.0	1	1	0.6330835780851864	1.266167156170373	0.6416599516369388	1.2833199032738776	1.0	0.9223705530166626	148059414.31324768	141552127.78645033	141552127.78645033	8.777941993565186e-05	0.707672859512316	3.254222899089129	10540800.0	0.035	4.217472877219511
Saltmarsh_4_000000001	10627200.0	1	1	0.6330888577366394	1.2661777154732787	0.6416653029160984	1.2833306058321967	1.0	0.9223705530166626	148062076.85005498	141554673.36952323	141554673.36952323	8.141805018213599e-05	0.707691948797434	3.2543043171393107	10627200.0	0.035	4.217578395012547
Saltmarsh_4_000000001	10713600.0	1	1	0.63309375468669	1.26618750937338	0.6416702663018401	1.2833405326036802	1.0	0.9223705530166626	148064546.4115657	141557034.45386976	141557034.45386976	7.55175862434676e-05	0.7077096546831053	3.254379834725553	10713600.0	0.035	4.217676265804317
Saltmarsh_4_000000001	10800000.0	1	1	0.6330982966754608	1.2661965933509216	0.6416748699106302	1.2833497398212603	1.0	0.9223705530166626	148066836.982576	141559224.4099946	141559224.4099946	7.004464800863808e-05	0.7077260774019644	3.2544498793735617	10800000.0	0.035	4.217767043668136
Saltmarsh_4_000000001	10886400.0	1	1	0.6331025094323881	1.2662050188647762	0.6416791398209701	1.2833582796419403	1.0	0.9223705530166626	148068961.53464538	141561255.63967267	141561255.63967267	6.496827085011869e-05	0.7077413099275133	3.254514847644411	10886400.0	0.035	4.217851242547157
Saltmarsh_4_000000001	10972800.0	1	1	0.6331064168219553	1.2662128336439107	0.6416831002211068	1.2833662004422135	1.0	0.9223705530166626	148070932.09947574	141563139.64610544	141563139.64610544	6.0259731114342685e-05	0.7077554384994129	3.254575107375525	10972800.0	0.035	4.2179293391586805
Saltmarsh_4_000000001	11059200.0	1	1	0.6331100409788631	1.2662200819577263	0.6416867735460371	1.2833735470920742	1.0	0.9223705530166626	148072759.83698142	141564887.0990003	141564887.0990003	5.589238417491593e-05	0.7077685431108266	3.254630999759699	11059200.0	0.035	4.21800177568857
Saltmarsh_4_000000001	11145600.0	1	1	0.6331134024334047	1.2662268048668095	0.6416901806045837	1.2833803612091674	1.0	0.9223705530166626	148074455.09843233	141566507.89494088	141566507.89494088	5.1841514162376257e-05	0.7077806979605421	3.2546828412738615	11145600.0	0.035	4.218068962290925
Saltmarsh_4_000000001	11232000.0	1	1	0.633116520227754	1.266233040455508	0.641693340697261	1.283386681394522	1.0	0.9223705530166626	148076027.48502785	141568011.21338728	141568011.21338728	4.808419451918233e-05	0.7077919718724173	3.2547309254683805	11232000.0	0.035	4.218131279407021
Saltmarsh_4_000000001	11318400.0	1	1	0.6331194120238262	1.2662388240476523	0.6416962717255992	1.2833925434511984	1.0	0.9223705530166626	148077485.90223002	141569405.56862307	141569405.56862307	4.4599158617097956e-05	0.7078024286844983	3.2547755246269974	11318400.0	0.035	4.218189079916589
Saltmarsh_4_000000001	11404800.0	1	1	0.633122094203321	1.266244188406642	0.6416989902935444	1.2833979805870888	1.0	0.9223705530166626	148078838.61016408	141570698.85794204	141570698.85794204	4.136667970655594e-05	0.7078121276100037	3.254816891306704	11404800.0	0.035	4.218242691133488
Saltmarsh_4_000000001	11491200.0	1	1	0.6331245819605154	1.2662491639210307	0.6417015118015107	1.2834030236030214	1.0	0.9223705530166626	148080093.2703697	141571898.4063455	141571898.4063455	3.836845952809309e-05	0.7078211235721994	3.2548552597662317	11491200.0	0.035	4.218292416657037
Saltmarsh_4_000000001	11577600.0	1	1	0.6331268893883305	1.266253778776661	0.6417038505336145	1.283407701067229	1.0	0.9223705530166626	148081256.98916742	141573011.00800416	141573011.00800416	3.5587524970126516e-05	0.7078294675150507	3.2548908472912017	11577600.0	0.035	4.218338538089398
Saltmarsh_4_000000001	11664000.0	1	1	0.6331290295581612	1.2662580591163224	0.6417060197385867	1.2834120394771733	1.0	0.9223705530166626	148082336.3578846	141574042.9647168	141574042.9647168	3.300813218287679e-05	0.707837206691401	3.2549238554233835	11664000.0	0.035	4.218381316628705
Saltmarsh_4_000000001	11750400.0	1	1	0.6331310145939191	1.2662620291878381	0.6417080317048212	1.2834160634096423	1.0	0.9223705530166626	148083337.49016845	141575000.12158448	141575000.12158448	3.061567762574491e-05	0.7078443849302967	3.2549544711010094	11750400.0	0.035	4.218420994546909
Saltmarsh_4_000000001	11836800.0	1	1	0.6331328557407093	1.2662657114814186	0.6417098978299828	1.2834197956599656	1.0	0.9223705530166626	148084266.05659693	141575887.90010127	141575887.90010127	2.839661553510897e-05	0.7078510428849712	3.2549828677165444	11836800.0	0.035	4.218457796560642
Saltmarsh_4_000000001	11923200.0	1	1	0.6331345634285299	1.2662691268570598	0.6417116286855704	1.2834232573711408	1.0	0.9223705530166626	148085127.31678253	141576711.3288476	141576711.3288476	2.633838136223421e-05	0.7078572182628757	3.255009206097906	11923200.0	0.035	4.218491931102887
Saltmarsh_4_000000001	12009600.0	1	1	0.6331361473313536	1.2662722946627072	0.6417132340768014	1.2834264681536027	1.0	0.9223705530166626	148085926.14915106	141577475.07196105	141577475.07196105	2.4429320740981808e-05	0.7078629460390643	3.2550336354186475	12009600.0	0.035	4.218523591502567
Saltmarsh_4_000000001	12096000.0	1	1	0.6331376164219277	1.2662752328438553	0.641714723098154	1.283429446196308	1.0	0.9223705530166626	148086667.07856327	141578183.45554486	141578183.45554486	2.265862359351889e-05	0.7078682586541308	3.255056294042241	12096000.0	0.035	4.218552957078744
Saltmarsh_4_000000001	12182400.0	1	1	0.6331389790226022	1.2662779580452044	0.6417161041848857	1.2834322083697713	1.0	0.9223705530166626	148087354.30193555	141578840.49216312	141578840.49216312	2.101626300221593e-05	0.7078731861978134	3.255077310305243	12182400.0	0.035	4.218580194155595
Saltmarsh_4_000000001	12268800.0	1	1	0.6331402428524735	1.266280485704947	0.6417173851608156	1.2834347703216311	1.0	0.9223705530166626	148087991.7120049	141579449.90356162	141579449.90356162	1.9492938499343637e-05	0.7078777565793087	3.2550968032437426	12268800.0	0.035	4.218605457003891
Saltmarsh_4_000000001	12355200.0	1	1	0.6331414150711109	1.2662828301422218	0.6417185732826451	1.2834371465652903	1.0	0.9223705530166626	148088582.91937172	141580015.1417427	141580015.1417427	1.8080023460598227e-05	0.7078819956852529	3.2551148832672023	12355200.0	0.035	4.218628888714294
Saltmarsh_4_000000001	12441600.0	1	1	0.6331425023191141	1.2662850046382281	0.6417196752810653	1.2834393505621307	1.0	0.9223705530166626	148089131.2729459	141580539.40851313	141580539.40851313	1.6769516307024723e-05	0.7078859275262587	3.2551316527835095	12441600.0	0.035	4.218650622007428
Saltmarsh_4_000000001	12528000.0	1	1	0.6331435107557305	1.266287021511461	0.6417206973988847	1.2834413947977694	1.0	0.9223705530166626	148089639.87891194	141581025.67361602	141581025.67361602	1.5553995233674733e-05	0.7078895743728465	3.2551472067787426	12528000.0	0.035	4.218670779985251
Saltmarsh_4_000000001	12614400.0	1	1	0.6331444460937465	1.266288892187493	0.6417216454263936	1.2834432908527873	1.0	0.9223705530166626	148090111.61831897	141581476.69154856	141581476.69154856	1.4426576217752007e-05	0.7078929568815251	3.2551616333549607	12614400.0	0.035	4.218689476828029
Saltmarsh_4_000000001	12700800.0	1	1	0.6331453136318493	1.2662906272636987	0.6417225247341651	1.2834450494683303	1.0	0.9223705530166626	148090549.16339728	141581895.01716164	141581895.01716164	1.3380874064772286e-05	0.7078960942117434	3.255175014229025	12700800.0	0.035	4.2187068184408165
Saltmarsh_4_000000001	12787200.0	1	1	0.6331461182846432	1.2662922365692864	0.6417233403034786	1.283446680606957	1.0	0.9223705530166626	148090954.99269226	141582283.02012873	141582283.02012873	1.2410966274578605e-05	0.7078990041343691	3.2551874251952992	12787200.0	0.035	4.2187229030531075
Saltmarsh_4_000000001	12873600.0	1	1	0.6331468646104895	1.266293729220979	0.6417240967545377	1.2834481935090754	1.0	0.9223705530166626	148091331.4051013	141582642.89836657	141582642.89836657	1.1511359521265696e-05	0.7079017031323116	3.2551989365548204	12873600.0	0.035	4.218737821775047
Saltmarsh_4_000000001	12960000.0	1	1	0.6331475568373301	1.2662951136746603	0.6417247983726435	1.283449596745287	1.0	0.9223705530166626	148091680.5328941	141582976.6904835	141582976.6904835	1.0676958564603822e-05	0.707904206493853	3.255209613513385	12960000.0	0.035	4.218751659113347
Saltmarsh_4_000000001	13046400.0	1	1	0.6331481988866374	1.2662963977732749	0.6417254491324702	1.2834508982649404	1.0	0.9223705530166626	148092004.3537891	141583286.2873253	141583286.2873253	9.903037406888693e-06	0.7079065283992196	3.255219516550791	13046400.0	0.035	4.218764493449825
Saltmarsh_4_000000001	13132800.0	1	1	0.6331487943956294	1.2662975887912589	0.6417260527205809	1.2834521054411618	1.0	0.9223705530166626	148092304.7021549	141583573.44268474	141583573.44268474	9.185212543116883e-06	0.7079086820008806	3.2552287017633343	13132800.0	0.035	4.218776397485281
Saltmarsh_4_000000001	13219200.0	1	1	0.633149346737874	1.266298693475748	0.641726612556312	1.283453225112624	1.0	0.9223705530166626	148092583.2794003	141583839.78323495	141583839.78323495	8.519418144503632e-06	0.7079106794980303	3.255237221181478	13219200.0	0.035	4.218787438651196
Saltmarsh_4_000000001	13305600.0	1	1	0.6331498590424005	1.266299718084801	0.6417271318111435	1.283454263622287	1.0	0.9223705530166626	148092841.6636103	141584086.81774274	141584086.81774274	7.901883043115454e-06	0.7079125322056706	3.2552451230645216	13305600.0	0.035	4.21879767949162
Saltmarsh_4_000000001	13392000.0	1	1	0.6331503342114245	1.266300668422849	0.6417276134266645	1.283455226853329	1.0	0.9223705530166626	148093081.31848544	141584315.94561434	141584315.94561434	7.3291093778404814e-06	0.7079142506186938	3.2552524521738997	13392000.0	0.035	4.218807178017374
Saltmarsh_4_000000001	13478400.0	1	1	0.6331507749367894	1.2663015498735788	0.6417280601312381	1.2834561202624761	1.0	0.9223705530166626	148093303.60163155	141584528.46482196	141584528.46482196	6.797852794337977e-06	0.7079158444713155	3.255259250026694	13478400.0	0.035	4.218815988034596
Saltmarsh_4_000000001	13564800.0	1	1	0.6331511837152153	1.2663023674304306	0.6417284744554566	1.283456948910913	1.0	0.9223705530166626	148093509.77225	141584725.5792556	141584725.5792556	6.30510407284568e-06	0.7079173227922052	3.2552655551307663	13564800.0	0.035	4.218824159449474
Saltmarsh_4_000000001	13651200.0	1	1	0.6331515628624429	1.2663031257248858	0.6417288587464779	1.2834577174929558	1.0	0.9223705530166626	148093700.99826995	141584908.40554243	141584908.40554243	5.84807209047522e-06	0.7079186939556217	3.255271403202857	13651200.0	0.035	4.218831738550902
Saltmarsh_4_000000001	13737600.0	1	1	0.6331519145263519	1.2663038290527038	0.6417292151813214	1.2834584303626428	1.0	0.9223705530166626	148093878.36296389	141585077.97937146	141585077.97937146	5.42416801574408e-06	0.7079199657288415	3.2552768273708725	13737600.0	0.035	4.218838768272651
Saltmarsh_4_000000001	13824000.0	1	1	0.6331522406991288	1.2663044813982576	0.6417295457792012	1.2834590915584023	1.0	0.9223705530166626	148094042.87108386	141585235.2613602	141585235.2613602	5.030990650078948e-06	0.7079211453161509	3.255281858361523	13824000.0	0.035	4.218845288436534
Saltmarsh_4_000000001	13910400.0	1	1	0.6331525432285525	1.266305086457105	0.6417298524129644	1.2834597048259289	1.0	0.9223705530166626	148094195.45455247	141585381.1424961	141585381.1424961	4.666312830137187e-06	0.7079222393996504	3.2552865246743528	13910400.0	0.035	4.218851335977962
Saltmarsh_4_000000001	13996800.0	1	1	0.6331528238284622	1.2663056476569243	0.6417301368197015	1.283460273639403	1.0	0.9223705530166626	148094336.97774214	141585516.44918326	141585516.44918326	4.328068814341002e-06	0.707923254177102	3.2552908527431677	13996800.0	0.035	4.218856945155145
Saltmarsh_4_000000001	14083200.0	1	1	0.6331530840884656	1.2663061681769312	0.6417304006105861	1.2834608012211721	1.0	0.9223705530166626	148094468.24237093	141585641.94792393	141585641.94792393	4.014342586233788e-06	0.7079241953970334	3.2552948670857536	14083200.0	0.035	4.2188621477431365
Saltmarsh_4_000000001	14169600.0	1	1	0.6331533254829449	1.2663066509658898	0.6417306452800027	1.2834612905600054	1.0	0.9223705530166626	148094589.99204427	141585758.34965998	141585758.34965998	3.7233570014949535e-06	0.7079250683912984	3.255298590442755	14169600.0	0.035	4.21886697321381
Saltmarsh_4_000000001	14256000.0	1	1	0.6331535493794084	1.2663070987588168	0.6417308722140124	1.2834617444280247	1.0	0.9223705530166626	148094702.91646695	141585866.31380054	141585866.31380054	3.4534637253225142e-06	0.7079258781052774	3.255302043906479	14256000.0	0.035	4.218871448902797
Saltmarsh_4_000000001	14342400.0	1	1	0.6331537570462379	1.2663075140924758	0.6417310826982048	1.2834621653964096	1.0	0.9223705530166626	148094807.65535018	141585966.451957	141585966.451957	3.2031338955684774e-06	0.7079266291258893	3.2553052470403747	14342400.0	0.035	4.218875600164326
Saltmarsh_4_000000001	14428800.0	1	1	0.6331539496598738	1.2663078993197476	0.6417312779249807	1.2834625558499615	1.0	0.9223705530166626	148094904.8020352	141586059.33140773	141586059.33140773	2.970949464664585e-06	0.707927325707574	3.25530821798984	14428800.0	0.035	4.218879450514833
Saltmarsh_4_000000001	14515200.0	1	1	0.6331541283114798	1.2663082566229595	0.6417314590003075	1.283462918000615	1.0	0.9223705530166626	148094994.90685445	141586145.47831148	141586145.47831148	2.7555951684909985e-06	0.7079279717963889	3.2553109735850074	14515200.0	0.035	4.21888302176617
Saltmarsh_4_000000001	14601600.0	1	1	0.6331542940131243	1.2663085880262486	0.6417316269499839	1.2834632538999677	1.0	0.9223705530166626	148095078.4802489	141586225.3806877	141586225.3806877	2.5558510753365127e-06	0.7079285710523633	3.2553135294360827	14601600.0	0.035	4.218886334149163
Saltmarsh_4_000000001	14688000.0	1	1	0.6331544477035138	1.2663088954070276	0.6417317827254516	1.2834635654509032	1.0	0.9223705530166626	148095155.99566	141586299.49118152	141586299.49118152	2.3705856780908974e-06	0.7079291268702296	3.2553159000217615	14688000.0	0.035	4.218889406428203
Saltmarsh_4_000000001	14774400.0	1	1	0.6331545902533106	1.2663091805066211	0.641731927209185	1.28346385441837	1.0	0.9223705530166626	148095227.8922109	141586368.22962746	141586368.22962746	2.198749484927376e-06	0.7079296423986524	3.2553180987712462	14774400.0	0.035	4.2188922560075355
Saltmarsh_4_000000001	14860800.0	1	1	0.6331547224700651	1.2663094449401302	0.6417320612196905	1.283464122439381	1.0	0.9223705530166626	148095294.57719463	141586431.98542783	141586431.98542783	2.0393690746134396e-06	0.7079301205580645	3.2553201381403207	14860800.0	0.035	4.218894899029856
Saltmarsh_4_000000001	14947200.0	1	1	0.6331548451027909	1.2663096902055817	0.6417321855161432	1.2834643710322864	1.0	0.9223705530166626	148095356.42838094	141586491.1197586	141586491.1197586	1.8915415832543303e-06	0.7079305640572098	3.2553220296819037	14947200.0	0.035	4.218897350467747
Saltmarsh_4_000000001	15033600.0	1	1	0.6331549588462075	1.266309917692415	0.6417323008026877	1.2834646016053755	1.0	0.9223705530166626	148095413.79615644	141586545.96761554	141586545.96761554	1.7544295898286322e-06	0.7079309754084879	3.2553237841114937	15033600.0	0.035	4.218899624208496
Saltmarsh_4_000000001	15120000.0	1	1	0.6331550643446765	1.266310128689353	0.6417324077324275	1.283464815464855	1.0	0.9223705530166626	148095467.00550956	141586596.8397116	141586596.8397116	1.6272563725383549e-06	0.7079313569421856	3.255325411367866	15120000.0	0.035	4.218901733132754
Saltmarsh_4_000000001	15206400.0	1	1	0.633155162195851	1.266310324391702	0.6417325069111239	1.2834650138222479	1.0	0.9223705530166626	148095516.35787144	141586644.02423736	141586644.02423736	1.5093015106604213e-06	0.7079317108196762	3.255326920669377	15206400.0	0.035	4.2189036891875125
Saltmarsh_4_000000001	15292800.0	1	1	0.6331552529540624	1.2663105059081248	0.6417325989006288	1.2834651978012577	1.0	0.9223705530166626	148095562.13282344	141586687.78849345	141586687.78849345	1.3998968027006953e-06	0.7079320390456646	3.2553283205661794	15292800.0	0.035	4.218905503453769
Saltmarsh_4_000000001	15379200.0	1	1	0.63315533713346	1.26631067426692	0.6417326842220669	1.2834653684441337	1.0	0.9223705530166626	148095604.5896811	141586728.3804047	141586728.3804047	1.2984224810885792e-06	0.7079323434795425	3.255329618988661	15379200.0	0.035	4.218907186209305
Saltmarsh_4_000000001	15465600.0	1	1	0.6331554152109238	1.2663108304218476	0.6417327633587876	1.2834655267175752	1.0	0.9223705530166626	148095643.96896303	141586766.02992493	141586766.02992493	1.2043037033171444e-06	0.7079326258459213	3.255330823292364	15465600.0	0.035	4.218908746986903
Saltmarsh_4_000000001	15552000.0	1	1	0.6331554876287661	1.2663109752575321	0.6417328367591043	1.2834656735182086	1.0	0.9223705530166626	148095680.49375343	141586800.950339	141586800.950339	1.117007292550376e-06	0.7079328877444024	3.2553319402996563	15552000.0	0.035	4.2189101946283545
Saltmarsh_4_000000001	15638400.0	1	1	0.6331555547972373	1.2663111095944746	0.641732904838833	1.283465809677666	1.0	0.9223705530166626	148095714.37096584	141586833.33947185	141586833.33947185	1.0360387212582367e-06	0.7079331306586379	3.2553329763383774	15638400.0	0.035	4.218911537334537
Saltmarsh_4_000000001	15724800.0	1	1	0.6331556170968499	1.2663112341936997	0.6417329679836487	1.2834659359672973	1.0	0.9223705530166626	148095745.79251537	141586863.3808084	141586863.3808084	9.609393066822847e-07	0.7079333559647354	3.255333937277684	15724800.0	0.035	4.218912782711879
Saltmarsh_4_000000001	15811200.0	1	1	0.633155674880534	1.266311349761068	0.6417330265512693	1.2834660531025386	1.0	0.9223705530166626	148095774.93640575	141586891.24453354	141586891.24453354	8.91283614468108e-07	0.7079335649390532	3.255334828561298	15811200.0	0.035	4.218913937815443
Saltmarsh_4_000000001	15897600.0	1	1	0.633155728475637	1.266311456951274	0.6417330808734832	1.2834661617469665	1.0	0.9223705530166626	148095801.96773785	141586917.088496	141586917.088496	8.266770487042052e-07	0.7079337587654313	3.255335655238346	15897600.0	0.035	4.218915009188897
Saltmarsh_4_000000001	15984000.0	1	1	0.6331557781857774	1.2663115563715548	0.6417331312580284	1.2834662625160569	1.0	0.9223705530166626	148095827.0396448	141586941.05910233	141586941.05910233	7.667536147115683e-07	0.7079339385418969	3.255336421991961	15984000.0	0.035	4.218916002901581
Saltmarsh_4_000000001	16070400.0	1	1	0.6331558242925657	1.2663116485851313	0.6417331779903357	1.2834663559806714	1.0	0.9223705530166626	148095850.2941597	141586963.29214677	141586963.29214677	7.111738483667196e-07	0.7079341052868855	3.255337133165809	16070400.0	0.035	4.218916924582889
Saltmarsh_4_000000001	16156800.0	1	1	0.6331558670571988	1.2663117341143977	0.6417332213351458	1.2834664426702915	1.0	0.9223705530166626	148095871.86301997	141586983.9135802	141586983.9135802	6.596228923072545e-07	0.7079342599450088	3.2553377927887013	16156800.0	0.035	4.218917779454157
Saltmarsh_4_000000001	16243200.0	1	1	0.6331559067219406	1.266311813443881	0.6417332615380089	1.2834665230760178	1.0	0.9223705530166626	148095891.86841393	141587003.0402236	141587003.0402236	6.118087104711734e-07	0.7079344033924075	3.2553384045974116	16243200.0	0.035	4.218918572358246
Saltmarsh_4_000000001	16329600.0	1	1	0.6331559435114935	1.266311887022987	0.6417332988266763	1.2834665976533526	1.0	0.9223705530166626	148095910.42367274	141587020.78043002	141587020.78043002	5.67460436418088e-07	0.7079345364417137	3.255338972057848	16329600.0	0.035	4.218919307786971
Saltmarsh_4_000000001	16416000.0	1	1	0.6331559776342722	1.2663119552685445	0.64173333341239	1.28346666682478	1.0	0.9223705530166626	148095927.63391253	141587037.2346983	141587037.2346983	5.263268377797559e-07	0.7079346598466537	3.2553394983846857	16416000.0	0.035	4.218919989906553
Saltmarsh_4_000000001	16502400.0	1	1	0.6331560092835838	1.2663120185671677	0.6417333654910797	1.2834667309821595	1.0	0.9223705530166626	148095943.59662995	141587052.49624246	141587052.49624246	4.881748927321183e-07	0.7079347743063196	3.2553399865595782	16502400.0	0.035	4.218920622581214
Saltmarsh_4_000000001	16588800.0	1	1	0.6331560386387233	1.2663120772774465	0.6417333952444728	1.2834667904889456	1.0	0.9223705530166626	148095958.40225434	141587066.65151966	141587066.65151966	4.5278847060625793e-07	0.7079348804691277	3.25534043934805	16588800.0	0.035	4.218921209395073
Saltmarsh_4_000000001	16675200.0	1	1	0.6331560658659887	1.2663121317319774	0.6417334228411237	1.2834668456822473	1.0	0.9223705530166626	148095972.13466004	141587079.78072014	141587079.78072014	4.199671075344469e-07	0.7079349789364932	3.255340859315157	16675200.0	0.035	4.2189217536724435
Saltmarsh_4_000000001	16761600.0	1	1	0.633156091119624	1.266312182239248	0.6417334484373686	1.2834668968747371	1.0	0.9223705530166626	148095984.87164173	141587091.95822123	141587091.95822123	3.895248701368814e-07	0.707935070266236	3.255341248840028	16761600.0	0.035	4.218922258496677
Saltmarsh_4_000000001	16848000.0	1	1	0.6331561145426922	1.2663122290853843	0.6417334721782115	1.283466944356423	1.0	0.9223705530166626	148095996.68535486	141587103.253009	141587103.253009	3.612893025861652e-07	0.7079351549757423	3.2553416101293307	16848000.0	0.035	4.218922726727612
Saltmarsh_4_000000001	16934400.0	1	1	0.633156136267886	1.266312272535772	0.6417334941981455	1.283466988396291	1.0	0.9223705530166626	148096007.64272457	141587113.7290688	141587113.7290688	3.351004503882038e-07	0.7079352335448935	3.255341945229782	16934400.0	0.035	4.2189231610177975
Saltmarsh_4_000000001	17020800.0	1	1	0.6331561564182797	1.2663123128365594	0.6417335146219145	1.283467029243829	1.0	0.9223705530166626	148096017.8058248	141587123.4457479	141587123.4457479	3.108099529969266e-07	0.7079353064187865	3.255342256039735	17020800.0	0.035	4.218923563827497
Saltmarsh_4_000000001	17107200.0	1	1	0.6331561751080265	1.266312350216053	0.6417335335652202	1.2834670671304405	1.0	0.9223705530166626	148096027.23222992	141587132.45809177	141587132.45809177	2.8828020481874717e-07	0.707935374010254	3.2553425443199404	17107200.0	0.035	4.2189239374386425
Saltmarsh_4_000000001	17193600.0	1	1	0.6331561924430043	1.2663123848860085	0.6417335511353773	1.2834671022707547	1.0	0.9223705530166626	148096035.9753409	141587140.81715563	141587140.81715563	2.673835738375985e-07	0.7079354367022044	3.255342811703514	17193600.0	0.035	4.218924283967754
Saltmarsh_4_000000001	17280000.0	1	1	0.6331562085214169	1.2663124170428337	0.6417335674319217	1.2834671348638433	1.0	0.9223705530166626	148096044.08468783	141587148.570294	141587148.570294	2.4800168074712303e-07	0.7079354948497892	3.255343059705195	17280000.0	0.035	4.218924605377933
Saltmarsh_4_000000001	17366400.0	1	1	0.6331562234343491	1.2663124468686981	0.6417335825471739	1.2834671650943479	1.0	0.9223705530166626	148096051.6062105	141587155.76142865	141587155.76142865	2.3002472615551994e-07	0.7079355487824172	3.255343289729921	17366400.0	0.035	4.218924903489977
Saltmarsh_4_000000001	17452800.0	1	1	0.6331562372662836	1.2663124745325671	0.6417335965667628	1.2834671931335255	1.0	0.9223705530166626	148096058.5825186	141587162.43129778	141587162.43129778	2.1335087074803027e-07	0.7079355988056182	3.2553435030807916	17452800.0	0.035	4.218925179992706
Saltmarsh_4_000000001	17539200.0	1	1	0.6331562500955787	1.2663125001911575	0.6417336095701098	1.2834672191402197	1.0	0.9223705530166626	148096065.0531334	141587168.61768642	141587168.61768642	1.978856560835851e-07	0.7079356452027761	3.2553437009664474	17539200.0	0.035	4.2189254364525155
Saltmarsh_4_000000001	17625600.0	1	1	0.6331562619949134	1.2663125239898267	0.6417336216308797	1.2834672432617593	1.0	0.9223705530166626	148096071.054711	141587174.35564068	141587174.35564068	1.8354147113264219e-07	0.7079356882367323	3.2553438845079183	17625600.0	0.035	4.2189256743222625
Saltmarsh_4_000000001	17712000.0	1	1	0.6331562730316976	1.2663125460633953	0.6417336328173971	1.2834672656347943	1.0	0.9223705530166626	148096076.62125078	141587179.67766643	141587179.67766643	1.7023705645158316e-07	0.7079357281512757	3.255344054744975	17712000.0	0.035	4.218925894949487
Saltmarsh_4_000000001	17798400.0	1	1	0.6331562832684555	1.266312566536911	0.6417336431930345	1.283467286386069	1.0	0.9223705530166626	148096081.78428736	141587184.61391306	141587184.61391306	1.5789704121971226e-07	0.7079357651725241	3.255344212642016	17798400.0	0.035	4.218926099584053
Saltmarsh_4_000000001	17884800.0	1	1	0.6331562927631786	1.2663125855263573	0.6417336528165701	1.2834673056331403	1.0	0.9223705530166626	148096086.57306954	141587189.19234473	141587189.19234473	1.4645151946712787e-07	0.7079357995102041	3.2553443590935354	17884800.0	0.035	4.218926289385222
Saltmarsh_4_000000001	17971200.0	1	1	0.6331563015696552	1.2663126031393104	0.6417336617425219	1.2834673234850438	1.0	0.9223705530166626	148096091.01472598	141587193.43889847	141587193.43889847	1.358356520597681e-07	0.7079358313588403	3.2553444949291865	17971200.0	0.035	4.2189264654282255
Saltmarsh_4_000000001	18057600.0	1	1	0.6331563097377743	1.2663126194755485	0.6417336700214556	1.2834673400429113	1.0	0.9223705530166626	148096095.13441896	141587197.37763107	141587197.37763107	1.2598929899354516e-07	0.7079358608988564	3.2553446209184846	18057600.0	0.035	4.218926628710356
Saltmarsh_4_000000001	18144000.0	1	1	0.6331563173138086	1.2663126346276172	0.6417336777002721	1.2834673554005442	1.0	0.9223705530166626	148096098.95548666	141587201.0308557	141587201.0308557	1.1685668066530042e-07	0.7079358882975978	3.2553447377751654	18144000.0	0.035	4.218926780156615
Saltmarsh_4_000000001	18230400.0	1	1	0.6331563243406768	1.2663126486813536	0.6417336848224721	1.2834673696449441	1.0	0.9223705530166626	148096102.49957561	141587204.4192681	141587204.4192681	1.0838606057106404e-07	0.70793591371028	3.255344846161225	18230400.0	0.035	4.2189269206249485
Saltmarsh_4_000000001	18316800.0	1	1	0.6331563308581866	1.2663126617163731	0.6417336914284032	1.2834673828568064	1.0	0.9223705530166626	148096105.7867632	141587207.56206384	141587207.56206384	1.0052945298433258e-07	0.7079359372808662	3.2553449466906783	18316800.0	0.035	4.21892705091112
Saltmarsh_4_000000001	18403200.0	1	1	0.6331563369032598	1.2663126738065196	0.6417336975554884	1.2834673951109767	1.0	0.9223705530166626	148096108.83567163	141587210.47704682	141587210.47704682	9.32423481758704e-08	0.7079359591428859	3.255345039933027	18403200.0	0.035	4.218927171753203
Saltmarsh_4_000000001	18489600.0	1	1	0.6331563425101421	1.2663126850202842	0.6417337032384378	1.2834674064768756	1.0	0.9223705530166626	148096111.663573	141587213.1807307	141587213.1807307	8.64834660552205e-08	0.7079359794201875	3.2553451264164925	18489600.0	0.035	4.218927283835774
Saltmarsh_4_000000001	18576000.0	1	1	0.6331563477105967	1.2663126954211934	0.6417337085094457	1.2834674170188913	1.0	0.9223705530166626	148096114.2864875	141587215.68843186	141587215.68843186	8.021451625150888e-08	0.7079359982276431	3.2553452066310076	18576000.0	0.035	4.218927387793785
Saltmarsh_4_000000001	18662400.0	1	1	0.6331563525340846	1.2663127050681693	0.6417337133983726	1.2834674267967452	1.0	0.9223705530166626	148096116.71927407	141587218.01435664	141587218.01435664	7.439998594982455e-08	0.7079360156717973	3.2553452810309937	18662400.0	0.035	4.218927484216168
Saltmarsh_4_000000001	18748800.0	1	1	0.6331563570079309	1.2663127140158619	0.6417337179329144	1.283467435865829	1.0	0.9223705530166626	148096118.97571462	141587220.1716815	141587220.1716815	6.900693449995998e-08	0.707936031851473	3.2553453500379272	18748800.0	0.035	4.218927573649154
Saltmarsh_4_000000001	18835200.0	1	1	0.6331563611574804	1.2663127223149608	0.6417337221387598	1.2834674442775196	1.0	0.9223705530166626	148096121.06859192	141587222.17262772	141587222.17262772	6.400481056267893e-08	0.707936046858328	3.2553454140427385	18835200.0	0.035	4.218927656599389
Saltmarsh_4_000000001	18921600.0	1	1	0.6331563650062404	1.2663127300124808	0.6417337260397349	1.2834674520794698	1.0	0.9223705530166626	148096123.00976232	141587224.02853087	141587224.02853087	5.936527691652316e-08	0.7079360607773775	3.2553454734080156	18921600.0	0.035	4.2189277335367885
Saltmarsh_4_000000001	19008000.0	1	1	0.6331563685760141	1.2663127371520282	0.6417337296579388	1.2834674593158777	1.0	0.9223705530166626	148096124.81022257	141587225.7499047	141587225.7499047	5.5062050474674606e-08	0.707936073687473	3.255345528470065	19008000.0	0.035	4.218927804897205
Saltmarsh_4_000000001	19094400.0	1	1	0.6331563718870247	1.2663127437740493	0.641733733013869	1.283467466027738	1.0	0.9223705530166626	148096126.4801723	141587227.34650078	141587227.34650078	5.107075284893625e-08	0.707936085661751	3.255345579540818	19094400.0	0.035	4.2189278710849
Saltmarsh_4_000000001	19180800.0	1	1	0.6331563749580291	1.2663127499160582	0.6417337361265371	1.2834674722530741	1.0	0.9223705530166626	148096128.02907196	141587228.82736397	141587228.82736397	4.736877345923318e-08	0.7079360967680464	3.255345626909591	19180800.0	0.035	4.2189279324748306
Saltmarsh_4_000000001	19267200.0	1	1	0.6331563778064249	1.2663127556128497	0.6417337390135762	1.2834674780271524	1.0	0.9223705530166626	148096129.4656961	141587230.20088348	141587230.20088348	4.3935140969786346e-08	0.7079361070692765	3.255345670844732	19267200.0	0.035	4.218927989414773
Saltmarsh_4_000000001	19353600.0	1	1	0.6331563804483481	1.2663127608966962	0.6417337416913418	1.2834674833826836	1.0	0.9223705530166626	148096130.79818332	141587231.47484025	141587231.47484025	4.0750402274802866e-08	0.707936116623799	3.255345711595134	19353600.0	0.035	4.218928042227294
Saltmarsh_4_000000001	19440000.0	1	1	0.6331563828987655	1.266312765797531	0.6417337441750034	1.2834674883500068	1.0	0.9223705530166626	148096132.03408217	141587232.65645137	141587232.65645137	3.77965169162664e-08	0.7079361254857399	3.2553457493916502	19440000.0	0.035	4.218928091211579
Saltmarsh_4_000000001	19526400.0	1	1	0.6331563851715588	1.2663127703431176	0.6417337464786311	1.2834674929572623	1.0	0.9223705530166626	148096133.18039402	141587233.75241068	141587233.75241068	3.505675050252677e-08	0.707936133705303	3.2553457844483997	19526400.0	0.035	4.218928136645126
Saltmarsh_4_000000001	19612800.0	1	1	0.6331563872796035	1.266312774559207	0.6417337486152752	1.2834674972305504	1.0	0.9223705530166626	148096134.24361286	141587234.76892698	141587234.76892698	3.251558267081123e-08	0.7079361413290522	3.255345816963983	19612800.0	0.035	4.218928178785322
Saltmarsh_4_000000001	19699200.0	1	1	0.6331563892348419	1.2663127784696837	0.6417337505970397	1.2834675011940795	1.0	0.9223705530166626	148096135.22976193	141587235.71175876	141587235.71175876	3.015861671507025e-08	0.7079361484001772	3.255345847122599	19699200.0	0.035	4.2189282178708885
Saltmarsh_4_000000001	19785600.0	1	1	0.6331563910483503	1.2663127820967006	0.6417337524351515	1.283467504870303	1.0	0.9223705530166626	148096136.1444277	141587236.58624718	141587236.58624718	2.7972500871165096e-08	0.7079361549587351	3.2553458750950997	19785600.0	0.035	4.21892825412325
Saltmarsh_4_000000001	19872000.0	1	1	0.6331563927304025	1.266312785460805	0.6417337541400236	1.2834675082800473	1.0	0.9223705530166626	148096136.99279186	141587237.39734635	141587237.39734635	2.5944850490233762e-08	0.7079361610418813	3.2553459010399504	19872000.0	0.035	4.218928287747776
Saltmarsh_4_000000001	19958400.0	1	1	0.6331563942905273	1.2663127885810546	0.6417337557213142	1.2834675114426284	1.0	0.9223705530166626	148096137.7796604	141587238.1496512	141587238.1496512	2.4064179093841176e-08	0.7079361666840769	3.2553459251041295	19958400.0	0.035	4.218928318934952
Saltmarsh_4_000000001	20044800.0	1	1	0.6331563957375629	1.2663127914751258	0.6417337571879813	1.2834675143759626	1.0	0.9223705530166626	148096138.50949103	141587238.84742346	141587238.84742346	2.231983231570922e-08	0.707936171917285	3.2553459474239617	20044800.0	0.035	4.218928347861454
Saltmarsh_4_000000001	20131200.0	1	1	0.6331563970797068	1.2663127941594137	0.6417337585483337	1.2834675170966674	1.0	0.9223705530166626	148096139.1864182	141587239.4946161	141587239.4946161	2.0701928393762614e-08	0.7079361767711521	3.2553459681258903	20131200.0	0.035	4.218928374691154
Saltmarsh_4_000000001	20217600.0	1	1	0.6331563983245624	1.2663127966491248	0.6417337598100779	1.2834675196201557	1.0	0.9223705530166626	148096139.81427675	141587240.09489554	141587240.09489554	1.920130210386617e-08	0.7079361812731756	3.2553459873271926	20217600.0	0.035	4.218928399576042
Saltmarsh_4_000000001	20304000.0	1	1	0.6331563994791817	1.2663127989583634	0.6417337609803616	1.2834675219607232	1.0	0.9223705530166626	148096140.39662358	141587240.6516623	141587240.6516623	1.7809451469119608e-08	0.70793618544886	3.255346005136644	20304000.0	0.035	4.218928422657091
Saltmarsh_4_000000001	20390400.0	1	1	0.6331564005501058	1.2663128011002116	0.6417337620658147	1.2834675241316293	1.0	0.9223705530166626	148096140.93675762	141587241.16807064	141587241.16807064	1.6518493461958883e-08	0.7079361893218598	3.255346021655137	20390400.0	0.035	4.218928444065058
Saltmarsh_4_000000001	20476800.0	1	1	0.6331564015434015	1.266312803086803	0.6417337630725862	1.2834675261451725	1.0	0.9223705530166626	148096141.4377388	141587241.64704585	141587241.64704585	1.5321112600830133e-08	0.7079361929141167	3.255346036976249	20476800.0	0.035	4.218928463921219
Saltmarsh_4_000000001	20563200.0	1	1	0.633156402464696	1.266312804929392	0.6417337640063796	1.2834675280127592	1.0	0.9223705530166626	148096141.90240523	141587242.09130153	141587242.09130153	1.421052719940974e-08	0.7079361962459805	3.2553460511867764	20563200.0	0.035	4.218928482338062
Saltmarsh_4_000000001	20649600.0	1	1	0.6331564033192083	1.2663128066384166	0.6417337648724848	1.2834675297449696	1.0	0.9223705530166626	148096142.3333893	141587242.5033543	141587242.5033543	1.3180444624616428e-08	0.7079361993363269	3.255346064367221	20649600.0	0.035	4.218928499419919
Saltmarsh_4_000000001	20736000.0	1	1	0.6331564041117793	1.2663128082235586	0.6417337656758084	1.2834675313516168	1.0	0.9223705530166626	148096142.7331325	141587242.88553846	141587242.88553846	1.2225029877299676e-08	0.7079362022026624	3.25534607659225	20736000.0	0.035	4.218928515263556
Saltmarsh_4_000000001	20822400.0	1	1	0.633156404846899	1.266312809693798	0.6417337664209013	1.2834675328418026	1.0	0.9223705530166626	148096143.10389936	141587243.2400191	141587243.2400191	1.1338870842259041e-08	0.7079362048612248	3.2553460879311205	20822400.0	0.035	4.218928529958732
Saltmarsh_4_000000001	20908800.0	1	1	0.6331564055287319	1.2663128110574637	0.6417337671119845	1.283467534223969	1.0	0.9223705530166626	148096143.44779032	141587243.56880447	141587243.56880447	1.0516947090977169e-08	0.7079362073270753	3.2553460984480678	20908800.0	0.035	4.218928543588696
Saltmarsh_4_000000001	20995200.0	1	1	0.6331564061611406	1.266312812322281	0.6417337677529729	1.2834675355059457	1.0	0.9223705530166626	148096143.7667536	141587243.8737571	141587243.8737571	9.754602348088781e-09	0.7079362096141831	3.25534610820267	20995200.0	0.035	4.21892855623066
Saltmarsh_4_000000001	21081600.0	1	1	0.6331564067477077	1.2663128134954154	0.6417337683474978	1.2834675366949957	1.0	0.9223705530166626	148096144.0625961	141587244.15660453	141587244.15660453	9.047517846028086e-09	0.7079362117355048	3.255346117250188	21081600.0	0.035	4.218928567956244
Saltmarsh_4_000000001	21168000.0	1	1	0.6331564072917562	1.2663128145835123	0.6417337688989272	1.2834675377978544	1.0	0.9223705530166626	148096144.3369938	141587244.41894916	141587244.41894916	8.39168812216684e-09	0.7079362137030577	3.2553461256418754	21168000.0	0.035	4.2189285788318704
Saltmarsh_4_000000001	21254400.0	1	1	0.6331564077963681	1.2663128155927361	0.6417337694103851	1.2834675388207701	1.0	0.9223705530166626	148096144.59150118	141587244.66227704	141587244.66227704	7.783397371063927e-09	0.7079362155279879	3.255346133425274	21254400.0	0.035	4.218928588919155
Saltmarsh_4_000000001	21340800.0	1	1	0.6331564082644019	1.2663128165288038	0.6417337698847687	1.2834675397695374	1.0	0.9223705530166626	148096144.82755998	141587244.8879668	141587244.8879668	7.2191997935178165e-09	0.7079362172206343	3.255346140644473	21340800.0	0.035	4.218928598275237
Saltmarsh_4_000000001	21427200.0	1	1	0.6331564086985093	1.2663128173970186	0.6417337703247655	1.283467540649531	1.0	0.9223705530166626	148096145.0465075	141587245.09729695	141587245.09729695	6.695900056641335e-09	0.7079362187905848	3.255346147340373	21427200.0	0.035	4.218928606953123
Saltmarsh_4_000000001	21513600.0	1	1	0.6331564091011495	1.266312818202299	0.6417337707328682	1.2834675414657364	1.0	0.9223705530166626	148096145.24958414	141587245.2914533	141587245.2914533	6.210532310646499e-09	0.7079362202467342	3.255346153550905	21513600.0	0.035	4.218928615001973
Saltmarsh_4_000000001	21600000.0	1	1	0.6331564094746033	1.2663128189492066	0.6417337711113886	1.2834675422227773	1.0	0.9223705530166626	148096145.43794027	141587245.47153583	141587245.47153583	5.760347976391245e-09	0.7079362215973312	3.2553461593112525	21600000.0	0.035	4.218928622467383
Saltmarsh_4_000000001	21686400.0	1	1	0.6331564098209864	1.2663128196419728	0.6417337714624711	1.2834675429249423	1.0	0.9223705530166626	148096145.61264297	141587245.6385646	141587245.6385646	5.342795983409587e-09	0.707936222850027	3.255346164654048	21686400.0	0.035	4.218928629391646
Saltmarsh_4_000000001	21772800.0	1	1	0.6331564101422613	1.2663128202845226	0.6417337717881046	1.2834675435762093	1.0	0.9223705530166626	148096145.774682	141587245.79348594	141587245.79348594	4.955511445636773e-09	0.7079362240119182	3.2553461696095596	21772800.0	0.035	4.218928635813989
Saltmarsh_4_000000001	21859200.0	1	1	0.6331564104402478	1.2663128208804957	0.6417337720901338	1.2834675441802676	1.0	0.9223705530166626	148096145.92497525	141587245.93717742	141587245.93717742	4.5962996741977236e-09	0.7079362250895874	3.255346174205859	21859200.0	0.035	4.218928641770793
Saltmarsh_4_000000001	21945600.0	1	1	0.6331564107166342	1.2663128214332684	0.6417337723702697	1.2834675447405395	1.0	0.9223705530166626	148096146.06437418	141587246.07045314	141587246.07045314	4.26312651846672e-09	0.7079362260891392	3.2553461784689857	21945600.0	0.035	4.218928647295805
Saltmarsh_4_000000001	22032000.0	1	1	0.633156410972986	1.266312821945972	0.6417337726300993	1.2834675452601987	1.0	0.9223705530166626	148096146.19366845	141587246.19406804	141587246.19406804	3.954104044190387e-09	0.7079362270162362	3.2553461824230903	22032000.0	0.035	4.218928652420326
Saltmarsh_4_000000001	22118400.0	1	1	0.6331564112107555	1.266312822421511	0.6417337728710947	1.2834675457421894	1.0	0.9223705530166626	148096146.31359053	141587246.3087224	141587246.3087224	3.6674815406811945e-09	0.7079362278761305	3.2553461860905717	22118400.0	0.035	4.2189286571733815
Saltmarsh_4_000000001	22204800.0	1	1	0.6331564114312898	1.2663128228625795	0.6417337730946209	1.2834675461892417	1.0	0.9223705530166626	148096146.4248197	141587246.4150659	141587246.4150659	3.4016361949440466e-09	0.7079362286736934	3.255346189492207	22204800.0	0.035	4.2189286615819
Saltmarsh_4_000000001	22291200.0	1	1	0.6331564116358381	1.2663128232716763	0.6417337733019443	1.2834675466038885	1.0	0.9223705530166626	148096146.52798626	141587246.51370072	141587246.51370072	3.1550607682007126e-09	0.7079362294134429	3.255346192647268	22291200.0	0.035	4.21892866567086
Saltmarsh_4_000000001	22377600.0	1	1	0.6331564118255593	1.2663128236511185	0.6417337734942393	1.2834675469884786	1.0	0.9223705530166626	148096146.62367457	141587246.6051858	141587246.6051858	2.926358599886214e-09	0.7079362300995704	3.255346195573626	22377600.0	0.035	4.21892866946342
Saltmarsh_4_000000001	22464000.0	1	1	0.6331564120015281	1.2663128240030561	0.6417337736725954	1.2834675473451909	1.0	0.9223705530166626	148096146.7124266	141587246.6900394	141587246.6900394	2.7142350589315356e-09	0.7079362307359619	3.255346198287861	22464000.0	0.035	4.218928672981068
Saltmarsh_4_000000001	22550400.0	1	1	0.6331564121647414	1.2663128243294828	0.641733773838023	1.283467547676046	1.0	0.9223705530166626	148096146.7947453	141587246.76874214	141587246.76874214	2.517487440734101e-09	0.7079362313262233	3.2553462008053486	22550400.0	0.035	4.218928676243731
Saltmarsh_4_000000001	22636800.0	1	1	0.6331564123161239	1.2663128246322477	0.6417337739914593	1.2834675479829185	1.0	0.9223705530166626	148096146.87109694	141587246.84174	141587246.84174	2.3350018585333032e-09	0.7079362318736983	3.255346203140351	22636800.0	0.035	4.2189286792698955
Saltmarsh_4_000000001	22723200.0	1	1	0.633156412456533	1.266312824913066	0.6417337741337733	1.2834675482675466	1.0	0.9223705530166626	148096146.94191408	141587246.90944648	141587246.90944648	2.165744028559402e-09	0.7079362323814884	3.255346205306095	22723200.0	0.035	4.218928682076699
Saltmarsh_4_000000001	22809600.0	1	1	0.6331564125867643	1.2663128251735285	0.6417337742657714	1.2834675485315428	1.0	0.9223705530166626	148096147.00759783	141587246.97224504	141587246.97224504	2.008755162208331e-09	0.7079362328524701	3.2553462073148505	22809600.0	0.035	4.218928684680046
Saltmarsh_4_000000001	22896000.0	1	1	0.6331564127075554	1.2663128254151108	0.6417337743882012	1.2834675487764025	1.0	0.9223705530166626	148096147.0685204	141587247.0304915	141587247.0304915	1.8631457487927605e-09	0.7079362332893118	3.2553462091779957	22896000.0	0.035	4.2189286870946825
Saltmarsh_4_000000001	22982400.0	1	1	0.6331564128195907	1.2663128256391813	0.6417337745017565	1.283467549003513	1.0	0.9223705530166626	148096147.1250268	141587247.0845158	141587247.0845158	1.7280913366946038e-09	0.7079362336944878	3.2553462109060867	22982400.0	0.035	4.218928689334288
Saltmarsh_4_000000001	23068800.0	1	1	0.6331564129235049	1.2663128258470098	0.6417337746070805	1.283467549214161	1.0	0.9223705530166626	148096147.1774372	141587247.13462412	141587247.13462412	1.6028269822498942e-09	0.7079362340702936	3.255346212508914	23068800.0	0.035	4.218928691411552
Saltmarsh_4_000000001	23155200.0	1	1	0.6331564130198866	1.2663128260397731	0.6417337747047699	1.2834675494095398	1.0	0.9223705530166626	148096147.22604856	141587247.1811002	141587247.1811002	1.4866423647674765e-09	0.7079362344188586	3.2553462139955567	23155200.0	0.035	4.218928693338242
Saltmarsh_4_000000001	23241600.0	1	1	0.6331564131092818	1.2663128262185637	0.641733774795378	1.283467549590756	1.0	0.9223705530166626	148096147.27113616	141587247.22420734	141587247.22420734	1.3788797881275627e-09	0.707936234742157	3.255346215374436	23241600.0	0.035	4.2189286951252685
Saltmarsh_4_000000001	23328000.0	1	1	0.6331564131921971	1.2663128263843941	0.6417337748794181	1.2834675497588361	1.0	0.9223705530166626	148096147.31295553	141587247.26418975	141587247.26418975	1.2789286296666091e-09	0.7079362350420202	3.255346216653364	23328000.0	0.035	4.2189286967827595
Saltmarsh_4_000000001	23414400.0	1	1	0.633156413269102	1.266312826538204	0.6417337749573665	1.283467549914733	1.0	0.9223705530166626	148096147.3517435	141587247.30127397	141587247.30127397	1.1862226756420569e-09	0.7079362353201472	3.2553462178395867	23414400.0	0.035	4.218928698320105
Saltmarsh_4_000000001	23500800.0	1	1	0.6331564133404324	1.2663128266808648	0.6417337750296646	1.283467550059329	1.0	0.9223705530166626	148096147.3877198	141587247.33567008	141587247.33567008	1.1002370126078631e-09	0.7079362355781135	3.2553462189398235	23500800.0	0.035	4.218928699746011
Saltmarsh_4_000000001	23587200.0	1	1	0.6331564134065922	1.2663128268131845	0.6417337750967219	1.2834675501934438	1.0	0.9223705530166626	148096147.42108837	141587247.36757287	141587247.36757287	1.0204835865224027e-09	0.7079362358173807	3.255346219960307	23587200.0	0.035	4.218928701068559
Saltmarsh_4_000000001	23673600.0	1	1	0.6331564134679563	1.2663128269359125	0.6417337751589185	1.283467550317837	1.0	0.9223705530166626	148096147.4520381	141587247.39716303	141587247.39716303	9.465110917261654e-10	0.7079362360393041	3.2553462209068185	23673600.0	0.035	4.218928702295237
Saltmarsh_4_000000001	23760000.0	1	1	0.6331564135248722	1.2663128270497443	0.6417337752166066	1.2834675504332131	1.0	0.9223705530166626	148096147.4807444	141587247.42460844	141587247.42460844	8.779014182280775e-10	0.7079362362451408	3.255346221784719	23760000.0	0.035	4.218928703432995
Saltmarsh_4_000000001	23846400.0	1	1	0.6331564135776624	1.2663128271553248	0.641733775270113	1.283467550540226	1.0	0.9223705530166626	148096147.50736982	141587247.4500643	141587247.4500643	8.142648777464956e-10	0.7079362364360566	3.255346222598983	23846400.0	0.035	4.218928704488282
Saltmarsh_4_000000001	23932800.0	1	1	0.633156413626626	1.266312827253252	0.641733775319741	1.283467550639482	1.0	0.9223705530166626	148096147.5320652	141587247.47367498	141587247.47367498	7.552412029099287e-10	0.7079362366131338	3.255346223354224	23932800.0	0.035	4.218928705467074
Saltmarsh_4_000000001	24019200.0	1	1	0.6331564136720403	1.2663128273440807	0.6417337753657715	1.283467550731543	1.0	0.9223705530166626	148096147.55497053	141587247.49557415	141587247.49557415	7.004955504541499e-10	0.7079362367773752	3.255346224054719	24019200.0	0.035	4.218928706374916
Saltmarsh_4_000000001	24105600.0	1	1	0.6331564137141628	1.2663128274283255	0.6417337754084654	1.2834675508169309	1.0	0.9223705530166626	148096147.57621548	141587247.51588595	141587247.51588595	6.497188342891036e-10	0.707936236929711	3.2553462247044376	24105600.0	0.035	4.218928707216952
Saltmarsh_4_000000001	24192000.0	1	1	0.6331564137532318	1.2663128275064637	0.6417337754480645	1.283467550896129	1.0	0.9223705530166626	148096147.59592044	141587247.53472543	141587247.53472543	6.026227294952946e-10	0.7079362370710044	3.2553462253070595	24192000.0	0.035	4.218928707997949
Saltmarsh_4_000000001	24278400.0	1	1	0.633156413789469	1.266312827578938	0.6417337754847933	1.2834675509695865	1.0	0.9223705530166626	148096147.6141971	141587247.55219918	141587247.55219918	5.589400053906957e-10	0.7079362372020559	3.255346225866	24278400.0	0.035	4.218928708722336
Saltmarsh_4_000000001	24364800.0	1	1	0.6331564138230793	1.2663128276461586	0.6417337755188597	1.2834675510377194	1.0	0.9223705530166626	148096147.6311489	141587247.56840643	141587247.56840643	5.1842419246384e-10	0.707936237323608	3.2553462263844244	24364800.0	0.035	4.218928709394214
Saltmarsh_4_000000001	24451200.0	1	1	0.6331564138542534	1.2663128277085067	0.6417337755504567	1.2834675511009135	1.0	0.9223705530166626	148096147.64687192	141587247.58343887	141587247.58343887	4.808451414817227e-10	0.7079362374363493	3.2553462268652695	24451200.0	0.035	4.218928710017389
Saltmarsh_4_000000001	24537600.0	1	1	0.6331564138831677	1.2663128277663354	0.6417337755797634	1.2834675511595268	1.0	0.9223705530166626	148096147.6614552	141587247.59738162	141587247.59738162	4.459901337128258e-10	0.707936237540918	3.2553462273112594	24537600.0	0.035	4.218928710595392
Saltmarsh_4_000000001	24624000.0	1	1	0.6331564139099861	1.2663128278199722	0.6417337756069457	1.2834675512138913	1.0	0.9223705530166626	148096147.67498142	141587247.61031368	141587247.61031368	4.136615494587659e-10	0.7079362376379069	3.255346227724921	24624000.0	0.035	4.218928711131498
Saltmarsh_4_000000001	24710400.0	1	1	0.6331564139348606	1.266312827869721	0.6417337756321576	1.2834675512643152	1.0	0.9223705530166626	148096147.68752715	141587247.62230834	141587247.62230834	3.8367631294278226e-10	0.7079362377278654	3.255346228108598	24710400.0	0.035	4.2189287116287435
Saltmarsh_4_000000001	24796800.0	1	1	0.6331564139579319	1.2663128279158637	0.641733775655542	1.283467551311084	1.0	0.9223705530166626	148096147.69916347	141587247.63343355	141587247.63343355	3.558646710644098e-10	0.7079362378113031	3.2553462284644628	24796800.0	0.035	4.2189287120899435
Saltmarsh_4_000000001	24883200.0	1	1	0.6331564139793309	1.2663128279586617	0.6417337756772313	1.2834675513544627	1.0	0.9223705530166626	148096147.70995632	141587247.64375234	141587247.64375234	3.300690831764541e-10	0.7079362378886926	3.255346228794532	24883200.0	0.035	4.218928712517714
Saltmarsh_4_000000001	24969600.0	1	1	0.6331564139991787	1.2663128279983573	0.6417337756973485	1.283467551394697	1.0	0.9223705530166626	148096147.71996683	141587247.65332317	141587247.65332317	3.0614355495117707e-10	0.7079362379604723	3.2553462291006747	24969600.0	0.035	4.218928712914474
Saltmarsh_4_000000001	25056000.0	1	1	0.6331564140175878	1.2663128280351756	0.6417337757160073	1.2834675514320146	1.0	0.9223705530166626	148096147.72925168	141587247.66220018	141587247.66220018	2.8395208406806205e-10	0.7079362380270489	3.255346229384627	25056000.0	0.035	4.218928713282477
Saltmarsh_4_000000001	25142400.0	1	1	0.6331564140346625	1.266312828069325	0.6417337757333137	1.2834675514666274	1.0	0.9223705530166626	148096147.73786354	141587247.6704338	141587247.6704338	2.633693263476289e-10	0.7079362380887997	3.255346229647996	25142400.0	0.035	4.218928713623803
Saltmarsh_4_000000001	25228800.0	1	1	0.6331564140504995	1.266312828100999	0.6417337757493656	1.2834675514987313	1.0	0.9223705530166626	148096147.7458511	141587247.67807052	141587247.67807052	2.44278486327687e-10	0.7079362381460741	3.2553462298922753	25228800.0	0.035	4.218928713940389
Saltmarsh_4_000000001	25315200.0	1	1	0.6331564140651885	1.266312828130377	0.6417337757642539	1.2834675515285079	1.0	0.9223705530166626	148096147.75325972	141587247.68515372	141587247.68515372	2.2657131726333546e-10	0.7079362381991973	3.2553462301188465	25315200.0	0.035	4.218928714234026
Saltmarsh_4_000000001	25401600.0	1	1	0.6331564140788127	1.2663128281576255	0.641733775778063	1.283467551556126	1.0	0.9223705530166626	148096147.76013127	141587247.69172344	141587247.69172344	2.1014778806005552e-10	0.7079362382484694	3.2553462303289935	25401600.0	0.035	4.218928714506376
Saltmarsh_4_000000001	25488000.0	1	1	0.6331564140914494	1.2663128281828988	0.6417337757908712	1.2834675515817424	1.0	0.9223705530166626	148096147.76650473	141587247.69781697	141587247.69781697	1.9491497305068606e-10	0.7079362382941699	3.2553462305239087	25488000.0	0.035	4.218928714758985
Saltmarsh_4_000000001	25574400.0	1	1	0.6331564141031701	1.2663128282063403	0.6417337758027509	1.2834675516055019	1.0	0.9223705530166626	148096147.7724162	141587247.70346877	141587247.70346877	1.807860527947014e-10	0.7079362383365578	3.2553462307046956	25574400.0	0.035	4.218928714993286
Saltmarsh_4_000000001	25660800.0	1	1	0.6331564141140412	1.2663128282280824	0.6417337758137696	1.2834675516275391	1.0	0.9223705530166626	148096147.77789915	141587247.70871094	141587247.70871094	1.6768131327893343e-10	0.7079362383758734	3.2553462308723775	25660800.0	0.035	4.218928715210602
Saltmarsh_4_000000001	25747200.0	1	1	0.6331564141241243	1.2663128282482485	0.6417337758239894	1.2834675516479788	1.0	0.9223705530166626	148096147.7829847	141587247.7135731	141587247.7135731	1.5552659160533722e-10	0.7079362384123389	3.255346231027903	25747200.0	0.035	4.218928715412162
Saltmarsh_4_000000001	25833600.0	1	1	0.6331564141334765	1.266312828266953	0.6417337758334685	1.283467551666937	1.0	0.9223705530166626	148096147.78770155	141587247.7180828	141587247.7180828	1.4425316496868845e-10	0.7079362384461608	3.2553462311721564	25833600.0	0.035	4.218928715599115
Saltmarsh_4_000000001	25920000.0	1	1	0.6331564141421507	1.2663128282843015	0.6417337758422604	1.2834675516845209	1.0	0.9223705530166626	148096147.79207656	141587247.7222656	141587247.7222656	1.3379652941125642e-10	0.7079362384775315	3.2553462313059534	25920000.0	0.035	4.218928715772515
Saltmarsh_4_000000001	26006400.0	1	1	0.6331564141501963	1.2663128283003926	0.6417337758504151	1.2834675517008303	1.0	0.9223705530166626	148096147.7961344	141587247.72614524	141587247.72614524	1.240980651573409e-10	0.7079362385066281	3.2553462314300523	26006400.0	0.035	4.218928715933348
Saltmarsh_4_000000001	26092800.0	1	1	0.6331564141576587	1.2663128283153173	0.6417337758579786	1.2834675517159573	1.0	0.9223705530166626	148096147.79989812	141587247.7297436	141587247.7297436	1.1510226105571064e-10	0.7079362385336158	3.2553462315451545	26092800.0	0.035	4.21892871608252
Saltmarsh_4_000000001	26179200.0	1	1	0.63315641416458	1.26631282832916	0.6417337758649939	1.2834675517299878	1.0	0.9223705530166626	148096147.80338904	141587247.73308113	141587247.73308113	1.0675871298104767e-10	0.707936238558647	3.255346231651913	26179200.0	0.035	4.218928716220879
Saltmarsh_4_000000001	26265600.0	1	1	0.6331564141709997	1.2663128283419993	0.6417337758715006	1.2834675517430012	1.0	0.9223705530166626	148096147.80662686	141587247.7361767	141587247.7361767	9.902001441020047e-11	0.7079362385818635	3.255346231750933	26265600.0	0.035	4.218928716349209
Saltmarsh_4_000000001	26352000.0	1	1	0.633156414176954	1.266312828353908	0.6417337758775357	1.2834675517550713	1.0	0.9223705530166626	148096147.80963	141587247.73904794	141587247.73904794	9.184231153369637e-11	0.7079362386033974	3.2553462318427755	26352000.0	0.035	4.218928716468238
Saltmarsh_4_000000001	26438400.0	1	1	0.6331564141824767	1.2663128283649534	0.6417337758831333	1.2834675517662666	1.0	0.9223705530166626	148096147.81241548	141587247.741711	141587247.741711	8.51846371219267e-11	0.7079362386233703	3.2553462319279607	26438400.0	0.035	4.218928716578637
Saltmarsh_4_000000001	26524800.0	1	1	0.633156414187599	1.266312828375198	0.6417337758883251	1.2834675517766503	1.0	0.9223705530166626	148096147.814999	141587247.74418104	141587247.74418104	7.90097987035665e-11	0.7079362386418954	3.2553462320069704	26524800.0	0.035	4.218928716681034
Saltmarsh_4_000000001	26611200.0	1	1	0.63315641419235	1.2663128283847	0.6417337758931406	1.2834675517862812	1.0	0.9223705530166626	148096147.81739524	141587247.74647206	141587247.74647206	7.328271323103763e-11	0.7079362386590776	3.255346232080252	26611200.0	0.035	4.218928716776007
Saltmarsh_4_000000001	26697600.0	1	1	0.6331564141967567	1.2663128283935134	0.641733775897607	1.283467551795214	1.0	0.9223705530166626	148096147.81961778	141587247.74859694	141587247.74859694	6.797074014741611e-11	0.707936238675014	3.2553462321482227	26697600.0	0.035	4.218928716864097
Saltmarsh_4_000000001	26784000.0	1	1	0.633156414200844	1.266312828401688	0.6417337759017497	1.2834675518034995	1.0	0.9223705530166626	148096147.82167923	141587247.75056785	141587247.75056785	6.304379240873459e-11	0.7079362386897955	3.255346232211267	26784000.0	0.035	4.218928716945802
Saltmarsh_4_000000001	26870400.0	1	1	0.633156414204635	1.26631282840927	0.6417337759055921	1.2834675518111842	1.0	0.9223705530166626	148096147.82359126	141587247.7523959	141587247.7523959	5.847389239477252e-11	0.7079362387035056	3.2553462322697406	26870400.0	0.035	4.218928717021584
Saltmarsh_4_000000001	26956800.0	1	1	0.6331564142081512	1.2663128284163023	0.641733775909156	1.283467551818312	1.0	0.9223705530166626	148096147.8253647	141587247.7540914	141587247.7540914	5.42352829313586e-11	0.7079362387162218	3.2553462323239764	26956800.0	0.035	4.218928717091874
Saltmarsh_4_000000001	27043200.0	1	1	0.6331564142114124	1.2663128284228249	0.6417337759124615	1.283467551824923	1.0	0.9223705530166626	148096147.82700956	141587247.75566402	141587247.75566402	5.030376115655599e-11	0.7079362387280164	3.2553462323742792	27043200.0	0.035	4.218928717157065
Saltmarsh_4_000000001	27129600.0	1	1	0.6331564142144374	1.2663128284288747	0.6417337759155274	1.2834675518310548	1.0	0.9223705530166626	148096147.82853523	141587247.7571226	141587247.7571226	4.665734465447713e-11	0.7079362387389557	3.255346232420937	27129600.0	0.035	4.218928717217535
Saltmarsh_4_000000001	27216000.0	1	1	0.6331564142172429	1.2663128284344858	0.641733775918371	1.283467551836742	1.0	0.9223705530166626	148096147.82995027	141587247.75847545	141587247.75847545	4.3274939187654127e-11	0.7079362387491024	3.2553462324642113	27216000.0	0.035	4.218928717273618
Saltmarsh_4_000000001	27302400.0	1	1	0.6331564142198451	1.2663128284396903	0.6417337759210086	1.283467551842017	1.0	0.9223705530166626	148096147.83126274	141587247.75973028	141587247.75973028	4.0138337098483134e-11	0.7079362387585131	3.2553462325043494	27302400.0	0.035	4.218928717325637
Saltmarsh_4_000000001	27388800.0	1	1	0.6331564142222588	1.2663128284445175	0.6417337759234549	1.2834675518469099	1.0	0.9223705530166626	148096147.83248004	141587247.76089418	141587247.76089418	3.722888664015045e-11	0.707936238767242	3.2553462325415783	27388800.0	0.035	4.218928717373886
Saltmarsh_4_000000001	27475200.0	1	1	0.6331564142244974	1.2663128284489948	0.6417337759257239	1.2834675518514478	1.0	0.9223705530166626	148096147.83360916	141587247.76197362	141587247.76197362	3.453015651189162e-11	0.707936238775338	3.255346232576108	27475200.0	0.035	4.218928717418636
Saltmarsh_4_000000001	27561600.0	1	1	0.6331564142265738	1.2663128284531475	0.6417337759278284	1.2834675518556569	1.0	0.9223705530166626	148096147.8346564	141587247.76297486	141587247.76297486	3.2027158702874203e-11	0.7079362387828472	3.2553462326081353	27561600.0	0.035	4.218928717460143
Saltmarsh_4_000000001	27648000.0	1	1	0.6331564142284997	1.2663128284569993	0.6417337759297804	1.2834675518595609	1.0	0.9223705530166626	148096147.83562773	141587247.76390356	141587247.76390356	2.9705682358383e-11	0.7079362387898122	3.255346232637841	27648000.0	0.035	4.218928717498642
Saltmarsh_4_000000001	27734400.0	1	1	0.6331564142302859	1.2663128284605718	0.641733775931591	1.283467551863182	1.0	0.9223705530166626	148096147.83652866	141587247.76476488	141587247.76476488	2.7552182757517585e-11	0.7079362387962722	3.2553462326653935	27734400.0	0.035	4.21892871753435
Saltmarsh_4_000000001	27820800.0	1	1	0.6331564142319427	1.2663128284638854	0.6417337759332703	1.2834675518665406	1.0	0.9223705530166626	148096147.8373643	141587247.76556388	141587247.76556388	2.555544664772924e-11	0.707936238802264	3.255346232690949	27820800.0	0.035	4.21892871756747
Saltmarsh_4_000000001	27907200.0	1	1	0.6331564142334793	1.2663128284669587	0.6417337759348278	1.2834675518696557	1.0	0.9223705530166626	148096147.83813933	141587247.76630488	141587247.76630488	2.3702928508839705e-11	0.7079362388078215	3.2553462327146514	27907200.0	0.035	4.218928717598188
Saltmarsh_4_000000001	27993600.0	1	1	0.6331564142349047	1.2663128284698093	0.6417337759362725	1.283467551872545	1.0	0.9223705530166626	148096147.83885816	141587247.76699212	141587247.76699212	2.1984525311324887e-11	0.7079362388129761	3.2553462327366356	27993600.0	0.035	4.21892871762668
Saltmarsh_4_000000001	28080000.0	1	1	0.6331564142362267	1.2663128284724534	0.6417337759376124	1.2834675518752248	1.0	0.9223705530166626	148096147.83952492	141587247.76762962	141587247.76762962	2.0391133226382863e-11	0.707936238817757	3.2553462327570273	28080000.0	0.035	4.218928717653108
Saltmarsh_4_000000001	28166400.0	1	1	0.6331564142374528	1.2663128284749057	0.6417337759388552	1.2834675518777103	1.0	0.9223705530166626	148096147.8401434	141587247.7682209	141587247.7682209	1.8913093313699392e-11	0.7079362388221915	3.25534623277594	28166400.0	0.035	4.218928717677619
Saltmarsh_4_000000001	28252800.0	1	1	0.6331564142385901	1.2663128284771803	0.6417337759400079	1.2834675518800158	1.0	0.9223705530166626	148096147.840717	141587247.7687693	141587247.7687693	1.7542078900589786e-11	0.7079362388263044	3.2553462327934826	28252800.0	0.035	4.218928717700353
Saltmarsh_4_000000001	28339200.0	1	1	0.633156414239645	1.26631282847929	0.6417337759410771	1.2834675518821541	1.0	0.9223705530166626	148096147.84124902	141587247.76927796	141587247.76927796	1.627042944818413e-11	0.7079362388301194	3.255346232809753	28339200.0	0.035	4.21892871772144
Saltmarsh_4_000000001	28425600.0	1	1	0.6331564142406233	1.2663128284812466	0.6417337759420687	1.2834675518841374	1.0	0.9223705530166626	148096147.8417425	141587247.76974976	141587247.76974976	1.5091039529124828e-11	0.7079362388336577	3.2553462328248437	28425600.0	0.035	4.218928717740997
Saltmarsh_4_000000001	28512000.0	1	1	0.6331564142415308	1.2663128284830616	0.6417337759429885	1.283467551885977	1.0	0.9223705530166626	148096147.84220013	141587247.77018735	141587247.77018735	1.3997247805264124e-11	0.7079362388369395	3.255346232838842	28512000.0	0.035	4.218928717759139
Saltmarsh_4_000000001	28598400.0	1	1	0.6331564142423725	1.266312828484745	0.6417337759438417	1.2834675518876835	1.0	0.9223705530166626	148096147.84262466	141587247.77059323	141587247.77059323	1.2982614983059193e-11	0.7079362388399836	3.2553462328518243	28598400.0	0.035	4.218928717775965
Saltmarsh_4_000000001	28684800.0	1	1	0.6331564142431532	1.2663128284863063	0.641733775944633	1.283467551889266	1.0	0.9223705530166626	148096147.8430184	141587247.7709697	141587247.7709697	1.204158994738691e-11	0.7079362388428069	3.2553462328638663	28684800.0	0.035	4.218928717791571
Saltmarsh_4_000000001	28771200.0	1	1	0.6331564142438773	1.2663128284877545	0.6417337759453668	1.2834675518907337	1.0	0.9223705530166626	148096147.8433836	141587247.77131888	141587247.77131888	1.1168732605426612e-11	0.7079362388454257	3.255346232875034	28771200.0	0.035	4.218928717806044
Saltmarsh_4_000000001	28857600.0	1	1	0.6331564142445488	1.2663128284890977	0.6417337759460475	1.283467551892095	1.0	0.9223705530166626	148096147.84372234	141587247.77164266	141587247.77164266	1.0358935931265023e-11	0.7079362388478544	3.255346232885393	28857600.0	0.035	4.21892871781947
Saltmarsh_4_000000001	28944000.0	1	1	0.6331564142451718	1.2663128284903435	0.6417337759466789	1.2834675518933578	1.0	0.9223705530166626	148096147.8440365	141587247.7719431	141587247.7719431	9.608425166618417e-12	0.707936238850107	3.2553462328950014	28944000.0	0.035	4.218928717831922
Saltmarsh_4_000000001	29030400.0	1	1	0.6331564142457495	1.266312828491499	0.6417337759472646	1.283467551894529	1.0	0.9223705530166626	148096147.84432793	141587247.77222168	141587247.77222168	8.911982263271057e-12	0.7079362388521965	3.2553462329039133	29030400.0	0.035	4.218928717843472
Saltmarsh_4_000000001	29116800.0	1	1	0.6331564142462853	1.2663128284925707	0.6417337759478077	1.2834675518956153	1.0	0.9223705530166626	148096147.84459817	141587247.77248007	141587247.77248007	8.26561041833429e-12	0.7079362388541347	3.2553462329121787	29116800.0	0.035	4.218928717854184
Saltmarsh_4_000000001	29203200.0	1	1	0.6331564142467824	1.2663128284935647	0.6417337759483115	1.283467551896623	1.0	0.9223705530166626	148096147.84484884	141587247.77271977	141587247.77271977	7.666867141153944e-12	0.707936238855932	3.2553462329198455	29203200.0	0.035	4.21892871786412
Saltmarsh_4_000000001	29289600.0	1	1	0.6331564142472433	1.2663128284944867	0.6417337759487788	1.2834675518975576	1.0	0.9223705530166626	148096147.84508136	141587247.77294207	141587247.77294207	7.110978472724128e-12	0.7079362388575994	3.2553462329269562	29289600.0	0.035	4.218928717873335
Saltmarsh_4_000000001	29376000.0	1	1	0.633156414247671	1.266312828495342	0.6417337759492122	1.2834675518984244	1.0	0.9223705530166626	148096147.845297	141587247.77314827	141587247.77314827	6.59561294469313e-12	0.7079362388591457	3.2553462329335523	29376000.0	0.035	4.218928717881884
Saltmarsh_4_000000001	29462400.0	1	1	0.6331564142480676	1.2663128284961351	0.6417337759496142	1.2834675518992285	1.0	0.9223705530166626	148096147.84549707	141587247.77333957	141587247.77333957	6.117772954894463e-12	0.7079362388605801	3.2553462329396696	29462400.0	0.035	4.218928717889812
Saltmarsh_4_000000001	29548800.0	1	1	0.6331564142484355	1.266312828496871	0.641733775949987	1.283467551899974	1.0	0.9223705530166626	148096147.8456826	141587247.77351695	141587247.77351695	5.674349878859175e-12	0.7079362388619105	3.255346232945344	29548800.0	0.035	4.218928717897166
Saltmarsh_4_000000001	29635200.0	1	1	0.6331564142487767	1.2663128284975533	0.6417337759503329	1.2834675519006657	1.0	0.9223705530166626	148096147.8458547	141587247.77368143	141587247.77368143	5.262679181328167e-12	0.7079362388631445	3.2553462329506067	29635200.0	0.035	4.218928717903986
Saltmarsh_4_000000001	29721600.0	1	1	0.6331564142490932	1.2663128284981864	0.6417337759506536	1.2834675519013072	1.0	0.9223705530166626	148096147.8460143	141587247.77383408	141587247.77383408	4.881539616974351e-12	0.7079362388642889	3.2553462329554885	29721600.0	0.035	4.218928717910313
Saltmarsh_4_000000001	29808000.0	1	1	0.6331564142493867	1.2663128284987735	0.641733775950951	1.283467551901902	1.0	0.9223705530166626	148096147.84616238	141587247.77397555	141587247.77397555	4.527156427514001e-12	0.7079362388653506	3.2553462329600156	29808000.0	0.035	4.218928717916181
Saltmarsh_4_000000001	29894400.0	1	1	0.633156414249659	1.266312828499318	0.6417337759512269	1.2834675519024539	1.0	0.9223705530166626	148096147.84629974	141587247.7741068	141587247.7741068	4.198863479132342e-12	0.7079362388663352	3.2553462329642144	29894400.0	0.035	4.218928717921623
Saltmarsh_4_000000001	29980800.0	1	1	0.6331564142499114	1.2663128284998229	0.6417337759514828	1.2834675519029657	1.0	0.9223705530166626	148096147.84642705	141587247.77422857	141587247.77422857	3.894662370385049e-12	0.7079362388672482	3.255346232968109	29980800.0	0.035	4.218928717926669
Saltmarsh_4_000000001	30067200.0	1	1	0.6331564142501456	1.2663128285002911	0.6417337759517202	1.2834675519034404	1.0	0.9223705530166626	148096147.84654516	141587247.77434152	141587247.77434152	3.6124436775253344e-12	0.7079362388680952	3.2553462329717204	30067200.0	0.035	4.21892871793135
Saltmarsh_4_000000001	30153600.0	1	1	0.6331564142503628	1.2663128285007257	0.6417337759519404	1.2834675519038807	1.0	0.9223705530166626	148096147.84665468	141587247.77444625	141587247.77444625	3.3506530883187224e-12	0.7079362388688806	3.255346232975071	30153600.0	0.035	4.218928717935692
Saltmarsh_4_000000001	30240000.0	1	1	0.6331564142505642	1.2663128285011285	0.6417337759521445	1.283467551904289	1.0	0.9223705530166626	148096147.8467563	141587247.77454337	141587247.77454337	3.1076252682282757e-12	0.7079362388696092	3.2553462329781784	30240000.0	0.035	4.218928717939719
Saltmarsh_4_000000001	30326400.0	1	1	0.6331564142507512	1.2663128285015024	0.6417337759523339	1.2834675519046679	1.0	0.9223705530166626	148096147.84685054	141587247.77463353	141587247.77463353	2.882694083439219e-12	0.707936238870285	3.2553462329810614	30326400.0	0.035	4.218928717943456
Saltmarsh_4_000000001	30412800.0	1	1	0.6331564142509245	1.266312828501849	0.6417337759525096	1.2834675519050192	1.0	0.9223705530166626	148096147.84693798	141587247.77471703	141587247.77471703	2.6733060209949144e-12	0.7079362388709118	3.255346232983734	30412800.0	0.035	4.218928717946919
Saltmarsh_4_000000001	30499200.0	1	1	0.6331564142510853	1.2663128285021705	0.6417337759526724	1.283467551905345	1.0	0.9223705530166626	148096147.84701905	141587247.77479452	141587247.77479452	2.479461080895362e-12	0.7079362388714932	3.255346232986213	30499200.0	0.035	4.218928717950131
Saltmarsh_4_000000001	30585600.0	1	1	0.6331564142512344	1.2663128285024687	0.6417337759528235	1.283467551905647	1.0	0.9223705530166626	148096147.8470943	141587247.7748664	141587247.7748664	2.2998269955110118e-12	0.7079362388720322	3.255346232988513	30585600.0	0.035	4.218928717953114
Saltmarsh_4_000000001	30672000.0	1	1	0.6331564142513727	1.2663128285027454	0.6417337759529638	1.2834675519059275	1.0	0.9223705530166626	148096147.84716403	141587247.7749331	141587247.7749331	2.1330714972123133e-12	0.7079362388725324	3.2553462329906466	30672000.0	0.035	4.218928717955878
Saltmarsh_4_000000001	30758400.0	1	1	0.6331564142515009	1.2663128285030019	0.6417337759530938	1.2834675519061876	1.0	0.9223705530166626	148096147.84722874	141587247.77499494	141587247.77499494	1.9783064075795664e-12	0.7079362388729964	3.255346232992625	30758400.0	0.035	4.218928717958442
Saltmarsh_4_000000001	30844800.0	1	1	0.63315641425162	1.26631282850324	0.6417337759532143	1.2834675519064287	1.0	0.9223705530166626	148096147.84728873	141587247.77505234	141587247.77505234	1.8350876374029212e-12	0.7079362388734266	3.25534623299446	30844800.0	0.035	4.21892871796082
Saltmarsh_4_000000001	30931200.0	1	1	0.6331564142517303	1.2663128285034606	0.6417337759533261	1.2834675519066523	1.0	0.9223705530166626	148096147.8473444	141587247.7751055	141587247.7751055	1.7018608744479025e-12	0.7079362388738257	3.255346232996162	30931200.0	0.035	4.218928717963026
Saltmarsh_4_000000001	31017600.0	1	1	0.6331564142518326	1.2663128285036651	0.6417337759534298	1.2834675519068597	1.0	0.9223705530166626	148096147.84739605	141587247.77515483	141587247.77515483	1.5782930518071225e-12	0.7079362388741959	3.2553462329977396	31017600.0	0.035	4.2189287179650705
Saltmarsh_4_000000001	31104000.0	1	1	0.6331564142519275	1.266312828503855	0.6417337759535261	1.2834675519070522	1.0	0.9223705530166626	148096147.84744385	141587247.7752006	141587247.7752006	1.4641621248756564e-12	0.7079362388745388	3.2553462329992042	31104000.0	0.035	4.2189287179669686
Saltmarsh_4_000000001	31190400.0	1	1	0.6331564142520155	1.266312828504031	0.6417337759536154	1.2834675519072307	1.0	0.9223705530166626	148096147.84748825	141587247.77524307	141587247.77524307	1.3580248037214915e-12	0.7079362388748573	3.255346233000562	31190400.0	0.035	4.218928717968728
Saltmarsh_4_000000001	31276800.0	1	1	0.6331564142520971	1.2663128285041942	0.6417337759536982	1.2834675519073964	1.0	0.9223705530166626	148096147.84752944	141587247.77528244	141587247.77528244	1.2596590437397026e-12	0.7079362388751526	3.2553462330018217	31276800.0	0.035	4.2189287179703605
Saltmarsh_4_000000001	31363200.0	1	1	0.6331564142521728	1.2663128285043457	0.641733775953775	1.28346755190755	1.0	0.9223705530166626	148096147.84756765	141587247.77531904	141587247.77531904	1.1686207557204398e-12	0.7079362388754266	3.2553462330029905	31363200.0	0.035	4.218928717971876
Saltmarsh_4_000000001	31449600.0	1	1	0.6331564142522431	1.2663128285044862	0.6417337759538462	1.2834675519076923	1.0	0.9223705530166626	148096147.84760305	141587247.77535295	141587247.77535295	1.0840217612440028e-12	0.7079362388756808	3.255346233004073	31449600.0	0.035	4.218928717973279
Saltmarsh_4_000000001	31536000.0	1	1	0.6331564142523083	1.2663128285046166	0.6417337759539122	1.2834675519078245	1.0	0.9223705530166626	148096147.8476359	141587247.77538434	141587247.77538434	1.0054179711005418e-12	0.7079362388759163	3.255346233005079	31536000.0	0.035	4.218928717974583
Saltmarsh_4_000000001	31622400.0	1	1	0.6331564142523688	1.2663128285047376	0.6417337759539735	1.283467551907947	1.0	0.9223705530166626	148096147.8476664	141587247.7754135	141587247.7754135	9.325873406851315e-13	0.707936238876135	3.255346233006012	31622400.0	0.035	4.218928717975792
Saltmarsh_4_000000001	31708800.0	1	1	0.6331564142524249	1.2663128285048497	0.6417337759540304	1.2834675519080607	1.0	0.9223705530166626	148096147.84769472	141587247.7754405	141587247.7754405	8.647527138805344e-13	0.7079362388763378	3.255346233006877	31708800.0	0.035	4.218928717976913
Saltmarsh_4_000000001	31795200.0	1	1	0.6331564142524768	1.2663128285049536	0.6417337759540831	1.2834675519081662	1.0	0.9223705530166626	148096147.84772095	141587247.7754656	141587247.7754656	8.019140906867506e-13	0.7079362388765261	3.255346233007679	31795200.0	0.035	4.218928717977952
Saltmarsh_4_000000001	31881600.0	1	1	0.633156414252525	1.26631282850505	0.641733775954132	1.283467551908264	1.0	0.9223705530166626	148096147.84774524	141587247.7754889	141587247.7754889	7.441824934062424e-13	0.7079362388767004	3.255346233008422	31881600.0	0.035	4.218928717978915
Saltmarsh_4_000000001	31968000.0	1	1	0.6331564142525697	1.2663128285051395	0.6417337759541774	1.2834675519083547	1.0	0.9223705530166626	148096147.84776777	141587247.77551046	141587247.77551046	6.903366767119223e-13	0.707936238876862	3.2553462330091127	31968000.0	0.035	4.218928717979811
Saltmarsh_4_000000001	32054400.0	1	1	0.6331564142526113	1.2663128285052225	0.6417337759542194	1.2834675519084389	1.0	0.9223705530166626	148096147.8477887	141587247.7755305	141587247.7755305	6.402656183013278e-13	0.7079362388770122	3.255346233009753	32054400.0	0.035	4.21892871798064
Saltmarsh_4_000000001	32140800.0	1	1	0.6331564142526498	1.2663128285052996	0.6417337759542584	1.2834675519085168	1.0	0.9223705530166626	148096147.84780812	141587247.77554902	141587247.77554902	5.936362512670712e-13	0.7079362388771515	3.2553462330103464	32140800.0	0.035	4.2189287179814094
Saltmarsh_4_000000001	32227200.0	1	1	0.6331564142526855	1.266312828505371	0.6417337759542946	1.2834675519085892	1.0	0.9223705530166626	148096147.84782615	141587247.77556622	141587247.77556622	5.506706202140776e-13	0.7079362388772804	3.255346233010898	32227200.0	0.035	4.218928717982124
Saltmarsh_4_000000001	32313600.0	1	1	0.6331564142527186	1.2663128285054372	0.6417337759543281	1.2834675519086562	1.0	0.9223705530166626	148096147.84784287	141587247.7755822	141587247.7755822	5.10480546722647e-13	0.7079362388774005	3.255346233011408	32313600.0	0.035	4.218928717982784
Saltmarsh_4_000000001	32400000.0	1	1	0.6331564142527493	1.2663128285054985	0.6417337759543592	1.2834675519087184	1.0	0.9223705530166626	148096147.84785834	141587247.775597	141587247.775597	4.737321646075543e-13	0.7079362388775113	3.255346233011881	32400000.0	0.035	4.218928717983398
Saltmarsh_4_000000001	32486400.0	1	1	0.6331564142527778	1.2663128285055556	0.6417337759543881	1.2834675519087761	1.0	0.9223705530166626	148096147.84787267	141587247.77561074	141587247.77561074	4.39648317751562e-13	0.7079362388776141	3.255346233012321	32486400.0	0.035	4.218928717983967
Saltmarsh_4_000000001	32572800.0	1	1	0.6331564142528042	1.2663128285056084	0.6417337759544148	1.2834675519088297	1.0	0.9223705530166626	148096147.84788606	141587247.77562347	141587247.77562347	4.0745185003743245e-13	0.70793623887771	3.255346233012728	32572800.0	0.035	4.218928717984496
Saltmarsh_4_000000001	32659200.0	1	1	0.6331564142528288	1.2663128285056575	0.6417337759544396	1.2834675519088792	1.0	0.9223705530166626	148096147.8478984	141587247.77563524	141587247.77563524	3.7780889527994077e-13	0.7079362388777984	3.2553462330131056	32659200.0	0.035	4.218928717984984
Saltmarsh_4_000000001	32745600.0	1	1	0.6331564142528515	1.266312828505703	0.6417337759544626	1.2834675519089251	1.0	0.9223705530166626	148096147.8479099	141587247.77564615	141587247.77564615	3.5016434196677437e-13	0.7079362388778806	3.255346233013456	32745600.0	0.035	4.218928717985439
Saltmarsh_4_000000001	32832000.0	1	1	0.6331564142528726	1.2663128285057452	0.6417337759544839	1.2834675519089678	1.0	0.9223705530166626	148096147.84792054	141587247.7756563	141587247.7756563	3.249622793077833e-13	0.7079362388779566	3.255346233013781	32832000.0	0.035	4.218928717985861
Saltmarsh_4_000000001	32918400.0	1	1	0.6331564142528922	1.2663128285057843	0.6417337759545036	1.2834675519090073	1.0	0.9223705530166626	148096147.8479304	141587247.7756657	141587247.7756657	3.0120350658080497e-13	0.7079362388780274	3.255346233014082	32918400.0	0.035	4.218928717986251
Saltmarsh_4_000000001	33004800.0	1	1	0.6331564142529102	1.2663128285058205	0.641733775954522	1.283467551909044	1.0	0.9223705530166626	148096147.84793955	141587247.7756744	141587247.7756744	2.7899904608830184e-13	0.707936238878093	3.2553462330143605	33004800.0	0.035	4.2189287179866115
Saltmarsh_4_000000001	33091200.0	1	1	0.633156414252927	1.266312828505854	0.641733775954539	1.283467551909078	1.0	0.9223705530166626	148096147.84794798	141587247.77568248	141587247.77568248	2.59015031645049e-13	0.7079362388781534	3.2553462330146195	33091200.0	0.035	4.218928717986947
Saltmarsh_4_000000001	33177600.0	1	1	0.6331564142529426	1.2663128285058851	0.6417337759545547	1.2834675519091094	1.0	0.9223705530166626	148096147.84795585	141587247.77569002	141587247.77569002	2.403632848313464e-13	0.7079362388782098	3.2553462330148593	33177600.0	0.035	4.218928717987257
Saltmarsh_4_000000001	33264000.0	1	1	0.633156414252957	1.266312828505914	0.6417337759545694	1.2834675519091387	1.0	0.9223705530166626	148096147.8479631	141587247.77569696	141587247.77569696	2.2293278334473143e-13	0.7079362388782618	3.255346233015082	33264000.0	0.035	4.218928717987547
Saltmarsh_4_000000001	33350400.0	1	1	0.6331564142529704	1.2663128285059408	0.6417337759545829	1.2834675519091658	1.0	0.9223705530166626	148096147.84796986	141587247.7757034	141587247.7757034	2.0672352718520415e-13	0.7079362388783103	3.2553462330152887	33350400.0	0.035	4.218928717987814
Saltmarsh_4_000000001	33436800.0	1	1	0.6331564142529829	1.2663128285059657	0.6417337759545955	1.283467551909191	1.0	0.9223705530166626	148096147.84797615	141587247.7757094	141587247.7757094	1.9173551635276453e-13	0.7079362388783552	3.25534623301548	33436800.0	0.035	4.218928717988063
Saltmarsh_4_000000001	33523200.0	1	1	0.6331564142529944	1.2663128285059888	0.6417337759546071	1.2834675519092142	1.0	0.9223705530166626	148096147.84798196	141587247.7757149	141587247.7757149	1.7752466163756253e-13	0.707936238878397	3.2553462330156577	33523200.0	0.035	4.218928717988293
Saltmarsh_4_000000001	33609600.0	1	1	0.6331564142530051	1.2663128285060101	0.6417337759546179	1.2834675519092358	1.0	0.9223705530166626	148096147.84798735	141587247.77572006	141587247.77572006	1.6475709685437323e-13	0.7079362388784356	3.255346233015822	33609600.0	0.035	4.218928717988506
Saltmarsh_4_000000001	33696000.0	1	1	0.6331564142530149	1.2663128285060299	0.641733775954628	1.283467551909256	1.0	0.9223705530166626	148096147.84799236	141587247.7757248	141587247.7757248	1.5265566588595902e-13	0.7079362388784713	3.255346233015975	33696000.0	0.035	4.218928717988703
Saltmarsh_4_000000001	33782400.0	1	1	0.6331564142530242	1.2663128285060483	0.6417337759546372	1.2834675519092744	1.0	0.9223705530166626	148096147.847997	141587247.7757292	141587247.7757292	1.4155343563970746e-13	0.7079362388785045	3.255346233016116	33782400.0	0.035	4.218928717988886
Saltmarsh_4_000000001	33868800.0	1	1	0.6331564142530327	1.2663128285060654	0.6417337759546459	1.2834675519092917	1.0	0.9223705530166626	148096147.8480013	141587247.7757333	141587247.7757333	1.3145040611561853e-13	0.7079362388785351	3.2553462330162484	33868800.0	0.035	4.2189287179890576
Saltmarsh_4_000000001	33955200.0	1	1	0.6331564142530406	1.2663128285060812	0.6417337759546539	1.2834675519093077	1.0	0.9223705530166626	148096147.8480053	141587247.7757371	141587247.7757371	1.2156942119645464e-13	0.7079362388785639	3.25534623301637	33955200.0	0.035	4.218928717989216
Saltmarsh_4_000000001	34041600.0	1	1	0.6331564142530479	1.2663128285060958	0.6417337759546613	1.2834675519093226	1.0	0.9223705530166626	148096147.848009	141587247.77574068	141587247.77574068	1.1290968160437842e-13	0.7079362388785905	3.255346233016483	34041600.0	0.035	4.218928717989361
Saltmarsh_4_000000001	34128000.0	1	1	0.6331564142530547	1.2663128285061094	0.6417337759546682	1.2834675519093364	1.0	0.9223705530166626	148096147.84801242	141587247.77574396	141587247.77574396	1.0491607582707729e-13	0.7079362388786149	3.2553462330165877	34128000.0	0.035	4.218928717989497
Saltmarsh_4_000000001	34214400.0	1	1	0.633156414253061	1.266312828506122	0.6417337759546746	1.2834675519093492	1.0	0.9223705530166626	148096147.84801558	141587247.77574703	141587247.77574703	9.736655925962623e-14	0.7079362388786378	3.2553462330166854	34214400.0	0.035	4.218928717989624
Saltmarsh_4_000000001	34300800.0	1	1	0.6331564142530668	1.2663128285061336	0.6417337759546805	1.283467551909361	1.0	0.9223705530166626	148096147.84801853	141587247.77574983	141587247.77574983	9.015010959956271e-14	0.707936238878659	3.2553462330167746	34300800.0	0.035	4.21892871798974
Saltmarsh_4_000000001	34387200.0	1	1	0.6331564142530722	1.2663128285061445	0.6417337759546861	1.2834675519093721	1.0	0.9223705530166626	148096147.84802124	141587247.77575245	141587247.77575245	8.393286066166183e-14	0.7079362388786784	3.2553462330168585	34387200.0	0.035	4.218928717989849
Saltmarsh_4_000000001	34473600.0	1	1	0.6331564142530772	1.2663128285061545	0.6417337759546912	1.2834675519093823	1.0	0.9223705530166626	148096147.84802377	141587247.77575493	141587247.77575493	7.793765632868599e-14	0.7079362388786967	3.2553462330169363	34473600.0	0.035	4.218928717989949
Saltmarsh_4_000000001	34560000.0	1	1	0.6331564142530819	1.2663128285061638	0.6417337759546959	1.2834675519093919	1.0	0.9223705530166626	148096147.84802613	141587247.77575716	141587247.77575716	7.227551890309769e-14	0.7079362388787136	3.255346233017008	34560000.0	0.035	4.2189287179900425
Saltmarsh_4_000000001	34646400.0	1	1	0.6331564142530862	1.2663128285061724	0.6417337759547003	1.2834675519094005	1.0	0.9223705530166626	148096147.8480283	141587247.77575925	141587247.77575925	6.705747068735946e-14	0.7079362388787293	3.2553462330170753	34646400.0	0.035	4.21892871799013
Saltmarsh_4_000000001	34732800.0	1	1	0.6331564142530902	1.2663128285061804	0.6417337759547044	1.2834675519094088	1.0	0.9223705530166626	148096147.84803033	141587247.77576122	141587247.77576122	6.228351168147128e-14	0.7079362388787438	3.2553462330171365	34732800.0	0.035	4.218928717990209
Saltmarsh_4_000000001	34819200.0	1	1	0.6331564142530939	1.2663128285061878	0.6417337759547082	1.2834675519094163	1.0	0.9223705530166626	148096147.84803218	141587247.775763	141587247.775763	5.795364188543317e-14	0.7079362388787571	3.2553462330171934	34819200.0	0.035	4.218928717990282
Saltmarsh_4_000000001	34905600.0	1	1	0.6331564142530973	1.2663128285061946	0.6417337759547117	1.2834675519094234	1.0	0.9223705530166626	148096147.8480339	141587247.77576467	141587247.77576467	5.395683899678261e-14	0.7079362388787694	3.2553462330172476	34905600.0	0.035	4.2189287179903525
Saltmarsh_4_000000001	34992000.0	1	1	0.6331564142531005	1.266312828506201	0.6417337759547149	1.2834675519094298	1.0	0.9223705530166626	148096147.8480355	141587247.77576625	141587247.77576625	4.9960036108132044e-14	0.7079362388787813	3.2553462330172964	34992000.0	0.035	4.2189287179904165
Saltmarsh_4_000000001	35078400.0	1	1	0.6331564142531035	1.266312828506207	0.641733775954718	1.283467551909436	1.0	0.9223705530166626	148096147.848037	141587247.77576765	141587247.77576765	4.6407322429331543e-14	0.7079362388787919	3.2553462330173435	35078400.0	0.035	4.218928717990477
Saltmarsh_4_000000001	35164800.0	1	1	0.6331564142531063	1.2663128285062126	0.6417337759547208	1.2834675519094416	1.0	0.9223705530166626	148096147.84803843	141587247.77576905	141587247.77576905	4.318767565791859e-14	0.7079362388788021	3.255346233017386	35164800.0	0.035	4.218928717990533
Saltmarsh_4_000000001	35251200.0	1	1	0.6331564142531089	1.2663128285062177	0.6417337759547234	1.2834675519094467	1.0	0.9223705530166626	148096147.84803972	141587247.77577025	141587247.77577025	3.9745984281580604e-14	0.7079362388788115	3.255346233017425	35251200.0	0.035	4.2189287179905826
Saltmarsh_4_000000001	35337600.0	1	1	0.6331564142531112	1.2663128285062224	0.6417337759547258	1.2834675519094516	1.0	0.9223705530166626	148096147.8480409	141587247.77577135	141587247.77577135	3.68594044175552e-14	0.70793623887882	3.255346233017462	35337600.0	0.035	4.218928717990631
Saltmarsh_4_000000001	35424000.0	1	1	0.6331564142531135	1.266312828506227	0.6417337759547281	1.2834675519094563	1.0	0.9223705530166626	148096147.84804204	141587247.7757725	141587247.7757725	3.47499806707674e-14	0.7079362388788278	3.255346233017497	35424000.0	0.035	4.218928717990677
Saltmarsh_4_000000001	35510400.0	1	1	0.6331564142531155	1.266312828506231	0.6417337759547302	1.2834675519094605	1.0	0.9223705530166626	148096147.8480431	141587247.7757735	141587247.7757735	3.197442310920451e-14	0.7079362388788355	3.255346233017529	35510400.0	0.035	4.218928717990718
Saltmarsh_4_000000001	35596800.0	1	1	0.6331564142531174	1.2663128285062348	0.6417337759547322	1.2834675519094645	1.0	0.9223705530166626	148096147.848044	141587247.77577442	141587247.77577442	2.964295475749168e-14	0.7079362388788425	3.2553462330175584	35596800.0	0.035	4.218928717990756
Saltmarsh_4_000000001	35683200.0	1	1	0.6331564142531192	1.2663128285062384	0.641733775954734	1.283467551909468	1.0	0.9223705530166626	148096147.8480449	141587247.77577534	141587247.77577534	2.7755575615628914e-14	0.7079362388788489	3.255346233017586	35683200.0	0.035	4.218928717990791
Saltmarsh_4_000000001	35769600.0	1	1	0.6331564142531209	1.2663128285062417	0.6417337759547357	1.2834675519094714	1.0	0.9223705530166626	148096147.84804574	141587247.7757761	141587247.7757761	2.5646151868841116e-14	0.7079362388788548	3.2553462330176113	35769600.0	0.035	4.218928717990824
Saltmarsh_4_000000001	35856000.0	1	1	0.6331564142531224	1.2663128285062448	0.6417337759547372	1.2834675519094745	1.0	0.9223705530166626	148096147.84804654	141587247.77577683	141587247.77577683	2.375877272697835e-14	0.7079362388788604	3.255346233017635	35856000.0	0.035	4.218928717990854
Saltmarsh_4_000000001	35942400.0	1	1	0.6331564142531239	1.2663128285062477	0.6417337759547387	1.2834675519094774	1.0	0.9223705530166626	148096147.84804726	141587247.77577752	141587247.77577752	2.2093438190040615e-14	0.7079362388788655	3.2553462330176575	35942400.0	0.035	4.218928717990884
Saltmarsh_4_000000001	36028800.0	1	1	0.6331564142531252	1.2663128285062504	0.64173377595474	1.28346755190948	1.0	0.9223705530166626	148096147.84804794	141587247.77577814	141587247.77577814	2.0317081350640365e-14	0.7079362388788705	3.255346233017678	36028800.0	0.035	4.218928717990911
Saltmarsh_4_000000001	36115200.0	1	1	0.6331564142531264	1.2663128285062528	0.6417337759547412	1.2834675519094825	1.0	0.9223705530166626	148096147.84804857	141587247.77577874	141587247.77577874	1.887379141862766e-14	0.7079362388788748	3.255346233017696	36115200.0	0.035	4.218928717990934
Saltmarsh_4_000000001	36201600.0	1	1	0.6331564142531275	1.266312828506255	0.6417337759547423	1.2834675519094847	1.0	0.9223705530166626	148096147.8480491	141587247.77577928	141587247.77577928	1.765254609153999e-14	0.7079362388788788	3.255346233017714	36201600.0	0.035	4.218928717990957
Saltmarsh_4_000000001	36288000.0	1	1	0.6331564142531286	1.2663128285062573	0.6417337759547435	1.283467551909487	1.0	0.9223705530166626	148096147.84804964	141587247.77577978	141587247.77577978	1.63202784619898e-14	0.7079362388788826	3.25534623301773	36288000.0	0.035	4.218928717990978
