plant	time	x	y	r_ag	h_ag	r_bg	h_bg	aboveground_resources	belowground_resources	res_ag	res_bg	res_eff	grow	maint	volume	age	salinity	transpiration
Saltmarsh_4_000000001	36288000.0	1	1	0.6331186828661818	1.2662373657323636	0.6416955326756588	1.2833910653513176	1.0	0.9223705530166626	148078497.5283616	141570372.7583903	141570372.7583903	1.4988010832439613e-14	0.7078518637919365	3.2547642790454696	36374400.0	0.035	4.218174505642929
